stay_date,room_id,room_name,capacity,occupied_rooms,occupancy_pct,over_capacity_flag
2024-05-31,22380,OTA Camera Standard,3,0,0.0,False
2024-05-31,2761,Camera  Standard,14,4,28.57,False
2024-05-31,2762,Camera Superior,8,1,12.5,False
2024-05-31,2763,Camera Deluxe,5,0,0.0,False
2024-05-31,3231,Suite Familiare,1,0,0.0,False
2024-05-31,2767,Suite Familiare Vista Piscina,1,1,100.0,False
2024-05-31,2765,Appartamento Area Piscina,18,0,0.0,False
2024-05-31,2764,Appartamento Area Giardino,28,0,0.0,False
2024-05-31,5375,Villino 2Ten,1,0,0.0,False
2024-05-31,5376,Villino Double,1,0,0.0,False
2024-06-01,22380,OTA Camera Standard,3,0,0.0,False
2024-06-01,2761,Camera  Standard,14,12,85.71,False
2024-06-01,2762,Camera Superior,8,2,25.0,False
2024-06-01,2763,Camera Deluxe,5,1,20.0,False
2024-06-01,3231,Suite Familiare,1,0,0.0,False
2024-06-01,2767,Suite Familiare Vista Piscina,1,1,100.0,False
2024-06-01,2765,Appartamento Area Piscina,18,1,5.56,False
2024-06-01,2764,Appartamento Area Giardino,28,3,10.71,False
2024-06-01,5375,Villino 2Ten,1,0,0.0,False
2024-06-01,5376,Villino Double,1,0,0.0,False
2024-06-02,22380,OTA Camera Standard,3,0,0.0,False
2024-06-02,2761,Camera  Standard,14,12,85.71,False
2024-06-02,2762,Camera Superior,8,3,37.5,False
2024-06-02,2763,Camera Deluxe,5,1,20.0,False
2024-06-02,3231,Suite Familiare,1,0,0.0,False
2024-06-02,2767,Suite Familiare Vista Piscina,1,0,0.0,False
2024-06-02,2765,Appartamento Area Piscina,18,1,5.56,False
2024-06-02,2764,Appartamento Area Giardino,28,5,17.86,False
2024-06-02,5375,Villino 2Ten,1,0,0.0,False
2024-06-02,5376,Villino Double,1,0,0.0,False
2024-06-03,22380,OTA Camera Standard,3,0,0.0,False
2024-06-03,2761,Camera  Standard,14,12,85.71,False
2024-06-03,2762,Camera Superior,8,3,37.5,False
2024-06-03,2763,Camera Deluxe,5,1,20.0,False
2024-06-03,3231,Suite Familiare,1,0,0.0,False
2024-06-03,2767,Suite Familiare Vista Piscina,1,0,0.0,False
2024-06-03,2765,Appartamento Area Piscina,18,1,5.56,False
2024-06-03,2764,Appartamento Area Giardino,28,5,17.86,False
2024-06-03,5375,Villino 2Ten,1,0,0.0,False
2024-06-03,5376,Villino Double,1,0,0.0,False
2024-06-04,22380,OTA Camera Standard,3,0,0.0,False
2024-06-04,2761,Camera  Standard,14,12,85.71,False
2024-06-04,2762,Camera Superior,8,4,50.0,False
2024-06-04,2763,Camera Deluxe,5,1,20.0,False
2024-06-04,3231,Suite Familiare,1,0,0.0,False
2024-06-04,2767,Suite Familiare Vista Piscina,1,0,0.0,False
2024-06-04,2765,Appartamento Area Piscina,18,1,5.56,False
2024-06-04,2764,Appartamento Area Giardino,28,5,17.86,False
2024-06-04,5375,Villino 2Ten,1,0,0.0,False
2024-06-04,5376,Villino Double,1,0,0.0,False
2024-06-05,22380,OTA Camera Standard,3,0,0.0,False
2024-06-05,2761,Camera  Standard,14,12,85.71,False
2024-06-05,2762,Camera Superior,8,3,37.5,False
2024-06-05,2763,Camera Deluxe,5,2,40.0,False
2024-06-05,3231,Suite Familiare,1,0,0.0,False
2024-06-05,2767,Suite Familiare Vista Piscina,1,0,0.0,False
2024-06-05,2765,Appartamento Area Piscina,18,1,5.56,False
2024-06-05,2764,Appartamento Area Giardino,28,5,17.86,False
2024-06-05,5375,Villino 2Ten,1,0,0.0,False
2024-06-05,5376,Villino Double,1,0,0.0,False
2024-06-06,22380,OTA Camera Standard,3,0,0.0,False
2024-06-06,2761,Camera  Standard,14,12,85.71,False
2024-06-06,2762,Camera Superior,8,3,37.5,False
2024-06-06,2763,Camera Deluxe,5,2,40.0,False
2024-06-06,3231,Suite Familiare,1,0,0.0,False
2024-06-06,2767,Suite Familiare Vista Piscina,1,0,0.0,False
2024-06-06,2765,Appartamento Area Piscina,18,1,5.56,False
2024-06-06,2764,Appartamento Area Giardino,28,8,28.57,False
2024-06-06,5375,Villino 2Ten,1,0,0.0,False
2024-06-06,5376,Villino Double,1,0,0.0,False
2024-06-07,22380,OTA Camera Standard,3,0,0.0,False
2024-06-07,2761,Camera  Standard,14,15,107.14,True
2024-06-07,2762,Camera Superior,8,8,100.0,False
2024-06-07,2763,Camera Deluxe,5,2,40.0,False
2024-06-07,3231,Suite Familiare,1,0,0.0,False
2024-06-07,2767,Suite Familiare Vista Piscina,1,1,100.0,False
2024-06-07,2765,Appartamento Area Piscina,18,21,116.67,True
2024-06-07,2764,Appartamento Area Giardino,28,8,28.57,False
2024-06-07,5375,Villino 2Ten,1,0,0.0,False
2024-06-07,5376,Villino Double,1,0,0.0,False
2024-06-08,22380,OTA Camera Standard,3,0,0.0,False
2024-06-08,2761,Camera  Standard,14,19,135.71,True
2024-06-08,2762,Camera Superior,8,9,112.5,True
2024-06-08,2763,Camera Deluxe,5,1,20.0,False
2024-06-08,3231,Suite Familiare,1,1,100.0,False
2024-06-08,2767,Suite Familiare Vista Piscina,1,1,100.0,False
2024-06-08,2765,Appartamento Area Piscina,18,30,166.67,True
2024-06-08,2764,Appartamento Area Giardino,28,15,53.57,False
2024-06-08,5375,Villino 2Ten,1,2,200.0,True
2024-06-08,5376,Villino Double,1,0,0.0,False
2024-06-09,22380,OTA Camera Standard,3,0,0.0,False
2024-06-09,2761,Camera  Standard,14,22,157.14,True
2024-06-09,2762,Camera Superior,8,3,37.5,False
2024-06-09,2763,Camera Deluxe,5,5,100.0,False
2024-06-09,3231,Suite Familiare,1,1,100.0,False
2024-06-09,2767,Suite Familiare Vista Piscina,1,0,0.0,False
2024-06-09,2765,Appartamento Area Piscina,18,14,77.78,False
2024-06-09,2764,Appartamento Area Giardino,28,27,96.43,False
2024-06-09,5375,Villino 2Ten,1,2,200.0,True
2024-06-09,5376,Villino Double,1,0,0.0,False
2024-06-10,22380,OTA Camera Standard,3,0,0.0,False
2024-06-10,2761,Camera  Standard,14,22,157.14,True
2024-06-10,2762,Camera Superior,8,3,37.5,False
2024-06-10,2763,Camera Deluxe,5,5,100.0,False
2024-06-10,3231,Suite Familiare,1,0,0.0,False
2024-06-10,2767,Suite Familiare Vista Piscina,1,0,0.0,False
2024-06-10,2765,Appartamento Area Piscina,18,15,83.33,False
2024-06-10,2764,Appartamento Area Giardino,28,23,82.14,False
2024-06-10,5375,Villino 2Ten,1,1,100.0,False
2024-06-10,5376,Villino Double,1,0,0.0,False
2024-06-11,22380,OTA Camera Standard,3,0,0.0,False
2024-06-11,2761,Camera  Standard,14,22,157.14,True
2024-06-11,2762,Camera Superior,8,3,37.5,False
2024-06-11,2763,Camera Deluxe,5,5,100.0,False
2024-06-11,3231,Suite Familiare,1,0,0.0,False
2024-06-11,2767,Suite Familiare Vista Piscina,1,0,0.0,False
2024-06-11,2765,Appartamento Area Piscina,18,15,83.33,False
2024-06-11,2764,Appartamento Area Giardino,28,24,85.71,False
2024-06-11,5375,Villino 2Ten,1,2,200.0,True
2024-06-11,5376,Villino Double,1,0,0.0,False
2024-06-12,22380,OTA Camera Standard,3,0,0.0,False
2024-06-12,2761,Camera  Standard,14,22,157.14,True
2024-06-12,2762,Camera Superior,8,4,50.0,False
2024-06-12,2763,Camera Deluxe,5,5,100.0,False
2024-06-12,3231,Suite Familiare,1,0,0.0,False
2024-06-12,2767,Suite Familiare Vista Piscina,1,0,0.0,False
2024-06-12,2765,Appartamento Area Piscina,18,15,83.33,False
2024-06-12,2764,Appartamento Area Giardino,28,24,85.71,False
2024-06-12,5375,Villino 2Ten,1,2,200.0,True
2024-06-12,5376,Villino Double,1,0,0.0,False
2024-06-13,22380,OTA Camera Standard,3,0,0.0,False
2024-06-13,2761,Camera  Standard,14,22,157.14,True
2024-06-13,2762,Camera Superior,8,4,50.0,False
2024-06-13,2763,Camera Deluxe,5,4,80.0,False
2024-06-13,3231,Suite Familiare,1,0,0.0,False
2024-06-13,2767,Suite Familiare Vista Piscina,1,0,0.0,False
2024-06-13,2765,Appartamento Area Piscina,18,14,77.78,False
2024-06-13,2764,Appartamento Area Giardino,28,26,92.86,False
2024-06-13,5375,Villino 2Ten,1,2,200.0,True
2024-06-13,5376,Villino Double,1,0,0.0,False
2024-06-14,22380,OTA Camera Standard,3,0,0.0,False
2024-06-14,2761,Camera  Standard,14,22,157.14,True
2024-06-14,2762,Camera Superior,8,4,50.0,False
2024-06-14,2763,Camera Deluxe,5,4,80.0,False
2024-06-14,3231,Suite Familiare,1,0,0.0,False
2024-06-14,2767,Suite Familiare Vista Piscina,1,0,0.0,False
2024-06-14,2765,Appartamento Area Piscina,18,13,72.22,False
2024-06-14,2764,Appartamento Area Giardino,28,29,103.57,True
2024-06-14,5375,Villino 2Ten,1,2,200.0,True
2024-06-14,5376,Villino Double,1,0,0.0,False
2024-06-15,22380,OTA Camera Standard,3,0,0.0,False
2024-06-15,2761,Camera  Standard,14,16,114.29,True
2024-06-15,2762,Camera Superior,8,5,62.5,False
2024-06-15,2763,Camera Deluxe,5,6,120.0,True
2024-06-15,3231,Suite Familiare,1,0,0.0,False
2024-06-15,2767,Suite Familiare Vista Piscina,1,0,0.0,False
2024-06-15,2765,Appartamento Area Piscina,18,17,94.44,False
2024-06-15,2764,Appartamento Area Giardino,28,29,103.57,True
2024-06-15,5375,Villino 2Ten,1,1,100.0,False
2024-06-15,5376,Villino Double,1,0,0.0,False
2024-06-16,22380,OTA Camera Standard,3,0,0.0,False
2024-06-16,2761,Camera  Standard,14,13,92.86,False
2024-06-16,2762,Camera Superior,8,9,112.5,True
2024-06-16,2763,Camera Deluxe,5,5,100.0,False
2024-06-16,3231,Suite Familiare,1,0,0.0,False
2024-06-16,2767,Suite Familiare Vista Piscina,1,0,0.0,False
2024-06-16,2765,Appartamento Area Piscina,18,21,116.67,True
2024-06-16,2764,Appartamento Area Giardino,28,22,78.57,False
2024-06-16,5375,Villino 2Ten,1,0,0.0,False
2024-06-16,5376,Villino Double,1,1,100.0,False
2024-06-17,22380,OTA Camera Standard,3,0,0.0,False
2024-06-17,2761,Camera  Standard,14,13,92.86,False
2024-06-17,2762,Camera Superior,8,9,112.5,True
2024-06-17,2763,Camera Deluxe,5,5,100.0,False
2024-06-17,3231,Suite Familiare,1,1,100.0,False
2024-06-17,2767,Suite Familiare Vista Piscina,1,1,100.0,False
2024-06-17,2765,Appartamento Area Piscina,18,22,122.22,True
2024-06-17,2764,Appartamento Area Giardino,28,23,82.14,False
2024-06-17,5375,Villino 2Ten,1,0,0.0,False
2024-06-17,5376,Villino Double,1,1,100.0,False
2024-06-18,22380,OTA Camera Standard,3,0,0.0,False
2024-06-18,2761,Camera  Standard,14,13,92.86,False
2024-06-18,2762,Camera Superior,8,9,112.5,True
2024-06-18,2763,Camera Deluxe,5,6,120.0,True
2024-06-18,3231,Suite Familiare,1,1,100.0,False
2024-06-18,2767,Suite Familiare Vista Piscina,1,1,100.0,False
2024-06-18,2765,Appartamento Area Piscina,18,22,122.22,True
2024-06-18,2764,Appartamento Area Giardino,28,23,82.14,False
2024-06-18,5375,Villino 2Ten,1,0,0.0,False
2024-06-18,5376,Villino Double,1,1,100.0,False
2024-06-19,22380,OTA Camera Standard,3,0,0.0,False
2024-06-19,2761,Camera  Standard,14,13,92.86,False
2024-06-19,2762,Camera Superior,8,9,112.5,True
2024-06-19,2763,Camera Deluxe,5,6,120.0,True
2024-06-19,3231,Suite Familiare,1,1,100.0,False
2024-06-19,2767,Suite Familiare Vista Piscina,1,1,100.0,False
2024-06-19,2765,Appartamento Area Piscina,18,22,122.22,True
2024-06-19,2764,Appartamento Area Giardino,28,24,85.71,False
2024-06-19,5375,Villino 2Ten,1,0,0.0,False
2024-06-19,5376,Villino Double,1,1,100.0,False
2024-06-20,22380,OTA Camera Standard,3,0,0.0,False
2024-06-20,2761,Camera  Standard,14,13,92.86,False
2024-06-20,2762,Camera Superior,8,9,112.5,True
2024-06-20,2763,Camera Deluxe,5,6,120.0,True
2024-06-20,3231,Suite Familiare,1,1,100.0,False
2024-06-20,2767,Suite Familiare Vista Piscina,1,1,100.0,False
2024-06-20,2765,Appartamento Area Piscina,18,22,122.22,True
2024-06-20,2764,Appartamento Area Giardino,28,24,85.71,False
2024-06-20,5375,Villino 2Ten,1,0,0.0,False
2024-06-20,5376,Villino Double,1,1,100.0,False
2024-06-21,22380,OTA Camera Standard,3,0,0.0,False
2024-06-21,2761,Camera  Standard,14,13,92.86,False
2024-06-21,2762,Camera Superior,8,9,112.5,True
2024-06-21,2763,Camera Deluxe,5,6,120.0,True
2024-06-21,3231,Suite Familiare,1,1,100.0,False
2024-06-21,2767,Suite Familiare Vista Piscina,1,1,100.0,False
2024-06-21,2765,Appartamento Area Piscina,18,22,122.22,True
2024-06-21,2764,Appartamento Area Giardino,28,23,82.14,False
2024-06-21,5375,Villino 2Ten,1,0,0.0,False
2024-06-21,5376,Villino Double,1,1,100.0,False
2024-06-22,22380,OTA Camera Standard,3,0,0.0,False
2024-06-22,2761,Camera  Standard,14,15,107.14,True
2024-06-22,2762,Camera Superior,8,8,100.0,False
2024-06-22,2763,Camera Deluxe,5,5,100.0,False
2024-06-22,3231,Suite Familiare,1,1,100.0,False
2024-06-22,2767,Suite Familiare Vista Piscina,1,1,100.0,False
2024-06-22,2765,Appartamento Area Piscina,18,14,77.78,False
2024-06-22,2764,Appartamento Area Giardino,28,29,103.57,True
2024-06-22,5375,Villino 2Ten,1,0,0.0,False
2024-06-22,5376,Villino Double,1,1,100.0,False
2024-06-23,22380,OTA Camera Standard,3,0,0.0,False
2024-06-23,2761,Camera  Standard,14,13,92.86,False
2024-06-23,2762,Camera Superior,8,5,62.5,False
2024-06-23,2763,Camera Deluxe,5,6,120.0,True
2024-06-23,3231,Suite Familiare,1,1,100.0,False
2024-06-23,2767,Suite Familiare Vista Piscina,1,1,100.0,False
2024-06-23,2765,Appartamento Area Piscina,18,15,83.33,False
2024-06-23,2764,Appartamento Area Giardino,28,30,107.14,True
2024-06-23,5375,Villino 2Ten,1,1,100.0,False
2024-06-23,5376,Villino Double,1,1,100.0,False
2024-06-24,22380,OTA Camera Standard,3,0,0.0,False
2024-06-24,2761,Camera  Standard,14,13,92.86,False
2024-06-24,2762,Camera Superior,8,5,62.5,False
2024-06-24,2763,Camera Deluxe,5,6,120.0,True
2024-06-24,3231,Suite Familiare,1,1,100.0,False
2024-06-24,2767,Suite Familiare Vista Piscina,1,1,100.0,False
2024-06-24,2765,Appartamento Area Piscina,18,15,83.33,False
2024-06-24,2764,Appartamento Area Giardino,28,30,107.14,True
2024-06-24,5375,Villino 2Ten,1,1,100.0,False
2024-06-24,5376,Villino Double,1,1,100.0,False
2024-06-25,22380,OTA Camera Standard,3,0,0.0,False
2024-06-25,2761,Camera  Standard,14,13,92.86,False
2024-06-25,2762,Camera Superior,8,5,62.5,False
2024-06-25,2763,Camera Deluxe,5,6,120.0,True
2024-06-25,3231,Suite Familiare,1,1,100.0,False
2024-06-25,2767,Suite Familiare Vista Piscina,1,1,100.0,False
2024-06-25,2765,Appartamento Area Piscina,18,15,83.33,False
2024-06-25,2764,Appartamento Area Giardino,28,31,110.71,True
2024-06-25,5375,Villino 2Ten,1,1,100.0,False
2024-06-25,5376,Villino Double,1,1,100.0,False
2024-06-26,22380,OTA Camera Standard,3,0,0.0,False
2024-06-26,2761,Camera  Standard,14,13,92.86,False
2024-06-26,2762,Camera Superior,8,5,62.5,False
2024-06-26,2763,Camera Deluxe,5,6,120.0,True
2024-06-26,3231,Suite Familiare,1,1,100.0,False
2024-06-26,2767,Suite Familiare Vista Piscina,1,1,100.0,False
2024-06-26,2765,Appartamento Area Piscina,18,15,83.33,False
2024-06-26,2764,Appartamento Area Giardino,28,31,110.71,True
2024-06-26,5375,Villino 2Ten,1,1,100.0,False
2024-06-26,5376,Villino Double,1,1,100.0,False
2024-06-27,22380,OTA Camera Standard,3,0,0.0,False
2024-06-27,2761,Camera  Standard,14,14,100.0,False
2024-06-27,2762,Camera Superior,8,5,62.5,False
2024-06-27,2763,Camera Deluxe,5,6,120.0,True
2024-06-27,3231,Suite Familiare,1,1,100.0,False
2024-06-27,2767,Suite Familiare Vista Piscina,1,0,0.0,False
2024-06-27,2765,Appartamento Area Piscina,18,15,83.33,False
2024-06-27,2764,Appartamento Area Giardino,28,31,110.71,True
2024-06-27,5375,Villino 2Ten,1,1,100.0,False
2024-06-27,5376,Villino Double,1,1,100.0,False
2024-06-28,22380,OTA Camera Standard,3,0,0.0,False
2024-06-28,2761,Camera  Standard,14,14,100.0,False
2024-06-28,2762,Camera Superior,8,5,62.5,False
2024-06-28,2763,Camera Deluxe,5,6,120.0,True
2024-06-28,3231,Suite Familiare,1,1,100.0,False
2024-06-28,2767,Suite Familiare Vista Piscina,1,0,0.0,False
2024-06-28,2765,Appartamento Area Piscina,18,15,83.33,False
2024-06-28,2764,Appartamento Area Giardino,28,31,110.71,True
2024-06-28,5375,Villino 2Ten,1,1,100.0,False
2024-06-28,5376,Villino Double,1,1,100.0,False
2024-06-29,22380,OTA Camera Standard,3,0,0.0,False
2024-06-29,2761,Camera  Standard,14,12,85.71,False
2024-06-29,2762,Camera Superior,8,6,75.0,False
2024-06-29,2763,Camera Deluxe,5,8,160.0,True
2024-06-29,3231,Suite Familiare,1,1,100.0,False
2024-06-29,2767,Suite Familiare Vista Piscina,1,1,100.0,False
2024-06-29,2765,Appartamento Area Piscina,18,13,72.22,False
2024-06-29,2764,Appartamento Area Giardino,28,36,128.57,True
2024-06-29,5375,Villino 2Ten,1,1,100.0,False
2024-06-29,5376,Villino Double,1,1,100.0,False
2024-06-30,22380,OTA Camera Standard,3,0,0.0,False
2024-06-30,2761,Camera  Standard,14,10,71.43,False
2024-06-30,2762,Camera Superior,8,6,75.0,False
2024-06-30,2763,Camera Deluxe,5,6,120.0,True
2024-06-30,3231,Suite Familiare,1,1,100.0,False
2024-06-30,2767,Suite Familiare Vista Piscina,1,1,100.0,False
2024-06-30,2765,Appartamento Area Piscina,18,10,55.56,False
2024-06-30,2764,Appartamento Area Giardino,28,36,128.57,True
2024-06-30,5375,Villino 2Ten,1,0,0.0,False
2024-06-30,5376,Villino Double,1,1,100.0,False
2024-07-01,22380,OTA Camera Standard,3,0,0.0,False
2024-07-01,2761,Camera  Standard,14,10,71.43,False
2024-07-01,2762,Camera Superior,8,7,87.5,False
2024-07-01,2763,Camera Deluxe,5,6,120.0,True
2024-07-01,3231,Suite Familiare,1,1,100.0,False
2024-07-01,2767,Suite Familiare Vista Piscina,1,1,100.0,False
2024-07-01,2765,Appartamento Area Piscina,18,9,50.0,False
2024-07-01,2764,Appartamento Area Giardino,28,38,135.71,True
2024-07-01,5375,Villino 2Ten,1,0,0.0,False
2024-07-01,5376,Villino Double,1,1,100.0,False
2024-07-02,22380,OTA Camera Standard,3,0,0.0,False
2024-07-02,2761,Camera  Standard,14,11,78.57,False
2024-07-02,2762,Camera Superior,8,9,112.5,True
2024-07-02,2763,Camera Deluxe,5,6,120.0,True
2024-07-02,3231,Suite Familiare,1,1,100.0,False
2024-07-02,2767,Suite Familiare Vista Piscina,1,1,100.0,False
2024-07-02,2765,Appartamento Area Piscina,18,9,50.0,False
2024-07-02,2764,Appartamento Area Giardino,28,38,135.71,True
2024-07-02,5375,Villino 2Ten,1,0,0.0,False
2024-07-02,5376,Villino Double,1,1,100.0,False
2024-07-03,22380,OTA Camera Standard,3,0,0.0,False
2024-07-03,2761,Camera  Standard,14,11,78.57,False
2024-07-03,2762,Camera Superior,8,9,112.5,True
2024-07-03,2763,Camera Deluxe,5,6,120.0,True
2024-07-03,3231,Suite Familiare,1,1,100.0,False
2024-07-03,2767,Suite Familiare Vista Piscina,1,1,100.0,False
2024-07-03,2765,Appartamento Area Piscina,18,9,50.0,False
2024-07-03,2764,Appartamento Area Giardino,28,38,135.71,True
2024-07-03,5375,Villino 2Ten,1,0,0.0,False
2024-07-03,5376,Villino Double,1,1,100.0,False
2024-07-04,22380,OTA Camera Standard,3,0,0.0,False
2024-07-04,2761,Camera  Standard,14,11,78.57,False
2024-07-04,2762,Camera Superior,8,8,100.0,False
2024-07-04,2763,Camera Deluxe,5,6,120.0,True
2024-07-04,3231,Suite Familiare,1,1,100.0,False
2024-07-04,2767,Suite Familiare Vista Piscina,1,1,100.0,False
2024-07-04,2765,Appartamento Area Piscina,18,9,50.0,False
2024-07-04,2764,Appartamento Area Giardino,28,38,135.71,True
2024-07-04,5375,Villino 2Ten,1,0,0.0,False
2024-07-04,5376,Villino Double,1,1,100.0,False
2024-07-05,22380,OTA Camera Standard,3,0,0.0,False
2024-07-05,2761,Camera  Standard,14,10,71.43,False
2024-07-05,2762,Camera Superior,8,5,62.5,False
2024-07-05,2763,Camera Deluxe,5,6,120.0,True
2024-07-05,3231,Suite Familiare,1,1,100.0,False
2024-07-05,2767,Suite Familiare Vista Piscina,1,1,100.0,False
2024-07-05,2765,Appartamento Area Piscina,18,9,50.0,False
2024-07-05,2764,Appartamento Area Giardino,28,38,135.71,True
2024-07-05,5375,Villino 2Ten,1,0,0.0,False
2024-07-05,5376,Villino Double,1,1,100.0,False
2024-07-06,22380,OTA Camera Standard,3,0,0.0,False
2024-07-06,2761,Camera  Standard,14,11,78.57,False
2024-07-06,2762,Camera Superior,8,9,112.5,True
2024-07-06,2763,Camera Deluxe,5,3,60.0,False
2024-07-06,3231,Suite Familiare,1,1,100.0,False
2024-07-06,2767,Suite Familiare Vista Piscina,1,1,100.0,False
2024-07-06,2765,Appartamento Area Piscina,18,11,61.11,False
2024-07-06,2764,Appartamento Area Giardino,28,35,125.0,True
2024-07-06,5375,Villino 2Ten,1,0,0.0,False
2024-07-06,5376,Villino Double,1,1,100.0,False
2024-07-07,22380,OTA Camera Standard,3,0,0.0,False
2024-07-07,2761,Camera  Standard,14,11,78.57,False
2024-07-07,2762,Camera Superior,8,11,137.5,True
2024-07-07,2763,Camera Deluxe,5,4,80.0,False
2024-07-07,3231,Suite Familiare,1,1,100.0,False
2024-07-07,2767,Suite Familiare Vista Piscina,1,0,0.0,False
2024-07-07,2765,Appartamento Area Piscina,18,12,66.67,False
2024-07-07,2764,Appartamento Area Giardino,28,32,114.29,True
2024-07-07,5375,Villino 2Ten,1,0,0.0,False
2024-07-07,5376,Villino Double,1,0,0.0,False
2024-07-08,22380,OTA Camera Standard,3,0,0.0,False
2024-07-08,2761,Camera  Standard,14,11,78.57,False
2024-07-08,2762,Camera Superior,8,11,137.5,True
2024-07-08,2763,Camera Deluxe,5,4,80.0,False
2024-07-08,3231,Suite Familiare,1,1,100.0,False
2024-07-08,2767,Suite Familiare Vista Piscina,1,1,100.0,False
2024-07-08,2765,Appartamento Area Piscina,18,13,72.22,False
2024-07-08,2764,Appartamento Area Giardino,28,33,117.86,True
2024-07-08,5375,Villino 2Ten,1,0,0.0,False
2024-07-08,5376,Villino Double,1,0,0.0,False
2024-07-09,22380,OTA Camera Standard,3,0,0.0,False
2024-07-09,2761,Camera  Standard,14,11,78.57,False
2024-07-09,2762,Camera Superior,8,11,137.5,True
2024-07-09,2763,Camera Deluxe,5,4,80.0,False
2024-07-09,3231,Suite Familiare,1,1,100.0,False
2024-07-09,2767,Suite Familiare Vista Piscina,1,1,100.0,False
2024-07-09,2765,Appartamento Area Piscina,18,13,72.22,False
2024-07-09,2764,Appartamento Area Giardino,28,33,117.86,True
2024-07-09,5375,Villino 2Ten,1,0,0.0,False
2024-07-09,5376,Villino Double,1,0,0.0,False
2024-07-10,22380,OTA Camera Standard,3,0,0.0,False
2024-07-10,2761,Camera  Standard,14,11,78.57,False
2024-07-10,2762,Camera Superior,8,11,137.5,True
2024-07-10,2763,Camera Deluxe,5,4,80.0,False
2024-07-10,3231,Suite Familiare,1,1,100.0,False
2024-07-10,2767,Suite Familiare Vista Piscina,1,1,100.0,False
2024-07-10,2765,Appartamento Area Piscina,18,14,77.78,False
2024-07-10,2764,Appartamento Area Giardino,28,33,117.86,True
2024-07-10,5375,Villino 2Ten,1,0,0.0,False
2024-07-10,5376,Villino Double,1,0,0.0,False
2024-07-11,22380,OTA Camera Standard,3,0,0.0,False
2024-07-11,2761,Camera  Standard,14,11,78.57,False
2024-07-11,2762,Camera Superior,8,11,137.5,True
2024-07-11,2763,Camera Deluxe,5,4,80.0,False
2024-07-11,3231,Suite Familiare,1,1,100.0,False
2024-07-11,2767,Suite Familiare Vista Piscina,1,1,100.0,False
2024-07-11,2765,Appartamento Area Piscina,18,14,77.78,False
2024-07-11,2764,Appartamento Area Giardino,28,31,110.71,True
2024-07-11,5375,Villino 2Ten,1,0,0.0,False
2024-07-11,5376,Villino Double,1,0,0.0,False
2024-07-12,22380,OTA Camera Standard,3,0,0.0,False
2024-07-12,2761,Camera  Standard,14,11,78.57,False
2024-07-12,2762,Camera Superior,8,11,137.5,True
2024-07-12,2763,Camera Deluxe,5,4,80.0,False
2024-07-12,3231,Suite Familiare,1,1,100.0,False
2024-07-12,2767,Suite Familiare Vista Piscina,1,1,100.0,False
2024-07-12,2765,Appartamento Area Piscina,18,15,83.33,False
2024-07-12,2764,Appartamento Area Giardino,28,30,107.14,True
2024-07-12,5375,Villino 2Ten,1,0,0.0,False
2024-07-12,5376,Villino Double,1,0,0.0,False
2024-07-13,22380,OTA Camera Standard,3,0,0.0,False
2024-07-13,2761,Camera  Standard,14,10,71.43,False
2024-07-13,2762,Camera Superior,8,11,137.5,True
2024-07-13,2763,Camera Deluxe,5,6,120.0,True
2024-07-13,3231,Suite Familiare,1,1,100.0,False
2024-07-13,2767,Suite Familiare Vista Piscina,1,1,100.0,False
2024-07-13,2765,Appartamento Area Piscina,18,15,83.33,False
2024-07-13,2764,Appartamento Area Giardino,28,30,107.14,True
2024-07-13,5375,Villino 2Ten,1,0,0.0,False
2024-07-13,5376,Villino Double,1,1,100.0,False
2024-07-14,22380,OTA Camera Standard,3,0,0.0,False
2024-07-14,2761,Camera  Standard,14,12,85.71,False
2024-07-14,2762,Camera Superior,8,5,62.5,False
2024-07-14,2763,Camera Deluxe,5,7,140.0,True
2024-07-14,3231,Suite Familiare,1,1,100.0,False
2024-07-14,2767,Suite Familiare Vista Piscina,1,1,100.0,False
2024-07-14,2765,Appartamento Area Piscina,18,15,83.33,False
2024-07-14,2764,Appartamento Area Giardino,28,29,103.57,True
2024-07-14,5375,Villino 2Ten,1,1,100.0,False
2024-07-14,5376,Villino Double,1,1,100.0,False
2024-07-15,22380,OTA Camera Standard,3,0,0.0,False
2024-07-15,2761,Camera  Standard,14,12,85.71,False
2024-07-15,2762,Camera Superior,8,6,75.0,False
2024-07-15,2763,Camera Deluxe,5,7,140.0,True
2024-07-15,3231,Suite Familiare,1,1,100.0,False
2024-07-15,2767,Suite Familiare Vista Piscina,1,1,100.0,False
2024-07-15,2765,Appartamento Area Piscina,18,15,83.33,False
2024-07-15,2764,Appartamento Area Giardino,28,29,103.57,True
2024-07-15,5375,Villino 2Ten,1,1,100.0,False
2024-07-15,5376,Villino Double,1,1,100.0,False
2024-07-16,22380,OTA Camera Standard,3,0,0.0,False
2024-07-16,2761,Camera  Standard,14,11,78.57,False
2024-07-16,2762,Camera Superior,8,6,75.0,False
2024-07-16,2763,Camera Deluxe,5,7,140.0,True
2024-07-16,3231,Suite Familiare,1,1,100.0,False
2024-07-16,2767,Suite Familiare Vista Piscina,1,1,100.0,False
2024-07-16,2765,Appartamento Area Piscina,18,15,83.33,False
2024-07-16,2764,Appartamento Area Giardino,28,29,103.57,True
2024-07-16,5375,Villino 2Ten,1,1,100.0,False
2024-07-16,5376,Villino Double,1,1,100.0,False
2024-07-17,22380,OTA Camera Standard,3,0,0.0,False
2024-07-17,2761,Camera  Standard,14,11,78.57,False
2024-07-17,2762,Camera Superior,8,6,75.0,False
2024-07-17,2763,Camera Deluxe,5,7,140.0,True
2024-07-17,3231,Suite Familiare,1,1,100.0,False
2024-07-17,2767,Suite Familiare Vista Piscina,1,1,100.0,False
2024-07-17,2765,Appartamento Area Piscina,18,16,88.89,False
2024-07-17,2764,Appartamento Area Giardino,28,31,110.71,True
2024-07-17,5375,Villino 2Ten,1,1,100.0,False
2024-07-17,5376,Villino Double,1,1,100.0,False
2024-07-18,22380,OTA Camera Standard,3,0,0.0,False
2024-07-18,2761,Camera  Standard,14,11,78.57,False
2024-07-18,2762,Camera Superior,8,7,87.5,False
2024-07-18,2763,Camera Deluxe,5,7,140.0,True
2024-07-18,3231,Suite Familiare,1,0,0.0,False
2024-07-18,2767,Suite Familiare Vista Piscina,1,1,100.0,False
2024-07-18,2765,Appartamento Area Piscina,18,15,83.33,False
2024-07-18,2764,Appartamento Area Giardino,28,31,110.71,True
2024-07-18,5375,Villino 2Ten,1,1,100.0,False
2024-07-18,5376,Villino Double,1,1,100.0,False
2024-07-19,22380,OTA Camera Standard,3,0,0.0,False
2024-07-19,2761,Camera  Standard,14,11,78.57,False
2024-07-19,2762,Camera Superior,8,7,87.5,False
2024-07-19,2763,Camera Deluxe,5,7,140.0,True
2024-07-19,3231,Suite Familiare,1,0,0.0,False
2024-07-19,2767,Suite Familiare Vista Piscina,1,1,100.0,False
2024-07-19,2765,Appartamento Area Piscina,18,14,77.78,False
2024-07-19,2764,Appartamento Area Giardino,28,30,107.14,True
2024-07-19,5375,Villino 2Ten,1,1,100.0,False
2024-07-19,5376,Villino Double,1,1,100.0,False
2024-07-20,22380,OTA Camera Standard,3,0,0.0,False
2024-07-20,2761,Camera  Standard,14,11,78.57,False
2024-07-20,2762,Camera Superior,8,8,100.0,False
2024-07-20,2763,Camera Deluxe,5,5,100.0,False
2024-07-20,3231,Suite Familiare,1,0,0.0,False
2024-07-20,2767,Suite Familiare Vista Piscina,1,1,100.0,False
2024-07-20,2765,Appartamento Area Piscina,18,13,72.22,False
2024-07-20,2764,Appartamento Area Giardino,28,30,107.14,True
2024-07-20,5375,Villino 2Ten,1,1,100.0,False
2024-07-20,5376,Villino Double,1,1,100.0,False
2024-07-21,22380,OTA Camera Standard,3,0,0.0,False
2024-07-21,2761,Camera  Standard,14,12,85.71,False
2024-07-21,2762,Camera Superior,8,9,112.5,True
2024-07-21,2763,Camera Deluxe,5,6,120.0,True
2024-07-21,3231,Suite Familiare,1,0,0.0,False
2024-07-21,2767,Suite Familiare Vista Piscina,1,1,100.0,False
2024-07-21,2765,Appartamento Area Piscina,18,11,61.11,False
2024-07-21,2764,Appartamento Area Giardino,28,34,121.43,True
2024-07-21,5375,Villino 2Ten,1,1,100.0,False
2024-07-21,5376,Villino Double,1,1,100.0,False
2024-07-22,22380,OTA Camera Standard,3,0,0.0,False
2024-07-22,2761,Camera  Standard,14,12,85.71,False
2024-07-22,2762,Camera Superior,8,9,112.5,True
2024-07-22,2763,Camera Deluxe,5,7,140.0,True
2024-07-22,3231,Suite Familiare,1,0,0.0,False
2024-07-22,2767,Suite Familiare Vista Piscina,1,1,100.0,False
2024-07-22,2765,Appartamento Area Piscina,18,11,61.11,False
2024-07-22,2764,Appartamento Area Giardino,28,34,121.43,True
2024-07-22,5375,Villino 2Ten,1,1,100.0,False
2024-07-22,5376,Villino Double,1,1,100.0,False
2024-07-23,22380,OTA Camera Standard,3,0,0.0,False
2024-07-23,2761,Camera  Standard,14,12,85.71,False
2024-07-23,2762,Camera Superior,8,10,125.0,True
2024-07-23,2763,Camera Deluxe,5,7,140.0,True
2024-07-23,3231,Suite Familiare,1,0,0.0,False
2024-07-23,2767,Suite Familiare Vista Piscina,1,1,100.0,False
2024-07-23,2765,Appartamento Area Piscina,18,10,55.56,False
2024-07-23,2764,Appartamento Area Giardino,28,33,117.86,True
2024-07-23,5375,Villino 2Ten,1,1,100.0,False
2024-07-23,5376,Villino Double,1,1,100.0,False
2024-07-24,22380,OTA Camera Standard,3,0,0.0,False
2024-07-24,2761,Camera  Standard,14,12,85.71,False
2024-07-24,2762,Camera Superior,8,10,125.0,True
2024-07-24,2763,Camera Deluxe,5,7,140.0,True
2024-07-24,3231,Suite Familiare,1,0,0.0,False
2024-07-24,2767,Suite Familiare Vista Piscina,1,1,100.0,False
2024-07-24,2765,Appartamento Area Piscina,18,10,55.56,False
2024-07-24,2764,Appartamento Area Giardino,28,34,121.43,True
2024-07-24,5375,Villino 2Ten,1,1,100.0,False
2024-07-24,5376,Villino Double,1,1,100.0,False
2024-07-25,22380,OTA Camera Standard,3,0,0.0,False
2024-07-25,2761,Camera  Standard,14,12,85.71,False
2024-07-25,2762,Camera Superior,8,11,137.5,True
2024-07-25,2763,Camera Deluxe,5,7,140.0,True
2024-07-25,3231,Suite Familiare,1,0,0.0,False
2024-07-25,2767,Suite Familiare Vista Piscina,1,1,100.0,False
2024-07-25,2765,Appartamento Area Piscina,18,10,55.56,False
2024-07-25,2764,Appartamento Area Giardino,28,34,121.43,True
2024-07-25,5375,Villino 2Ten,1,1,100.0,False
2024-07-25,5376,Villino Double,1,1,100.0,False
2024-07-26,22380,OTA Camera Standard,3,0,0.0,False
2024-07-26,2761,Camera  Standard,14,12,85.71,False
2024-07-26,2762,Camera Superior,8,11,137.5,True
2024-07-26,2763,Camera Deluxe,5,7,140.0,True
2024-07-26,3231,Suite Familiare,1,0,0.0,False
2024-07-26,2767,Suite Familiare Vista Piscina,1,1,100.0,False
2024-07-26,2765,Appartamento Area Piscina,18,10,55.56,False
2024-07-26,2764,Appartamento Area Giardino,28,34,121.43,True
2024-07-26,5375,Villino 2Ten,1,1,100.0,False
2024-07-26,5376,Villino Double,1,1,100.0,False
2024-07-27,22380,OTA Camera Standard,3,0,0.0,False
2024-07-27,2761,Camera  Standard,14,12,85.71,False
2024-07-27,2762,Camera Superior,8,8,100.0,False
2024-07-27,2763,Camera Deluxe,5,9,180.0,True
2024-07-27,3231,Suite Familiare,1,1,100.0,False
2024-07-27,2767,Suite Familiare Vista Piscina,1,1,100.0,False
2024-07-27,2765,Appartamento Area Piscina,18,11,61.11,False
2024-07-27,2764,Appartamento Area Giardino,28,34,121.43,True
2024-07-27,5375,Villino 2Ten,1,0,0.0,False
2024-07-27,5376,Villino Double,1,1,100.0,False
2024-07-28,22380,OTA Camera Standard,3,0,0.0,False
2024-07-28,2761,Camera  Standard,14,12,85.71,False
2024-07-28,2762,Camera Superior,8,7,87.5,False
2024-07-28,2763,Camera Deluxe,5,8,160.0,True
2024-07-28,3231,Suite Familiare,1,1,100.0,False
2024-07-28,2767,Suite Familiare Vista Piscina,1,1,100.0,False
2024-07-28,2765,Appartamento Area Piscina,18,13,72.22,False
2024-07-28,2764,Appartamento Area Giardino,28,31,110.71,True
2024-07-28,5375,Villino 2Ten,1,0,0.0,False
2024-07-28,5376,Villino Double,1,1,100.0,False
2024-07-29,22380,OTA Camera Standard,3,0,0.0,False
2024-07-29,2761,Camera  Standard,14,13,92.86,False
2024-07-29,2762,Camera Superior,8,6,75.0,False
2024-07-29,2763,Camera Deluxe,5,8,160.0,True
2024-07-29,3231,Suite Familiare,1,1,100.0,False
2024-07-29,2767,Suite Familiare Vista Piscina,1,1,100.0,False
2024-07-29,2765,Appartamento Area Piscina,18,16,88.89,False
2024-07-29,2764,Appartamento Area Giardino,28,31,110.71,True
2024-07-29,5375,Villino 2Ten,1,0,0.0,False
2024-07-29,5376,Villino Double,1,1,100.0,False
2024-07-30,22380,OTA Camera Standard,3,0,0.0,False
2024-07-30,2761,Camera  Standard,14,13,92.86,False
2024-07-30,2762,Camera Superior,8,6,75.0,False
2024-07-30,2763,Camera Deluxe,5,8,160.0,True
2024-07-30,3231,Suite Familiare,1,1,100.0,False
2024-07-30,2767,Suite Familiare Vista Piscina,1,1,100.0,False
2024-07-30,2765,Appartamento Area Piscina,18,16,88.89,False
2024-07-30,2764,Appartamento Area Giardino,28,31,110.71,True
2024-07-30,5375,Villino 2Ten,1,0,0.0,False
2024-07-30,5376,Villino Double,1,1,100.0,False
2024-07-31,22380,OTA Camera Standard,3,0,0.0,False
2024-07-31,2761,Camera  Standard,14,13,92.86,False
2024-07-31,2762,Camera Superior,8,5,62.5,False
2024-07-31,2763,Camera Deluxe,5,8,160.0,True
2024-07-31,3231,Suite Familiare,1,1,100.0,False
2024-07-31,2767,Suite Familiare Vista Piscina,1,1,100.0,False
2024-07-31,2765,Appartamento Area Piscina,18,16,88.89,False
2024-07-31,2764,Appartamento Area Giardino,28,31,110.71,True
2024-07-31,5375,Villino 2Ten,1,0,0.0,False
2024-07-31,5376,Villino Double,1,1,100.0,False
2024-08-01,22380,OTA Camera Standard,3,0,0.0,False
2024-08-01,2761,Camera  Standard,14,13,92.86,False
2024-08-01,2762,Camera Superior,8,6,75.0,False
2024-08-01,2763,Camera Deluxe,5,8,160.0,True
2024-08-01,3231,Suite Familiare,1,1,100.0,False
2024-08-01,2767,Suite Familiare Vista Piscina,1,1,100.0,False
2024-08-01,2765,Appartamento Area Piscina,18,16,88.89,False
2024-08-01,2764,Appartamento Area Giardino,28,31,110.71,True
2024-08-01,5375,Villino 2Ten,1,0,0.0,False
2024-08-01,5376,Villino Double,1,1,100.0,False
2024-08-02,22380,OTA Camera Standard,3,0,0.0,False
2024-08-02,2761,Camera  Standard,14,13,92.86,False
2024-08-02,2762,Camera Superior,8,6,75.0,False
2024-08-02,2763,Camera Deluxe,5,8,160.0,True
2024-08-02,3231,Suite Familiare,1,1,100.0,False
2024-08-02,2767,Suite Familiare Vista Piscina,1,1,100.0,False
2024-08-02,2765,Appartamento Area Piscina,18,16,88.89,False
2024-08-02,2764,Appartamento Area Giardino,28,31,110.71,True
2024-08-02,5375,Villino 2Ten,1,0,0.0,False
2024-08-02,5376,Villino Double,1,1,100.0,False
2024-08-03,22380,OTA Camera Standard,3,0,0.0,False
2024-08-03,2761,Camera  Standard,14,12,85.71,False
2024-08-03,2762,Camera Superior,8,7,87.5,False
2024-08-03,2763,Camera Deluxe,5,6,120.0,True
2024-08-03,3231,Suite Familiare,1,0,0.0,False
2024-08-03,2767,Suite Familiare Vista Piscina,1,1,100.0,False
2024-08-03,2765,Appartamento Area Piscina,18,17,94.44,False
2024-08-03,2764,Appartamento Area Giardino,28,33,117.86,True
2024-08-03,5375,Villino 2Ten,1,1,100.0,False
2024-08-03,5376,Villino Double,1,1,100.0,False
2024-08-04,22380,OTA Camera Standard,3,0,0.0,False
2024-08-04,2761,Camera  Standard,14,8,57.14,False
2024-08-04,2762,Camera Superior,8,12,150.0,True
2024-08-04,2763,Camera Deluxe,5,6,120.0,True
2024-08-04,3231,Suite Familiare,1,0,0.0,False
2024-08-04,2767,Suite Familiare Vista Piscina,1,1,100.0,False
2024-08-04,2765,Appartamento Area Piscina,18,16,88.89,False
2024-08-04,2764,Appartamento Area Giardino,28,30,107.14,True
2024-08-04,5375,Villino 2Ten,1,1,100.0,False
2024-08-04,5376,Villino Double,1,1,100.0,False
2024-08-05,22380,OTA Camera Standard,3,0,0.0,False
2024-08-05,2761,Camera  Standard,14,8,57.14,False
2024-08-05,2762,Camera Superior,8,12,150.0,True
2024-08-05,2763,Camera Deluxe,5,6,120.0,True
2024-08-05,3231,Suite Familiare,1,0,0.0,False
2024-08-05,2767,Suite Familiare Vista Piscina,1,1,100.0,False
2024-08-05,2765,Appartamento Area Piscina,18,16,88.89,False
2024-08-05,2764,Appartamento Area Giardino,28,30,107.14,True
2024-08-05,5375,Villino 2Ten,1,1,100.0,False
2024-08-05,5376,Villino Double,1,1,100.0,False
2024-08-06,22380,OTA Camera Standard,3,0,0.0,False
2024-08-06,2761,Camera  Standard,14,8,57.14,False
2024-08-06,2762,Camera Superior,8,12,150.0,True
2024-08-06,2763,Camera Deluxe,5,6,120.0,True
2024-08-06,3231,Suite Familiare,1,0,0.0,False
2024-08-06,2767,Suite Familiare Vista Piscina,1,1,100.0,False
2024-08-06,2765,Appartamento Area Piscina,18,16,88.89,False
2024-08-06,2764,Appartamento Area Giardino,28,30,107.14,True
2024-08-06,5375,Villino 2Ten,1,1,100.0,False
2024-08-06,5376,Villino Double,1,1,100.0,False
2024-08-07,22380,OTA Camera Standard,3,0,0.0,False
2024-08-07,2761,Camera  Standard,14,8,57.14,False
2024-08-07,2762,Camera Superior,8,12,150.0,True
2024-08-07,2763,Camera Deluxe,5,6,120.0,True
2024-08-07,3231,Suite Familiare,1,0,0.0,False
2024-08-07,2767,Suite Familiare Vista Piscina,1,1,100.0,False
2024-08-07,2765,Appartamento Area Piscina,18,16,88.89,False
2024-08-07,2764,Appartamento Area Giardino,28,30,107.14,True
2024-08-07,5375,Villino 2Ten,1,1,100.0,False
2024-08-07,5376,Villino Double,1,1,100.0,False
2024-08-08,22380,OTA Camera Standard,3,0,0.0,False
2024-08-08,2761,Camera  Standard,14,8,57.14,False
2024-08-08,2762,Camera Superior,8,12,150.0,True
2024-08-08,2763,Camera Deluxe,5,6,120.0,True
2024-08-08,3231,Suite Familiare,1,0,0.0,False
2024-08-08,2767,Suite Familiare Vista Piscina,1,1,100.0,False
2024-08-08,2765,Appartamento Area Piscina,18,16,88.89,False
2024-08-08,2764,Appartamento Area Giardino,28,30,107.14,True
2024-08-08,5375,Villino 2Ten,1,1,100.0,False
2024-08-08,5376,Villino Double,1,1,100.0,False
2024-08-09,22380,OTA Camera Standard,3,0,0.0,False
2024-08-09,2761,Camera  Standard,14,8,57.14,False
2024-08-09,2762,Camera Superior,8,12,150.0,True
2024-08-09,2763,Camera Deluxe,5,6,120.0,True
2024-08-09,3231,Suite Familiare,1,0,0.0,False
2024-08-09,2767,Suite Familiare Vista Piscina,1,1,100.0,False
2024-08-09,2765,Appartamento Area Piscina,18,16,88.89,False
2024-08-09,2764,Appartamento Area Giardino,28,30,107.14,True
2024-08-09,5375,Villino 2Ten,1,1,100.0,False
2024-08-09,5376,Villino Double,1,1,100.0,False
2024-08-10,22380,OTA Camera Standard,3,0,0.0,False
2024-08-10,2761,Camera  Standard,14,11,78.57,False
2024-08-10,2762,Camera Superior,8,9,112.5,True
2024-08-10,2763,Camera Deluxe,5,7,140.0,True
2024-08-10,3231,Suite Familiare,1,0,0.0,False
2024-08-10,2767,Suite Familiare Vista Piscina,1,1,100.0,False
2024-08-10,2765,Appartamento Area Piscina,18,16,88.89,False
2024-08-10,2764,Appartamento Area Giardino,28,30,107.14,True
2024-08-10,5375,Villino 2Ten,1,1,100.0,False
2024-08-10,5376,Villino Double,1,1,100.0,False
2024-08-11,22380,OTA Camera Standard,3,0,0.0,False
2024-08-11,2761,Camera  Standard,14,13,92.86,False
2024-08-11,2762,Camera Superior,8,5,62.5,False
2024-08-11,2763,Camera Deluxe,5,7,140.0,True
2024-08-11,3231,Suite Familiare,1,0,0.0,False
2024-08-11,2767,Suite Familiare Vista Piscina,1,1,100.0,False
2024-08-11,2765,Appartamento Area Piscina,18,16,88.89,False
2024-08-11,2764,Appartamento Area Giardino,28,30,107.14,True
2024-08-11,5375,Villino 2Ten,1,1,100.0,False
2024-08-11,5376,Villino Double,1,1,100.0,False
2024-08-12,22380,OTA Camera Standard,3,0,0.0,False
2024-08-12,2761,Camera  Standard,14,13,92.86,False
2024-08-12,2762,Camera Superior,8,5,62.5,False
2024-08-12,2763,Camera Deluxe,5,7,140.0,True
2024-08-12,3231,Suite Familiare,1,0,0.0,False
2024-08-12,2767,Suite Familiare Vista Piscina,1,1,100.0,False
2024-08-12,2765,Appartamento Area Piscina,18,16,88.89,False
2024-08-12,2764,Appartamento Area Giardino,28,30,107.14,True
2024-08-12,5375,Villino 2Ten,1,1,100.0,False
2024-08-12,5376,Villino Double,1,1,100.0,False
2024-08-13,22380,OTA Camera Standard,3,0,0.0,False
2024-08-13,2761,Camera  Standard,14,14,100.0,False
2024-08-13,2762,Camera Superior,8,5,62.5,False
2024-08-13,2763,Camera Deluxe,5,7,140.0,True
2024-08-13,3231,Suite Familiare,1,0,0.0,False
2024-08-13,2767,Suite Familiare Vista Piscina,1,1,100.0,False
2024-08-13,2765,Appartamento Area Piscina,18,16,88.89,False
2024-08-13,2764,Appartamento Area Giardino,28,30,107.14,True
2024-08-13,5375,Villino 2Ten,1,1,100.0,False
2024-08-13,5376,Villino Double,1,1,100.0,False
2024-08-14,22380,OTA Camera Standard,3,0,0.0,False
2024-08-14,2761,Camera  Standard,14,14,100.0,False
2024-08-14,2762,Camera Superior,8,5,62.5,False
2024-08-14,2763,Camera Deluxe,5,7,140.0,True
2024-08-14,3231,Suite Familiare,1,0,0.0,False
2024-08-14,2767,Suite Familiare Vista Piscina,1,1,100.0,False
2024-08-14,2765,Appartamento Area Piscina,18,16,88.89,False
2024-08-14,2764,Appartamento Area Giardino,28,30,107.14,True
2024-08-14,5375,Villino 2Ten,1,2,200.0,True
2024-08-14,5376,Villino Double,1,1,100.0,False
2024-08-15,22380,OTA Camera Standard,3,0,0.0,False
2024-08-15,2761,Camera  Standard,14,14,100.0,False
2024-08-15,2762,Camera Superior,8,5,62.5,False
2024-08-15,2763,Camera Deluxe,5,7,140.0,True
2024-08-15,3231,Suite Familiare,1,0,0.0,False
2024-08-15,2767,Suite Familiare Vista Piscina,1,1,100.0,False
2024-08-15,2765,Appartamento Area Piscina,18,15,83.33,False
2024-08-15,2764,Appartamento Area Giardino,28,30,107.14,True
2024-08-15,5375,Villino 2Ten,1,2,200.0,True
2024-08-15,5376,Villino Double,1,1,100.0,False
2024-08-16,22380,OTA Camera Standard,3,0,0.0,False
2024-08-16,2761,Camera  Standard,14,14,100.0,False
2024-08-16,2762,Camera Superior,8,5,62.5,False
2024-08-16,2763,Camera Deluxe,5,7,140.0,True
2024-08-16,3231,Suite Familiare,1,0,0.0,False
2024-08-16,2767,Suite Familiare Vista Piscina,1,1,100.0,False
2024-08-16,2765,Appartamento Area Piscina,18,15,83.33,False
2024-08-16,2764,Appartamento Area Giardino,28,30,107.14,True
2024-08-16,5375,Villino 2Ten,1,2,200.0,True
2024-08-16,5376,Villino Double,1,1,100.0,False
2024-08-17,22380,OTA Camera Standard,3,0,0.0,False
2024-08-17,2761,Camera  Standard,14,10,71.43,False
2024-08-17,2762,Camera Superior,8,8,100.0,False
2024-08-17,2763,Camera Deluxe,5,7,140.0,True
2024-08-17,3231,Suite Familiare,1,0,0.0,False
2024-08-17,2767,Suite Familiare Vista Piscina,1,1,100.0,False
2024-08-17,2765,Appartamento Area Piscina,18,17,94.44,False
2024-08-17,2764,Appartamento Area Giardino,28,30,107.14,True
2024-08-17,5375,Villino 2Ten,1,1,100.0,False
2024-08-17,5376,Villino Double,1,0,0.0,False
2024-08-18,22380,OTA Camera Standard,3,0,0.0,False
2024-08-18,2761,Camera  Standard,14,8,57.14,False
2024-08-18,2762,Camera Superior,8,8,100.0,False
2024-08-18,2763,Camera Deluxe,5,7,140.0,True
2024-08-18,3231,Suite Familiare,1,1,100.0,False
2024-08-18,2767,Suite Familiare Vista Piscina,1,1,100.0,False
2024-08-18,2765,Appartamento Area Piscina,18,16,88.89,False
2024-08-18,2764,Appartamento Area Giardino,28,33,117.86,True
2024-08-18,5375,Villino 2Ten,1,1,100.0,False
2024-08-18,5376,Villino Double,1,1,100.0,False
2024-08-19,22380,OTA Camera Standard,3,0,0.0,False
2024-08-19,2761,Camera  Standard,14,8,57.14,False
2024-08-19,2762,Camera Superior,8,9,112.5,True
2024-08-19,2763,Camera Deluxe,5,7,140.0,True
2024-08-19,3231,Suite Familiare,1,1,100.0,False
2024-08-19,2767,Suite Familiare Vista Piscina,1,1,100.0,False
2024-08-19,2765,Appartamento Area Piscina,18,16,88.89,False
2024-08-19,2764,Appartamento Area Giardino,28,33,117.86,True
2024-08-19,5375,Villino 2Ten,1,1,100.0,False
2024-08-19,5376,Villino Double,1,1,100.0,False
2024-08-20,22380,OTA Camera Standard,3,0,0.0,False
2024-08-20,2761,Camera  Standard,14,8,57.14,False
2024-08-20,2762,Camera Superior,8,9,112.5,True
2024-08-20,2763,Camera Deluxe,5,7,140.0,True
2024-08-20,3231,Suite Familiare,1,1,100.0,False
2024-08-20,2767,Suite Familiare Vista Piscina,1,1,100.0,False
2024-08-20,2765,Appartamento Area Piscina,18,16,88.89,False
2024-08-20,2764,Appartamento Area Giardino,28,33,117.86,True
2024-08-20,5375,Villino 2Ten,1,1,100.0,False
2024-08-20,5376,Villino Double,1,1,100.0,False
2024-08-21,22380,OTA Camera Standard,3,0,0.0,False
2024-08-21,2761,Camera  Standard,14,8,57.14,False
2024-08-21,2762,Camera Superior,8,9,112.5,True
2024-08-21,2763,Camera Deluxe,5,7,140.0,True
2024-08-21,3231,Suite Familiare,1,1,100.0,False
2024-08-21,2767,Suite Familiare Vista Piscina,1,1,100.0,False
2024-08-21,2765,Appartamento Area Piscina,18,16,88.89,False
2024-08-21,2764,Appartamento Area Giardino,28,33,117.86,True
2024-08-21,5375,Villino 2Ten,1,1,100.0,False
2024-08-21,5376,Villino Double,1,1,100.0,False
2024-08-22,22380,OTA Camera Standard,3,0,0.0,False
2024-08-22,2761,Camera  Standard,14,8,57.14,False
2024-08-22,2762,Camera Superior,8,9,112.5,True
2024-08-22,2763,Camera Deluxe,5,7,140.0,True
2024-08-22,3231,Suite Familiare,1,1,100.0,False
2024-08-22,2767,Suite Familiare Vista Piscina,1,1,100.0,False
2024-08-22,2765,Appartamento Area Piscina,18,16,88.89,False
2024-08-22,2764,Appartamento Area Giardino,28,33,117.86,True
2024-08-22,5375,Villino 2Ten,1,1,100.0,False
2024-08-22,5376,Villino Double,1,1,100.0,False
2024-08-23,22380,OTA Camera Standard,3,0,0.0,False
2024-08-23,2761,Camera  Standard,14,8,57.14,False
2024-08-23,2762,Camera Superior,8,10,125.0,True
2024-08-23,2763,Camera Deluxe,5,7,140.0,True
2024-08-23,3231,Suite Familiare,1,0,0.0,False
2024-08-23,2767,Suite Familiare Vista Piscina,1,1,100.0,False
2024-08-23,2765,Appartamento Area Piscina,18,16,88.89,False
2024-08-23,2764,Appartamento Area Giardino,28,33,117.86,True
2024-08-23,5375,Villino 2Ten,1,1,100.0,False
2024-08-23,5376,Villino Double,1,1,100.0,False
2024-08-24,22380,OTA Camera Standard,3,0,0.0,False
2024-08-24,2761,Camera  Standard,14,8,57.14,False
2024-08-24,2762,Camera Superior,8,13,162.5,True
2024-08-24,2763,Camera Deluxe,5,8,160.0,True
2024-08-24,3231,Suite Familiare,1,0,0.0,False
2024-08-24,2767,Suite Familiare Vista Piscina,1,1,100.0,False
2024-08-24,2765,Appartamento Area Piscina,18,15,83.33,False
2024-08-24,2764,Appartamento Area Giardino,28,27,96.43,False
2024-08-24,5375,Villino 2Ten,1,1,100.0,False
2024-08-24,5376,Villino Double,1,1,100.0,False
2024-08-25,22380,OTA Camera Standard,3,0,0.0,False
2024-08-25,2761,Camera  Standard,14,9,64.29,False
2024-08-25,2762,Camera Superior,8,9,112.5,True
2024-08-25,2763,Camera Deluxe,5,5,100.0,False
2024-08-25,3231,Suite Familiare,1,0,0.0,False
2024-08-25,2767,Suite Familiare Vista Piscina,1,1,100.0,False
2024-08-25,2765,Appartamento Area Piscina,18,14,77.78,False
2024-08-25,2764,Appartamento Area Giardino,28,30,107.14,True
2024-08-25,5375,Villino 2Ten,1,1,100.0,False
2024-08-25,5376,Villino Double,1,1,100.0,False
2024-08-26,22380,OTA Camera Standard,3,0,0.0,False
2024-08-26,2761,Camera  Standard,14,9,64.29,False
2024-08-26,2762,Camera Superior,8,9,112.5,True
2024-08-26,2763,Camera Deluxe,5,5,100.0,False
2024-08-26,3231,Suite Familiare,1,0,0.0,False
2024-08-26,2767,Suite Familiare Vista Piscina,1,1,100.0,False
2024-08-26,2765,Appartamento Area Piscina,18,14,77.78,False
2024-08-26,2764,Appartamento Area Giardino,28,31,110.71,True
2024-08-26,5375,Villino 2Ten,1,1,100.0,False
2024-08-26,5376,Villino Double,1,1,100.0,False
2024-08-27,22380,OTA Camera Standard,3,0,0.0,False
2024-08-27,2761,Camera  Standard,14,10,71.43,False
2024-08-27,2762,Camera Superior,8,9,112.5,True
2024-08-27,2763,Camera Deluxe,5,5,100.0,False
2024-08-27,3231,Suite Familiare,1,0,0.0,False
2024-08-27,2767,Suite Familiare Vista Piscina,1,1,100.0,False
2024-08-27,2765,Appartamento Area Piscina,18,14,77.78,False
2024-08-27,2764,Appartamento Area Giardino,28,31,110.71,True
2024-08-27,5375,Villino 2Ten,1,1,100.0,False
2024-08-27,5376,Villino Double,1,1,100.0,False
2024-08-28,22380,OTA Camera Standard,3,0,0.0,False
2024-08-28,2761,Camera  Standard,14,10,71.43,False
2024-08-28,2762,Camera Superior,8,9,112.5,True
2024-08-28,2763,Camera Deluxe,5,6,120.0,True
2024-08-28,3231,Suite Familiare,1,0,0.0,False
2024-08-28,2767,Suite Familiare Vista Piscina,1,1,100.0,False
2024-08-28,2765,Appartamento Area Piscina,18,15,83.33,False
2024-08-28,2764,Appartamento Area Giardino,28,30,107.14,True
2024-08-28,5375,Villino 2Ten,1,1,100.0,False
2024-08-28,5376,Villino Double,1,1,100.0,False
2024-08-29,22380,OTA Camera Standard,3,0,0.0,False
2024-08-29,2761,Camera  Standard,14,11,78.57,False
2024-08-29,2762,Camera Superior,8,8,100.0,False
2024-08-29,2763,Camera Deluxe,5,6,120.0,True
2024-08-29,3231,Suite Familiare,1,0,0.0,False
2024-08-29,2767,Suite Familiare Vista Piscina,1,1,100.0,False
2024-08-29,2765,Appartamento Area Piscina,18,15,83.33,False
2024-08-29,2764,Appartamento Area Giardino,28,30,107.14,True
2024-08-29,5375,Villino 2Ten,1,1,100.0,False
2024-08-29,5376,Villino Double,1,1,100.0,False
2024-08-30,22380,OTA Camera Standard,3,0,0.0,False
2024-08-30,2761,Camera  Standard,14,11,78.57,False
2024-08-30,2762,Camera Superior,8,8,100.0,False
2024-08-30,2763,Camera Deluxe,5,6,120.0,True
2024-08-30,3231,Suite Familiare,1,0,0.0,False
2024-08-30,2767,Suite Familiare Vista Piscina,1,1,100.0,False
2024-08-30,2765,Appartamento Area Piscina,18,15,83.33,False
2024-08-30,2764,Appartamento Area Giardino,28,30,107.14,True
2024-08-30,5375,Villino 2Ten,1,1,100.0,False
2024-08-30,5376,Villino Double,1,1,100.0,False
2024-08-31,22380,OTA Camera Standard,3,0,0.0,False
2024-08-31,2761,Camera  Standard,14,14,100.0,False
2024-08-31,2762,Camera Superior,8,3,37.5,False
2024-08-31,2763,Camera Deluxe,5,3,60.0,False
2024-08-31,3231,Suite Familiare,1,0,0.0,False
2024-08-31,2767,Suite Familiare Vista Piscina,1,1,100.0,False
2024-08-31,2765,Appartamento Area Piscina,18,15,83.33,False
2024-08-31,2764,Appartamento Area Giardino,28,29,103.57,True
2024-08-31,5375,Villino 2Ten,1,1,100.0,False
2024-08-31,5376,Villino Double,1,1,100.0,False
2024-09-01,22380,OTA Camera Standard,3,0,0.0,False
2024-09-01,2761,Camera  Standard,14,18,128.57,True
2024-09-01,2762,Camera Superior,8,6,75.0,False
2024-09-01,2763,Camera Deluxe,5,6,120.0,True
2024-09-01,3231,Suite Familiare,1,0,0.0,False
2024-09-01,2767,Suite Familiare Vista Piscina,1,1,100.0,False
2024-09-01,2765,Appartamento Area Piscina,18,14,77.78,False
2024-09-01,2764,Appartamento Area Giardino,28,30,107.14,True
2024-09-01,5375,Villino 2Ten,1,1,100.0,False
2024-09-01,5376,Villino Double,1,1,100.0,False
2024-09-02,22380,OTA Camera Standard,3,0,0.0,False
2024-09-02,2761,Camera  Standard,14,18,128.57,True
2024-09-02,2762,Camera Superior,8,6,75.0,False
2024-09-02,2763,Camera Deluxe,5,6,120.0,True
2024-09-02,3231,Suite Familiare,1,0,0.0,False
2024-09-02,2767,Suite Familiare Vista Piscina,1,1,100.0,False
2024-09-02,2765,Appartamento Area Piscina,18,15,83.33,False
2024-09-02,2764,Appartamento Area Giardino,28,29,103.57,True
2024-09-02,5375,Villino 2Ten,1,1,100.0,False
2024-09-02,5376,Villino Double,1,1,100.0,False
2024-09-03,22380,OTA Camera Standard,3,0,0.0,False
2024-09-03,2761,Camera  Standard,14,18,128.57,True
2024-09-03,2762,Camera Superior,8,6,75.0,False
2024-09-03,2763,Camera Deluxe,5,7,140.0,True
2024-09-03,3231,Suite Familiare,1,0,0.0,False
2024-09-03,2767,Suite Familiare Vista Piscina,1,1,100.0,False
2024-09-03,2765,Appartamento Area Piscina,18,15,83.33,False
2024-09-03,2764,Appartamento Area Giardino,28,29,103.57,True
2024-09-03,5375,Villino 2Ten,1,1,100.0,False
2024-09-03,5376,Villino Double,1,1,100.0,False
2024-09-04,22380,OTA Camera Standard,3,0,0.0,False
2024-09-04,2761,Camera  Standard,14,18,128.57,True
2024-09-04,2762,Camera Superior,8,6,75.0,False
2024-09-04,2763,Camera Deluxe,5,7,140.0,True
2024-09-04,3231,Suite Familiare,1,0,0.0,False
2024-09-04,2767,Suite Familiare Vista Piscina,1,1,100.0,False
2024-09-04,2765,Appartamento Area Piscina,18,15,83.33,False
2024-09-04,2764,Appartamento Area Giardino,28,29,103.57,True
2024-09-04,5375,Villino 2Ten,1,1,100.0,False
2024-09-04,5376,Villino Double,1,1,100.0,False
2024-09-05,22380,OTA Camera Standard,3,0,0.0,False
2024-09-05,2761,Camera  Standard,14,18,128.57,True
2024-09-05,2762,Camera Superior,8,7,87.5,False
2024-09-05,2763,Camera Deluxe,5,7,140.0,True
2024-09-05,3231,Suite Familiare,1,0,0.0,False
2024-09-05,2767,Suite Familiare Vista Piscina,1,1,100.0,False
2024-09-05,2765,Appartamento Area Piscina,18,15,83.33,False
2024-09-05,2764,Appartamento Area Giardino,28,29,103.57,True
2024-09-05,5375,Villino 2Ten,1,1,100.0,False
2024-09-05,5376,Villino Double,1,1,100.0,False
2024-09-06,22380,OTA Camera Standard,3,0,0.0,False
2024-09-06,2761,Camera  Standard,14,18,128.57,True
2024-09-06,2762,Camera Superior,8,7,87.5,False
2024-09-06,2763,Camera Deluxe,5,7,140.0,True
2024-09-06,3231,Suite Familiare,1,0,0.0,False
2024-09-06,2767,Suite Familiare Vista Piscina,1,1,100.0,False
2024-09-06,2765,Appartamento Area Piscina,18,15,83.33,False
2024-09-06,2764,Appartamento Area Giardino,28,29,103.57,True
2024-09-06,5375,Villino 2Ten,1,1,100.0,False
2024-09-06,5376,Villino Double,1,1,100.0,False
2024-09-07,22380,OTA Camera Standard,3,0,0.0,False
2024-09-07,2761,Camera  Standard,14,15,107.14,True
2024-09-07,2762,Camera Superior,8,7,87.5,False
2024-09-07,2763,Camera Deluxe,5,5,100.0,False
2024-09-07,3231,Suite Familiare,1,0,0.0,False
2024-09-07,2767,Suite Familiare Vista Piscina,1,1,100.0,False
2024-09-07,2765,Appartamento Area Piscina,18,14,77.78,False
2024-09-07,2764,Appartamento Area Giardino,28,19,67.86,False
2024-09-07,5375,Villino 2Ten,1,0,0.0,False
2024-09-07,5376,Villino Double,1,0,0.0,False
2024-09-08,22380,OTA Camera Standard,3,0,0.0,False
2024-09-08,2761,Camera  Standard,14,13,92.86,False
2024-09-08,2762,Camera Superior,8,8,100.0,False
2024-09-08,2763,Camera Deluxe,5,5,100.0,False
2024-09-08,3231,Suite Familiare,1,1,100.0,False
2024-09-08,2767,Suite Familiare Vista Piscina,1,0,0.0,False
2024-09-08,2765,Appartamento Area Piscina,18,16,88.89,False
2024-09-08,2764,Appartamento Area Giardino,28,25,89.29,False
2024-09-08,5375,Villino 2Ten,1,1,100.0,False
2024-09-08,5376,Villino Double,1,1,100.0,False
2024-09-09,22380,OTA Camera Standard,3,0,0.0,False
2024-09-09,2761,Camera  Standard,14,12,85.71,False
2024-09-09,2762,Camera Superior,8,9,112.5,True
2024-09-09,2763,Camera Deluxe,5,5,100.0,False
2024-09-09,3231,Suite Familiare,1,1,100.0,False
2024-09-09,2767,Suite Familiare Vista Piscina,1,0,0.0,False
2024-09-09,2765,Appartamento Area Piscina,18,13,72.22,False
2024-09-09,2764,Appartamento Area Giardino,28,25,89.29,False
2024-09-09,5375,Villino 2Ten,1,1,100.0,False
2024-09-09,5376,Villino Double,1,1,100.0,False
2024-09-10,22380,OTA Camera Standard,3,0,0.0,False
2024-09-10,2761,Camera  Standard,14,13,92.86,False
2024-09-10,2762,Camera Superior,8,8,100.0,False
2024-09-10,2763,Camera Deluxe,5,4,80.0,False
2024-09-10,3231,Suite Familiare,1,1,100.0,False
2024-09-10,2767,Suite Familiare Vista Piscina,1,0,0.0,False
2024-09-10,2765,Appartamento Area Piscina,18,12,66.67,False
2024-09-10,2764,Appartamento Area Giardino,28,25,89.29,False
2024-09-10,5375,Villino 2Ten,1,1,100.0,False
2024-09-10,5376,Villino Double,1,1,100.0,False
2024-09-11,22380,OTA Camera Standard,3,0,0.0,False
2024-09-11,2761,Camera  Standard,14,13,92.86,False
2024-09-11,2762,Camera Superior,8,9,112.5,True
2024-09-11,2763,Camera Deluxe,5,5,100.0,False
2024-09-11,3231,Suite Familiare,1,1,100.0,False
2024-09-11,2767,Suite Familiare Vista Piscina,1,0,0.0,False
2024-09-11,2765,Appartamento Area Piscina,18,12,66.67,False
2024-09-11,2764,Appartamento Area Giardino,28,27,96.43,False
2024-09-11,5375,Villino 2Ten,1,1,100.0,False
2024-09-11,5376,Villino Double,1,1,100.0,False
2024-09-12,22380,OTA Camera Standard,3,0,0.0,False
2024-09-12,2761,Camera  Standard,14,13,92.86,False
2024-09-12,2762,Camera Superior,8,7,87.5,False
2024-09-12,2763,Camera Deluxe,5,4,80.0,False
2024-09-12,3231,Suite Familiare,1,1,100.0,False
2024-09-12,2767,Suite Familiare Vista Piscina,1,0,0.0,False
2024-09-12,2765,Appartamento Area Piscina,18,13,72.22,False
2024-09-12,2764,Appartamento Area Giardino,28,27,96.43,False
2024-09-12,5375,Villino 2Ten,1,1,100.0,False
2024-09-12,5376,Villino Double,1,1,100.0,False
2024-09-13,22380,OTA Camera Standard,3,0,0.0,False
2024-09-13,2761,Camera  Standard,14,14,100.0,False
2024-09-13,2762,Camera Superior,8,8,100.0,False
2024-09-13,2763,Camera Deluxe,5,4,80.0,False
2024-09-13,3231,Suite Familiare,1,1,100.0,False
2024-09-13,2767,Suite Familiare Vista Piscina,1,0,0.0,False
2024-09-13,2765,Appartamento Area Piscina,18,14,77.78,False
2024-09-13,2764,Appartamento Area Giardino,28,28,100.0,False
2024-09-13,5375,Villino 2Ten,1,1,100.0,False
2024-09-13,5376,Villino Double,1,1,100.0,False
2024-09-14,22380,OTA Camera Standard,3,0,0.0,False
2024-09-14,2761,Camera  Standard,14,14,100.0,False
2024-09-14,2762,Camera Superior,8,8,100.0,False
2024-09-14,2763,Camera Deluxe,5,6,120.0,True
2024-09-14,3231,Suite Familiare,1,1,100.0,False
2024-09-14,2767,Suite Familiare Vista Piscina,1,0,0.0,False
2024-09-14,2765,Appartamento Area Piscina,18,16,88.89,False
2024-09-14,2764,Appartamento Area Giardino,28,23,82.14,False
2024-09-14,5375,Villino 2Ten,1,1,100.0,False
2024-09-14,5376,Villino Double,1,1,100.0,False
2024-09-15,22380,OTA Camera Standard,3,0,0.0,False
2024-09-15,2761,Camera  Standard,14,3,21.43,False
2024-09-15,2762,Camera Superior,8,2,25.0,False
2024-09-15,2763,Camera Deluxe,5,5,100.0,False
2024-09-15,3231,Suite Familiare,1,1,100.0,False
2024-09-15,2767,Suite Familiare Vista Piscina,1,0,0.0,False
2024-09-15,2765,Appartamento Area Piscina,18,3,16.67,False
2024-09-15,2764,Appartamento Area Giardino,28,2,7.14,False
2024-09-15,5375,Villino 2Ten,1,0,0.0,False
2024-09-15,5376,Villino Double,1,0,0.0,False
2024-09-16,22380,OTA Camera Standard,3,0,0.0,False
2024-09-16,2761,Camera  Standard,14,4,28.57,False
2024-09-16,2762,Camera Superior,8,2,25.0,False
2024-09-16,2763,Camera Deluxe,5,3,60.0,False
2024-09-16,3231,Suite Familiare,1,1,100.0,False
2024-09-16,2767,Suite Familiare Vista Piscina,1,0,0.0,False
2024-09-16,2765,Appartamento Area Piscina,18,3,16.67,False
2024-09-16,2764,Appartamento Area Giardino,28,1,3.57,False
2024-09-16,5375,Villino 2Ten,1,0,0.0,False
2024-09-16,5376,Villino Double,1,0,0.0,False
2024-09-17,22380,OTA Camera Standard,3,0,0.0,False
2024-09-17,2761,Camera  Standard,14,4,28.57,False
2024-09-17,2762,Camera Superior,8,2,25.0,False
2024-09-17,2763,Camera Deluxe,5,3,60.0,False
2024-09-17,3231,Suite Familiare,1,1,100.0,False
2024-09-17,2767,Suite Familiare Vista Piscina,1,0,0.0,False
2024-09-17,2765,Appartamento Area Piscina,18,3,16.67,False
2024-09-17,2764,Appartamento Area Giardino,28,1,3.57,False
2024-09-17,5375,Villino 2Ten,1,0,0.0,False
2024-09-17,5376,Villino Double,1,0,0.0,False
2024-09-18,22380,OTA Camera Standard,3,0,0.0,False
2024-09-18,2761,Camera  Standard,14,4,28.57,False
2024-09-18,2762,Camera Superior,8,2,25.0,False
2024-09-18,2763,Camera Deluxe,5,3,60.0,False
2024-09-18,3231,Suite Familiare,1,1,100.0,False
2024-09-18,2767,Suite Familiare Vista Piscina,1,0,0.0,False
2024-09-18,2765,Appartamento Area Piscina,18,2,11.11,False
2024-09-18,2764,Appartamento Area Giardino,28,1,3.57,False
2024-09-18,5375,Villino 2Ten,1,0,0.0,False
2024-09-18,5376,Villino Double,1,0,0.0,False
2024-09-19,22380,OTA Camera Standard,3,0,0.0,False
2024-09-19,2761,Camera  Standard,14,4,28.57,False
2024-09-19,2762,Camera Superior,8,2,25.0,False
2024-09-19,2763,Camera Deluxe,5,3,60.0,False
2024-09-19,3231,Suite Familiare,1,1,100.0,False
2024-09-19,2767,Suite Familiare Vista Piscina,1,0,0.0,False
2024-09-19,2765,Appartamento Area Piscina,18,2,11.11,False
2024-09-19,2764,Appartamento Area Giardino,28,0,0.0,False
2024-09-19,5375,Villino 2Ten,1,0,0.0,False
2024-09-19,5376,Villino Double,1,0,0.0,False
2024-09-20,22380,OTA Camera Standard,3,0,0.0,False
2024-09-20,2761,Camera  Standard,14,4,28.57,False
2024-09-20,2762,Camera Superior,8,4,50.0,False
2024-09-20,2763,Camera Deluxe,5,3,60.0,False
2024-09-20,3231,Suite Familiare,1,1,100.0,False
2024-09-20,2767,Suite Familiare Vista Piscina,1,0,0.0,False
2024-09-20,2765,Appartamento Area Piscina,18,2,11.11,False
2024-09-20,2764,Appartamento Area Giardino,28,0,0.0,False
2024-09-20,5375,Villino 2Ten,1,0,0.0,False
2024-09-20,5376,Villino Double,1,1,100.0,False
2024-09-21,22380,OTA Camera Standard,3,0,0.0,False
2024-09-21,2761,Camera  Standard,14,4,28.57,False
2024-09-21,2762,Camera Superior,8,5,62.5,False
2024-09-21,2763,Camera Deluxe,5,3,60.0,False
2024-09-21,3231,Suite Familiare,1,1,100.0,False
2024-09-21,2767,Suite Familiare Vista Piscina,1,0,0.0,False
2024-09-21,2765,Appartamento Area Piscina,18,1,5.56,False
2024-09-21,2764,Appartamento Area Giardino,28,0,0.0,False
2024-09-21,5375,Villino 2Ten,1,0,0.0,False
2024-09-21,5376,Villino Double,1,1,100.0,False
2024-09-22,22380,OTA Camera Standard,3,0,0.0,False
2024-09-22,2761,Camera  Standard,14,0,0.0,False
2024-09-22,2762,Camera Superior,8,0,0.0,False
2024-09-22,2763,Camera Deluxe,5,0,0.0,False
2024-09-22,3231,Suite Familiare,1,0,0.0,False
2024-09-22,2767,Suite Familiare Vista Piscina,1,0,0.0,False
2024-09-22,2765,Appartamento Area Piscina,18,0,0.0,False
2024-09-22,2764,Appartamento Area Giardino,28,0,0.0,False
2024-09-22,5375,Villino 2Ten,1,0,0.0,False
2024-09-22,5376,Villino Double,1,0,0.0,False
2024-09-23,22380,OTA Camera Standard,3,0,0.0,False
2024-09-23,2761,Camera  Standard,14,0,0.0,False
2024-09-23,2762,Camera Superior,8,0,0.0,False
2024-09-23,2763,Camera Deluxe,5,0,0.0,False
2024-09-23,3231,Suite Familiare,1,0,0.0,False
2024-09-23,2767,Suite Familiare Vista Piscina,1,0,0.0,False
2024-09-23,2765,Appartamento Area Piscina,18,0,0.0,False
2024-09-23,2764,Appartamento Area Giardino,28,0,0.0,False
2024-09-23,5375,Villino 2Ten,1,0,0.0,False
2024-09-23,5376,Villino Double,1,0,0.0,False
2024-09-24,22380,OTA Camera Standard,3,0,0.0,False
2024-09-24,2761,Camera  Standard,14,0,0.0,False
2024-09-24,2762,Camera Superior,8,0,0.0,False
2024-09-24,2763,Camera Deluxe,5,0,0.0,False
2024-09-24,3231,Suite Familiare,1,0,0.0,False
2024-09-24,2767,Suite Familiare Vista Piscina,1,0,0.0,False
2024-09-24,2765,Appartamento Area Piscina,18,0,0.0,False
2024-09-24,2764,Appartamento Area Giardino,28,0,0.0,False
2024-09-24,5375,Villino 2Ten,1,0,0.0,False
2024-09-24,5376,Villino Double,1,0,0.0,False
2024-09-25,22380,OTA Camera Standard,3,0,0.0,False
2024-09-25,2761,Camera  Standard,14,0,0.0,False
2024-09-25,2762,Camera Superior,8,0,0.0,False
2024-09-25,2763,Camera Deluxe,5,0,0.0,False
2024-09-25,3231,Suite Familiare,1,0,0.0,False
2024-09-25,2767,Suite Familiare Vista Piscina,1,0,0.0,False
2024-09-25,2765,Appartamento Area Piscina,18,0,0.0,False
2024-09-25,2764,Appartamento Area Giardino,28,0,0.0,False
2024-09-25,5375,Villino 2Ten,1,0,0.0,False
2024-09-25,5376,Villino Double,1,0,0.0,False
2024-09-26,22380,OTA Camera Standard,3,0,0.0,False
2024-09-26,2761,Camera  Standard,14,0,0.0,False
2024-09-26,2762,Camera Superior,8,0,0.0,False
2024-09-26,2763,Camera Deluxe,5,0,0.0,False
2024-09-26,3231,Suite Familiare,1,0,0.0,False
2024-09-26,2767,Suite Familiare Vista Piscina,1,0,0.0,False
2024-09-26,2765,Appartamento Area Piscina,18,0,0.0,False
2024-09-26,2764,Appartamento Area Giardino,28,0,0.0,False
2024-09-26,5375,Villino 2Ten,1,0,0.0,False
2024-09-26,5376,Villino Double,1,0,0.0,False
2024-09-27,22380,OTA Camera Standard,3,0,0.0,False
2024-09-27,2761,Camera  Standard,14,0,0.0,False
2024-09-27,2762,Camera Superior,8,0,0.0,False
2024-09-27,2763,Camera Deluxe,5,0,0.0,False
2024-09-27,3231,Suite Familiare,1,0,0.0,False
2024-09-27,2767,Suite Familiare Vista Piscina,1,0,0.0,False
2024-09-27,2765,Appartamento Area Piscina,18,0,0.0,False
2024-09-27,2764,Appartamento Area Giardino,28,0,0.0,False
2024-09-27,5375,Villino 2Ten,1,0,0.0,False
2024-09-27,5376,Villino Double,1,0,0.0,False
2024-09-28,22380,OTA Camera Standard,3,0,0.0,False
2024-09-28,2761,Camera  Standard,14,0,0.0,False
2024-09-28,2762,Camera Superior,8,0,0.0,False
2024-09-28,2763,Camera Deluxe,5,0,0.0,False
2024-09-28,3231,Suite Familiare,1,0,0.0,False
2024-09-28,2767,Suite Familiare Vista Piscina,1,0,0.0,False
2024-09-28,2765,Appartamento Area Piscina,18,0,0.0,False
2024-09-28,2764,Appartamento Area Giardino,28,0,0.0,False
2024-09-28,5375,Villino 2Ten,1,0,0.0,False
2024-09-28,5376,Villino Double,1,0,0.0,False
2024-09-29,22380,OTA Camera Standard,3,0,0.0,False
2024-09-29,2761,Camera  Standard,14,0,0.0,False
2024-09-29,2762,Camera Superior,8,0,0.0,False
2024-09-29,2763,Camera Deluxe,5,0,0.0,False
2024-09-29,3231,Suite Familiare,1,0,0.0,False
2024-09-29,2767,Suite Familiare Vista Piscina,1,0,0.0,False
2024-09-29,2765,Appartamento Area Piscina,18,0,0.0,False
2024-09-29,2764,Appartamento Area Giardino,28,0,0.0,False
2024-09-29,5375,Villino 2Ten,1,0,0.0,False
2024-09-29,5376,Villino Double,1,0,0.0,False
2024-09-30,22380,OTA Camera Standard,3,0,0.0,False
2024-09-30,2761,Camera  Standard,14,0,0.0,False
2024-09-30,2762,Camera Superior,8,0,0.0,False
2024-09-30,2763,Camera Deluxe,5,0,0.0,False
2024-09-30,3231,Suite Familiare,1,0,0.0,False
2024-09-30,2767,Suite Familiare Vista Piscina,1,0,0.0,False
2024-09-30,2765,Appartamento Area Piscina,18,0,0.0,False
2024-09-30,2764,Appartamento Area Giardino,28,0,0.0,False
2024-09-30,5375,Villino 2Ten,1,0,0.0,False
2024-09-30,5376,Villino Double,1,0,0.0,False
2024-10-01,22380,OTA Camera Standard,3,0,0.0,False
2024-10-01,2761,Camera  Standard,14,0,0.0,False
2024-10-01,2762,Camera Superior,8,0,0.0,False
2024-10-01,2763,Camera Deluxe,5,0,0.0,False
2024-10-01,3231,Suite Familiare,1,0,0.0,False
2024-10-01,2767,Suite Familiare Vista Piscina,1,0,0.0,False
2024-10-01,2765,Appartamento Area Piscina,18,0,0.0,False
2024-10-01,2764,Appartamento Area Giardino,28,0,0.0,False
2024-10-01,5375,Villino 2Ten,1,0,0.0,False
2024-10-01,5376,Villino Double,1,0,0.0,False
2024-10-02,22380,OTA Camera Standard,3,0,0.0,False
2024-10-02,2761,Camera  Standard,14,0,0.0,False
2024-10-02,2762,Camera Superior,8,0,0.0,False
2024-10-02,2763,Camera Deluxe,5,0,0.0,False
2024-10-02,3231,Suite Familiare,1,0,0.0,False
2024-10-02,2767,Suite Familiare Vista Piscina,1,0,0.0,False
2024-10-02,2765,Appartamento Area Piscina,18,0,0.0,False
2024-10-02,2764,Appartamento Area Giardino,28,0,0.0,False
2024-10-02,5375,Villino 2Ten,1,0,0.0,False
2024-10-02,5376,Villino Double,1,0,0.0,False
2024-10-03,22380,OTA Camera Standard,3,0,0.0,False
2024-10-03,2761,Camera  Standard,14,0,0.0,False
2024-10-03,2762,Camera Superior,8,0,0.0,False
2024-10-03,2763,Camera Deluxe,5,0,0.0,False
2024-10-03,3231,Suite Familiare,1,0,0.0,False
2024-10-03,2767,Suite Familiare Vista Piscina,1,0,0.0,False
2024-10-03,2765,Appartamento Area Piscina,18,0,0.0,False
2024-10-03,2764,Appartamento Area Giardino,28,0,0.0,False
2024-10-03,5375,Villino 2Ten,1,0,0.0,False
2024-10-03,5376,Villino Double,1,0,0.0,False
2024-10-04,22380,OTA Camera Standard,3,0,0.0,False
2024-10-04,2761,Camera  Standard,14,0,0.0,False
2024-10-04,2762,Camera Superior,8,0,0.0,False
2024-10-04,2763,Camera Deluxe,5,0,0.0,False
2024-10-04,3231,Suite Familiare,1,0,0.0,False
2024-10-04,2767,Suite Familiare Vista Piscina,1,0,0.0,False
2024-10-04,2765,Appartamento Area Piscina,18,0,0.0,False
2024-10-04,2764,Appartamento Area Giardino,28,0,0.0,False
2024-10-04,5375,Villino 2Ten,1,0,0.0,False
2024-10-04,5376,Villino Double,1,0,0.0,False
2024-10-05,22380,OTA Camera Standard,3,0,0.0,False
2024-10-05,2761,Camera  Standard,14,0,0.0,False
2024-10-05,2762,Camera Superior,8,0,0.0,False
2024-10-05,2763,Camera Deluxe,5,0,0.0,False
2024-10-05,3231,Suite Familiare,1,0,0.0,False
2024-10-05,2767,Suite Familiare Vista Piscina,1,0,0.0,False
2024-10-05,2765,Appartamento Area Piscina,18,0,0.0,False
2024-10-05,2764,Appartamento Area Giardino,28,0,0.0,False
2024-10-05,5375,Villino 2Ten,1,0,0.0,False
2024-10-05,5376,Villino Double,1,0,0.0,False
2024-10-06,22380,OTA Camera Standard,3,0,0.0,False
2024-10-06,2761,Camera  Standard,14,0,0.0,False
2024-10-06,2762,Camera Superior,8,0,0.0,False
2024-10-06,2763,Camera Deluxe,5,0,0.0,False
2024-10-06,3231,Suite Familiare,1,0,0.0,False
2024-10-06,2767,Suite Familiare Vista Piscina,1,0,0.0,False
2024-10-06,2765,Appartamento Area Piscina,18,0,0.0,False
2024-10-06,2764,Appartamento Area Giardino,28,0,0.0,False
2024-10-06,5375,Villino 2Ten,1,0,0.0,False
2024-10-06,5376,Villino Double,1,0,0.0,False
2024-10-07,22380,OTA Camera Standard,3,0,0.0,False
2024-10-07,2761,Camera  Standard,14,0,0.0,False
2024-10-07,2762,Camera Superior,8,0,0.0,False
2024-10-07,2763,Camera Deluxe,5,0,0.0,False
2024-10-07,3231,Suite Familiare,1,0,0.0,False
2024-10-07,2767,Suite Familiare Vista Piscina,1,0,0.0,False
2024-10-07,2765,Appartamento Area Piscina,18,0,0.0,False
2024-10-07,2764,Appartamento Area Giardino,28,0,0.0,False
2024-10-07,5375,Villino 2Ten,1,0,0.0,False
2024-10-07,5376,Villino Double,1,0,0.0,False
2024-10-08,22380,OTA Camera Standard,3,0,0.0,False
2024-10-08,2761,Camera  Standard,14,0,0.0,False
2024-10-08,2762,Camera Superior,8,0,0.0,False
2024-10-08,2763,Camera Deluxe,5,0,0.0,False
2024-10-08,3231,Suite Familiare,1,0,0.0,False
2024-10-08,2767,Suite Familiare Vista Piscina,1,0,0.0,False
2024-10-08,2765,Appartamento Area Piscina,18,0,0.0,False
2024-10-08,2764,Appartamento Area Giardino,28,0,0.0,False
2024-10-08,5375,Villino 2Ten,1,0,0.0,False
2024-10-08,5376,Villino Double,1,0,0.0,False
2024-10-09,22380,OTA Camera Standard,3,0,0.0,False
2024-10-09,2761,Camera  Standard,14,0,0.0,False
2024-10-09,2762,Camera Superior,8,0,0.0,False
2024-10-09,2763,Camera Deluxe,5,0,0.0,False
2024-10-09,3231,Suite Familiare,1,0,0.0,False
2024-10-09,2767,Suite Familiare Vista Piscina,1,0,0.0,False
2024-10-09,2765,Appartamento Area Piscina,18,0,0.0,False
2024-10-09,2764,Appartamento Area Giardino,28,0,0.0,False
2024-10-09,5375,Villino 2Ten,1,0,0.0,False
2024-10-09,5376,Villino Double,1,0,0.0,False
2024-10-10,22380,OTA Camera Standard,3,0,0.0,False
2024-10-10,2761,Camera  Standard,14,0,0.0,False
2024-10-10,2762,Camera Superior,8,0,0.0,False
2024-10-10,2763,Camera Deluxe,5,0,0.0,False
2024-10-10,3231,Suite Familiare,1,0,0.0,False
2024-10-10,2767,Suite Familiare Vista Piscina,1,0,0.0,False
2024-10-10,2765,Appartamento Area Piscina,18,0,0.0,False
2024-10-10,2764,Appartamento Area Giardino,28,0,0.0,False
2024-10-10,5375,Villino 2Ten,1,0,0.0,False
2024-10-10,5376,Villino Double,1,0,0.0,False
2024-10-11,22380,OTA Camera Standard,3,0,0.0,False
2024-10-11,2761,Camera  Standard,14,0,0.0,False
2024-10-11,2762,Camera Superior,8,0,0.0,False
2024-10-11,2763,Camera Deluxe,5,0,0.0,False
2024-10-11,3231,Suite Familiare,1,0,0.0,False
2024-10-11,2767,Suite Familiare Vista Piscina,1,0,0.0,False
2024-10-11,2765,Appartamento Area Piscina,18,0,0.0,False
2024-10-11,2764,Appartamento Area Giardino,28,0,0.0,False
2024-10-11,5375,Villino 2Ten,1,0,0.0,False
2024-10-11,5376,Villino Double,1,0,0.0,False
2024-10-12,22380,OTA Camera Standard,3,0,0.0,False
2024-10-12,2761,Camera  Standard,14,0,0.0,False
2024-10-12,2762,Camera Superior,8,0,0.0,False
2024-10-12,2763,Camera Deluxe,5,0,0.0,False
2024-10-12,3231,Suite Familiare,1,0,0.0,False
2024-10-12,2767,Suite Familiare Vista Piscina,1,0,0.0,False
2024-10-12,2765,Appartamento Area Piscina,18,0,0.0,False
2024-10-12,2764,Appartamento Area Giardino,28,0,0.0,False
2024-10-12,5375,Villino 2Ten,1,0,0.0,False
2024-10-12,5376,Villino Double,1,0,0.0,False
2024-10-13,22380,OTA Camera Standard,3,0,0.0,False
2024-10-13,2761,Camera  Standard,14,0,0.0,False
2024-10-13,2762,Camera Superior,8,0,0.0,False
2024-10-13,2763,Camera Deluxe,5,0,0.0,False
2024-10-13,3231,Suite Familiare,1,0,0.0,False
2024-10-13,2767,Suite Familiare Vista Piscina,1,0,0.0,False
2024-10-13,2765,Appartamento Area Piscina,18,0,0.0,False
2024-10-13,2764,Appartamento Area Giardino,28,0,0.0,False
2024-10-13,5375,Villino 2Ten,1,0,0.0,False
2024-10-13,5376,Villino Double,1,0,0.0,False
2024-10-14,22380,OTA Camera Standard,3,0,0.0,False
2024-10-14,2761,Camera  Standard,14,0,0.0,False
2024-10-14,2762,Camera Superior,8,0,0.0,False
2024-10-14,2763,Camera Deluxe,5,0,0.0,False
2024-10-14,3231,Suite Familiare,1,0,0.0,False
2024-10-14,2767,Suite Familiare Vista Piscina,1,0,0.0,False
2024-10-14,2765,Appartamento Area Piscina,18,0,0.0,False
2024-10-14,2764,Appartamento Area Giardino,28,0,0.0,False
2024-10-14,5375,Villino 2Ten,1,0,0.0,False
2024-10-14,5376,Villino Double,1,0,0.0,False
2024-10-15,22380,OTA Camera Standard,3,0,0.0,False
2024-10-15,2761,Camera  Standard,14,0,0.0,False
2024-10-15,2762,Camera Superior,8,0,0.0,False
2024-10-15,2763,Camera Deluxe,5,0,0.0,False
2024-10-15,3231,Suite Familiare,1,0,0.0,False
2024-10-15,2767,Suite Familiare Vista Piscina,1,0,0.0,False
2024-10-15,2765,Appartamento Area Piscina,18,0,0.0,False
2024-10-15,2764,Appartamento Area Giardino,28,0,0.0,False
2024-10-15,5375,Villino 2Ten,1,0,0.0,False
2024-10-15,5376,Villino Double,1,0,0.0,False
2024-10-16,22380,OTA Camera Standard,3,0,0.0,False
2024-10-16,2761,Camera  Standard,14,0,0.0,False
2024-10-16,2762,Camera Superior,8,0,0.0,False
2024-10-16,2763,Camera Deluxe,5,0,0.0,False
2024-10-16,3231,Suite Familiare,1,0,0.0,False
2024-10-16,2767,Suite Familiare Vista Piscina,1,0,0.0,False
2024-10-16,2765,Appartamento Area Piscina,18,0,0.0,False
2024-10-16,2764,Appartamento Area Giardino,28,0,0.0,False
2024-10-16,5375,Villino 2Ten,1,0,0.0,False
2024-10-16,5376,Villino Double,1,0,0.0,False
2024-10-17,22380,OTA Camera Standard,3,0,0.0,False
2024-10-17,2761,Camera  Standard,14,0,0.0,False
2024-10-17,2762,Camera Superior,8,0,0.0,False
2024-10-17,2763,Camera Deluxe,5,0,0.0,False
2024-10-17,3231,Suite Familiare,1,0,0.0,False
2024-10-17,2767,Suite Familiare Vista Piscina,1,0,0.0,False
2024-10-17,2765,Appartamento Area Piscina,18,0,0.0,False
2024-10-17,2764,Appartamento Area Giardino,28,0,0.0,False
2024-10-17,5375,Villino 2Ten,1,0,0.0,False
2024-10-17,5376,Villino Double,1,0,0.0,False
2024-10-18,22380,OTA Camera Standard,3,0,0.0,False
2024-10-18,2761,Camera  Standard,14,0,0.0,False
2024-10-18,2762,Camera Superior,8,0,0.0,False
2024-10-18,2763,Camera Deluxe,5,0,0.0,False
2024-10-18,3231,Suite Familiare,1,0,0.0,False
2024-10-18,2767,Suite Familiare Vista Piscina,1,0,0.0,False
2024-10-18,2765,Appartamento Area Piscina,18,0,0.0,False
2024-10-18,2764,Appartamento Area Giardino,28,0,0.0,False
2024-10-18,5375,Villino 2Ten,1,0,0.0,False
2024-10-18,5376,Villino Double,1,0,0.0,False
2024-10-19,22380,OTA Camera Standard,3,0,0.0,False
2024-10-19,2761,Camera  Standard,14,0,0.0,False
2024-10-19,2762,Camera Superior,8,0,0.0,False
2024-10-19,2763,Camera Deluxe,5,0,0.0,False
2024-10-19,3231,Suite Familiare,1,0,0.0,False
2024-10-19,2767,Suite Familiare Vista Piscina,1,0,0.0,False
2024-10-19,2765,Appartamento Area Piscina,18,0,0.0,False
2024-10-19,2764,Appartamento Area Giardino,28,0,0.0,False
2024-10-19,5375,Villino 2Ten,1,0,0.0,False
2024-10-19,5376,Villino Double,1,0,0.0,False
2024-10-20,22380,OTA Camera Standard,3,0,0.0,False
2024-10-20,2761,Camera  Standard,14,0,0.0,False
2024-10-20,2762,Camera Superior,8,0,0.0,False
2024-10-20,2763,Camera Deluxe,5,0,0.0,False
2024-10-20,3231,Suite Familiare,1,0,0.0,False
2024-10-20,2767,Suite Familiare Vista Piscina,1,0,0.0,False
2024-10-20,2765,Appartamento Area Piscina,18,0,0.0,False
2024-10-20,2764,Appartamento Area Giardino,28,0,0.0,False
2024-10-20,5375,Villino 2Ten,1,0,0.0,False
2024-10-20,5376,Villino Double,1,0,0.0,False
2024-10-21,22380,OTA Camera Standard,3,0,0.0,False
2024-10-21,2761,Camera  Standard,14,0,0.0,False
2024-10-21,2762,Camera Superior,8,0,0.0,False
2024-10-21,2763,Camera Deluxe,5,0,0.0,False
2024-10-21,3231,Suite Familiare,1,0,0.0,False
2024-10-21,2767,Suite Familiare Vista Piscina,1,0,0.0,False
2024-10-21,2765,Appartamento Area Piscina,18,0,0.0,False
2024-10-21,2764,Appartamento Area Giardino,28,0,0.0,False
2024-10-21,5375,Villino 2Ten,1,0,0.0,False
2024-10-21,5376,Villino Double,1,0,0.0,False
2024-10-22,22380,OTA Camera Standard,3,0,0.0,False
2024-10-22,2761,Camera  Standard,14,0,0.0,False
2024-10-22,2762,Camera Superior,8,0,0.0,False
2024-10-22,2763,Camera Deluxe,5,0,0.0,False
2024-10-22,3231,Suite Familiare,1,0,0.0,False
2024-10-22,2767,Suite Familiare Vista Piscina,1,0,0.0,False
2024-10-22,2765,Appartamento Area Piscina,18,0,0.0,False
2024-10-22,2764,Appartamento Area Giardino,28,0,0.0,False
2024-10-22,5375,Villino 2Ten,1,0,0.0,False
2024-10-22,5376,Villino Double,1,0,0.0,False
2024-10-23,22380,OTA Camera Standard,3,0,0.0,False
2024-10-23,2761,Camera  Standard,14,0,0.0,False
2024-10-23,2762,Camera Superior,8,0,0.0,False
2024-10-23,2763,Camera Deluxe,5,0,0.0,False
2024-10-23,3231,Suite Familiare,1,0,0.0,False
2024-10-23,2767,Suite Familiare Vista Piscina,1,0,0.0,False
2024-10-23,2765,Appartamento Area Piscina,18,0,0.0,False
2024-10-23,2764,Appartamento Area Giardino,28,0,0.0,False
2024-10-23,5375,Villino 2Ten,1,0,0.0,False
2024-10-23,5376,Villino Double,1,0,0.0,False
2024-10-24,22380,OTA Camera Standard,3,0,0.0,False
2024-10-24,2761,Camera  Standard,14,0,0.0,False
2024-10-24,2762,Camera Superior,8,0,0.0,False
2024-10-24,2763,Camera Deluxe,5,0,0.0,False
2024-10-24,3231,Suite Familiare,1,0,0.0,False
2024-10-24,2767,Suite Familiare Vista Piscina,1,0,0.0,False
2024-10-24,2765,Appartamento Area Piscina,18,0,0.0,False
2024-10-24,2764,Appartamento Area Giardino,28,0,0.0,False
2024-10-24,5375,Villino 2Ten,1,0,0.0,False
2024-10-24,5376,Villino Double,1,0,0.0,False
2024-10-25,22380,OTA Camera Standard,3,0,0.0,False
2024-10-25,2761,Camera  Standard,14,0,0.0,False
2024-10-25,2762,Camera Superior,8,0,0.0,False
2024-10-25,2763,Camera Deluxe,5,0,0.0,False
2024-10-25,3231,Suite Familiare,1,0,0.0,False
2024-10-25,2767,Suite Familiare Vista Piscina,1,0,0.0,False
2024-10-25,2765,Appartamento Area Piscina,18,0,0.0,False
2024-10-25,2764,Appartamento Area Giardino,28,0,0.0,False
2024-10-25,5375,Villino 2Ten,1,0,0.0,False
2024-10-25,5376,Villino Double,1,0,0.0,False
2024-10-26,22380,OTA Camera Standard,3,0,0.0,False
2024-10-26,2761,Camera  Standard,14,0,0.0,False
2024-10-26,2762,Camera Superior,8,0,0.0,False
2024-10-26,2763,Camera Deluxe,5,0,0.0,False
2024-10-26,3231,Suite Familiare,1,0,0.0,False
2024-10-26,2767,Suite Familiare Vista Piscina,1,0,0.0,False
2024-10-26,2765,Appartamento Area Piscina,18,0,0.0,False
2024-10-26,2764,Appartamento Area Giardino,28,0,0.0,False
2024-10-26,5375,Villino 2Ten,1,0,0.0,False
2024-10-26,5376,Villino Double,1,0,0.0,False
2024-10-27,22380,OTA Camera Standard,3,0,0.0,False
2024-10-27,2761,Camera  Standard,14,0,0.0,False
2024-10-27,2762,Camera Superior,8,0,0.0,False
2024-10-27,2763,Camera Deluxe,5,0,0.0,False
2024-10-27,3231,Suite Familiare,1,0,0.0,False
2024-10-27,2767,Suite Familiare Vista Piscina,1,0,0.0,False
2024-10-27,2765,Appartamento Area Piscina,18,0,0.0,False
2024-10-27,2764,Appartamento Area Giardino,28,0,0.0,False
2024-10-27,5375,Villino 2Ten,1,0,0.0,False
2024-10-27,5376,Villino Double,1,0,0.0,False
2024-10-28,22380,OTA Camera Standard,3,0,0.0,False
2024-10-28,2761,Camera  Standard,14,0,0.0,False
2024-10-28,2762,Camera Superior,8,0,0.0,False
2024-10-28,2763,Camera Deluxe,5,0,0.0,False
2024-10-28,3231,Suite Familiare,1,0,0.0,False
2024-10-28,2767,Suite Familiare Vista Piscina,1,0,0.0,False
2024-10-28,2765,Appartamento Area Piscina,18,0,0.0,False
2024-10-28,2764,Appartamento Area Giardino,28,0,0.0,False
2024-10-28,5375,Villino 2Ten,1,0,0.0,False
2024-10-28,5376,Villino Double,1,0,0.0,False
2024-10-29,22380,OTA Camera Standard,3,0,0.0,False
2024-10-29,2761,Camera  Standard,14,0,0.0,False
2024-10-29,2762,Camera Superior,8,0,0.0,False
2024-10-29,2763,Camera Deluxe,5,0,0.0,False
2024-10-29,3231,Suite Familiare,1,0,0.0,False
2024-10-29,2767,Suite Familiare Vista Piscina,1,0,0.0,False
2024-10-29,2765,Appartamento Area Piscina,18,0,0.0,False
2024-10-29,2764,Appartamento Area Giardino,28,0,0.0,False
2024-10-29,5375,Villino 2Ten,1,0,0.0,False
2024-10-29,5376,Villino Double,1,0,0.0,False
2024-10-30,22380,OTA Camera Standard,3,0,0.0,False
2024-10-30,2761,Camera  Standard,14,0,0.0,False
2024-10-30,2762,Camera Superior,8,0,0.0,False
2024-10-30,2763,Camera Deluxe,5,0,0.0,False
2024-10-30,3231,Suite Familiare,1,0,0.0,False
2024-10-30,2767,Suite Familiare Vista Piscina,1,0,0.0,False
2024-10-30,2765,Appartamento Area Piscina,18,0,0.0,False
2024-10-30,2764,Appartamento Area Giardino,28,0,0.0,False
2024-10-30,5375,Villino 2Ten,1,0,0.0,False
2024-10-30,5376,Villino Double,1,0,0.0,False
2024-10-31,22380,OTA Camera Standard,3,0,0.0,False
2024-10-31,2761,Camera  Standard,14,0,0.0,False
2024-10-31,2762,Camera Superior,8,0,0.0,False
2024-10-31,2763,Camera Deluxe,5,0,0.0,False
2024-10-31,3231,Suite Familiare,1,0,0.0,False
2024-10-31,2767,Suite Familiare Vista Piscina,1,0,0.0,False
2024-10-31,2765,Appartamento Area Piscina,18,0,0.0,False
2024-10-31,2764,Appartamento Area Giardino,28,0,0.0,False
2024-10-31,5375,Villino 2Ten,1,0,0.0,False
2024-10-31,5376,Villino Double,1,0,0.0,False
2024-11-01,22380,OTA Camera Standard,3,0,0.0,False
2024-11-01,2761,Camera  Standard,14,0,0.0,False
2024-11-01,2762,Camera Superior,8,0,0.0,False
2024-11-01,2763,Camera Deluxe,5,0,0.0,False
2024-11-01,3231,Suite Familiare,1,0,0.0,False
2024-11-01,2767,Suite Familiare Vista Piscina,1,0,0.0,False
2024-11-01,2765,Appartamento Area Piscina,18,0,0.0,False
2024-11-01,2764,Appartamento Area Giardino,28,0,0.0,False
2024-11-01,5375,Villino 2Ten,1,0,0.0,False
2024-11-01,5376,Villino Double,1,0,0.0,False
2024-11-02,22380,OTA Camera Standard,3,0,0.0,False
2024-11-02,2761,Camera  Standard,14,0,0.0,False
2024-11-02,2762,Camera Superior,8,0,0.0,False
2024-11-02,2763,Camera Deluxe,5,0,0.0,False
2024-11-02,3231,Suite Familiare,1,0,0.0,False
2024-11-02,2767,Suite Familiare Vista Piscina,1,0,0.0,False
2024-11-02,2765,Appartamento Area Piscina,18,0,0.0,False
2024-11-02,2764,Appartamento Area Giardino,28,0,0.0,False
2024-11-02,5375,Villino 2Ten,1,0,0.0,False
2024-11-02,5376,Villino Double,1,0,0.0,False
2024-11-03,22380,OTA Camera Standard,3,0,0.0,False
2024-11-03,2761,Camera  Standard,14,0,0.0,False
2024-11-03,2762,Camera Superior,8,0,0.0,False
2024-11-03,2763,Camera Deluxe,5,0,0.0,False
2024-11-03,3231,Suite Familiare,1,0,0.0,False
2024-11-03,2767,Suite Familiare Vista Piscina,1,0,0.0,False
2024-11-03,2765,Appartamento Area Piscina,18,0,0.0,False
2024-11-03,2764,Appartamento Area Giardino,28,0,0.0,False
2024-11-03,5375,Villino 2Ten,1,0,0.0,False
2024-11-03,5376,Villino Double,1,0,0.0,False
2024-11-04,22380,OTA Camera Standard,3,0,0.0,False
2024-11-04,2761,Camera  Standard,14,0,0.0,False
2024-11-04,2762,Camera Superior,8,0,0.0,False
2024-11-04,2763,Camera Deluxe,5,0,0.0,False
2024-11-04,3231,Suite Familiare,1,0,0.0,False
2024-11-04,2767,Suite Familiare Vista Piscina,1,0,0.0,False
2024-11-04,2765,Appartamento Area Piscina,18,0,0.0,False
2024-11-04,2764,Appartamento Area Giardino,28,0,0.0,False
2024-11-04,5375,Villino 2Ten,1,0,0.0,False
2024-11-04,5376,Villino Double,1,0,0.0,False
2024-11-05,22380,OTA Camera Standard,3,0,0.0,False
2024-11-05,2761,Camera  Standard,14,0,0.0,False
2024-11-05,2762,Camera Superior,8,0,0.0,False
2024-11-05,2763,Camera Deluxe,5,0,0.0,False
2024-11-05,3231,Suite Familiare,1,0,0.0,False
2024-11-05,2767,Suite Familiare Vista Piscina,1,0,0.0,False
2024-11-05,2765,Appartamento Area Piscina,18,0,0.0,False
2024-11-05,2764,Appartamento Area Giardino,28,0,0.0,False
2024-11-05,5375,Villino 2Ten,1,0,0.0,False
2024-11-05,5376,Villino Double,1,0,0.0,False
2024-11-06,22380,OTA Camera Standard,3,0,0.0,False
2024-11-06,2761,Camera  Standard,14,0,0.0,False
2024-11-06,2762,Camera Superior,8,0,0.0,False
2024-11-06,2763,Camera Deluxe,5,0,0.0,False
2024-11-06,3231,Suite Familiare,1,0,0.0,False
2024-11-06,2767,Suite Familiare Vista Piscina,1,0,0.0,False
2024-11-06,2765,Appartamento Area Piscina,18,0,0.0,False
2024-11-06,2764,Appartamento Area Giardino,28,0,0.0,False
2024-11-06,5375,Villino 2Ten,1,0,0.0,False
2024-11-06,5376,Villino Double,1,0,0.0,False
2024-11-07,22380,OTA Camera Standard,3,0,0.0,False
2024-11-07,2761,Camera  Standard,14,0,0.0,False
2024-11-07,2762,Camera Superior,8,0,0.0,False
2024-11-07,2763,Camera Deluxe,5,0,0.0,False
2024-11-07,3231,Suite Familiare,1,0,0.0,False
2024-11-07,2767,Suite Familiare Vista Piscina,1,0,0.0,False
2024-11-07,2765,Appartamento Area Piscina,18,0,0.0,False
2024-11-07,2764,Appartamento Area Giardino,28,0,0.0,False
2024-11-07,5375,Villino 2Ten,1,0,0.0,False
2024-11-07,5376,Villino Double,1,0,0.0,False
2024-11-08,22380,OTA Camera Standard,3,0,0.0,False
2024-11-08,2761,Camera  Standard,14,0,0.0,False
2024-11-08,2762,Camera Superior,8,0,0.0,False
2024-11-08,2763,Camera Deluxe,5,0,0.0,False
2024-11-08,3231,Suite Familiare,1,0,0.0,False
2024-11-08,2767,Suite Familiare Vista Piscina,1,0,0.0,False
2024-11-08,2765,Appartamento Area Piscina,18,0,0.0,False
2024-11-08,2764,Appartamento Area Giardino,28,0,0.0,False
2024-11-08,5375,Villino 2Ten,1,0,0.0,False
2024-11-08,5376,Villino Double,1,0,0.0,False
2024-11-09,22380,OTA Camera Standard,3,0,0.0,False
2024-11-09,2761,Camera  Standard,14,0,0.0,False
2024-11-09,2762,Camera Superior,8,0,0.0,False
2024-11-09,2763,Camera Deluxe,5,0,0.0,False
2024-11-09,3231,Suite Familiare,1,0,0.0,False
2024-11-09,2767,Suite Familiare Vista Piscina,1,0,0.0,False
2024-11-09,2765,Appartamento Area Piscina,18,0,0.0,False
2024-11-09,2764,Appartamento Area Giardino,28,0,0.0,False
2024-11-09,5375,Villino 2Ten,1,0,0.0,False
2024-11-09,5376,Villino Double,1,0,0.0,False
2024-11-10,22380,OTA Camera Standard,3,0,0.0,False
2024-11-10,2761,Camera  Standard,14,0,0.0,False
2024-11-10,2762,Camera Superior,8,0,0.0,False
2024-11-10,2763,Camera Deluxe,5,0,0.0,False
2024-11-10,3231,Suite Familiare,1,0,0.0,False
2024-11-10,2767,Suite Familiare Vista Piscina,1,0,0.0,False
2024-11-10,2765,Appartamento Area Piscina,18,0,0.0,False
2024-11-10,2764,Appartamento Area Giardino,28,0,0.0,False
2024-11-10,5375,Villino 2Ten,1,0,0.0,False
2024-11-10,5376,Villino Double,1,0,0.0,False
2024-11-11,22380,OTA Camera Standard,3,0,0.0,False
2024-11-11,2761,Camera  Standard,14,0,0.0,False
2024-11-11,2762,Camera Superior,8,0,0.0,False
2024-11-11,2763,Camera Deluxe,5,0,0.0,False
2024-11-11,3231,Suite Familiare,1,0,0.0,False
2024-11-11,2767,Suite Familiare Vista Piscina,1,0,0.0,False
2024-11-11,2765,Appartamento Area Piscina,18,0,0.0,False
2024-11-11,2764,Appartamento Area Giardino,28,0,0.0,False
2024-11-11,5375,Villino 2Ten,1,0,0.0,False
2024-11-11,5376,Villino Double,1,0,0.0,False
2024-11-12,22380,OTA Camera Standard,3,0,0.0,False
2024-11-12,2761,Camera  Standard,14,0,0.0,False
2024-11-12,2762,Camera Superior,8,0,0.0,False
2024-11-12,2763,Camera Deluxe,5,0,0.0,False
2024-11-12,3231,Suite Familiare,1,0,0.0,False
2024-11-12,2767,Suite Familiare Vista Piscina,1,0,0.0,False
2024-11-12,2765,Appartamento Area Piscina,18,0,0.0,False
2024-11-12,2764,Appartamento Area Giardino,28,0,0.0,False
2024-11-12,5375,Villino 2Ten,1,0,0.0,False
2024-11-12,5376,Villino Double,1,0,0.0,False
2024-11-13,22380,OTA Camera Standard,3,0,0.0,False
2024-11-13,2761,Camera  Standard,14,0,0.0,False
2024-11-13,2762,Camera Superior,8,0,0.0,False
2024-11-13,2763,Camera Deluxe,5,0,0.0,False
2024-11-13,3231,Suite Familiare,1,0,0.0,False
2024-11-13,2767,Suite Familiare Vista Piscina,1,0,0.0,False
2024-11-13,2765,Appartamento Area Piscina,18,0,0.0,False
2024-11-13,2764,Appartamento Area Giardino,28,0,0.0,False
2024-11-13,5375,Villino 2Ten,1,0,0.0,False
2024-11-13,5376,Villino Double,1,0,0.0,False
2024-11-14,22380,OTA Camera Standard,3,0,0.0,False
2024-11-14,2761,Camera  Standard,14,0,0.0,False
2024-11-14,2762,Camera Superior,8,0,0.0,False
2024-11-14,2763,Camera Deluxe,5,0,0.0,False
2024-11-14,3231,Suite Familiare,1,0,0.0,False
2024-11-14,2767,Suite Familiare Vista Piscina,1,0,0.0,False
2024-11-14,2765,Appartamento Area Piscina,18,0,0.0,False
2024-11-14,2764,Appartamento Area Giardino,28,0,0.0,False
2024-11-14,5375,Villino 2Ten,1,0,0.0,False
2024-11-14,5376,Villino Double,1,0,0.0,False
2024-11-15,22380,OTA Camera Standard,3,0,0.0,False
2024-11-15,2761,Camera  Standard,14,0,0.0,False
2024-11-15,2762,Camera Superior,8,0,0.0,False
2024-11-15,2763,Camera Deluxe,5,0,0.0,False
2024-11-15,3231,Suite Familiare,1,0,0.0,False
2024-11-15,2767,Suite Familiare Vista Piscina,1,0,0.0,False
2024-11-15,2765,Appartamento Area Piscina,18,0,0.0,False
2024-11-15,2764,Appartamento Area Giardino,28,0,0.0,False
2024-11-15,5375,Villino 2Ten,1,0,0.0,False
2024-11-15,5376,Villino Double,1,0,0.0,False
2024-11-16,22380,OTA Camera Standard,3,0,0.0,False
2024-11-16,2761,Camera  Standard,14,0,0.0,False
2024-11-16,2762,Camera Superior,8,0,0.0,False
2024-11-16,2763,Camera Deluxe,5,0,0.0,False
2024-11-16,3231,Suite Familiare,1,0,0.0,False
2024-11-16,2767,Suite Familiare Vista Piscina,1,0,0.0,False
2024-11-16,2765,Appartamento Area Piscina,18,0,0.0,False
2024-11-16,2764,Appartamento Area Giardino,28,0,0.0,False
2024-11-16,5375,Villino 2Ten,1,0,0.0,False
2024-11-16,5376,Villino Double,1,0,0.0,False
2024-11-17,22380,OTA Camera Standard,3,0,0.0,False
2024-11-17,2761,Camera  Standard,14,0,0.0,False
2024-11-17,2762,Camera Superior,8,0,0.0,False
2024-11-17,2763,Camera Deluxe,5,0,0.0,False
2024-11-17,3231,Suite Familiare,1,0,0.0,False
2024-11-17,2767,Suite Familiare Vista Piscina,1,0,0.0,False
2024-11-17,2765,Appartamento Area Piscina,18,0,0.0,False
2024-11-17,2764,Appartamento Area Giardino,28,0,0.0,False
2024-11-17,5375,Villino 2Ten,1,0,0.0,False
2024-11-17,5376,Villino Double,1,0,0.0,False
2024-11-18,22380,OTA Camera Standard,3,0,0.0,False
2024-11-18,2761,Camera  Standard,14,0,0.0,False
2024-11-18,2762,Camera Superior,8,0,0.0,False
2024-11-18,2763,Camera Deluxe,5,0,0.0,False
2024-11-18,3231,Suite Familiare,1,0,0.0,False
2024-11-18,2767,Suite Familiare Vista Piscina,1,0,0.0,False
2024-11-18,2765,Appartamento Area Piscina,18,0,0.0,False
2024-11-18,2764,Appartamento Area Giardino,28,0,0.0,False
2024-11-18,5375,Villino 2Ten,1,0,0.0,False
2024-11-18,5376,Villino Double,1,0,0.0,False
2024-11-19,22380,OTA Camera Standard,3,0,0.0,False
2024-11-19,2761,Camera  Standard,14,0,0.0,False
2024-11-19,2762,Camera Superior,8,0,0.0,False
2024-11-19,2763,Camera Deluxe,5,0,0.0,False
2024-11-19,3231,Suite Familiare,1,0,0.0,False
2024-11-19,2767,Suite Familiare Vista Piscina,1,0,0.0,False
2024-11-19,2765,Appartamento Area Piscina,18,0,0.0,False
2024-11-19,2764,Appartamento Area Giardino,28,0,0.0,False
2024-11-19,5375,Villino 2Ten,1,0,0.0,False
2024-11-19,5376,Villino Double,1,0,0.0,False
2024-11-20,22380,OTA Camera Standard,3,0,0.0,False
2024-11-20,2761,Camera  Standard,14,0,0.0,False
2024-11-20,2762,Camera Superior,8,0,0.0,False
2024-11-20,2763,Camera Deluxe,5,0,0.0,False
2024-11-20,3231,Suite Familiare,1,0,0.0,False
2024-11-20,2767,Suite Familiare Vista Piscina,1,0,0.0,False
2024-11-20,2765,Appartamento Area Piscina,18,0,0.0,False
2024-11-20,2764,Appartamento Area Giardino,28,0,0.0,False
2024-11-20,5375,Villino 2Ten,1,0,0.0,False
2024-11-20,5376,Villino Double,1,0,0.0,False
2024-11-21,22380,OTA Camera Standard,3,0,0.0,False
2024-11-21,2761,Camera  Standard,14,0,0.0,False
2024-11-21,2762,Camera Superior,8,0,0.0,False
2024-11-21,2763,Camera Deluxe,5,0,0.0,False
2024-11-21,3231,Suite Familiare,1,0,0.0,False
2024-11-21,2767,Suite Familiare Vista Piscina,1,0,0.0,False
2024-11-21,2765,Appartamento Area Piscina,18,0,0.0,False
2024-11-21,2764,Appartamento Area Giardino,28,0,0.0,False
2024-11-21,5375,Villino 2Ten,1,0,0.0,False
2024-11-21,5376,Villino Double,1,0,0.0,False
2024-11-22,22380,OTA Camera Standard,3,0,0.0,False
2024-11-22,2761,Camera  Standard,14,0,0.0,False
2024-11-22,2762,Camera Superior,8,0,0.0,False
2024-11-22,2763,Camera Deluxe,5,0,0.0,False
2024-11-22,3231,Suite Familiare,1,0,0.0,False
2024-11-22,2767,Suite Familiare Vista Piscina,1,0,0.0,False
2024-11-22,2765,Appartamento Area Piscina,18,0,0.0,False
2024-11-22,2764,Appartamento Area Giardino,28,0,0.0,False
2024-11-22,5375,Villino 2Ten,1,0,0.0,False
2024-11-22,5376,Villino Double,1,0,0.0,False
2024-11-23,22380,OTA Camera Standard,3,0,0.0,False
2024-11-23,2761,Camera  Standard,14,0,0.0,False
2024-11-23,2762,Camera Superior,8,0,0.0,False
2024-11-23,2763,Camera Deluxe,5,0,0.0,False
2024-11-23,3231,Suite Familiare,1,0,0.0,False
2024-11-23,2767,Suite Familiare Vista Piscina,1,0,0.0,False
2024-11-23,2765,Appartamento Area Piscina,18,0,0.0,False
2024-11-23,2764,Appartamento Area Giardino,28,0,0.0,False
2024-11-23,5375,Villino 2Ten,1,0,0.0,False
2024-11-23,5376,Villino Double,1,0,0.0,False
2024-11-24,22380,OTA Camera Standard,3,0,0.0,False
2024-11-24,2761,Camera  Standard,14,0,0.0,False
2024-11-24,2762,Camera Superior,8,0,0.0,False
2024-11-24,2763,Camera Deluxe,5,0,0.0,False
2024-11-24,3231,Suite Familiare,1,0,0.0,False
2024-11-24,2767,Suite Familiare Vista Piscina,1,0,0.0,False
2024-11-24,2765,Appartamento Area Piscina,18,0,0.0,False
2024-11-24,2764,Appartamento Area Giardino,28,0,0.0,False
2024-11-24,5375,Villino 2Ten,1,0,0.0,False
2024-11-24,5376,Villino Double,1,0,0.0,False
2024-11-25,22380,OTA Camera Standard,3,0,0.0,False
2024-11-25,2761,Camera  Standard,14,0,0.0,False
2024-11-25,2762,Camera Superior,8,0,0.0,False
2024-11-25,2763,Camera Deluxe,5,0,0.0,False
2024-11-25,3231,Suite Familiare,1,0,0.0,False
2024-11-25,2767,Suite Familiare Vista Piscina,1,0,0.0,False
2024-11-25,2765,Appartamento Area Piscina,18,0,0.0,False
2024-11-25,2764,Appartamento Area Giardino,28,0,0.0,False
2024-11-25,5375,Villino 2Ten,1,0,0.0,False
2024-11-25,5376,Villino Double,1,0,0.0,False
2024-11-26,22380,OTA Camera Standard,3,0,0.0,False
2024-11-26,2761,Camera  Standard,14,0,0.0,False
2024-11-26,2762,Camera Superior,8,0,0.0,False
2024-11-26,2763,Camera Deluxe,5,0,0.0,False
2024-11-26,3231,Suite Familiare,1,0,0.0,False
2024-11-26,2767,Suite Familiare Vista Piscina,1,0,0.0,False
2024-11-26,2765,Appartamento Area Piscina,18,0,0.0,False
2024-11-26,2764,Appartamento Area Giardino,28,0,0.0,False
2024-11-26,5375,Villino 2Ten,1,0,0.0,False
2024-11-26,5376,Villino Double,1,0,0.0,False
2024-11-27,22380,OTA Camera Standard,3,0,0.0,False
2024-11-27,2761,Camera  Standard,14,0,0.0,False
2024-11-27,2762,Camera Superior,8,0,0.0,False
2024-11-27,2763,Camera Deluxe,5,0,0.0,False
2024-11-27,3231,Suite Familiare,1,0,0.0,False
2024-11-27,2767,Suite Familiare Vista Piscina,1,0,0.0,False
2024-11-27,2765,Appartamento Area Piscina,18,0,0.0,False
2024-11-27,2764,Appartamento Area Giardino,28,0,0.0,False
2024-11-27,5375,Villino 2Ten,1,0,0.0,False
2024-11-27,5376,Villino Double,1,0,0.0,False
2024-11-28,22380,OTA Camera Standard,3,0,0.0,False
2024-11-28,2761,Camera  Standard,14,0,0.0,False
2024-11-28,2762,Camera Superior,8,0,0.0,False
2024-11-28,2763,Camera Deluxe,5,0,0.0,False
2024-11-28,3231,Suite Familiare,1,0,0.0,False
2024-11-28,2767,Suite Familiare Vista Piscina,1,0,0.0,False
2024-11-28,2765,Appartamento Area Piscina,18,0,0.0,False
2024-11-28,2764,Appartamento Area Giardino,28,0,0.0,False
2024-11-28,5375,Villino 2Ten,1,0,0.0,False
2024-11-28,5376,Villino Double,1,0,0.0,False
2024-11-29,22380,OTA Camera Standard,3,0,0.0,False
2024-11-29,2761,Camera  Standard,14,0,0.0,False
2024-11-29,2762,Camera Superior,8,0,0.0,False
2024-11-29,2763,Camera Deluxe,5,0,0.0,False
2024-11-29,3231,Suite Familiare,1,0,0.0,False
2024-11-29,2767,Suite Familiare Vista Piscina,1,0,0.0,False
2024-11-29,2765,Appartamento Area Piscina,18,0,0.0,False
2024-11-29,2764,Appartamento Area Giardino,28,0,0.0,False
2024-11-29,5375,Villino 2Ten,1,0,0.0,False
2024-11-29,5376,Villino Double,1,0,0.0,False
2024-11-30,22380,OTA Camera Standard,3,0,0.0,False
2024-11-30,2761,Camera  Standard,14,0,0.0,False
2024-11-30,2762,Camera Superior,8,0,0.0,False
2024-11-30,2763,Camera Deluxe,5,0,0.0,False
2024-11-30,3231,Suite Familiare,1,0,0.0,False
2024-11-30,2767,Suite Familiare Vista Piscina,1,0,0.0,False
2024-11-30,2765,Appartamento Area Piscina,18,0,0.0,False
2024-11-30,2764,Appartamento Area Giardino,28,0,0.0,False
2024-11-30,5375,Villino 2Ten,1,0,0.0,False
2024-11-30,5376,Villino Double,1,0,0.0,False
2024-12-01,22380,OTA Camera Standard,3,0,0.0,False
2024-12-01,2761,Camera  Standard,14,0,0.0,False
2024-12-01,2762,Camera Superior,8,0,0.0,False
2024-12-01,2763,Camera Deluxe,5,0,0.0,False
2024-12-01,3231,Suite Familiare,1,0,0.0,False
2024-12-01,2767,Suite Familiare Vista Piscina,1,0,0.0,False
2024-12-01,2765,Appartamento Area Piscina,18,0,0.0,False
2024-12-01,2764,Appartamento Area Giardino,28,0,0.0,False
2024-12-01,5375,Villino 2Ten,1,0,0.0,False
2024-12-01,5376,Villino Double,1,0,0.0,False
2024-12-02,22380,OTA Camera Standard,3,0,0.0,False
2024-12-02,2761,Camera  Standard,14,0,0.0,False
2024-12-02,2762,Camera Superior,8,0,0.0,False
2024-12-02,2763,Camera Deluxe,5,0,0.0,False
2024-12-02,3231,Suite Familiare,1,0,0.0,False
2024-12-02,2767,Suite Familiare Vista Piscina,1,0,0.0,False
2024-12-02,2765,Appartamento Area Piscina,18,0,0.0,False
2024-12-02,2764,Appartamento Area Giardino,28,0,0.0,False
2024-12-02,5375,Villino 2Ten,1,0,0.0,False
2024-12-02,5376,Villino Double,1,0,0.0,False
2024-12-03,22380,OTA Camera Standard,3,0,0.0,False
2024-12-03,2761,Camera  Standard,14,0,0.0,False
2024-12-03,2762,Camera Superior,8,0,0.0,False
2024-12-03,2763,Camera Deluxe,5,0,0.0,False
2024-12-03,3231,Suite Familiare,1,0,0.0,False
2024-12-03,2767,Suite Familiare Vista Piscina,1,0,0.0,False
2024-12-03,2765,Appartamento Area Piscina,18,0,0.0,False
2024-12-03,2764,Appartamento Area Giardino,28,0,0.0,False
2024-12-03,5375,Villino 2Ten,1,0,0.0,False
2024-12-03,5376,Villino Double,1,0,0.0,False
2024-12-04,22380,OTA Camera Standard,3,0,0.0,False
2024-12-04,2761,Camera  Standard,14,0,0.0,False
2024-12-04,2762,Camera Superior,8,0,0.0,False
2024-12-04,2763,Camera Deluxe,5,0,0.0,False
2024-12-04,3231,Suite Familiare,1,0,0.0,False
2024-12-04,2767,Suite Familiare Vista Piscina,1,0,0.0,False
2024-12-04,2765,Appartamento Area Piscina,18,0,0.0,False
2024-12-04,2764,Appartamento Area Giardino,28,0,0.0,False
2024-12-04,5375,Villino 2Ten,1,0,0.0,False
2024-12-04,5376,Villino Double,1,0,0.0,False
2024-12-05,22380,OTA Camera Standard,3,0,0.0,False
2024-12-05,2761,Camera  Standard,14,0,0.0,False
2024-12-05,2762,Camera Superior,8,0,0.0,False
2024-12-05,2763,Camera Deluxe,5,0,0.0,False
2024-12-05,3231,Suite Familiare,1,0,0.0,False
2024-12-05,2767,Suite Familiare Vista Piscina,1,0,0.0,False
2024-12-05,2765,Appartamento Area Piscina,18,0,0.0,False
2024-12-05,2764,Appartamento Area Giardino,28,0,0.0,False
2024-12-05,5375,Villino 2Ten,1,0,0.0,False
2024-12-05,5376,Villino Double,1,0,0.0,False
2024-12-06,22380,OTA Camera Standard,3,0,0.0,False
2024-12-06,2761,Camera  Standard,14,0,0.0,False
2024-12-06,2762,Camera Superior,8,0,0.0,False
2024-12-06,2763,Camera Deluxe,5,0,0.0,False
2024-12-06,3231,Suite Familiare,1,0,0.0,False
2024-12-06,2767,Suite Familiare Vista Piscina,1,0,0.0,False
2024-12-06,2765,Appartamento Area Piscina,18,0,0.0,False
2024-12-06,2764,Appartamento Area Giardino,28,0,0.0,False
2024-12-06,5375,Villino 2Ten,1,0,0.0,False
2024-12-06,5376,Villino Double,1,0,0.0,False
2024-12-07,22380,OTA Camera Standard,3,0,0.0,False
2024-12-07,2761,Camera  Standard,14,0,0.0,False
2024-12-07,2762,Camera Superior,8,0,0.0,False
2024-12-07,2763,Camera Deluxe,5,0,0.0,False
2024-12-07,3231,Suite Familiare,1,0,0.0,False
2024-12-07,2767,Suite Familiare Vista Piscina,1,0,0.0,False
2024-12-07,2765,Appartamento Area Piscina,18,0,0.0,False
2024-12-07,2764,Appartamento Area Giardino,28,0,0.0,False
2024-12-07,5375,Villino 2Ten,1,0,0.0,False
2024-12-07,5376,Villino Double,1,0,0.0,False
2024-12-08,22380,OTA Camera Standard,3,0,0.0,False
2024-12-08,2761,Camera  Standard,14,0,0.0,False
2024-12-08,2762,Camera Superior,8,0,0.0,False
2024-12-08,2763,Camera Deluxe,5,0,0.0,False
2024-12-08,3231,Suite Familiare,1,0,0.0,False
2024-12-08,2767,Suite Familiare Vista Piscina,1,0,0.0,False
2024-12-08,2765,Appartamento Area Piscina,18,0,0.0,False
2024-12-08,2764,Appartamento Area Giardino,28,0,0.0,False
2024-12-08,5375,Villino 2Ten,1,0,0.0,False
2024-12-08,5376,Villino Double,1,0,0.0,False
2024-12-09,22380,OTA Camera Standard,3,0,0.0,False
2024-12-09,2761,Camera  Standard,14,0,0.0,False
2024-12-09,2762,Camera Superior,8,0,0.0,False
2024-12-09,2763,Camera Deluxe,5,0,0.0,False
2024-12-09,3231,Suite Familiare,1,0,0.0,False
2024-12-09,2767,Suite Familiare Vista Piscina,1,0,0.0,False
2024-12-09,2765,Appartamento Area Piscina,18,0,0.0,False
2024-12-09,2764,Appartamento Area Giardino,28,0,0.0,False
2024-12-09,5375,Villino 2Ten,1,0,0.0,False
2024-12-09,5376,Villino Double,1,0,0.0,False
2024-12-10,22380,OTA Camera Standard,3,0,0.0,False
2024-12-10,2761,Camera  Standard,14,0,0.0,False
2024-12-10,2762,Camera Superior,8,0,0.0,False
2024-12-10,2763,Camera Deluxe,5,0,0.0,False
2024-12-10,3231,Suite Familiare,1,0,0.0,False
2024-12-10,2767,Suite Familiare Vista Piscina,1,0,0.0,False
2024-12-10,2765,Appartamento Area Piscina,18,0,0.0,False
2024-12-10,2764,Appartamento Area Giardino,28,0,0.0,False
2024-12-10,5375,Villino 2Ten,1,0,0.0,False
2024-12-10,5376,Villino Double,1,0,0.0,False
2024-12-11,22380,OTA Camera Standard,3,0,0.0,False
2024-12-11,2761,Camera  Standard,14,0,0.0,False
2024-12-11,2762,Camera Superior,8,0,0.0,False
2024-12-11,2763,Camera Deluxe,5,0,0.0,False
2024-12-11,3231,Suite Familiare,1,0,0.0,False
2024-12-11,2767,Suite Familiare Vista Piscina,1,0,0.0,False
2024-12-11,2765,Appartamento Area Piscina,18,0,0.0,False
2024-12-11,2764,Appartamento Area Giardino,28,0,0.0,False
2024-12-11,5375,Villino 2Ten,1,0,0.0,False
2024-12-11,5376,Villino Double,1,0,0.0,False
2024-12-12,22380,OTA Camera Standard,3,0,0.0,False
2024-12-12,2761,Camera  Standard,14,0,0.0,False
2024-12-12,2762,Camera Superior,8,0,0.0,False
2024-12-12,2763,Camera Deluxe,5,0,0.0,False
2024-12-12,3231,Suite Familiare,1,0,0.0,False
2024-12-12,2767,Suite Familiare Vista Piscina,1,0,0.0,False
2024-12-12,2765,Appartamento Area Piscina,18,0,0.0,False
2024-12-12,2764,Appartamento Area Giardino,28,0,0.0,False
2024-12-12,5375,Villino 2Ten,1,0,0.0,False
2024-12-12,5376,Villino Double,1,0,0.0,False
2024-12-13,22380,OTA Camera Standard,3,0,0.0,False
2024-12-13,2761,Camera  Standard,14,0,0.0,False
2024-12-13,2762,Camera Superior,8,0,0.0,False
2024-12-13,2763,Camera Deluxe,5,0,0.0,False
2024-12-13,3231,Suite Familiare,1,0,0.0,False
2024-12-13,2767,Suite Familiare Vista Piscina,1,0,0.0,False
2024-12-13,2765,Appartamento Area Piscina,18,0,0.0,False
2024-12-13,2764,Appartamento Area Giardino,28,0,0.0,False
2024-12-13,5375,Villino 2Ten,1,0,0.0,False
2024-12-13,5376,Villino Double,1,0,0.0,False
2024-12-14,22380,OTA Camera Standard,3,0,0.0,False
2024-12-14,2761,Camera  Standard,14,0,0.0,False
2024-12-14,2762,Camera Superior,8,0,0.0,False
2024-12-14,2763,Camera Deluxe,5,0,0.0,False
2024-12-14,3231,Suite Familiare,1,0,0.0,False
2024-12-14,2767,Suite Familiare Vista Piscina,1,0,0.0,False
2024-12-14,2765,Appartamento Area Piscina,18,0,0.0,False
2024-12-14,2764,Appartamento Area Giardino,28,0,0.0,False
2024-12-14,5375,Villino 2Ten,1,0,0.0,False
2024-12-14,5376,Villino Double,1,0,0.0,False
2024-12-15,22380,OTA Camera Standard,3,0,0.0,False
2024-12-15,2761,Camera  Standard,14,0,0.0,False
2024-12-15,2762,Camera Superior,8,0,0.0,False
2024-12-15,2763,Camera Deluxe,5,0,0.0,False
2024-12-15,3231,Suite Familiare,1,0,0.0,False
2024-12-15,2767,Suite Familiare Vista Piscina,1,0,0.0,False
2024-12-15,2765,Appartamento Area Piscina,18,0,0.0,False
2024-12-15,2764,Appartamento Area Giardino,28,0,0.0,False
2024-12-15,5375,Villino 2Ten,1,0,0.0,False
2024-12-15,5376,Villino Double,1,0,0.0,False
2024-12-16,22380,OTA Camera Standard,3,0,0.0,False
2024-12-16,2761,Camera  Standard,14,0,0.0,False
2024-12-16,2762,Camera Superior,8,0,0.0,False
2024-12-16,2763,Camera Deluxe,5,0,0.0,False
2024-12-16,3231,Suite Familiare,1,0,0.0,False
2024-12-16,2767,Suite Familiare Vista Piscina,1,0,0.0,False
2024-12-16,2765,Appartamento Area Piscina,18,0,0.0,False
2024-12-16,2764,Appartamento Area Giardino,28,0,0.0,False
2024-12-16,5375,Villino 2Ten,1,0,0.0,False
2024-12-16,5376,Villino Double,1,0,0.0,False
2024-12-17,22380,OTA Camera Standard,3,0,0.0,False
2024-12-17,2761,Camera  Standard,14,0,0.0,False
2024-12-17,2762,Camera Superior,8,0,0.0,False
2024-12-17,2763,Camera Deluxe,5,0,0.0,False
2024-12-17,3231,Suite Familiare,1,0,0.0,False
2024-12-17,2767,Suite Familiare Vista Piscina,1,0,0.0,False
2024-12-17,2765,Appartamento Area Piscina,18,0,0.0,False
2024-12-17,2764,Appartamento Area Giardino,28,0,0.0,False
2024-12-17,5375,Villino 2Ten,1,0,0.0,False
2024-12-17,5376,Villino Double,1,0,0.0,False
2024-12-18,22380,OTA Camera Standard,3,0,0.0,False
2024-12-18,2761,Camera  Standard,14,0,0.0,False
2024-12-18,2762,Camera Superior,8,0,0.0,False
2024-12-18,2763,Camera Deluxe,5,0,0.0,False
2024-12-18,3231,Suite Familiare,1,0,0.0,False
2024-12-18,2767,Suite Familiare Vista Piscina,1,0,0.0,False
2024-12-18,2765,Appartamento Area Piscina,18,0,0.0,False
2024-12-18,2764,Appartamento Area Giardino,28,0,0.0,False
2024-12-18,5375,Villino 2Ten,1,0,0.0,False
2024-12-18,5376,Villino Double,1,0,0.0,False
2024-12-19,22380,OTA Camera Standard,3,0,0.0,False
2024-12-19,2761,Camera  Standard,14,0,0.0,False
2024-12-19,2762,Camera Superior,8,0,0.0,False
2024-12-19,2763,Camera Deluxe,5,0,0.0,False
2024-12-19,3231,Suite Familiare,1,0,0.0,False
2024-12-19,2767,Suite Familiare Vista Piscina,1,0,0.0,False
2024-12-19,2765,Appartamento Area Piscina,18,0,0.0,False
2024-12-19,2764,Appartamento Area Giardino,28,0,0.0,False
2024-12-19,5375,Villino 2Ten,1,0,0.0,False
2024-12-19,5376,Villino Double,1,0,0.0,False
2024-12-20,22380,OTA Camera Standard,3,0,0.0,False
2024-12-20,2761,Camera  Standard,14,0,0.0,False
2024-12-20,2762,Camera Superior,8,0,0.0,False
2024-12-20,2763,Camera Deluxe,5,0,0.0,False
2024-12-20,3231,Suite Familiare,1,0,0.0,False
2024-12-20,2767,Suite Familiare Vista Piscina,1,0,0.0,False
2024-12-20,2765,Appartamento Area Piscina,18,0,0.0,False
2024-12-20,2764,Appartamento Area Giardino,28,0,0.0,False
2024-12-20,5375,Villino 2Ten,1,0,0.0,False
2024-12-20,5376,Villino Double,1,0,0.0,False
2024-12-21,22380,OTA Camera Standard,3,0,0.0,False
2024-12-21,2761,Camera  Standard,14,0,0.0,False
2024-12-21,2762,Camera Superior,8,0,0.0,False
2024-12-21,2763,Camera Deluxe,5,0,0.0,False
2024-12-21,3231,Suite Familiare,1,0,0.0,False
2024-12-21,2767,Suite Familiare Vista Piscina,1,0,0.0,False
2024-12-21,2765,Appartamento Area Piscina,18,0,0.0,False
2024-12-21,2764,Appartamento Area Giardino,28,0,0.0,False
2024-12-21,5375,Villino 2Ten,1,0,0.0,False
2024-12-21,5376,Villino Double,1,0,0.0,False
2024-12-22,22380,OTA Camera Standard,3,0,0.0,False
2024-12-22,2761,Camera  Standard,14,0,0.0,False
2024-12-22,2762,Camera Superior,8,0,0.0,False
2024-12-22,2763,Camera Deluxe,5,0,0.0,False
2024-12-22,3231,Suite Familiare,1,0,0.0,False
2024-12-22,2767,Suite Familiare Vista Piscina,1,0,0.0,False
2024-12-22,2765,Appartamento Area Piscina,18,0,0.0,False
2024-12-22,2764,Appartamento Area Giardino,28,0,0.0,False
2024-12-22,5375,Villino 2Ten,1,0,0.0,False
2024-12-22,5376,Villino Double,1,0,0.0,False
2024-12-23,22380,OTA Camera Standard,3,0,0.0,False
2024-12-23,2761,Camera  Standard,14,0,0.0,False
2024-12-23,2762,Camera Superior,8,0,0.0,False
2024-12-23,2763,Camera Deluxe,5,0,0.0,False
2024-12-23,3231,Suite Familiare,1,0,0.0,False
2024-12-23,2767,Suite Familiare Vista Piscina,1,0,0.0,False
2024-12-23,2765,Appartamento Area Piscina,18,0,0.0,False
2024-12-23,2764,Appartamento Area Giardino,28,0,0.0,False
2024-12-23,5375,Villino 2Ten,1,0,0.0,False
2024-12-23,5376,Villino Double,1,0,0.0,False
2024-12-24,22380,OTA Camera Standard,3,0,0.0,False
2024-12-24,2761,Camera  Standard,14,0,0.0,False
2024-12-24,2762,Camera Superior,8,0,0.0,False
2024-12-24,2763,Camera Deluxe,5,0,0.0,False
2024-12-24,3231,Suite Familiare,1,0,0.0,False
2024-12-24,2767,Suite Familiare Vista Piscina,1,0,0.0,False
2024-12-24,2765,Appartamento Area Piscina,18,0,0.0,False
2024-12-24,2764,Appartamento Area Giardino,28,0,0.0,False
2024-12-24,5375,Villino 2Ten,1,0,0.0,False
2024-12-24,5376,Villino Double,1,0,0.0,False
2024-12-25,22380,OTA Camera Standard,3,0,0.0,False
2024-12-25,2761,Camera  Standard,14,0,0.0,False
2024-12-25,2762,Camera Superior,8,0,0.0,False
2024-12-25,2763,Camera Deluxe,5,0,0.0,False
2024-12-25,3231,Suite Familiare,1,0,0.0,False
2024-12-25,2767,Suite Familiare Vista Piscina,1,0,0.0,False
2024-12-25,2765,Appartamento Area Piscina,18,0,0.0,False
2024-12-25,2764,Appartamento Area Giardino,28,0,0.0,False
2024-12-25,5375,Villino 2Ten,1,0,0.0,False
2024-12-25,5376,Villino Double,1,0,0.0,False
2024-12-26,22380,OTA Camera Standard,3,0,0.0,False
2024-12-26,2761,Camera  Standard,14,0,0.0,False
2024-12-26,2762,Camera Superior,8,0,0.0,False
2024-12-26,2763,Camera Deluxe,5,0,0.0,False
2024-12-26,3231,Suite Familiare,1,0,0.0,False
2024-12-26,2767,Suite Familiare Vista Piscina,1,0,0.0,False
2024-12-26,2765,Appartamento Area Piscina,18,0,0.0,False
2024-12-26,2764,Appartamento Area Giardino,28,0,0.0,False
2024-12-26,5375,Villino 2Ten,1,0,0.0,False
2024-12-26,5376,Villino Double,1,0,0.0,False
2024-12-27,22380,OTA Camera Standard,3,0,0.0,False
2024-12-27,2761,Camera  Standard,14,0,0.0,False
2024-12-27,2762,Camera Superior,8,0,0.0,False
2024-12-27,2763,Camera Deluxe,5,0,0.0,False
2024-12-27,3231,Suite Familiare,1,0,0.0,False
2024-12-27,2767,Suite Familiare Vista Piscina,1,0,0.0,False
2024-12-27,2765,Appartamento Area Piscina,18,0,0.0,False
2024-12-27,2764,Appartamento Area Giardino,28,0,0.0,False
2024-12-27,5375,Villino 2Ten,1,0,0.0,False
2024-12-27,5376,Villino Double,1,0,0.0,False
2024-12-28,22380,OTA Camera Standard,3,0,0.0,False
2024-12-28,2761,Camera  Standard,14,0,0.0,False
2024-12-28,2762,Camera Superior,8,0,0.0,False
2024-12-28,2763,Camera Deluxe,5,0,0.0,False
2024-12-28,3231,Suite Familiare,1,0,0.0,False
2024-12-28,2767,Suite Familiare Vista Piscina,1,0,0.0,False
2024-12-28,2765,Appartamento Area Piscina,18,0,0.0,False
2024-12-28,2764,Appartamento Area Giardino,28,0,0.0,False
2024-12-28,5375,Villino 2Ten,1,0,0.0,False
2024-12-28,5376,Villino Double,1,0,0.0,False
2024-12-29,22380,OTA Camera Standard,3,0,0.0,False
2024-12-29,2761,Camera  Standard,14,0,0.0,False
2024-12-29,2762,Camera Superior,8,0,0.0,False
2024-12-29,2763,Camera Deluxe,5,0,0.0,False
2024-12-29,3231,Suite Familiare,1,0,0.0,False
2024-12-29,2767,Suite Familiare Vista Piscina,1,0,0.0,False
2024-12-29,2765,Appartamento Area Piscina,18,0,0.0,False
2024-12-29,2764,Appartamento Area Giardino,28,0,0.0,False
2024-12-29,5375,Villino 2Ten,1,0,0.0,False
2024-12-29,5376,Villino Double,1,0,0.0,False
2024-12-30,22380,OTA Camera Standard,3,0,0.0,False
2024-12-30,2761,Camera  Standard,14,0,0.0,False
2024-12-30,2762,Camera Superior,8,0,0.0,False
2024-12-30,2763,Camera Deluxe,5,0,0.0,False
2024-12-30,3231,Suite Familiare,1,0,0.0,False
2024-12-30,2767,Suite Familiare Vista Piscina,1,0,0.0,False
2024-12-30,2765,Appartamento Area Piscina,18,0,0.0,False
2024-12-30,2764,Appartamento Area Giardino,28,0,0.0,False
2024-12-30,5375,Villino 2Ten,1,0,0.0,False
2024-12-30,5376,Villino Double,1,0,0.0,False
2024-12-31,22380,OTA Camera Standard,3,0,0.0,False
2024-12-31,2761,Camera  Standard,14,0,0.0,False
2024-12-31,2762,Camera Superior,8,0,0.0,False
2024-12-31,2763,Camera Deluxe,5,0,0.0,False
2024-12-31,3231,Suite Familiare,1,0,0.0,False
2024-12-31,2767,Suite Familiare Vista Piscina,1,0,0.0,False
2024-12-31,2765,Appartamento Area Piscina,18,0,0.0,False
2024-12-31,2764,Appartamento Area Giardino,28,0,0.0,False
2024-12-31,5375,Villino 2Ten,1,0,0.0,False
2024-12-31,5376,Villino Double,1,0,0.0,False
2025-01-01,22380,OTA Camera Standard,3,0,0.0,False
2025-01-01,2761,Camera  Standard,14,0,0.0,False
2025-01-01,2762,Camera Superior,8,0,0.0,False
2025-01-01,2763,Camera Deluxe,5,0,0.0,False
2025-01-01,3231,Suite Familiare,1,0,0.0,False
2025-01-01,2767,Suite Familiare Vista Piscina,1,0,0.0,False
2025-01-01,2765,Appartamento Area Piscina,18,0,0.0,False
2025-01-01,2764,Appartamento Area Giardino,28,0,0.0,False
2025-01-01,5375,Villino 2Ten,1,0,0.0,False
2025-01-01,5376,Villino Double,1,0,0.0,False
2025-01-02,22380,OTA Camera Standard,3,0,0.0,False
2025-01-02,2761,Camera  Standard,14,0,0.0,False
2025-01-02,2762,Camera Superior,8,0,0.0,False
2025-01-02,2763,Camera Deluxe,5,0,0.0,False
2025-01-02,3231,Suite Familiare,1,0,0.0,False
2025-01-02,2767,Suite Familiare Vista Piscina,1,0,0.0,False
2025-01-02,2765,Appartamento Area Piscina,18,0,0.0,False
2025-01-02,2764,Appartamento Area Giardino,28,0,0.0,False
2025-01-02,5375,Villino 2Ten,1,0,0.0,False
2025-01-02,5376,Villino Double,1,0,0.0,False
2025-01-03,22380,OTA Camera Standard,3,0,0.0,False
2025-01-03,2761,Camera  Standard,14,0,0.0,False
2025-01-03,2762,Camera Superior,8,0,0.0,False
2025-01-03,2763,Camera Deluxe,5,0,0.0,False
2025-01-03,3231,Suite Familiare,1,0,0.0,False
2025-01-03,2767,Suite Familiare Vista Piscina,1,0,0.0,False
2025-01-03,2765,Appartamento Area Piscina,18,0,0.0,False
2025-01-03,2764,Appartamento Area Giardino,28,0,0.0,False
2025-01-03,5375,Villino 2Ten,1,0,0.0,False
2025-01-03,5376,Villino Double,1,0,0.0,False
2025-01-04,22380,OTA Camera Standard,3,0,0.0,False
2025-01-04,2761,Camera  Standard,14,0,0.0,False
2025-01-04,2762,Camera Superior,8,0,0.0,False
2025-01-04,2763,Camera Deluxe,5,0,0.0,False
2025-01-04,3231,Suite Familiare,1,0,0.0,False
2025-01-04,2767,Suite Familiare Vista Piscina,1,0,0.0,False
2025-01-04,2765,Appartamento Area Piscina,18,0,0.0,False
2025-01-04,2764,Appartamento Area Giardino,28,0,0.0,False
2025-01-04,5375,Villino 2Ten,1,0,0.0,False
2025-01-04,5376,Villino Double,1,0,0.0,False
2025-01-05,22380,OTA Camera Standard,3,0,0.0,False
2025-01-05,2761,Camera  Standard,14,0,0.0,False
2025-01-05,2762,Camera Superior,8,0,0.0,False
2025-01-05,2763,Camera Deluxe,5,0,0.0,False
2025-01-05,3231,Suite Familiare,1,0,0.0,False
2025-01-05,2767,Suite Familiare Vista Piscina,1,0,0.0,False
2025-01-05,2765,Appartamento Area Piscina,18,0,0.0,False
2025-01-05,2764,Appartamento Area Giardino,28,0,0.0,False
2025-01-05,5375,Villino 2Ten,1,0,0.0,False
2025-01-05,5376,Villino Double,1,0,0.0,False
2025-01-06,22380,OTA Camera Standard,3,0,0.0,False
2025-01-06,2761,Camera  Standard,14,0,0.0,False
2025-01-06,2762,Camera Superior,8,0,0.0,False
2025-01-06,2763,Camera Deluxe,5,0,0.0,False
2025-01-06,3231,Suite Familiare,1,0,0.0,False
2025-01-06,2767,Suite Familiare Vista Piscina,1,0,0.0,False
2025-01-06,2765,Appartamento Area Piscina,18,0,0.0,False
2025-01-06,2764,Appartamento Area Giardino,28,0,0.0,False
2025-01-06,5375,Villino 2Ten,1,0,0.0,False
2025-01-06,5376,Villino Double,1,0,0.0,False
2025-01-07,22380,OTA Camera Standard,3,0,0.0,False
2025-01-07,2761,Camera  Standard,14,0,0.0,False
2025-01-07,2762,Camera Superior,8,0,0.0,False
2025-01-07,2763,Camera Deluxe,5,0,0.0,False
2025-01-07,3231,Suite Familiare,1,0,0.0,False
2025-01-07,2767,Suite Familiare Vista Piscina,1,0,0.0,False
2025-01-07,2765,Appartamento Area Piscina,18,0,0.0,False
2025-01-07,2764,Appartamento Area Giardino,28,0,0.0,False
2025-01-07,5375,Villino 2Ten,1,0,0.0,False
2025-01-07,5376,Villino Double,1,0,0.0,False
2025-01-08,22380,OTA Camera Standard,3,0,0.0,False
2025-01-08,2761,Camera  Standard,14,0,0.0,False
2025-01-08,2762,Camera Superior,8,0,0.0,False
2025-01-08,2763,Camera Deluxe,5,0,0.0,False
2025-01-08,3231,Suite Familiare,1,0,0.0,False
2025-01-08,2767,Suite Familiare Vista Piscina,1,0,0.0,False
2025-01-08,2765,Appartamento Area Piscina,18,0,0.0,False
2025-01-08,2764,Appartamento Area Giardino,28,0,0.0,False
2025-01-08,5375,Villino 2Ten,1,0,0.0,False
2025-01-08,5376,Villino Double,1,0,0.0,False
2025-01-09,22380,OTA Camera Standard,3,0,0.0,False
2025-01-09,2761,Camera  Standard,14,0,0.0,False
2025-01-09,2762,Camera Superior,8,0,0.0,False
2025-01-09,2763,Camera Deluxe,5,0,0.0,False
2025-01-09,3231,Suite Familiare,1,0,0.0,False
2025-01-09,2767,Suite Familiare Vista Piscina,1,0,0.0,False
2025-01-09,2765,Appartamento Area Piscina,18,0,0.0,False
2025-01-09,2764,Appartamento Area Giardino,28,0,0.0,False
2025-01-09,5375,Villino 2Ten,1,0,0.0,False
2025-01-09,5376,Villino Double,1,0,0.0,False
2025-01-10,22380,OTA Camera Standard,3,0,0.0,False
2025-01-10,2761,Camera  Standard,14,0,0.0,False
2025-01-10,2762,Camera Superior,8,0,0.0,False
2025-01-10,2763,Camera Deluxe,5,0,0.0,False
2025-01-10,3231,Suite Familiare,1,0,0.0,False
2025-01-10,2767,Suite Familiare Vista Piscina,1,0,0.0,False
2025-01-10,2765,Appartamento Area Piscina,18,0,0.0,False
2025-01-10,2764,Appartamento Area Giardino,28,0,0.0,False
2025-01-10,5375,Villino 2Ten,1,0,0.0,False
2025-01-10,5376,Villino Double,1,0,0.0,False
2025-01-11,22380,OTA Camera Standard,3,0,0.0,False
2025-01-11,2761,Camera  Standard,14,0,0.0,False
2025-01-11,2762,Camera Superior,8,0,0.0,False
2025-01-11,2763,Camera Deluxe,5,0,0.0,False
2025-01-11,3231,Suite Familiare,1,0,0.0,False
2025-01-11,2767,Suite Familiare Vista Piscina,1,0,0.0,False
2025-01-11,2765,Appartamento Area Piscina,18,0,0.0,False
2025-01-11,2764,Appartamento Area Giardino,28,0,0.0,False
2025-01-11,5375,Villino 2Ten,1,0,0.0,False
2025-01-11,5376,Villino Double,1,0,0.0,False
2025-01-12,22380,OTA Camera Standard,3,0,0.0,False
2025-01-12,2761,Camera  Standard,14,0,0.0,False
2025-01-12,2762,Camera Superior,8,0,0.0,False
2025-01-12,2763,Camera Deluxe,5,0,0.0,False
2025-01-12,3231,Suite Familiare,1,0,0.0,False
2025-01-12,2767,Suite Familiare Vista Piscina,1,0,0.0,False
2025-01-12,2765,Appartamento Area Piscina,18,0,0.0,False
2025-01-12,2764,Appartamento Area Giardino,28,0,0.0,False
2025-01-12,5375,Villino 2Ten,1,0,0.0,False
2025-01-12,5376,Villino Double,1,0,0.0,False
2025-01-13,22380,OTA Camera Standard,3,0,0.0,False
2025-01-13,2761,Camera  Standard,14,0,0.0,False
2025-01-13,2762,Camera Superior,8,0,0.0,False
2025-01-13,2763,Camera Deluxe,5,0,0.0,False
2025-01-13,3231,Suite Familiare,1,0,0.0,False
2025-01-13,2767,Suite Familiare Vista Piscina,1,0,0.0,False
2025-01-13,2765,Appartamento Area Piscina,18,0,0.0,False
2025-01-13,2764,Appartamento Area Giardino,28,0,0.0,False
2025-01-13,5375,Villino 2Ten,1,0,0.0,False
2025-01-13,5376,Villino Double,1,0,0.0,False
2025-01-14,22380,OTA Camera Standard,3,0,0.0,False
2025-01-14,2761,Camera  Standard,14,0,0.0,False
2025-01-14,2762,Camera Superior,8,0,0.0,False
2025-01-14,2763,Camera Deluxe,5,0,0.0,False
2025-01-14,3231,Suite Familiare,1,0,0.0,False
2025-01-14,2767,Suite Familiare Vista Piscina,1,0,0.0,False
2025-01-14,2765,Appartamento Area Piscina,18,0,0.0,False
2025-01-14,2764,Appartamento Area Giardino,28,0,0.0,False
2025-01-14,5375,Villino 2Ten,1,0,0.0,False
2025-01-14,5376,Villino Double,1,0,0.0,False
2025-01-15,22380,OTA Camera Standard,3,0,0.0,False
2025-01-15,2761,Camera  Standard,14,0,0.0,False
2025-01-15,2762,Camera Superior,8,0,0.0,False
2025-01-15,2763,Camera Deluxe,5,0,0.0,False
2025-01-15,3231,Suite Familiare,1,0,0.0,False
2025-01-15,2767,Suite Familiare Vista Piscina,1,0,0.0,False
2025-01-15,2765,Appartamento Area Piscina,18,0,0.0,False
2025-01-15,2764,Appartamento Area Giardino,28,0,0.0,False
2025-01-15,5375,Villino 2Ten,1,0,0.0,False
2025-01-15,5376,Villino Double,1,0,0.0,False
2025-01-16,22380,OTA Camera Standard,3,0,0.0,False
2025-01-16,2761,Camera  Standard,14,0,0.0,False
2025-01-16,2762,Camera Superior,8,0,0.0,False
2025-01-16,2763,Camera Deluxe,5,0,0.0,False
2025-01-16,3231,Suite Familiare,1,0,0.0,False
2025-01-16,2767,Suite Familiare Vista Piscina,1,0,0.0,False
2025-01-16,2765,Appartamento Area Piscina,18,0,0.0,False
2025-01-16,2764,Appartamento Area Giardino,28,0,0.0,False
2025-01-16,5375,Villino 2Ten,1,0,0.0,False
2025-01-16,5376,Villino Double,1,0,0.0,False
2025-01-17,22380,OTA Camera Standard,3,0,0.0,False
2025-01-17,2761,Camera  Standard,14,0,0.0,False
2025-01-17,2762,Camera Superior,8,0,0.0,False
2025-01-17,2763,Camera Deluxe,5,0,0.0,False
2025-01-17,3231,Suite Familiare,1,0,0.0,False
2025-01-17,2767,Suite Familiare Vista Piscina,1,0,0.0,False
2025-01-17,2765,Appartamento Area Piscina,18,0,0.0,False
2025-01-17,2764,Appartamento Area Giardino,28,0,0.0,False
2025-01-17,5375,Villino 2Ten,1,0,0.0,False
2025-01-17,5376,Villino Double,1,0,0.0,False
2025-01-18,22380,OTA Camera Standard,3,0,0.0,False
2025-01-18,2761,Camera  Standard,14,0,0.0,False
2025-01-18,2762,Camera Superior,8,0,0.0,False
2025-01-18,2763,Camera Deluxe,5,0,0.0,False
2025-01-18,3231,Suite Familiare,1,0,0.0,False
2025-01-18,2767,Suite Familiare Vista Piscina,1,0,0.0,False
2025-01-18,2765,Appartamento Area Piscina,18,0,0.0,False
2025-01-18,2764,Appartamento Area Giardino,28,0,0.0,False
2025-01-18,5375,Villino 2Ten,1,0,0.0,False
2025-01-18,5376,Villino Double,1,0,0.0,False
2025-01-19,22380,OTA Camera Standard,3,0,0.0,False
2025-01-19,2761,Camera  Standard,14,0,0.0,False
2025-01-19,2762,Camera Superior,8,0,0.0,False
2025-01-19,2763,Camera Deluxe,5,0,0.0,False
2025-01-19,3231,Suite Familiare,1,0,0.0,False
2025-01-19,2767,Suite Familiare Vista Piscina,1,0,0.0,False
2025-01-19,2765,Appartamento Area Piscina,18,0,0.0,False
2025-01-19,2764,Appartamento Area Giardino,28,0,0.0,False
2025-01-19,5375,Villino 2Ten,1,0,0.0,False
2025-01-19,5376,Villino Double,1,0,0.0,False
2025-01-20,22380,OTA Camera Standard,3,0,0.0,False
2025-01-20,2761,Camera  Standard,14,0,0.0,False
2025-01-20,2762,Camera Superior,8,0,0.0,False
2025-01-20,2763,Camera Deluxe,5,0,0.0,False
2025-01-20,3231,Suite Familiare,1,0,0.0,False
2025-01-20,2767,Suite Familiare Vista Piscina,1,0,0.0,False
2025-01-20,2765,Appartamento Area Piscina,18,0,0.0,False
2025-01-20,2764,Appartamento Area Giardino,28,0,0.0,False
2025-01-20,5375,Villino 2Ten,1,0,0.0,False
2025-01-20,5376,Villino Double,1,0,0.0,False
2025-01-21,22380,OTA Camera Standard,3,0,0.0,False
2025-01-21,2761,Camera  Standard,14,0,0.0,False
2025-01-21,2762,Camera Superior,8,0,0.0,False
2025-01-21,2763,Camera Deluxe,5,0,0.0,False
2025-01-21,3231,Suite Familiare,1,0,0.0,False
2025-01-21,2767,Suite Familiare Vista Piscina,1,0,0.0,False
2025-01-21,2765,Appartamento Area Piscina,18,0,0.0,False
2025-01-21,2764,Appartamento Area Giardino,28,0,0.0,False
2025-01-21,5375,Villino 2Ten,1,0,0.0,False
2025-01-21,5376,Villino Double,1,0,0.0,False
2025-01-22,22380,OTA Camera Standard,3,0,0.0,False
2025-01-22,2761,Camera  Standard,14,0,0.0,False
2025-01-22,2762,Camera Superior,8,0,0.0,False
2025-01-22,2763,Camera Deluxe,5,0,0.0,False
2025-01-22,3231,Suite Familiare,1,0,0.0,False
2025-01-22,2767,Suite Familiare Vista Piscina,1,0,0.0,False
2025-01-22,2765,Appartamento Area Piscina,18,0,0.0,False
2025-01-22,2764,Appartamento Area Giardino,28,0,0.0,False
2025-01-22,5375,Villino 2Ten,1,0,0.0,False
2025-01-22,5376,Villino Double,1,0,0.0,False
2025-01-23,22380,OTA Camera Standard,3,0,0.0,False
2025-01-23,2761,Camera  Standard,14,0,0.0,False
2025-01-23,2762,Camera Superior,8,0,0.0,False
2025-01-23,2763,Camera Deluxe,5,0,0.0,False
2025-01-23,3231,Suite Familiare,1,0,0.0,False
2025-01-23,2767,Suite Familiare Vista Piscina,1,0,0.0,False
2025-01-23,2765,Appartamento Area Piscina,18,0,0.0,False
2025-01-23,2764,Appartamento Area Giardino,28,0,0.0,False
2025-01-23,5375,Villino 2Ten,1,0,0.0,False
2025-01-23,5376,Villino Double,1,0,0.0,False
2025-01-24,22380,OTA Camera Standard,3,0,0.0,False
2025-01-24,2761,Camera  Standard,14,0,0.0,False
2025-01-24,2762,Camera Superior,8,0,0.0,False
2025-01-24,2763,Camera Deluxe,5,0,0.0,False
2025-01-24,3231,Suite Familiare,1,0,0.0,False
2025-01-24,2767,Suite Familiare Vista Piscina,1,0,0.0,False
2025-01-24,2765,Appartamento Area Piscina,18,0,0.0,False
2025-01-24,2764,Appartamento Area Giardino,28,0,0.0,False
2025-01-24,5375,Villino 2Ten,1,0,0.0,False
2025-01-24,5376,Villino Double,1,0,0.0,False
2025-01-25,22380,OTA Camera Standard,3,0,0.0,False
2025-01-25,2761,Camera  Standard,14,0,0.0,False
2025-01-25,2762,Camera Superior,8,0,0.0,False
2025-01-25,2763,Camera Deluxe,5,0,0.0,False
2025-01-25,3231,Suite Familiare,1,0,0.0,False
2025-01-25,2767,Suite Familiare Vista Piscina,1,0,0.0,False
2025-01-25,2765,Appartamento Area Piscina,18,0,0.0,False
2025-01-25,2764,Appartamento Area Giardino,28,0,0.0,False
2025-01-25,5375,Villino 2Ten,1,0,0.0,False
2025-01-25,5376,Villino Double,1,0,0.0,False
2025-01-26,22380,OTA Camera Standard,3,0,0.0,False
2025-01-26,2761,Camera  Standard,14,0,0.0,False
2025-01-26,2762,Camera Superior,8,0,0.0,False
2025-01-26,2763,Camera Deluxe,5,0,0.0,False
2025-01-26,3231,Suite Familiare,1,0,0.0,False
2025-01-26,2767,Suite Familiare Vista Piscina,1,0,0.0,False
2025-01-26,2765,Appartamento Area Piscina,18,0,0.0,False
2025-01-26,2764,Appartamento Area Giardino,28,0,0.0,False
2025-01-26,5375,Villino 2Ten,1,0,0.0,False
2025-01-26,5376,Villino Double,1,0,0.0,False
2025-01-27,22380,OTA Camera Standard,3,0,0.0,False
2025-01-27,2761,Camera  Standard,14,0,0.0,False
2025-01-27,2762,Camera Superior,8,0,0.0,False
2025-01-27,2763,Camera Deluxe,5,0,0.0,False
2025-01-27,3231,Suite Familiare,1,0,0.0,False
2025-01-27,2767,Suite Familiare Vista Piscina,1,0,0.0,False
2025-01-27,2765,Appartamento Area Piscina,18,0,0.0,False
2025-01-27,2764,Appartamento Area Giardino,28,0,0.0,False
2025-01-27,5375,Villino 2Ten,1,0,0.0,False
2025-01-27,5376,Villino Double,1,0,0.0,False
2025-01-28,22380,OTA Camera Standard,3,0,0.0,False
2025-01-28,2761,Camera  Standard,14,0,0.0,False
2025-01-28,2762,Camera Superior,8,0,0.0,False
2025-01-28,2763,Camera Deluxe,5,0,0.0,False
2025-01-28,3231,Suite Familiare,1,0,0.0,False
2025-01-28,2767,Suite Familiare Vista Piscina,1,0,0.0,False
2025-01-28,2765,Appartamento Area Piscina,18,0,0.0,False
2025-01-28,2764,Appartamento Area Giardino,28,0,0.0,False
2025-01-28,5375,Villino 2Ten,1,0,0.0,False
2025-01-28,5376,Villino Double,1,0,0.0,False
2025-01-29,22380,OTA Camera Standard,3,0,0.0,False
2025-01-29,2761,Camera  Standard,14,0,0.0,False
2025-01-29,2762,Camera Superior,8,0,0.0,False
2025-01-29,2763,Camera Deluxe,5,0,0.0,False
2025-01-29,3231,Suite Familiare,1,0,0.0,False
2025-01-29,2767,Suite Familiare Vista Piscina,1,0,0.0,False
2025-01-29,2765,Appartamento Area Piscina,18,0,0.0,False
2025-01-29,2764,Appartamento Area Giardino,28,0,0.0,False
2025-01-29,5375,Villino 2Ten,1,0,0.0,False
2025-01-29,5376,Villino Double,1,0,0.0,False
2025-01-30,22380,OTA Camera Standard,3,0,0.0,False
2025-01-30,2761,Camera  Standard,14,0,0.0,False
2025-01-30,2762,Camera Superior,8,0,0.0,False
2025-01-30,2763,Camera Deluxe,5,0,0.0,False
2025-01-30,3231,Suite Familiare,1,0,0.0,False
2025-01-30,2767,Suite Familiare Vista Piscina,1,0,0.0,False
2025-01-30,2765,Appartamento Area Piscina,18,0,0.0,False
2025-01-30,2764,Appartamento Area Giardino,28,0,0.0,False
2025-01-30,5375,Villino 2Ten,1,0,0.0,False
2025-01-30,5376,Villino Double,1,0,0.0,False
2025-01-31,22380,OTA Camera Standard,3,0,0.0,False
2025-01-31,2761,Camera  Standard,14,0,0.0,False
2025-01-31,2762,Camera Superior,8,0,0.0,False
2025-01-31,2763,Camera Deluxe,5,0,0.0,False
2025-01-31,3231,Suite Familiare,1,0,0.0,False
2025-01-31,2767,Suite Familiare Vista Piscina,1,0,0.0,False
2025-01-31,2765,Appartamento Area Piscina,18,0,0.0,False
2025-01-31,2764,Appartamento Area Giardino,28,0,0.0,False
2025-01-31,5375,Villino 2Ten,1,0,0.0,False
2025-01-31,5376,Villino Double,1,0,0.0,False
2025-02-01,22380,OTA Camera Standard,3,0,0.0,False
2025-02-01,2761,Camera  Standard,14,0,0.0,False
2025-02-01,2762,Camera Superior,8,0,0.0,False
2025-02-01,2763,Camera Deluxe,5,0,0.0,False
2025-02-01,3231,Suite Familiare,1,0,0.0,False
2025-02-01,2767,Suite Familiare Vista Piscina,1,0,0.0,False
2025-02-01,2765,Appartamento Area Piscina,18,0,0.0,False
2025-02-01,2764,Appartamento Area Giardino,28,0,0.0,False
2025-02-01,5375,Villino 2Ten,1,0,0.0,False
2025-02-01,5376,Villino Double,1,0,0.0,False
2025-02-02,22380,OTA Camera Standard,3,0,0.0,False
2025-02-02,2761,Camera  Standard,14,0,0.0,False
2025-02-02,2762,Camera Superior,8,0,0.0,False
2025-02-02,2763,Camera Deluxe,5,0,0.0,False
2025-02-02,3231,Suite Familiare,1,0,0.0,False
2025-02-02,2767,Suite Familiare Vista Piscina,1,0,0.0,False
2025-02-02,2765,Appartamento Area Piscina,18,0,0.0,False
2025-02-02,2764,Appartamento Area Giardino,28,0,0.0,False
2025-02-02,5375,Villino 2Ten,1,0,0.0,False
2025-02-02,5376,Villino Double,1,0,0.0,False
2025-02-03,22380,OTA Camera Standard,3,0,0.0,False
2025-02-03,2761,Camera  Standard,14,0,0.0,False
2025-02-03,2762,Camera Superior,8,0,0.0,False
2025-02-03,2763,Camera Deluxe,5,0,0.0,False
2025-02-03,3231,Suite Familiare,1,0,0.0,False
2025-02-03,2767,Suite Familiare Vista Piscina,1,0,0.0,False
2025-02-03,2765,Appartamento Area Piscina,18,0,0.0,False
2025-02-03,2764,Appartamento Area Giardino,28,0,0.0,False
2025-02-03,5375,Villino 2Ten,1,0,0.0,False
2025-02-03,5376,Villino Double,1,0,0.0,False
2025-02-04,22380,OTA Camera Standard,3,0,0.0,False
2025-02-04,2761,Camera  Standard,14,0,0.0,False
2025-02-04,2762,Camera Superior,8,0,0.0,False
2025-02-04,2763,Camera Deluxe,5,0,0.0,False
2025-02-04,3231,Suite Familiare,1,0,0.0,False
2025-02-04,2767,Suite Familiare Vista Piscina,1,0,0.0,False
2025-02-04,2765,Appartamento Area Piscina,18,0,0.0,False
2025-02-04,2764,Appartamento Area Giardino,28,0,0.0,False
2025-02-04,5375,Villino 2Ten,1,0,0.0,False
2025-02-04,5376,Villino Double,1,0,0.0,False
2025-02-05,22380,OTA Camera Standard,3,0,0.0,False
2025-02-05,2761,Camera  Standard,14,0,0.0,False
2025-02-05,2762,Camera Superior,8,0,0.0,False
2025-02-05,2763,Camera Deluxe,5,0,0.0,False
2025-02-05,3231,Suite Familiare,1,0,0.0,False
2025-02-05,2767,Suite Familiare Vista Piscina,1,0,0.0,False
2025-02-05,2765,Appartamento Area Piscina,18,0,0.0,False
2025-02-05,2764,Appartamento Area Giardino,28,0,0.0,False
2025-02-05,5375,Villino 2Ten,1,0,0.0,False
2025-02-05,5376,Villino Double,1,0,0.0,False
2025-02-06,22380,OTA Camera Standard,3,0,0.0,False
2025-02-06,2761,Camera  Standard,14,0,0.0,False
2025-02-06,2762,Camera Superior,8,0,0.0,False
2025-02-06,2763,Camera Deluxe,5,0,0.0,False
2025-02-06,3231,Suite Familiare,1,0,0.0,False
2025-02-06,2767,Suite Familiare Vista Piscina,1,0,0.0,False
2025-02-06,2765,Appartamento Area Piscina,18,0,0.0,False
2025-02-06,2764,Appartamento Area Giardino,28,0,0.0,False
2025-02-06,5375,Villino 2Ten,1,0,0.0,False
2025-02-06,5376,Villino Double,1,0,0.0,False
2025-02-07,22380,OTA Camera Standard,3,0,0.0,False
2025-02-07,2761,Camera  Standard,14,0,0.0,False
2025-02-07,2762,Camera Superior,8,0,0.0,False
2025-02-07,2763,Camera Deluxe,5,0,0.0,False
2025-02-07,3231,Suite Familiare,1,0,0.0,False
2025-02-07,2767,Suite Familiare Vista Piscina,1,0,0.0,False
2025-02-07,2765,Appartamento Area Piscina,18,0,0.0,False
2025-02-07,2764,Appartamento Area Giardino,28,0,0.0,False
2025-02-07,5375,Villino 2Ten,1,0,0.0,False
2025-02-07,5376,Villino Double,1,0,0.0,False
2025-02-08,22380,OTA Camera Standard,3,0,0.0,False
2025-02-08,2761,Camera  Standard,14,0,0.0,False
2025-02-08,2762,Camera Superior,8,0,0.0,False
2025-02-08,2763,Camera Deluxe,5,0,0.0,False
2025-02-08,3231,Suite Familiare,1,0,0.0,False
2025-02-08,2767,Suite Familiare Vista Piscina,1,0,0.0,False
2025-02-08,2765,Appartamento Area Piscina,18,0,0.0,False
2025-02-08,2764,Appartamento Area Giardino,28,0,0.0,False
2025-02-08,5375,Villino 2Ten,1,0,0.0,False
2025-02-08,5376,Villino Double,1,0,0.0,False
2025-02-09,22380,OTA Camera Standard,3,0,0.0,False
2025-02-09,2761,Camera  Standard,14,0,0.0,False
2025-02-09,2762,Camera Superior,8,0,0.0,False
2025-02-09,2763,Camera Deluxe,5,0,0.0,False
2025-02-09,3231,Suite Familiare,1,0,0.0,False
2025-02-09,2767,Suite Familiare Vista Piscina,1,0,0.0,False
2025-02-09,2765,Appartamento Area Piscina,18,0,0.0,False
2025-02-09,2764,Appartamento Area Giardino,28,0,0.0,False
2025-02-09,5375,Villino 2Ten,1,0,0.0,False
2025-02-09,5376,Villino Double,1,0,0.0,False
2025-02-10,22380,OTA Camera Standard,3,0,0.0,False
2025-02-10,2761,Camera  Standard,14,0,0.0,False
2025-02-10,2762,Camera Superior,8,0,0.0,False
2025-02-10,2763,Camera Deluxe,5,0,0.0,False
2025-02-10,3231,Suite Familiare,1,0,0.0,False
2025-02-10,2767,Suite Familiare Vista Piscina,1,0,0.0,False
2025-02-10,2765,Appartamento Area Piscina,18,0,0.0,False
2025-02-10,2764,Appartamento Area Giardino,28,0,0.0,False
2025-02-10,5375,Villino 2Ten,1,0,0.0,False
2025-02-10,5376,Villino Double,1,0,0.0,False
2025-02-11,22380,OTA Camera Standard,3,0,0.0,False
2025-02-11,2761,Camera  Standard,14,0,0.0,False
2025-02-11,2762,Camera Superior,8,0,0.0,False
2025-02-11,2763,Camera Deluxe,5,0,0.0,False
2025-02-11,3231,Suite Familiare,1,0,0.0,False
2025-02-11,2767,Suite Familiare Vista Piscina,1,0,0.0,False
2025-02-11,2765,Appartamento Area Piscina,18,0,0.0,False
2025-02-11,2764,Appartamento Area Giardino,28,0,0.0,False
2025-02-11,5375,Villino 2Ten,1,0,0.0,False
2025-02-11,5376,Villino Double,1,0,0.0,False
2025-02-12,22380,OTA Camera Standard,3,0,0.0,False
2025-02-12,2761,Camera  Standard,14,0,0.0,False
2025-02-12,2762,Camera Superior,8,0,0.0,False
2025-02-12,2763,Camera Deluxe,5,0,0.0,False
2025-02-12,3231,Suite Familiare,1,0,0.0,False
2025-02-12,2767,Suite Familiare Vista Piscina,1,0,0.0,False
2025-02-12,2765,Appartamento Area Piscina,18,0,0.0,False
2025-02-12,2764,Appartamento Area Giardino,28,0,0.0,False
2025-02-12,5375,Villino 2Ten,1,0,0.0,False
2025-02-12,5376,Villino Double,1,0,0.0,False
2025-02-13,22380,OTA Camera Standard,3,0,0.0,False
2025-02-13,2761,Camera  Standard,14,0,0.0,False
2025-02-13,2762,Camera Superior,8,0,0.0,False
2025-02-13,2763,Camera Deluxe,5,0,0.0,False
2025-02-13,3231,Suite Familiare,1,0,0.0,False
2025-02-13,2767,Suite Familiare Vista Piscina,1,0,0.0,False
2025-02-13,2765,Appartamento Area Piscina,18,0,0.0,False
2025-02-13,2764,Appartamento Area Giardino,28,0,0.0,False
2025-02-13,5375,Villino 2Ten,1,0,0.0,False
2025-02-13,5376,Villino Double,1,0,0.0,False
2025-02-14,22380,OTA Camera Standard,3,0,0.0,False
2025-02-14,2761,Camera  Standard,14,0,0.0,False
2025-02-14,2762,Camera Superior,8,0,0.0,False
2025-02-14,2763,Camera Deluxe,5,0,0.0,False
2025-02-14,3231,Suite Familiare,1,0,0.0,False
2025-02-14,2767,Suite Familiare Vista Piscina,1,0,0.0,False
2025-02-14,2765,Appartamento Area Piscina,18,0,0.0,False
2025-02-14,2764,Appartamento Area Giardino,28,0,0.0,False
2025-02-14,5375,Villino 2Ten,1,0,0.0,False
2025-02-14,5376,Villino Double,1,0,0.0,False
2025-02-15,22380,OTA Camera Standard,3,0,0.0,False
2025-02-15,2761,Camera  Standard,14,0,0.0,False
2025-02-15,2762,Camera Superior,8,0,0.0,False
2025-02-15,2763,Camera Deluxe,5,0,0.0,False
2025-02-15,3231,Suite Familiare,1,0,0.0,False
2025-02-15,2767,Suite Familiare Vista Piscina,1,0,0.0,False
2025-02-15,2765,Appartamento Area Piscina,18,0,0.0,False
2025-02-15,2764,Appartamento Area Giardino,28,0,0.0,False
2025-02-15,5375,Villino 2Ten,1,0,0.0,False
2025-02-15,5376,Villino Double,1,0,0.0,False
2025-02-16,22380,OTA Camera Standard,3,0,0.0,False
2025-02-16,2761,Camera  Standard,14,0,0.0,False
2025-02-16,2762,Camera Superior,8,0,0.0,False
2025-02-16,2763,Camera Deluxe,5,0,0.0,False
2025-02-16,3231,Suite Familiare,1,0,0.0,False
2025-02-16,2767,Suite Familiare Vista Piscina,1,0,0.0,False
2025-02-16,2765,Appartamento Area Piscina,18,0,0.0,False
2025-02-16,2764,Appartamento Area Giardino,28,0,0.0,False
2025-02-16,5375,Villino 2Ten,1,0,0.0,False
2025-02-16,5376,Villino Double,1,0,0.0,False
2025-02-17,22380,OTA Camera Standard,3,0,0.0,False
2025-02-17,2761,Camera  Standard,14,0,0.0,False
2025-02-17,2762,Camera Superior,8,0,0.0,False
2025-02-17,2763,Camera Deluxe,5,0,0.0,False
2025-02-17,3231,Suite Familiare,1,0,0.0,False
2025-02-17,2767,Suite Familiare Vista Piscina,1,0,0.0,False
2025-02-17,2765,Appartamento Area Piscina,18,0,0.0,False
2025-02-17,2764,Appartamento Area Giardino,28,0,0.0,False
2025-02-17,5375,Villino 2Ten,1,0,0.0,False
2025-02-17,5376,Villino Double,1,0,0.0,False
2025-02-18,22380,OTA Camera Standard,3,0,0.0,False
2025-02-18,2761,Camera  Standard,14,0,0.0,False
2025-02-18,2762,Camera Superior,8,0,0.0,False
2025-02-18,2763,Camera Deluxe,5,0,0.0,False
2025-02-18,3231,Suite Familiare,1,0,0.0,False
2025-02-18,2767,Suite Familiare Vista Piscina,1,0,0.0,False
2025-02-18,2765,Appartamento Area Piscina,18,0,0.0,False
2025-02-18,2764,Appartamento Area Giardino,28,0,0.0,False
2025-02-18,5375,Villino 2Ten,1,0,0.0,False
2025-02-18,5376,Villino Double,1,0,0.0,False
2025-02-19,22380,OTA Camera Standard,3,0,0.0,False
2025-02-19,2761,Camera  Standard,14,0,0.0,False
2025-02-19,2762,Camera Superior,8,0,0.0,False
2025-02-19,2763,Camera Deluxe,5,0,0.0,False
2025-02-19,3231,Suite Familiare,1,0,0.0,False
2025-02-19,2767,Suite Familiare Vista Piscina,1,0,0.0,False
2025-02-19,2765,Appartamento Area Piscina,18,0,0.0,False
2025-02-19,2764,Appartamento Area Giardino,28,0,0.0,False
2025-02-19,5375,Villino 2Ten,1,0,0.0,False
2025-02-19,5376,Villino Double,1,0,0.0,False
2025-02-20,22380,OTA Camera Standard,3,0,0.0,False
2025-02-20,2761,Camera  Standard,14,0,0.0,False
2025-02-20,2762,Camera Superior,8,0,0.0,False
2025-02-20,2763,Camera Deluxe,5,0,0.0,False
2025-02-20,3231,Suite Familiare,1,0,0.0,False
2025-02-20,2767,Suite Familiare Vista Piscina,1,0,0.0,False
2025-02-20,2765,Appartamento Area Piscina,18,0,0.0,False
2025-02-20,2764,Appartamento Area Giardino,28,0,0.0,False
2025-02-20,5375,Villino 2Ten,1,0,0.0,False
2025-02-20,5376,Villino Double,1,0,0.0,False
2025-02-21,22380,OTA Camera Standard,3,0,0.0,False
2025-02-21,2761,Camera  Standard,14,0,0.0,False
2025-02-21,2762,Camera Superior,8,0,0.0,False
2025-02-21,2763,Camera Deluxe,5,0,0.0,False
2025-02-21,3231,Suite Familiare,1,0,0.0,False
2025-02-21,2767,Suite Familiare Vista Piscina,1,0,0.0,False
2025-02-21,2765,Appartamento Area Piscina,18,0,0.0,False
2025-02-21,2764,Appartamento Area Giardino,28,0,0.0,False
2025-02-21,5375,Villino 2Ten,1,0,0.0,False
2025-02-21,5376,Villino Double,1,0,0.0,False
2025-02-22,22380,OTA Camera Standard,3,0,0.0,False
2025-02-22,2761,Camera  Standard,14,0,0.0,False
2025-02-22,2762,Camera Superior,8,0,0.0,False
2025-02-22,2763,Camera Deluxe,5,0,0.0,False
2025-02-22,3231,Suite Familiare,1,0,0.0,False
2025-02-22,2767,Suite Familiare Vista Piscina,1,0,0.0,False
2025-02-22,2765,Appartamento Area Piscina,18,0,0.0,False
2025-02-22,2764,Appartamento Area Giardino,28,0,0.0,False
2025-02-22,5375,Villino 2Ten,1,0,0.0,False
2025-02-22,5376,Villino Double,1,0,0.0,False
2025-02-23,22380,OTA Camera Standard,3,0,0.0,False
2025-02-23,2761,Camera  Standard,14,0,0.0,False
2025-02-23,2762,Camera Superior,8,0,0.0,False
2025-02-23,2763,Camera Deluxe,5,0,0.0,False
2025-02-23,3231,Suite Familiare,1,0,0.0,False
2025-02-23,2767,Suite Familiare Vista Piscina,1,0,0.0,False
2025-02-23,2765,Appartamento Area Piscina,18,0,0.0,False
2025-02-23,2764,Appartamento Area Giardino,28,0,0.0,False
2025-02-23,5375,Villino 2Ten,1,0,0.0,False
2025-02-23,5376,Villino Double,1,0,0.0,False
2025-02-24,22380,OTA Camera Standard,3,0,0.0,False
2025-02-24,2761,Camera  Standard,14,0,0.0,False
2025-02-24,2762,Camera Superior,8,0,0.0,False
2025-02-24,2763,Camera Deluxe,5,0,0.0,False
2025-02-24,3231,Suite Familiare,1,0,0.0,False
2025-02-24,2767,Suite Familiare Vista Piscina,1,0,0.0,False
2025-02-24,2765,Appartamento Area Piscina,18,0,0.0,False
2025-02-24,2764,Appartamento Area Giardino,28,0,0.0,False
2025-02-24,5375,Villino 2Ten,1,0,0.0,False
2025-02-24,5376,Villino Double,1,0,0.0,False
2025-02-25,22380,OTA Camera Standard,3,0,0.0,False
2025-02-25,2761,Camera  Standard,14,0,0.0,False
2025-02-25,2762,Camera Superior,8,0,0.0,False
2025-02-25,2763,Camera Deluxe,5,0,0.0,False
2025-02-25,3231,Suite Familiare,1,0,0.0,False
2025-02-25,2767,Suite Familiare Vista Piscina,1,0,0.0,False
2025-02-25,2765,Appartamento Area Piscina,18,0,0.0,False
2025-02-25,2764,Appartamento Area Giardino,28,0,0.0,False
2025-02-25,5375,Villino 2Ten,1,0,0.0,False
2025-02-25,5376,Villino Double,1,0,0.0,False
2025-02-26,22380,OTA Camera Standard,3,0,0.0,False
2025-02-26,2761,Camera  Standard,14,0,0.0,False
2025-02-26,2762,Camera Superior,8,0,0.0,False
2025-02-26,2763,Camera Deluxe,5,0,0.0,False
2025-02-26,3231,Suite Familiare,1,0,0.0,False
2025-02-26,2767,Suite Familiare Vista Piscina,1,0,0.0,False
2025-02-26,2765,Appartamento Area Piscina,18,0,0.0,False
2025-02-26,2764,Appartamento Area Giardino,28,0,0.0,False
2025-02-26,5375,Villino 2Ten,1,0,0.0,False
2025-02-26,5376,Villino Double,1,0,0.0,False
2025-02-27,22380,OTA Camera Standard,3,0,0.0,False
2025-02-27,2761,Camera  Standard,14,0,0.0,False
2025-02-27,2762,Camera Superior,8,0,0.0,False
2025-02-27,2763,Camera Deluxe,5,0,0.0,False
2025-02-27,3231,Suite Familiare,1,0,0.0,False
2025-02-27,2767,Suite Familiare Vista Piscina,1,0,0.0,False
2025-02-27,2765,Appartamento Area Piscina,18,0,0.0,False
2025-02-27,2764,Appartamento Area Giardino,28,0,0.0,False
2025-02-27,5375,Villino 2Ten,1,0,0.0,False
2025-02-27,5376,Villino Double,1,0,0.0,False
2025-02-28,22380,OTA Camera Standard,3,0,0.0,False
2025-02-28,2761,Camera  Standard,14,0,0.0,False
2025-02-28,2762,Camera Superior,8,0,0.0,False
2025-02-28,2763,Camera Deluxe,5,0,0.0,False
2025-02-28,3231,Suite Familiare,1,0,0.0,False
2025-02-28,2767,Suite Familiare Vista Piscina,1,0,0.0,False
2025-02-28,2765,Appartamento Area Piscina,18,0,0.0,False
2025-02-28,2764,Appartamento Area Giardino,28,0,0.0,False
2025-02-28,5375,Villino 2Ten,1,0,0.0,False
2025-02-28,5376,Villino Double,1,0,0.0,False
2025-03-01,22380,OTA Camera Standard,3,0,0.0,False
2025-03-01,2761,Camera  Standard,14,0,0.0,False
2025-03-01,2762,Camera Superior,8,0,0.0,False
2025-03-01,2763,Camera Deluxe,5,0,0.0,False
2025-03-01,3231,Suite Familiare,1,0,0.0,False
2025-03-01,2767,Suite Familiare Vista Piscina,1,0,0.0,False
2025-03-01,2765,Appartamento Area Piscina,18,0,0.0,False
2025-03-01,2764,Appartamento Area Giardino,28,0,0.0,False
2025-03-01,5375,Villino 2Ten,1,0,0.0,False
2025-03-01,5376,Villino Double,1,0,0.0,False
2025-03-02,22380,OTA Camera Standard,3,0,0.0,False
2025-03-02,2761,Camera  Standard,14,0,0.0,False
2025-03-02,2762,Camera Superior,8,0,0.0,False
2025-03-02,2763,Camera Deluxe,5,0,0.0,False
2025-03-02,3231,Suite Familiare,1,0,0.0,False
2025-03-02,2767,Suite Familiare Vista Piscina,1,0,0.0,False
2025-03-02,2765,Appartamento Area Piscina,18,0,0.0,False
2025-03-02,2764,Appartamento Area Giardino,28,0,0.0,False
2025-03-02,5375,Villino 2Ten,1,0,0.0,False
2025-03-02,5376,Villino Double,1,0,0.0,False
2025-03-03,22380,OTA Camera Standard,3,0,0.0,False
2025-03-03,2761,Camera  Standard,14,0,0.0,False
2025-03-03,2762,Camera Superior,8,0,0.0,False
2025-03-03,2763,Camera Deluxe,5,0,0.0,False
2025-03-03,3231,Suite Familiare,1,0,0.0,False
2025-03-03,2767,Suite Familiare Vista Piscina,1,0,0.0,False
2025-03-03,2765,Appartamento Area Piscina,18,0,0.0,False
2025-03-03,2764,Appartamento Area Giardino,28,0,0.0,False
2025-03-03,5375,Villino 2Ten,1,0,0.0,False
2025-03-03,5376,Villino Double,1,0,0.0,False
2025-03-04,22380,OTA Camera Standard,3,0,0.0,False
2025-03-04,2761,Camera  Standard,14,0,0.0,False
2025-03-04,2762,Camera Superior,8,0,0.0,False
2025-03-04,2763,Camera Deluxe,5,0,0.0,False
2025-03-04,3231,Suite Familiare,1,0,0.0,False
2025-03-04,2767,Suite Familiare Vista Piscina,1,0,0.0,False
2025-03-04,2765,Appartamento Area Piscina,18,0,0.0,False
2025-03-04,2764,Appartamento Area Giardino,28,0,0.0,False
2025-03-04,5375,Villino 2Ten,1,0,0.0,False
2025-03-04,5376,Villino Double,1,0,0.0,False
2025-03-05,22380,OTA Camera Standard,3,0,0.0,False
2025-03-05,2761,Camera  Standard,14,0,0.0,False
2025-03-05,2762,Camera Superior,8,0,0.0,False
2025-03-05,2763,Camera Deluxe,5,0,0.0,False
2025-03-05,3231,Suite Familiare,1,0,0.0,False
2025-03-05,2767,Suite Familiare Vista Piscina,1,0,0.0,False
2025-03-05,2765,Appartamento Area Piscina,18,0,0.0,False
2025-03-05,2764,Appartamento Area Giardino,28,0,0.0,False
2025-03-05,5375,Villino 2Ten,1,0,0.0,False
2025-03-05,5376,Villino Double,1,0,0.0,False
2025-03-06,22380,OTA Camera Standard,3,0,0.0,False
2025-03-06,2761,Camera  Standard,14,0,0.0,False
2025-03-06,2762,Camera Superior,8,0,0.0,False
2025-03-06,2763,Camera Deluxe,5,0,0.0,False
2025-03-06,3231,Suite Familiare,1,0,0.0,False
2025-03-06,2767,Suite Familiare Vista Piscina,1,0,0.0,False
2025-03-06,2765,Appartamento Area Piscina,18,0,0.0,False
2025-03-06,2764,Appartamento Area Giardino,28,0,0.0,False
2025-03-06,5375,Villino 2Ten,1,0,0.0,False
2025-03-06,5376,Villino Double,1,0,0.0,False
2025-03-07,22380,OTA Camera Standard,3,0,0.0,False
2025-03-07,2761,Camera  Standard,14,0,0.0,False
2025-03-07,2762,Camera Superior,8,0,0.0,False
2025-03-07,2763,Camera Deluxe,5,0,0.0,False
2025-03-07,3231,Suite Familiare,1,0,0.0,False
2025-03-07,2767,Suite Familiare Vista Piscina,1,0,0.0,False
2025-03-07,2765,Appartamento Area Piscina,18,0,0.0,False
2025-03-07,2764,Appartamento Area Giardino,28,0,0.0,False
2025-03-07,5375,Villino 2Ten,1,0,0.0,False
2025-03-07,5376,Villino Double,1,0,0.0,False
2025-03-08,22380,OTA Camera Standard,3,0,0.0,False
2025-03-08,2761,Camera  Standard,14,0,0.0,False
2025-03-08,2762,Camera Superior,8,0,0.0,False
2025-03-08,2763,Camera Deluxe,5,0,0.0,False
2025-03-08,3231,Suite Familiare,1,0,0.0,False
2025-03-08,2767,Suite Familiare Vista Piscina,1,0,0.0,False
2025-03-08,2765,Appartamento Area Piscina,18,0,0.0,False
2025-03-08,2764,Appartamento Area Giardino,28,0,0.0,False
2025-03-08,5375,Villino 2Ten,1,0,0.0,False
2025-03-08,5376,Villino Double,1,0,0.0,False
2025-03-09,22380,OTA Camera Standard,3,0,0.0,False
2025-03-09,2761,Camera  Standard,14,0,0.0,False
2025-03-09,2762,Camera Superior,8,0,0.0,False
2025-03-09,2763,Camera Deluxe,5,0,0.0,False
2025-03-09,3231,Suite Familiare,1,0,0.0,False
2025-03-09,2767,Suite Familiare Vista Piscina,1,0,0.0,False
2025-03-09,2765,Appartamento Area Piscina,18,0,0.0,False
2025-03-09,2764,Appartamento Area Giardino,28,0,0.0,False
2025-03-09,5375,Villino 2Ten,1,0,0.0,False
2025-03-09,5376,Villino Double,1,0,0.0,False
2025-03-10,22380,OTA Camera Standard,3,0,0.0,False
2025-03-10,2761,Camera  Standard,14,0,0.0,False
2025-03-10,2762,Camera Superior,8,0,0.0,False
2025-03-10,2763,Camera Deluxe,5,0,0.0,False
2025-03-10,3231,Suite Familiare,1,0,0.0,False
2025-03-10,2767,Suite Familiare Vista Piscina,1,0,0.0,False
2025-03-10,2765,Appartamento Area Piscina,18,0,0.0,False
2025-03-10,2764,Appartamento Area Giardino,28,0,0.0,False
2025-03-10,5375,Villino 2Ten,1,0,0.0,False
2025-03-10,5376,Villino Double,1,0,0.0,False
2025-03-11,22380,OTA Camera Standard,3,0,0.0,False
2025-03-11,2761,Camera  Standard,14,0,0.0,False
2025-03-11,2762,Camera Superior,8,0,0.0,False
2025-03-11,2763,Camera Deluxe,5,0,0.0,False
2025-03-11,3231,Suite Familiare,1,0,0.0,False
2025-03-11,2767,Suite Familiare Vista Piscina,1,0,0.0,False
2025-03-11,2765,Appartamento Area Piscina,18,0,0.0,False
2025-03-11,2764,Appartamento Area Giardino,28,0,0.0,False
2025-03-11,5375,Villino 2Ten,1,0,0.0,False
2025-03-11,5376,Villino Double,1,0,0.0,False
2025-03-12,22380,OTA Camera Standard,3,0,0.0,False
2025-03-12,2761,Camera  Standard,14,0,0.0,False
2025-03-12,2762,Camera Superior,8,0,0.0,False
2025-03-12,2763,Camera Deluxe,5,0,0.0,False
2025-03-12,3231,Suite Familiare,1,0,0.0,False
2025-03-12,2767,Suite Familiare Vista Piscina,1,0,0.0,False
2025-03-12,2765,Appartamento Area Piscina,18,0,0.0,False
2025-03-12,2764,Appartamento Area Giardino,28,0,0.0,False
2025-03-12,5375,Villino 2Ten,1,0,0.0,False
2025-03-12,5376,Villino Double,1,0,0.0,False
2025-03-13,22380,OTA Camera Standard,3,0,0.0,False
2025-03-13,2761,Camera  Standard,14,0,0.0,False
2025-03-13,2762,Camera Superior,8,0,0.0,False
2025-03-13,2763,Camera Deluxe,5,0,0.0,False
2025-03-13,3231,Suite Familiare,1,0,0.0,False
2025-03-13,2767,Suite Familiare Vista Piscina,1,0,0.0,False
2025-03-13,2765,Appartamento Area Piscina,18,0,0.0,False
2025-03-13,2764,Appartamento Area Giardino,28,0,0.0,False
2025-03-13,5375,Villino 2Ten,1,0,0.0,False
2025-03-13,5376,Villino Double,1,0,0.0,False
2025-03-14,22380,OTA Camera Standard,3,0,0.0,False
2025-03-14,2761,Camera  Standard,14,0,0.0,False
2025-03-14,2762,Camera Superior,8,0,0.0,False
2025-03-14,2763,Camera Deluxe,5,0,0.0,False
2025-03-14,3231,Suite Familiare,1,0,0.0,False
2025-03-14,2767,Suite Familiare Vista Piscina,1,0,0.0,False
2025-03-14,2765,Appartamento Area Piscina,18,0,0.0,False
2025-03-14,2764,Appartamento Area Giardino,28,0,0.0,False
2025-03-14,5375,Villino 2Ten,1,0,0.0,False
2025-03-14,5376,Villino Double,1,0,0.0,False
2025-03-15,22380,OTA Camera Standard,3,0,0.0,False
2025-03-15,2761,Camera  Standard,14,0,0.0,False
2025-03-15,2762,Camera Superior,8,0,0.0,False
2025-03-15,2763,Camera Deluxe,5,0,0.0,False
2025-03-15,3231,Suite Familiare,1,0,0.0,False
2025-03-15,2767,Suite Familiare Vista Piscina,1,0,0.0,False
2025-03-15,2765,Appartamento Area Piscina,18,0,0.0,False
2025-03-15,2764,Appartamento Area Giardino,28,0,0.0,False
2025-03-15,5375,Villino 2Ten,1,0,0.0,False
2025-03-15,5376,Villino Double,1,0,0.0,False
2025-03-16,22380,OTA Camera Standard,3,0,0.0,False
2025-03-16,2761,Camera  Standard,14,0,0.0,False
2025-03-16,2762,Camera Superior,8,0,0.0,False
2025-03-16,2763,Camera Deluxe,5,0,0.0,False
2025-03-16,3231,Suite Familiare,1,0,0.0,False
2025-03-16,2767,Suite Familiare Vista Piscina,1,0,0.0,False
2025-03-16,2765,Appartamento Area Piscina,18,0,0.0,False
2025-03-16,2764,Appartamento Area Giardino,28,0,0.0,False
2025-03-16,5375,Villino 2Ten,1,0,0.0,False
2025-03-16,5376,Villino Double,1,0,0.0,False
2025-03-17,22380,OTA Camera Standard,3,0,0.0,False
2025-03-17,2761,Camera  Standard,14,0,0.0,False
2025-03-17,2762,Camera Superior,8,0,0.0,False
2025-03-17,2763,Camera Deluxe,5,0,0.0,False
2025-03-17,3231,Suite Familiare,1,0,0.0,False
2025-03-17,2767,Suite Familiare Vista Piscina,1,0,0.0,False
2025-03-17,2765,Appartamento Area Piscina,18,0,0.0,False
2025-03-17,2764,Appartamento Area Giardino,28,0,0.0,False
2025-03-17,5375,Villino 2Ten,1,0,0.0,False
2025-03-17,5376,Villino Double,1,0,0.0,False
2025-03-18,22380,OTA Camera Standard,3,0,0.0,False
2025-03-18,2761,Camera  Standard,14,0,0.0,False
2025-03-18,2762,Camera Superior,8,0,0.0,False
2025-03-18,2763,Camera Deluxe,5,0,0.0,False
2025-03-18,3231,Suite Familiare,1,0,0.0,False
2025-03-18,2767,Suite Familiare Vista Piscina,1,0,0.0,False
2025-03-18,2765,Appartamento Area Piscina,18,0,0.0,False
2025-03-18,2764,Appartamento Area Giardino,28,0,0.0,False
2025-03-18,5375,Villino 2Ten,1,0,0.0,False
2025-03-18,5376,Villino Double,1,0,0.0,False
2025-03-19,22380,OTA Camera Standard,3,0,0.0,False
2025-03-19,2761,Camera  Standard,14,0,0.0,False
2025-03-19,2762,Camera Superior,8,0,0.0,False
2025-03-19,2763,Camera Deluxe,5,0,0.0,False
2025-03-19,3231,Suite Familiare,1,0,0.0,False
2025-03-19,2767,Suite Familiare Vista Piscina,1,0,0.0,False
2025-03-19,2765,Appartamento Area Piscina,18,0,0.0,False
2025-03-19,2764,Appartamento Area Giardino,28,0,0.0,False
2025-03-19,5375,Villino 2Ten,1,0,0.0,False
2025-03-19,5376,Villino Double,1,0,0.0,False
2025-03-20,22380,OTA Camera Standard,3,0,0.0,False
2025-03-20,2761,Camera  Standard,14,0,0.0,False
2025-03-20,2762,Camera Superior,8,0,0.0,False
2025-03-20,2763,Camera Deluxe,5,0,0.0,False
2025-03-20,3231,Suite Familiare,1,0,0.0,False
2025-03-20,2767,Suite Familiare Vista Piscina,1,0,0.0,False
2025-03-20,2765,Appartamento Area Piscina,18,0,0.0,False
2025-03-20,2764,Appartamento Area Giardino,28,0,0.0,False
2025-03-20,5375,Villino 2Ten,1,0,0.0,False
2025-03-20,5376,Villino Double,1,0,0.0,False
2025-03-21,22380,OTA Camera Standard,3,0,0.0,False
2025-03-21,2761,Camera  Standard,14,0,0.0,False
2025-03-21,2762,Camera Superior,8,0,0.0,False
2025-03-21,2763,Camera Deluxe,5,0,0.0,False
2025-03-21,3231,Suite Familiare,1,0,0.0,False
2025-03-21,2767,Suite Familiare Vista Piscina,1,0,0.0,False
2025-03-21,2765,Appartamento Area Piscina,18,0,0.0,False
2025-03-21,2764,Appartamento Area Giardino,28,0,0.0,False
2025-03-21,5375,Villino 2Ten,1,0,0.0,False
2025-03-21,5376,Villino Double,1,0,0.0,False
2025-03-22,22380,OTA Camera Standard,3,0,0.0,False
2025-03-22,2761,Camera  Standard,14,0,0.0,False
2025-03-22,2762,Camera Superior,8,0,0.0,False
2025-03-22,2763,Camera Deluxe,5,0,0.0,False
2025-03-22,3231,Suite Familiare,1,0,0.0,False
2025-03-22,2767,Suite Familiare Vista Piscina,1,0,0.0,False
2025-03-22,2765,Appartamento Area Piscina,18,0,0.0,False
2025-03-22,2764,Appartamento Area Giardino,28,0,0.0,False
2025-03-22,5375,Villino 2Ten,1,0,0.0,False
2025-03-22,5376,Villino Double,1,0,0.0,False
2025-03-23,22380,OTA Camera Standard,3,0,0.0,False
2025-03-23,2761,Camera  Standard,14,0,0.0,False
2025-03-23,2762,Camera Superior,8,0,0.0,False
2025-03-23,2763,Camera Deluxe,5,0,0.0,False
2025-03-23,3231,Suite Familiare,1,0,0.0,False
2025-03-23,2767,Suite Familiare Vista Piscina,1,0,0.0,False
2025-03-23,2765,Appartamento Area Piscina,18,0,0.0,False
2025-03-23,2764,Appartamento Area Giardino,28,0,0.0,False
2025-03-23,5375,Villino 2Ten,1,0,0.0,False
2025-03-23,5376,Villino Double,1,0,0.0,False
2025-03-24,22380,OTA Camera Standard,3,0,0.0,False
2025-03-24,2761,Camera  Standard,14,0,0.0,False
2025-03-24,2762,Camera Superior,8,0,0.0,False
2025-03-24,2763,Camera Deluxe,5,0,0.0,False
2025-03-24,3231,Suite Familiare,1,0,0.0,False
2025-03-24,2767,Suite Familiare Vista Piscina,1,0,0.0,False
2025-03-24,2765,Appartamento Area Piscina,18,0,0.0,False
2025-03-24,2764,Appartamento Area Giardino,28,0,0.0,False
2025-03-24,5375,Villino 2Ten,1,0,0.0,False
2025-03-24,5376,Villino Double,1,0,0.0,False
2025-03-25,22380,OTA Camera Standard,3,0,0.0,False
2025-03-25,2761,Camera  Standard,14,0,0.0,False
2025-03-25,2762,Camera Superior,8,0,0.0,False
2025-03-25,2763,Camera Deluxe,5,0,0.0,False
2025-03-25,3231,Suite Familiare,1,0,0.0,False
2025-03-25,2767,Suite Familiare Vista Piscina,1,0,0.0,False
2025-03-25,2765,Appartamento Area Piscina,18,0,0.0,False
2025-03-25,2764,Appartamento Area Giardino,28,0,0.0,False
2025-03-25,5375,Villino 2Ten,1,0,0.0,False
2025-03-25,5376,Villino Double,1,0,0.0,False
2025-03-26,22380,OTA Camera Standard,3,0,0.0,False
2025-03-26,2761,Camera  Standard,14,0,0.0,False
2025-03-26,2762,Camera Superior,8,0,0.0,False
2025-03-26,2763,Camera Deluxe,5,0,0.0,False
2025-03-26,3231,Suite Familiare,1,0,0.0,False
2025-03-26,2767,Suite Familiare Vista Piscina,1,0,0.0,False
2025-03-26,2765,Appartamento Area Piscina,18,0,0.0,False
2025-03-26,2764,Appartamento Area Giardino,28,0,0.0,False
2025-03-26,5375,Villino 2Ten,1,0,0.0,False
2025-03-26,5376,Villino Double,1,0,0.0,False
2025-03-27,22380,OTA Camera Standard,3,0,0.0,False
2025-03-27,2761,Camera  Standard,14,0,0.0,False
2025-03-27,2762,Camera Superior,8,0,0.0,False
2025-03-27,2763,Camera Deluxe,5,0,0.0,False
2025-03-27,3231,Suite Familiare,1,0,0.0,False
2025-03-27,2767,Suite Familiare Vista Piscina,1,0,0.0,False
2025-03-27,2765,Appartamento Area Piscina,18,0,0.0,False
2025-03-27,2764,Appartamento Area Giardino,28,0,0.0,False
2025-03-27,5375,Villino 2Ten,1,0,0.0,False
2025-03-27,5376,Villino Double,1,0,0.0,False
2025-03-28,22380,OTA Camera Standard,3,0,0.0,False
2025-03-28,2761,Camera  Standard,14,0,0.0,False
2025-03-28,2762,Camera Superior,8,0,0.0,False
2025-03-28,2763,Camera Deluxe,5,0,0.0,False
2025-03-28,3231,Suite Familiare,1,0,0.0,False
2025-03-28,2767,Suite Familiare Vista Piscina,1,0,0.0,False
2025-03-28,2765,Appartamento Area Piscina,18,0,0.0,False
2025-03-28,2764,Appartamento Area Giardino,28,0,0.0,False
2025-03-28,5375,Villino 2Ten,1,0,0.0,False
2025-03-28,5376,Villino Double,1,0,0.0,False
2025-03-29,22380,OTA Camera Standard,3,0,0.0,False
2025-03-29,2761,Camera  Standard,14,0,0.0,False
2025-03-29,2762,Camera Superior,8,0,0.0,False
2025-03-29,2763,Camera Deluxe,5,0,0.0,False
2025-03-29,3231,Suite Familiare,1,0,0.0,False
2025-03-29,2767,Suite Familiare Vista Piscina,1,0,0.0,False
2025-03-29,2765,Appartamento Area Piscina,18,0,0.0,False
2025-03-29,2764,Appartamento Area Giardino,28,0,0.0,False
2025-03-29,5375,Villino 2Ten,1,0,0.0,False
2025-03-29,5376,Villino Double,1,0,0.0,False
2025-03-30,22380,OTA Camera Standard,3,0,0.0,False
2025-03-30,2761,Camera  Standard,14,0,0.0,False
2025-03-30,2762,Camera Superior,8,0,0.0,False
2025-03-30,2763,Camera Deluxe,5,0,0.0,False
2025-03-30,3231,Suite Familiare,1,0,0.0,False
2025-03-30,2767,Suite Familiare Vista Piscina,1,0,0.0,False
2025-03-30,2765,Appartamento Area Piscina,18,0,0.0,False
2025-03-30,2764,Appartamento Area Giardino,28,0,0.0,False
2025-03-30,5375,Villino 2Ten,1,0,0.0,False
2025-03-30,5376,Villino Double,1,0,0.0,False
2025-03-31,22380,OTA Camera Standard,3,0,0.0,False
2025-03-31,2761,Camera  Standard,14,0,0.0,False
2025-03-31,2762,Camera Superior,8,0,0.0,False
2025-03-31,2763,Camera Deluxe,5,0,0.0,False
2025-03-31,3231,Suite Familiare,1,0,0.0,False
2025-03-31,2767,Suite Familiare Vista Piscina,1,0,0.0,False
2025-03-31,2765,Appartamento Area Piscina,18,0,0.0,False
2025-03-31,2764,Appartamento Area Giardino,28,0,0.0,False
2025-03-31,5375,Villino 2Ten,1,0,0.0,False
2025-03-31,5376,Villino Double,1,0,0.0,False
2025-04-01,22380,OTA Camera Standard,3,0,0.0,False
2025-04-01,2761,Camera  Standard,14,0,0.0,False
2025-04-01,2762,Camera Superior,8,0,0.0,False
2025-04-01,2763,Camera Deluxe,5,0,0.0,False
2025-04-01,3231,Suite Familiare,1,0,0.0,False
2025-04-01,2767,Suite Familiare Vista Piscina,1,0,0.0,False
2025-04-01,2765,Appartamento Area Piscina,18,0,0.0,False
2025-04-01,2764,Appartamento Area Giardino,28,0,0.0,False
2025-04-01,5375,Villino 2Ten,1,0,0.0,False
2025-04-01,5376,Villino Double,1,0,0.0,False
2025-04-02,22380,OTA Camera Standard,3,0,0.0,False
2025-04-02,2761,Camera  Standard,14,0,0.0,False
2025-04-02,2762,Camera Superior,8,0,0.0,False
2025-04-02,2763,Camera Deluxe,5,0,0.0,False
2025-04-02,3231,Suite Familiare,1,0,0.0,False
2025-04-02,2767,Suite Familiare Vista Piscina,1,0,0.0,False
2025-04-02,2765,Appartamento Area Piscina,18,0,0.0,False
2025-04-02,2764,Appartamento Area Giardino,28,0,0.0,False
2025-04-02,5375,Villino 2Ten,1,0,0.0,False
2025-04-02,5376,Villino Double,1,0,0.0,False
2025-04-03,22380,OTA Camera Standard,3,0,0.0,False
2025-04-03,2761,Camera  Standard,14,0,0.0,False
2025-04-03,2762,Camera Superior,8,0,0.0,False
2025-04-03,2763,Camera Deluxe,5,0,0.0,False
2025-04-03,3231,Suite Familiare,1,0,0.0,False
2025-04-03,2767,Suite Familiare Vista Piscina,1,0,0.0,False
2025-04-03,2765,Appartamento Area Piscina,18,0,0.0,False
2025-04-03,2764,Appartamento Area Giardino,28,0,0.0,False
2025-04-03,5375,Villino 2Ten,1,0,0.0,False
2025-04-03,5376,Villino Double,1,0,0.0,False
2025-04-04,22380,OTA Camera Standard,3,0,0.0,False
2025-04-04,2761,Camera  Standard,14,0,0.0,False
2025-04-04,2762,Camera Superior,8,0,0.0,False
2025-04-04,2763,Camera Deluxe,5,0,0.0,False
2025-04-04,3231,Suite Familiare,1,0,0.0,False
2025-04-04,2767,Suite Familiare Vista Piscina,1,0,0.0,False
2025-04-04,2765,Appartamento Area Piscina,18,0,0.0,False
2025-04-04,2764,Appartamento Area Giardino,28,0,0.0,False
2025-04-04,5375,Villino 2Ten,1,0,0.0,False
2025-04-04,5376,Villino Double,1,0,0.0,False
2025-04-05,22380,OTA Camera Standard,3,0,0.0,False
2025-04-05,2761,Camera  Standard,14,0,0.0,False
2025-04-05,2762,Camera Superior,8,0,0.0,False
2025-04-05,2763,Camera Deluxe,5,0,0.0,False
2025-04-05,3231,Suite Familiare,1,0,0.0,False
2025-04-05,2767,Suite Familiare Vista Piscina,1,0,0.0,False
2025-04-05,2765,Appartamento Area Piscina,18,0,0.0,False
2025-04-05,2764,Appartamento Area Giardino,28,0,0.0,False
2025-04-05,5375,Villino 2Ten,1,0,0.0,False
2025-04-05,5376,Villino Double,1,0,0.0,False
2025-04-06,22380,OTA Camera Standard,3,0,0.0,False
2025-04-06,2761,Camera  Standard,14,0,0.0,False
2025-04-06,2762,Camera Superior,8,0,0.0,False
2025-04-06,2763,Camera Deluxe,5,0,0.0,False
2025-04-06,3231,Suite Familiare,1,0,0.0,False
2025-04-06,2767,Suite Familiare Vista Piscina,1,0,0.0,False
2025-04-06,2765,Appartamento Area Piscina,18,0,0.0,False
2025-04-06,2764,Appartamento Area Giardino,28,0,0.0,False
2025-04-06,5375,Villino 2Ten,1,0,0.0,False
2025-04-06,5376,Villino Double,1,0,0.0,False
2025-04-07,22380,OTA Camera Standard,3,0,0.0,False
2025-04-07,2761,Camera  Standard,14,0,0.0,False
2025-04-07,2762,Camera Superior,8,0,0.0,False
2025-04-07,2763,Camera Deluxe,5,0,0.0,False
2025-04-07,3231,Suite Familiare,1,0,0.0,False
2025-04-07,2767,Suite Familiare Vista Piscina,1,0,0.0,False
2025-04-07,2765,Appartamento Area Piscina,18,0,0.0,False
2025-04-07,2764,Appartamento Area Giardino,28,0,0.0,False
2025-04-07,5375,Villino 2Ten,1,0,0.0,False
2025-04-07,5376,Villino Double,1,0,0.0,False
2025-04-08,22380,OTA Camera Standard,3,0,0.0,False
2025-04-08,2761,Camera  Standard,14,0,0.0,False
2025-04-08,2762,Camera Superior,8,0,0.0,False
2025-04-08,2763,Camera Deluxe,5,0,0.0,False
2025-04-08,3231,Suite Familiare,1,0,0.0,False
2025-04-08,2767,Suite Familiare Vista Piscina,1,0,0.0,False
2025-04-08,2765,Appartamento Area Piscina,18,0,0.0,False
2025-04-08,2764,Appartamento Area Giardino,28,0,0.0,False
2025-04-08,5375,Villino 2Ten,1,0,0.0,False
2025-04-08,5376,Villino Double,1,0,0.0,False
2025-04-09,22380,OTA Camera Standard,3,0,0.0,False
2025-04-09,2761,Camera  Standard,14,0,0.0,False
2025-04-09,2762,Camera Superior,8,0,0.0,False
2025-04-09,2763,Camera Deluxe,5,0,0.0,False
2025-04-09,3231,Suite Familiare,1,0,0.0,False
2025-04-09,2767,Suite Familiare Vista Piscina,1,0,0.0,False
2025-04-09,2765,Appartamento Area Piscina,18,0,0.0,False
2025-04-09,2764,Appartamento Area Giardino,28,0,0.0,False
2025-04-09,5375,Villino 2Ten,1,0,0.0,False
2025-04-09,5376,Villino Double,1,0,0.0,False
2025-04-10,22380,OTA Camera Standard,3,0,0.0,False
2025-04-10,2761,Camera  Standard,14,0,0.0,False
2025-04-10,2762,Camera Superior,8,0,0.0,False
2025-04-10,2763,Camera Deluxe,5,0,0.0,False
2025-04-10,3231,Suite Familiare,1,0,0.0,False
2025-04-10,2767,Suite Familiare Vista Piscina,1,0,0.0,False
2025-04-10,2765,Appartamento Area Piscina,18,0,0.0,False
2025-04-10,2764,Appartamento Area Giardino,28,0,0.0,False
2025-04-10,5375,Villino 2Ten,1,0,0.0,False
2025-04-10,5376,Villino Double,1,0,0.0,False
2025-04-11,22380,OTA Camera Standard,3,0,0.0,False
2025-04-11,2761,Camera  Standard,14,0,0.0,False
2025-04-11,2762,Camera Superior,8,0,0.0,False
2025-04-11,2763,Camera Deluxe,5,0,0.0,False
2025-04-11,3231,Suite Familiare,1,0,0.0,False
2025-04-11,2767,Suite Familiare Vista Piscina,1,0,0.0,False
2025-04-11,2765,Appartamento Area Piscina,18,0,0.0,False
2025-04-11,2764,Appartamento Area Giardino,28,0,0.0,False
2025-04-11,5375,Villino 2Ten,1,0,0.0,False
2025-04-11,5376,Villino Double,1,0,0.0,False
2025-04-12,22380,OTA Camera Standard,3,0,0.0,False
2025-04-12,2761,Camera  Standard,14,0,0.0,False
2025-04-12,2762,Camera Superior,8,0,0.0,False
2025-04-12,2763,Camera Deluxe,5,0,0.0,False
2025-04-12,3231,Suite Familiare,1,0,0.0,False
2025-04-12,2767,Suite Familiare Vista Piscina,1,0,0.0,False
2025-04-12,2765,Appartamento Area Piscina,18,0,0.0,False
2025-04-12,2764,Appartamento Area Giardino,28,0,0.0,False
2025-04-12,5375,Villino 2Ten,1,0,0.0,False
2025-04-12,5376,Villino Double,1,0,0.0,False
2025-04-13,22380,OTA Camera Standard,3,0,0.0,False
2025-04-13,2761,Camera  Standard,14,0,0.0,False
2025-04-13,2762,Camera Superior,8,0,0.0,False
2025-04-13,2763,Camera Deluxe,5,0,0.0,False
2025-04-13,3231,Suite Familiare,1,0,0.0,False
2025-04-13,2767,Suite Familiare Vista Piscina,1,0,0.0,False
2025-04-13,2765,Appartamento Area Piscina,18,0,0.0,False
2025-04-13,2764,Appartamento Area Giardino,28,0,0.0,False
2025-04-13,5375,Villino 2Ten,1,0,0.0,False
2025-04-13,5376,Villino Double,1,0,0.0,False
2025-04-14,22380,OTA Camera Standard,3,0,0.0,False
2025-04-14,2761,Camera  Standard,14,0,0.0,False
2025-04-14,2762,Camera Superior,8,0,0.0,False
2025-04-14,2763,Camera Deluxe,5,0,0.0,False
2025-04-14,3231,Suite Familiare,1,0,0.0,False
2025-04-14,2767,Suite Familiare Vista Piscina,1,0,0.0,False
2025-04-14,2765,Appartamento Area Piscina,18,0,0.0,False
2025-04-14,2764,Appartamento Area Giardino,28,0,0.0,False
2025-04-14,5375,Villino 2Ten,1,0,0.0,False
2025-04-14,5376,Villino Double,1,0,0.0,False
2025-04-15,22380,OTA Camera Standard,3,0,0.0,False
2025-04-15,2761,Camera  Standard,14,0,0.0,False
2025-04-15,2762,Camera Superior,8,0,0.0,False
2025-04-15,2763,Camera Deluxe,5,0,0.0,False
2025-04-15,3231,Suite Familiare,1,0,0.0,False
2025-04-15,2767,Suite Familiare Vista Piscina,1,0,0.0,False
2025-04-15,2765,Appartamento Area Piscina,18,0,0.0,False
2025-04-15,2764,Appartamento Area Giardino,28,0,0.0,False
2025-04-15,5375,Villino 2Ten,1,0,0.0,False
2025-04-15,5376,Villino Double,1,0,0.0,False
2025-04-16,22380,OTA Camera Standard,3,0,0.0,False
2025-04-16,2761,Camera  Standard,14,0,0.0,False
2025-04-16,2762,Camera Superior,8,0,0.0,False
2025-04-16,2763,Camera Deluxe,5,0,0.0,False
2025-04-16,3231,Suite Familiare,1,0,0.0,False
2025-04-16,2767,Suite Familiare Vista Piscina,1,0,0.0,False
2025-04-16,2765,Appartamento Area Piscina,18,0,0.0,False
2025-04-16,2764,Appartamento Area Giardino,28,0,0.0,False
2025-04-16,5375,Villino 2Ten,1,0,0.0,False
2025-04-16,5376,Villino Double,1,0,0.0,False
2025-04-17,22380,OTA Camera Standard,3,0,0.0,False
2025-04-17,2761,Camera  Standard,14,0,0.0,False
2025-04-17,2762,Camera Superior,8,0,0.0,False
2025-04-17,2763,Camera Deluxe,5,0,0.0,False
2025-04-17,3231,Suite Familiare,1,0,0.0,False
2025-04-17,2767,Suite Familiare Vista Piscina,1,0,0.0,False
2025-04-17,2765,Appartamento Area Piscina,18,0,0.0,False
2025-04-17,2764,Appartamento Area Giardino,28,0,0.0,False
2025-04-17,5375,Villino 2Ten,1,0,0.0,False
2025-04-17,5376,Villino Double,1,0,0.0,False
2025-04-18,22380,OTA Camera Standard,3,0,0.0,False
2025-04-18,2761,Camera  Standard,14,0,0.0,False
2025-04-18,2762,Camera Superior,8,0,0.0,False
2025-04-18,2763,Camera Deluxe,5,0,0.0,False
2025-04-18,3231,Suite Familiare,1,0,0.0,False
2025-04-18,2767,Suite Familiare Vista Piscina,1,0,0.0,False
2025-04-18,2765,Appartamento Area Piscina,18,0,0.0,False
2025-04-18,2764,Appartamento Area Giardino,28,0,0.0,False
2025-04-18,5375,Villino 2Ten,1,0,0.0,False
2025-04-18,5376,Villino Double,1,0,0.0,False
2025-04-19,22380,OTA Camera Standard,3,0,0.0,False
2025-04-19,2761,Camera  Standard,14,0,0.0,False
2025-04-19,2762,Camera Superior,8,0,0.0,False
2025-04-19,2763,Camera Deluxe,5,0,0.0,False
2025-04-19,3231,Suite Familiare,1,0,0.0,False
2025-04-19,2767,Suite Familiare Vista Piscina,1,0,0.0,False
2025-04-19,2765,Appartamento Area Piscina,18,0,0.0,False
2025-04-19,2764,Appartamento Area Giardino,28,0,0.0,False
2025-04-19,5375,Villino 2Ten,1,0,0.0,False
2025-04-19,5376,Villino Double,1,0,0.0,False
2025-04-20,22380,OTA Camera Standard,3,0,0.0,False
2025-04-20,2761,Camera  Standard,14,0,0.0,False
2025-04-20,2762,Camera Superior,8,0,0.0,False
2025-04-20,2763,Camera Deluxe,5,0,0.0,False
2025-04-20,3231,Suite Familiare,1,0,0.0,False
2025-04-20,2767,Suite Familiare Vista Piscina,1,0,0.0,False
2025-04-20,2765,Appartamento Area Piscina,18,0,0.0,False
2025-04-20,2764,Appartamento Area Giardino,28,0,0.0,False
2025-04-20,5375,Villino 2Ten,1,0,0.0,False
2025-04-20,5376,Villino Double,1,0,0.0,False
2025-04-21,22380,OTA Camera Standard,3,0,0.0,False
2025-04-21,2761,Camera  Standard,14,0,0.0,False
2025-04-21,2762,Camera Superior,8,0,0.0,False
2025-04-21,2763,Camera Deluxe,5,0,0.0,False
2025-04-21,3231,Suite Familiare,1,0,0.0,False
2025-04-21,2767,Suite Familiare Vista Piscina,1,0,0.0,False
2025-04-21,2765,Appartamento Area Piscina,18,0,0.0,False
2025-04-21,2764,Appartamento Area Giardino,28,0,0.0,False
2025-04-21,5375,Villino 2Ten,1,0,0.0,False
2025-04-21,5376,Villino Double,1,0,0.0,False
2025-04-22,22380,OTA Camera Standard,3,0,0.0,False
2025-04-22,2761,Camera  Standard,14,0,0.0,False
2025-04-22,2762,Camera Superior,8,0,0.0,False
2025-04-22,2763,Camera Deluxe,5,0,0.0,False
2025-04-22,3231,Suite Familiare,1,0,0.0,False
2025-04-22,2767,Suite Familiare Vista Piscina,1,0,0.0,False
2025-04-22,2765,Appartamento Area Piscina,18,0,0.0,False
2025-04-22,2764,Appartamento Area Giardino,28,0,0.0,False
2025-04-22,5375,Villino 2Ten,1,0,0.0,False
2025-04-22,5376,Villino Double,1,0,0.0,False
2025-04-23,22380,OTA Camera Standard,3,0,0.0,False
2025-04-23,2761,Camera  Standard,14,0,0.0,False
2025-04-23,2762,Camera Superior,8,0,0.0,False
2025-04-23,2763,Camera Deluxe,5,0,0.0,False
2025-04-23,3231,Suite Familiare,1,0,0.0,False
2025-04-23,2767,Suite Familiare Vista Piscina,1,0,0.0,False
2025-04-23,2765,Appartamento Area Piscina,18,0,0.0,False
2025-04-23,2764,Appartamento Area Giardino,28,0,0.0,False
2025-04-23,5375,Villino 2Ten,1,0,0.0,False
2025-04-23,5376,Villino Double,1,0,0.0,False
2025-04-24,22380,OTA Camera Standard,3,0,0.0,False
2025-04-24,2761,Camera  Standard,14,0,0.0,False
2025-04-24,2762,Camera Superior,8,0,0.0,False
2025-04-24,2763,Camera Deluxe,5,0,0.0,False
2025-04-24,3231,Suite Familiare,1,0,0.0,False
2025-04-24,2767,Suite Familiare Vista Piscina,1,0,0.0,False
2025-04-24,2765,Appartamento Area Piscina,18,0,0.0,False
2025-04-24,2764,Appartamento Area Giardino,28,0,0.0,False
2025-04-24,5375,Villino 2Ten,1,0,0.0,False
2025-04-24,5376,Villino Double,1,0,0.0,False
2025-04-25,22380,OTA Camera Standard,3,0,0.0,False
2025-04-25,2761,Camera  Standard,14,0,0.0,False
2025-04-25,2762,Camera Superior,8,0,0.0,False
2025-04-25,2763,Camera Deluxe,5,0,0.0,False
2025-04-25,3231,Suite Familiare,1,0,0.0,False
2025-04-25,2767,Suite Familiare Vista Piscina,1,0,0.0,False
2025-04-25,2765,Appartamento Area Piscina,18,0,0.0,False
2025-04-25,2764,Appartamento Area Giardino,28,0,0.0,False
2025-04-25,5375,Villino 2Ten,1,0,0.0,False
2025-04-25,5376,Villino Double,1,0,0.0,False
2025-04-26,22380,OTA Camera Standard,3,0,0.0,False
2025-04-26,2761,Camera  Standard,14,0,0.0,False
2025-04-26,2762,Camera Superior,8,0,0.0,False
2025-04-26,2763,Camera Deluxe,5,0,0.0,False
2025-04-26,3231,Suite Familiare,1,0,0.0,False
2025-04-26,2767,Suite Familiare Vista Piscina,1,0,0.0,False
2025-04-26,2765,Appartamento Area Piscina,18,0,0.0,False
2025-04-26,2764,Appartamento Area Giardino,28,0,0.0,False
2025-04-26,5375,Villino 2Ten,1,0,0.0,False
2025-04-26,5376,Villino Double,1,0,0.0,False
2025-04-27,22380,OTA Camera Standard,3,0,0.0,False
2025-04-27,2761,Camera  Standard,14,0,0.0,False
2025-04-27,2762,Camera Superior,8,0,0.0,False
2025-04-27,2763,Camera Deluxe,5,0,0.0,False
2025-04-27,3231,Suite Familiare,1,0,0.0,False
2025-04-27,2767,Suite Familiare Vista Piscina,1,0,0.0,False
2025-04-27,2765,Appartamento Area Piscina,18,0,0.0,False
2025-04-27,2764,Appartamento Area Giardino,28,0,0.0,False
2025-04-27,5375,Villino 2Ten,1,0,0.0,False
2025-04-27,5376,Villino Double,1,0,0.0,False
2025-04-28,22380,OTA Camera Standard,3,0,0.0,False
2025-04-28,2761,Camera  Standard,14,0,0.0,False
2025-04-28,2762,Camera Superior,8,0,0.0,False
2025-04-28,2763,Camera Deluxe,5,0,0.0,False
2025-04-28,3231,Suite Familiare,1,0,0.0,False
2025-04-28,2767,Suite Familiare Vista Piscina,1,0,0.0,False
2025-04-28,2765,Appartamento Area Piscina,18,0,0.0,False
2025-04-28,2764,Appartamento Area Giardino,28,0,0.0,False
2025-04-28,5375,Villino 2Ten,1,0,0.0,False
2025-04-28,5376,Villino Double,1,0,0.0,False
2025-04-29,22380,OTA Camera Standard,3,0,0.0,False
2025-04-29,2761,Camera  Standard,14,0,0.0,False
2025-04-29,2762,Camera Superior,8,0,0.0,False
2025-04-29,2763,Camera Deluxe,5,0,0.0,False
2025-04-29,3231,Suite Familiare,1,0,0.0,False
2025-04-29,2767,Suite Familiare Vista Piscina,1,0,0.0,False
2025-04-29,2765,Appartamento Area Piscina,18,0,0.0,False
2025-04-29,2764,Appartamento Area Giardino,28,0,0.0,False
2025-04-29,5375,Villino 2Ten,1,0,0.0,False
2025-04-29,5376,Villino Double,1,0,0.0,False
2025-04-30,22380,OTA Camera Standard,3,0,0.0,False
2025-04-30,2761,Camera  Standard,14,0,0.0,False
2025-04-30,2762,Camera Superior,8,0,0.0,False
2025-04-30,2763,Camera Deluxe,5,0,0.0,False
2025-04-30,3231,Suite Familiare,1,0,0.0,False
2025-04-30,2767,Suite Familiare Vista Piscina,1,0,0.0,False
2025-04-30,2765,Appartamento Area Piscina,18,0,0.0,False
2025-04-30,2764,Appartamento Area Giardino,28,0,0.0,False
2025-04-30,5375,Villino 2Ten,1,0,0.0,False
2025-04-30,5376,Villino Double,1,0,0.0,False
2025-05-01,22380,OTA Camera Standard,3,0,0.0,False
2025-05-01,2761,Camera  Standard,14,0,0.0,False
2025-05-01,2762,Camera Superior,8,0,0.0,False
2025-05-01,2763,Camera Deluxe,5,0,0.0,False
2025-05-01,3231,Suite Familiare,1,0,0.0,False
2025-05-01,2767,Suite Familiare Vista Piscina,1,0,0.0,False
2025-05-01,2765,Appartamento Area Piscina,18,0,0.0,False
2025-05-01,2764,Appartamento Area Giardino,28,0,0.0,False
2025-05-01,5375,Villino 2Ten,1,0,0.0,False
2025-05-01,5376,Villino Double,1,0,0.0,False
2025-05-02,22380,OTA Camera Standard,3,0,0.0,False
2025-05-02,2761,Camera  Standard,14,0,0.0,False
2025-05-02,2762,Camera Superior,8,0,0.0,False
2025-05-02,2763,Camera Deluxe,5,0,0.0,False
2025-05-02,3231,Suite Familiare,1,0,0.0,False
2025-05-02,2767,Suite Familiare Vista Piscina,1,0,0.0,False
2025-05-02,2765,Appartamento Area Piscina,18,0,0.0,False
2025-05-02,2764,Appartamento Area Giardino,28,0,0.0,False
2025-05-02,5375,Villino 2Ten,1,0,0.0,False
2025-05-02,5376,Villino Double,1,0,0.0,False
2025-05-03,22380,OTA Camera Standard,3,0,0.0,False
2025-05-03,2761,Camera  Standard,14,0,0.0,False
2025-05-03,2762,Camera Superior,8,0,0.0,False
2025-05-03,2763,Camera Deluxe,5,0,0.0,False
2025-05-03,3231,Suite Familiare,1,0,0.0,False
2025-05-03,2767,Suite Familiare Vista Piscina,1,0,0.0,False
2025-05-03,2765,Appartamento Area Piscina,18,0,0.0,False
2025-05-03,2764,Appartamento Area Giardino,28,0,0.0,False
2025-05-03,5375,Villino 2Ten,1,0,0.0,False
2025-05-03,5376,Villino Double,1,0,0.0,False
2025-05-04,22380,OTA Camera Standard,3,0,0.0,False
2025-05-04,2761,Camera  Standard,14,0,0.0,False
2025-05-04,2762,Camera Superior,8,0,0.0,False
2025-05-04,2763,Camera Deluxe,5,0,0.0,False
2025-05-04,3231,Suite Familiare,1,0,0.0,False
2025-05-04,2767,Suite Familiare Vista Piscina,1,0,0.0,False
2025-05-04,2765,Appartamento Area Piscina,18,0,0.0,False
2025-05-04,2764,Appartamento Area Giardino,28,0,0.0,False
2025-05-04,5375,Villino 2Ten,1,0,0.0,False
2025-05-04,5376,Villino Double,1,0,0.0,False
2025-05-05,22380,OTA Camera Standard,3,0,0.0,False
2025-05-05,2761,Camera  Standard,14,0,0.0,False
2025-05-05,2762,Camera Superior,8,0,0.0,False
2025-05-05,2763,Camera Deluxe,5,0,0.0,False
2025-05-05,3231,Suite Familiare,1,0,0.0,False
2025-05-05,2767,Suite Familiare Vista Piscina,1,0,0.0,False
2025-05-05,2765,Appartamento Area Piscina,18,0,0.0,False
2025-05-05,2764,Appartamento Area Giardino,28,0,0.0,False
2025-05-05,5375,Villino 2Ten,1,0,0.0,False
2025-05-05,5376,Villino Double,1,0,0.0,False
2025-05-06,22380,OTA Camera Standard,3,0,0.0,False
2025-05-06,2761,Camera  Standard,14,0,0.0,False
2025-05-06,2762,Camera Superior,8,0,0.0,False
2025-05-06,2763,Camera Deluxe,5,0,0.0,False
2025-05-06,3231,Suite Familiare,1,0,0.0,False
2025-05-06,2767,Suite Familiare Vista Piscina,1,0,0.0,False
2025-05-06,2765,Appartamento Area Piscina,18,0,0.0,False
2025-05-06,2764,Appartamento Area Giardino,28,0,0.0,False
2025-05-06,5375,Villino 2Ten,1,0,0.0,False
2025-05-06,5376,Villino Double,1,0,0.0,False
2025-05-07,22380,OTA Camera Standard,3,0,0.0,False
2025-05-07,2761,Camera  Standard,14,0,0.0,False
2025-05-07,2762,Camera Superior,8,0,0.0,False
2025-05-07,2763,Camera Deluxe,5,0,0.0,False
2025-05-07,3231,Suite Familiare,1,0,0.0,False
2025-05-07,2767,Suite Familiare Vista Piscina,1,0,0.0,False
2025-05-07,2765,Appartamento Area Piscina,18,0,0.0,False
2025-05-07,2764,Appartamento Area Giardino,28,0,0.0,False
2025-05-07,5375,Villino 2Ten,1,0,0.0,False
2025-05-07,5376,Villino Double,1,0,0.0,False
2025-05-08,22380,OTA Camera Standard,3,0,0.0,False
2025-05-08,2761,Camera  Standard,14,0,0.0,False
2025-05-08,2762,Camera Superior,8,0,0.0,False
2025-05-08,2763,Camera Deluxe,5,0,0.0,False
2025-05-08,3231,Suite Familiare,1,0,0.0,False
2025-05-08,2767,Suite Familiare Vista Piscina,1,0,0.0,False
2025-05-08,2765,Appartamento Area Piscina,18,0,0.0,False
2025-05-08,2764,Appartamento Area Giardino,28,0,0.0,False
2025-05-08,5375,Villino 2Ten,1,0,0.0,False
2025-05-08,5376,Villino Double,1,0,0.0,False
2025-05-09,22380,OTA Camera Standard,3,0,0.0,False
2025-05-09,2761,Camera  Standard,14,0,0.0,False
2025-05-09,2762,Camera Superior,8,0,0.0,False
2025-05-09,2763,Camera Deluxe,5,0,0.0,False
2025-05-09,3231,Suite Familiare,1,0,0.0,False
2025-05-09,2767,Suite Familiare Vista Piscina,1,0,0.0,False
2025-05-09,2765,Appartamento Area Piscina,18,0,0.0,False
2025-05-09,2764,Appartamento Area Giardino,28,0,0.0,False
2025-05-09,5375,Villino 2Ten,1,0,0.0,False
2025-05-09,5376,Villino Double,1,0,0.0,False
2025-05-10,22380,OTA Camera Standard,3,0,0.0,False
2025-05-10,2761,Camera  Standard,14,0,0.0,False
2025-05-10,2762,Camera Superior,8,0,0.0,False
2025-05-10,2763,Camera Deluxe,5,0,0.0,False
2025-05-10,3231,Suite Familiare,1,0,0.0,False
2025-05-10,2767,Suite Familiare Vista Piscina,1,0,0.0,False
2025-05-10,2765,Appartamento Area Piscina,18,0,0.0,False
2025-05-10,2764,Appartamento Area Giardino,28,0,0.0,False
2025-05-10,5375,Villino 2Ten,1,0,0.0,False
2025-05-10,5376,Villino Double,1,0,0.0,False
2025-05-11,22380,OTA Camera Standard,3,0,0.0,False
2025-05-11,2761,Camera  Standard,14,0,0.0,False
2025-05-11,2762,Camera Superior,8,0,0.0,False
2025-05-11,2763,Camera Deluxe,5,0,0.0,False
2025-05-11,3231,Suite Familiare,1,0,0.0,False
2025-05-11,2767,Suite Familiare Vista Piscina,1,0,0.0,False
2025-05-11,2765,Appartamento Area Piscina,18,0,0.0,False
2025-05-11,2764,Appartamento Area Giardino,28,0,0.0,False
2025-05-11,5375,Villino 2Ten,1,0,0.0,False
2025-05-11,5376,Villino Double,1,0,0.0,False
2025-05-12,22380,OTA Camera Standard,3,0,0.0,False
2025-05-12,2761,Camera  Standard,14,0,0.0,False
2025-05-12,2762,Camera Superior,8,0,0.0,False
2025-05-12,2763,Camera Deluxe,5,0,0.0,False
2025-05-12,3231,Suite Familiare,1,0,0.0,False
2025-05-12,2767,Suite Familiare Vista Piscina,1,0,0.0,False
2025-05-12,2765,Appartamento Area Piscina,18,0,0.0,False
2025-05-12,2764,Appartamento Area Giardino,28,0,0.0,False
2025-05-12,5375,Villino 2Ten,1,0,0.0,False
2025-05-12,5376,Villino Double,1,0,0.0,False
2025-05-13,22380,OTA Camera Standard,3,0,0.0,False
2025-05-13,2761,Camera  Standard,14,0,0.0,False
2025-05-13,2762,Camera Superior,8,0,0.0,False
2025-05-13,2763,Camera Deluxe,5,0,0.0,False
2025-05-13,3231,Suite Familiare,1,0,0.0,False
2025-05-13,2767,Suite Familiare Vista Piscina,1,0,0.0,False
2025-05-13,2765,Appartamento Area Piscina,18,0,0.0,False
2025-05-13,2764,Appartamento Area Giardino,28,0,0.0,False
2025-05-13,5375,Villino 2Ten,1,0,0.0,False
2025-05-13,5376,Villino Double,1,0,0.0,False
2025-05-14,22380,OTA Camera Standard,3,0,0.0,False
2025-05-14,2761,Camera  Standard,14,0,0.0,False
2025-05-14,2762,Camera Superior,8,0,0.0,False
2025-05-14,2763,Camera Deluxe,5,0,0.0,False
2025-05-14,3231,Suite Familiare,1,0,0.0,False
2025-05-14,2767,Suite Familiare Vista Piscina,1,0,0.0,False
2025-05-14,2765,Appartamento Area Piscina,18,0,0.0,False
2025-05-14,2764,Appartamento Area Giardino,28,0,0.0,False
2025-05-14,5375,Villino 2Ten,1,0,0.0,False
2025-05-14,5376,Villino Double,1,0,0.0,False
2025-05-15,22380,OTA Camera Standard,3,0,0.0,False
2025-05-15,2761,Camera  Standard,14,0,0.0,False
2025-05-15,2762,Camera Superior,8,0,0.0,False
2025-05-15,2763,Camera Deluxe,5,0,0.0,False
2025-05-15,3231,Suite Familiare,1,0,0.0,False
2025-05-15,2767,Suite Familiare Vista Piscina,1,0,0.0,False
2025-05-15,2765,Appartamento Area Piscina,18,0,0.0,False
2025-05-15,2764,Appartamento Area Giardino,28,0,0.0,False
2025-05-15,5375,Villino 2Ten,1,0,0.0,False
2025-05-15,5376,Villino Double,1,0,0.0,False
2025-05-16,22380,OTA Camera Standard,3,0,0.0,False
2025-05-16,2761,Camera  Standard,14,0,0.0,False
2025-05-16,2762,Camera Superior,8,0,0.0,False
2025-05-16,2763,Camera Deluxe,5,0,0.0,False
2025-05-16,3231,Suite Familiare,1,0,0.0,False
2025-05-16,2767,Suite Familiare Vista Piscina,1,0,0.0,False
2025-05-16,2765,Appartamento Area Piscina,18,0,0.0,False
2025-05-16,2764,Appartamento Area Giardino,28,0,0.0,False
2025-05-16,5375,Villino 2Ten,1,0,0.0,False
2025-05-16,5376,Villino Double,1,0,0.0,False
2025-05-17,22380,OTA Camera Standard,3,0,0.0,False
2025-05-17,2761,Camera  Standard,14,0,0.0,False
2025-05-17,2762,Camera Superior,8,0,0.0,False
2025-05-17,2763,Camera Deluxe,5,0,0.0,False
2025-05-17,3231,Suite Familiare,1,0,0.0,False
2025-05-17,2767,Suite Familiare Vista Piscina,1,0,0.0,False
2025-05-17,2765,Appartamento Area Piscina,18,0,0.0,False
2025-05-17,2764,Appartamento Area Giardino,28,0,0.0,False
2025-05-17,5375,Villino 2Ten,1,0,0.0,False
2025-05-17,5376,Villino Double,1,0,0.0,False
2025-05-18,22380,OTA Camera Standard,3,0,0.0,False
2025-05-18,2761,Camera  Standard,14,0,0.0,False
2025-05-18,2762,Camera Superior,8,0,0.0,False
2025-05-18,2763,Camera Deluxe,5,0,0.0,False
2025-05-18,3231,Suite Familiare,1,0,0.0,False
2025-05-18,2767,Suite Familiare Vista Piscina,1,0,0.0,False
2025-05-18,2765,Appartamento Area Piscina,18,0,0.0,False
2025-05-18,2764,Appartamento Area Giardino,28,0,0.0,False
2025-05-18,5375,Villino 2Ten,1,0,0.0,False
2025-05-18,5376,Villino Double,1,0,0.0,False
2025-05-19,22380,OTA Camera Standard,3,0,0.0,False
2025-05-19,2761,Camera  Standard,14,0,0.0,False
2025-05-19,2762,Camera Superior,8,0,0.0,False
2025-05-19,2763,Camera Deluxe,5,0,0.0,False
2025-05-19,3231,Suite Familiare,1,0,0.0,False
2025-05-19,2767,Suite Familiare Vista Piscina,1,0,0.0,False
2025-05-19,2765,Appartamento Area Piscina,18,0,0.0,False
2025-05-19,2764,Appartamento Area Giardino,28,0,0.0,False
2025-05-19,5375,Villino 2Ten,1,0,0.0,False
2025-05-19,5376,Villino Double,1,0,0.0,False
2025-05-20,22380,OTA Camera Standard,3,0,0.0,False
2025-05-20,2761,Camera  Standard,14,0,0.0,False
2025-05-20,2762,Camera Superior,8,0,0.0,False
2025-05-20,2763,Camera Deluxe,5,0,0.0,False
2025-05-20,3231,Suite Familiare,1,0,0.0,False
2025-05-20,2767,Suite Familiare Vista Piscina,1,0,0.0,False
2025-05-20,2765,Appartamento Area Piscina,18,0,0.0,False
2025-05-20,2764,Appartamento Area Giardino,28,0,0.0,False
2025-05-20,5375,Villino 2Ten,1,0,0.0,False
2025-05-20,5376,Villino Double,1,0,0.0,False
2025-05-21,22380,OTA Camera Standard,3,0,0.0,False
2025-05-21,2761,Camera  Standard,14,0,0.0,False
2025-05-21,2762,Camera Superior,8,0,0.0,False
2025-05-21,2763,Camera Deluxe,5,0,0.0,False
2025-05-21,3231,Suite Familiare,1,0,0.0,False
2025-05-21,2767,Suite Familiare Vista Piscina,1,0,0.0,False
2025-05-21,2765,Appartamento Area Piscina,18,0,0.0,False
2025-05-21,2764,Appartamento Area Giardino,28,0,0.0,False
2025-05-21,5375,Villino 2Ten,1,0,0.0,False
2025-05-21,5376,Villino Double,1,0,0.0,False
2025-05-22,22380,OTA Camera Standard,3,0,0.0,False
2025-05-22,2761,Camera  Standard,14,0,0.0,False
2025-05-22,2762,Camera Superior,8,0,0.0,False
2025-05-22,2763,Camera Deluxe,5,0,0.0,False
2025-05-22,3231,Suite Familiare,1,0,0.0,False
2025-05-22,2767,Suite Familiare Vista Piscina,1,0,0.0,False
2025-05-22,2765,Appartamento Area Piscina,18,0,0.0,False
2025-05-22,2764,Appartamento Area Giardino,28,0,0.0,False
2025-05-22,5375,Villino 2Ten,1,0,0.0,False
2025-05-22,5376,Villino Double,1,0,0.0,False
2025-05-23,22380,OTA Camera Standard,3,0,0.0,False
2025-05-23,2761,Camera  Standard,14,0,0.0,False
2025-05-23,2762,Camera Superior,8,0,0.0,False
2025-05-23,2763,Camera Deluxe,5,0,0.0,False
2025-05-23,3231,Suite Familiare,1,0,0.0,False
2025-05-23,2767,Suite Familiare Vista Piscina,1,0,0.0,False
2025-05-23,2765,Appartamento Area Piscina,18,0,0.0,False
2025-05-23,2764,Appartamento Area Giardino,28,0,0.0,False
2025-05-23,5375,Villino 2Ten,1,0,0.0,False
2025-05-23,5376,Villino Double,1,0,0.0,False
2025-05-24,22380,OTA Camera Standard,3,0,0.0,False
2025-05-24,2761,Camera  Standard,14,0,0.0,False
2025-05-24,2762,Camera Superior,8,0,0.0,False
2025-05-24,2763,Camera Deluxe,5,0,0.0,False
2025-05-24,3231,Suite Familiare,1,0,0.0,False
2025-05-24,2767,Suite Familiare Vista Piscina,1,0,0.0,False
2025-05-24,2765,Appartamento Area Piscina,18,0,0.0,False
2025-05-24,2764,Appartamento Area Giardino,28,0,0.0,False
2025-05-24,5375,Villino 2Ten,1,0,0.0,False
2025-05-24,5376,Villino Double,1,0,0.0,False
2025-05-25,22380,OTA Camera Standard,3,0,0.0,False
2025-05-25,2761,Camera  Standard,14,0,0.0,False
2025-05-25,2762,Camera Superior,8,0,0.0,False
2025-05-25,2763,Camera Deluxe,5,0,0.0,False
2025-05-25,3231,Suite Familiare,1,0,0.0,False
2025-05-25,2767,Suite Familiare Vista Piscina,1,0,0.0,False
2025-05-25,2765,Appartamento Area Piscina,18,0,0.0,False
2025-05-25,2764,Appartamento Area Giardino,28,0,0.0,False
2025-05-25,5375,Villino 2Ten,1,0,0.0,False
2025-05-25,5376,Villino Double,1,0,0.0,False
2025-05-26,22380,OTA Camera Standard,3,0,0.0,False
2025-05-26,2761,Camera  Standard,14,0,0.0,False
2025-05-26,2762,Camera Superior,8,0,0.0,False
2025-05-26,2763,Camera Deluxe,5,0,0.0,False
2025-05-26,3231,Suite Familiare,1,0,0.0,False
2025-05-26,2767,Suite Familiare Vista Piscina,1,0,0.0,False
2025-05-26,2765,Appartamento Area Piscina,18,0,0.0,False
2025-05-26,2764,Appartamento Area Giardino,28,0,0.0,False
2025-05-26,5375,Villino 2Ten,1,0,0.0,False
2025-05-26,5376,Villino Double,1,0,0.0,False
2025-05-27,22380,OTA Camera Standard,3,0,0.0,False
2025-05-27,2761,Camera  Standard,14,0,0.0,False
2025-05-27,2762,Camera Superior,8,0,0.0,False
2025-05-27,2763,Camera Deluxe,5,0,0.0,False
2025-05-27,3231,Suite Familiare,1,0,0.0,False
2025-05-27,2767,Suite Familiare Vista Piscina,1,0,0.0,False
2025-05-27,2765,Appartamento Area Piscina,18,0,0.0,False
2025-05-27,2764,Appartamento Area Giardino,28,0,0.0,False
2025-05-27,5375,Villino 2Ten,1,0,0.0,False
2025-05-27,5376,Villino Double,1,0,0.0,False
2025-05-28,22380,OTA Camera Standard,3,0,0.0,False
2025-05-28,2761,Camera  Standard,14,0,0.0,False
2025-05-28,2762,Camera Superior,8,0,0.0,False
2025-05-28,2763,Camera Deluxe,5,0,0.0,False
2025-05-28,3231,Suite Familiare,1,0,0.0,False
2025-05-28,2767,Suite Familiare Vista Piscina,1,0,0.0,False
2025-05-28,2765,Appartamento Area Piscina,18,0,0.0,False
2025-05-28,2764,Appartamento Area Giardino,28,0,0.0,False
2025-05-28,5375,Villino 2Ten,1,0,0.0,False
2025-05-28,5376,Villino Double,1,0,0.0,False
2025-05-29,22380,OTA Camera Standard,3,0,0.0,False
2025-05-29,2761,Camera  Standard,14,0,0.0,False
2025-05-29,2762,Camera Superior,8,0,0.0,False
2025-05-29,2763,Camera Deluxe,5,0,0.0,False
2025-05-29,3231,Suite Familiare,1,0,0.0,False
2025-05-29,2767,Suite Familiare Vista Piscina,1,0,0.0,False
2025-05-29,2765,Appartamento Area Piscina,18,0,0.0,False
2025-05-29,2764,Appartamento Area Giardino,28,0,0.0,False
2025-05-29,5375,Villino 2Ten,1,0,0.0,False
2025-05-29,5376,Villino Double,1,0,0.0,False
2025-05-30,22380,OTA Camera Standard,3,0,0.0,False
2025-05-30,2761,Camera  Standard,14,2,14.29,False
2025-05-30,2762,Camera Superior,8,3,37.5,False
2025-05-30,2763,Camera Deluxe,5,1,20.0,False
2025-05-30,3231,Suite Familiare,1,0,0.0,False
2025-05-30,2767,Suite Familiare Vista Piscina,1,0,0.0,False
2025-05-30,2765,Appartamento Area Piscina,18,3,16.67,False
2025-05-30,2764,Appartamento Area Giardino,28,1,3.57,False
2025-05-30,5375,Villino 2Ten,1,0,0.0,False
2025-05-30,5376,Villino Double,1,0,0.0,False
2025-05-31,22380,OTA Camera Standard,3,0,0.0,False
2025-05-31,2761,Camera  Standard,14,16,114.29,True
2025-05-31,2762,Camera Superior,8,9,112.5,True
2025-05-31,2763,Camera Deluxe,5,3,60.0,False
2025-05-31,3231,Suite Familiare,1,0,0.0,False
2025-05-31,2767,Suite Familiare Vista Piscina,1,1,100.0,False
2025-05-31,2765,Appartamento Area Piscina,18,17,94.44,False
2025-05-31,2764,Appartamento Area Giardino,28,14,50.0,False
2025-05-31,5375,Villino 2Ten,1,0,0.0,False
2025-05-31,5376,Villino Double,1,0,0.0,False
2025-06-01,22380,OTA Camera Standard,3,0,0.0,False
2025-06-01,2761,Camera  Standard,14,15,107.14,True
2025-06-01,2762,Camera Superior,8,11,137.5,True
2025-06-01,2763,Camera Deluxe,5,3,60.0,False
2025-06-01,3231,Suite Familiare,1,0,0.0,False
2025-06-01,2767,Suite Familiare Vista Piscina,1,1,100.0,False
2025-06-01,2765,Appartamento Area Piscina,18,18,100.0,False
2025-06-01,2764,Appartamento Area Giardino,28,23,82.14,False
2025-06-01,5375,Villino 2Ten,1,0,0.0,False
2025-06-01,5376,Villino Double,1,0,0.0,False
2025-06-02,22380,OTA Camera Standard,3,0,0.0,False
2025-06-02,2761,Camera  Standard,14,3,21.43,False
2025-06-02,2762,Camera Superior,8,10,125.0,True
2025-06-02,2763,Camera Deluxe,5,2,40.0,False
2025-06-02,3231,Suite Familiare,1,0,0.0,False
2025-06-02,2767,Suite Familiare Vista Piscina,1,0,0.0,False
2025-06-02,2765,Appartamento Area Piscina,18,2,11.11,False
2025-06-02,2764,Appartamento Area Giardino,28,4,14.29,False
2025-06-02,5375,Villino 2Ten,1,0,0.0,False
2025-06-02,5376,Villino Double,1,0,0.0,False
2025-06-03,22380,OTA Camera Standard,3,0,0.0,False
2025-06-03,2761,Camera  Standard,14,2,14.29,False
2025-06-03,2762,Camera Superior,8,2,25.0,False
2025-06-03,2763,Camera Deluxe,5,0,0.0,False
2025-06-03,3231,Suite Familiare,1,0,0.0,False
2025-06-03,2767,Suite Familiare Vista Piscina,1,0,0.0,False
2025-06-03,2765,Appartamento Area Piscina,18,0,0.0,False
2025-06-03,2764,Appartamento Area Giardino,28,1,3.57,False
2025-06-03,5375,Villino 2Ten,1,0,0.0,False
2025-06-03,5376,Villino Double,1,0,0.0,False
2025-06-04,22380,OTA Camera Standard,3,0,0.0,False
2025-06-04,2761,Camera  Standard,14,4,28.57,False
2025-06-04,2762,Camera Superior,8,2,25.0,False
2025-06-04,2763,Camera Deluxe,5,0,0.0,False
2025-06-04,3231,Suite Familiare,1,0,0.0,False
2025-06-04,2767,Suite Familiare Vista Piscina,1,0,0.0,False
2025-06-04,2765,Appartamento Area Piscina,18,0,0.0,False
2025-06-04,2764,Appartamento Area Giardino,28,1,3.57,False
2025-06-04,5375,Villino 2Ten,1,0,0.0,False
2025-06-04,5376,Villino Double,1,0,0.0,False
2025-06-05,22380,OTA Camera Standard,3,0,0.0,False
2025-06-05,2761,Camera  Standard,14,4,28.57,False
2025-06-05,2762,Camera Superior,8,2,25.0,False
2025-06-05,2763,Camera Deluxe,5,0,0.0,False
2025-06-05,3231,Suite Familiare,1,0,0.0,False
2025-06-05,2767,Suite Familiare Vista Piscina,1,0,0.0,False
2025-06-05,2765,Appartamento Area Piscina,18,0,0.0,False
2025-06-05,2764,Appartamento Area Giardino,28,1,3.57,False
2025-06-05,5375,Villino 2Ten,1,0,0.0,False
2025-06-05,5376,Villino Double,1,0,0.0,False
2025-06-06,22380,OTA Camera Standard,3,0,0.0,False
2025-06-06,2761,Camera  Standard,14,7,50.0,False
2025-06-06,2762,Camera Superior,8,2,25.0,False
2025-06-06,2763,Camera Deluxe,5,0,0.0,False
2025-06-06,3231,Suite Familiare,1,0,0.0,False
2025-06-06,2767,Suite Familiare Vista Piscina,1,0,0.0,False
2025-06-06,2765,Appartamento Area Piscina,18,1,5.56,False
2025-06-06,2764,Appartamento Area Giardino,28,2,7.14,False
2025-06-06,5375,Villino 2Ten,1,0,0.0,False
2025-06-06,5376,Villino Double,1,0,0.0,False
2025-06-07,22380,OTA Camera Standard,3,0,0.0,False
2025-06-07,2761,Camera  Standard,14,13,92.86,False
2025-06-07,2762,Camera Superior,8,5,62.5,False
2025-06-07,2763,Camera Deluxe,5,1,20.0,False
2025-06-07,3231,Suite Familiare,1,0,0.0,False
2025-06-07,2767,Suite Familiare Vista Piscina,1,1,100.0,False
2025-06-07,2765,Appartamento Area Piscina,18,5,27.78,False
2025-06-07,2764,Appartamento Area Giardino,28,2,7.14,False
2025-06-07,5375,Villino 2Ten,1,0,0.0,False
2025-06-07,5376,Villino Double,1,0,0.0,False
2025-06-08,22380,OTA Camera Standard,3,0,0.0,False
2025-06-08,2761,Camera  Standard,14,4,28.57,False
2025-06-08,2762,Camera Superior,8,5,62.5,False
2025-06-08,2763,Camera Deluxe,5,2,40.0,False
2025-06-08,3231,Suite Familiare,1,0,0.0,False
2025-06-08,2767,Suite Familiare Vista Piscina,1,1,100.0,False
2025-06-08,2765,Appartamento Area Piscina,18,5,27.78,False
2025-06-08,2764,Appartamento Area Giardino,28,5,17.86,False
2025-06-08,5375,Villino 2Ten,1,0,0.0,False
2025-06-08,5376,Villino Double,1,0,0.0,False
2025-06-09,22380,OTA Camera Standard,3,0,0.0,False
2025-06-09,2761,Camera  Standard,14,4,28.57,False
2025-06-09,2762,Camera Superior,8,4,50.0,False
2025-06-09,2763,Camera Deluxe,5,3,60.0,False
2025-06-09,3231,Suite Familiare,1,0,0.0,False
2025-06-09,2767,Suite Familiare Vista Piscina,1,1,100.0,False
2025-06-09,2765,Appartamento Area Piscina,18,5,27.78,False
2025-06-09,2764,Appartamento Area Giardino,28,5,17.86,False
2025-06-09,5375,Villino 2Ten,1,0,0.0,False
2025-06-09,5376,Villino Double,1,0,0.0,False
2025-06-10,22380,OTA Camera Standard,3,0,0.0,False
2025-06-10,2761,Camera  Standard,14,5,35.71,False
2025-06-10,2762,Camera Superior,8,3,37.5,False
2025-06-10,2763,Camera Deluxe,5,3,60.0,False
2025-06-10,3231,Suite Familiare,1,0,0.0,False
2025-06-10,2767,Suite Familiare Vista Piscina,1,1,100.0,False
2025-06-10,2765,Appartamento Area Piscina,18,5,27.78,False
2025-06-10,2764,Appartamento Area Giardino,28,6,21.43,False
2025-06-10,5375,Villino 2Ten,1,0,0.0,False
2025-06-10,5376,Villino Double,1,0,0.0,False
2025-06-11,22380,OTA Camera Standard,3,0,0.0,False
2025-06-11,2761,Camera  Standard,14,5,35.71,False
2025-06-11,2762,Camera Superior,8,3,37.5,False
2025-06-11,2763,Camera Deluxe,5,3,60.0,False
2025-06-11,3231,Suite Familiare,1,0,0.0,False
2025-06-11,2767,Suite Familiare Vista Piscina,1,1,100.0,False
2025-06-11,2765,Appartamento Area Piscina,18,5,27.78,False
2025-06-11,2764,Appartamento Area Giardino,28,5,17.86,False
2025-06-11,5375,Villino 2Ten,1,0,0.0,False
2025-06-11,5376,Villino Double,1,0,0.0,False
2025-06-12,22380,OTA Camera Standard,3,0,0.0,False
2025-06-12,2761,Camera  Standard,14,7,50.0,False
2025-06-12,2762,Camera Superior,8,4,50.0,False
2025-06-12,2763,Camera Deluxe,5,4,80.0,False
2025-06-12,3231,Suite Familiare,1,0,0.0,False
2025-06-12,2767,Suite Familiare Vista Piscina,1,1,100.0,False
2025-06-12,2765,Appartamento Area Piscina,18,7,38.89,False
2025-06-12,2764,Appartamento Area Giardino,28,5,17.86,False
2025-06-12,5375,Villino 2Ten,1,0,0.0,False
2025-06-12,5376,Villino Double,1,0,0.0,False
2025-06-13,22380,OTA Camera Standard,3,0,0.0,False
2025-06-13,2761,Camera  Standard,14,13,92.86,False
2025-06-13,2762,Camera Superior,8,6,75.0,False
2025-06-13,2763,Camera Deluxe,5,5,100.0,False
2025-06-13,3231,Suite Familiare,1,0,0.0,False
2025-06-13,2767,Suite Familiare Vista Piscina,1,1,100.0,False
2025-06-13,2765,Appartamento Area Piscina,18,12,66.67,False
2025-06-13,2764,Appartamento Area Giardino,28,11,39.29,False
2025-06-13,5375,Villino 2Ten,1,0,0.0,False
2025-06-13,5376,Villino Double,1,0,0.0,False
2025-06-14,22380,OTA Camera Standard,3,0,0.0,False
2025-06-14,2761,Camera  Standard,14,13,92.86,False
2025-06-14,2762,Camera Superior,8,9,112.5,True
2025-06-14,2763,Camera Deluxe,5,5,100.0,False
2025-06-14,3231,Suite Familiare,1,0,0.0,False
2025-06-14,2767,Suite Familiare Vista Piscina,1,0,0.0,False
2025-06-14,2765,Appartamento Area Piscina,18,16,88.89,False
2025-06-14,2764,Appartamento Area Giardino,28,17,60.71,False
2025-06-14,5375,Villino 2Ten,1,0,0.0,False
2025-06-14,5376,Villino Double,1,0,0.0,False
2025-06-15,22380,OTA Camera Standard,3,0,0.0,False
2025-06-15,2761,Camera  Standard,14,9,64.29,False
2025-06-15,2762,Camera Superior,8,6,75.0,False
2025-06-15,2763,Camera Deluxe,5,2,40.0,False
2025-06-15,3231,Suite Familiare,1,0,0.0,False
2025-06-15,2767,Suite Familiare Vista Piscina,1,0,0.0,False
2025-06-15,2765,Appartamento Area Piscina,18,12,66.67,False
2025-06-15,2764,Appartamento Area Giardino,28,12,42.86,False
2025-06-15,5375,Villino 2Ten,1,0,0.0,False
2025-06-15,5376,Villino Double,1,0,0.0,False
2025-06-16,22380,OTA Camera Standard,3,0,0.0,False
2025-06-16,2761,Camera  Standard,14,9,64.29,False
2025-06-16,2762,Camera Superior,8,7,87.5,False
2025-06-16,2763,Camera Deluxe,5,3,60.0,False
2025-06-16,3231,Suite Familiare,1,0,0.0,False
2025-06-16,2767,Suite Familiare Vista Piscina,1,0,0.0,False
2025-06-16,2765,Appartamento Area Piscina,18,9,50.0,False
2025-06-16,2764,Appartamento Area Giardino,28,7,25.0,False
2025-06-16,5375,Villino 2Ten,1,0,0.0,False
2025-06-16,5376,Villino Double,1,0,0.0,False
2025-06-17,22380,OTA Camera Standard,3,0,0.0,False
2025-06-17,2761,Camera  Standard,14,12,85.71,False
2025-06-17,2762,Camera Superior,8,7,87.5,False
2025-06-17,2763,Camera Deluxe,5,4,80.0,False
2025-06-17,3231,Suite Familiare,1,0,0.0,False
2025-06-17,2767,Suite Familiare Vista Piscina,1,1,100.0,False
2025-06-17,2765,Appartamento Area Piscina,18,7,38.89,False
2025-06-17,2764,Appartamento Area Giardino,28,7,25.0,False
2025-06-17,5375,Villino 2Ten,1,0,0.0,False
2025-06-17,5376,Villino Double,1,0,0.0,False
2025-06-18,22380,OTA Camera Standard,3,0,0.0,False
2025-06-18,2761,Camera  Standard,14,10,71.43,False
2025-06-18,2762,Camera Superior,8,6,75.0,False
2025-06-18,2763,Camera Deluxe,5,4,80.0,False
2025-06-18,3231,Suite Familiare,1,0,0.0,False
2025-06-18,2767,Suite Familiare Vista Piscina,1,0,0.0,False
2025-06-18,2765,Appartamento Area Piscina,18,10,55.56,False
2025-06-18,2764,Appartamento Area Giardino,28,9,32.14,False
2025-06-18,5375,Villino 2Ten,1,0,0.0,False
2025-06-18,5376,Villino Double,1,0,0.0,False
2025-06-19,22380,OTA Camera Standard,3,0,0.0,False
2025-06-19,2761,Camera  Standard,14,10,71.43,False
2025-06-19,2762,Camera Superior,8,6,75.0,False
2025-06-19,2763,Camera Deluxe,5,3,60.0,False
2025-06-19,3231,Suite Familiare,1,0,0.0,False
2025-06-19,2767,Suite Familiare Vista Piscina,1,0,0.0,False
2025-06-19,2765,Appartamento Area Piscina,18,12,66.67,False
2025-06-19,2764,Appartamento Area Giardino,28,8,28.57,False
2025-06-19,5375,Villino 2Ten,1,0,0.0,False
2025-06-19,5376,Villino Double,1,0,0.0,False
2025-06-20,22380,OTA Camera Standard,3,0,0.0,False
2025-06-20,2761,Camera  Standard,14,14,100.0,False
2025-06-20,2762,Camera Superior,8,6,75.0,False
2025-06-20,2763,Camera Deluxe,5,4,80.0,False
2025-06-20,3231,Suite Familiare,1,0,0.0,False
2025-06-20,2767,Suite Familiare Vista Piscina,1,0,0.0,False
2025-06-20,2765,Appartamento Area Piscina,18,17,94.44,False
2025-06-20,2764,Appartamento Area Giardino,28,17,60.71,False
2025-06-20,5375,Villino 2Ten,1,0,0.0,False
2025-06-20,5376,Villino Double,1,0,0.0,False
2025-06-21,22380,OTA Camera Standard,3,0,0.0,False
2025-06-21,2761,Camera  Standard,14,16,114.29,True
2025-06-21,2762,Camera Superior,8,9,112.5,True
2025-06-21,2763,Camera Deluxe,5,4,80.0,False
2025-06-21,3231,Suite Familiare,1,0,0.0,False
2025-06-21,2767,Suite Familiare Vista Piscina,1,1,100.0,False
2025-06-21,2765,Appartamento Area Piscina,18,17,94.44,False
2025-06-21,2764,Appartamento Area Giardino,28,27,96.43,False
2025-06-21,5375,Villino 2Ten,1,0,0.0,False
2025-06-21,5376,Villino Double,1,0,0.0,False
2025-06-22,22380,OTA Camera Standard,3,0,0.0,False
2025-06-22,2761,Camera  Standard,14,14,100.0,False
2025-06-22,2762,Camera Superior,8,8,100.0,False
2025-06-22,2763,Camera Deluxe,5,5,100.0,False
2025-06-22,3231,Suite Familiare,1,0,0.0,False
2025-06-22,2767,Suite Familiare Vista Piscina,1,1,100.0,False
2025-06-22,2765,Appartamento Area Piscina,18,16,88.89,False
2025-06-22,2764,Appartamento Area Giardino,28,25,89.29,False
2025-06-22,5375,Villino 2Ten,1,1,100.0,False
2025-06-22,5376,Villino Double,1,0,0.0,False
2025-06-23,22380,OTA Camera Standard,3,0,0.0,False
2025-06-23,2761,Camera  Standard,14,14,100.0,False
2025-06-23,2762,Camera Superior,8,8,100.0,False
2025-06-23,2763,Camera Deluxe,5,5,100.0,False
2025-06-23,3231,Suite Familiare,1,1,100.0,False
2025-06-23,2767,Suite Familiare Vista Piscina,1,1,100.0,False
2025-06-23,2765,Appartamento Area Piscina,18,18,100.0,False
2025-06-23,2764,Appartamento Area Giardino,28,22,78.57,False
2025-06-23,5375,Villino 2Ten,1,1,100.0,False
2025-06-23,5376,Villino Double,1,0,0.0,False
2025-06-24,22380,OTA Camera Standard,3,0,0.0,False
2025-06-24,2761,Camera  Standard,14,14,100.0,False
2025-06-24,2762,Camera Superior,8,8,100.0,False
2025-06-24,2763,Camera Deluxe,5,5,100.0,False
2025-06-24,3231,Suite Familiare,1,1,100.0,False
2025-06-24,2767,Suite Familiare Vista Piscina,1,1,100.0,False
2025-06-24,2765,Appartamento Area Piscina,18,17,94.44,False
2025-06-24,2764,Appartamento Area Giardino,28,22,78.57,False
2025-06-24,5375,Villino 2Ten,1,1,100.0,False
2025-06-24,5376,Villino Double,1,0,0.0,False
2025-06-25,22380,OTA Camera Standard,3,0,0.0,False
2025-06-25,2761,Camera  Standard,14,14,100.0,False
2025-06-25,2762,Camera Superior,8,7,87.5,False
2025-06-25,2763,Camera Deluxe,5,4,80.0,False
2025-06-25,3231,Suite Familiare,1,1,100.0,False
2025-06-25,2767,Suite Familiare Vista Piscina,1,1,100.0,False
2025-06-25,2765,Appartamento Area Piscina,18,18,100.0,False
2025-06-25,2764,Appartamento Area Giardino,28,22,78.57,False
2025-06-25,5375,Villino 2Ten,1,1,100.0,False
2025-06-25,5376,Villino Double,1,0,0.0,False
2025-06-26,22380,OTA Camera Standard,3,0,0.0,False
2025-06-26,2761,Camera  Standard,14,14,100.0,False
2025-06-26,2762,Camera Superior,8,7,87.5,False
2025-06-26,2763,Camera Deluxe,5,4,80.0,False
2025-06-26,3231,Suite Familiare,1,1,100.0,False
2025-06-26,2767,Suite Familiare Vista Piscina,1,1,100.0,False
2025-06-26,2765,Appartamento Area Piscina,18,19,105.56,True
2025-06-26,2764,Appartamento Area Giardino,28,22,78.57,False
2025-06-26,5375,Villino 2Ten,1,1,100.0,False
2025-06-26,5376,Villino Double,1,0,0.0,False
2025-06-27,22380,OTA Camera Standard,3,0,0.0,False
2025-06-27,2761,Camera  Standard,14,13,92.86,False
2025-06-27,2762,Camera Superior,8,10,125.0,True
2025-06-27,2763,Camera Deluxe,5,4,80.0,False
2025-06-27,3231,Suite Familiare,1,1,100.0,False
2025-06-27,2767,Suite Familiare Vista Piscina,1,1,100.0,False
2025-06-27,2765,Appartamento Area Piscina,18,17,94.44,False
2025-06-27,2764,Appartamento Area Giardino,28,24,85.71,False
2025-06-27,5375,Villino 2Ten,1,1,100.0,False
2025-06-27,5376,Villino Double,1,0,0.0,False
2025-06-28,22380,OTA Camera Standard,3,0,0.0,False
2025-06-28,2761,Camera  Standard,14,12,85.71,False
2025-06-28,2762,Camera Superior,8,10,125.0,True
2025-06-28,2763,Camera Deluxe,5,7,140.0,True
2025-06-28,3231,Suite Familiare,1,1,100.0,False
2025-06-28,2767,Suite Familiare Vista Piscina,1,1,100.0,False
2025-06-28,2765,Appartamento Area Piscina,18,20,111.11,True
2025-06-28,2764,Appartamento Area Giardino,28,25,89.29,False
2025-06-28,5375,Villino 2Ten,1,1,100.0,False
2025-06-28,5376,Villino Double,1,1,100.0,False
2025-06-29,22380,OTA Camera Standard,3,0,0.0,False
2025-06-29,2761,Camera  Standard,14,12,85.71,False
2025-06-29,2762,Camera Superior,8,7,87.5,False
2025-06-29,2763,Camera Deluxe,5,6,120.0,True
2025-06-29,3231,Suite Familiare,1,1,100.0,False
2025-06-29,2767,Suite Familiare Vista Piscina,1,1,100.0,False
2025-06-29,2765,Appartamento Area Piscina,18,21,116.67,True
2025-06-29,2764,Appartamento Area Giardino,28,22,78.57,False
2025-06-29,5375,Villino 2Ten,1,1,100.0,False
2025-06-29,5376,Villino Double,1,1,100.0,False
2025-06-30,22380,OTA Camera Standard,3,0,0.0,False
2025-06-30,2761,Camera  Standard,14,11,78.57,False
2025-06-30,2762,Camera Superior,8,6,75.0,False
2025-06-30,2763,Camera Deluxe,5,7,140.0,True
2025-06-30,3231,Suite Familiare,1,1,100.0,False
2025-06-30,2767,Suite Familiare Vista Piscina,1,1,100.0,False
2025-06-30,2765,Appartamento Area Piscina,18,23,127.78,True
2025-06-30,2764,Appartamento Area Giardino,28,22,78.57,False
2025-06-30,5375,Villino 2Ten,1,1,100.0,False
2025-06-30,5376,Villino Double,1,1,100.0,False
2025-07-01,22380,OTA Camera Standard,3,0,0.0,False
2025-07-01,2761,Camera  Standard,14,9,64.29,False
2025-07-01,2762,Camera Superior,8,8,100.0,False
2025-07-01,2763,Camera Deluxe,5,7,140.0,True
2025-07-01,3231,Suite Familiare,1,1,100.0,False
2025-07-01,2767,Suite Familiare Vista Piscina,1,1,100.0,False
2025-07-01,2765,Appartamento Area Piscina,18,21,116.67,True
2025-07-01,2764,Appartamento Area Giardino,28,22,78.57,False
2025-07-01,5375,Villino 2Ten,1,1,100.0,False
2025-07-01,5376,Villino Double,1,1,100.0,False
2025-07-02,22380,OTA Camera Standard,3,0,0.0,False
2025-07-02,2761,Camera  Standard,14,10,71.43,False
2025-07-02,2762,Camera Superior,8,8,100.0,False
2025-07-02,2763,Camera Deluxe,5,6,120.0,True
2025-07-02,3231,Suite Familiare,1,1,100.0,False
2025-07-02,2767,Suite Familiare Vista Piscina,1,1,100.0,False
2025-07-02,2765,Appartamento Area Piscina,18,18,100.0,False
2025-07-02,2764,Appartamento Area Giardino,28,24,85.71,False
2025-07-02,5375,Villino 2Ten,1,1,100.0,False
2025-07-02,5376,Villino Double,1,1,100.0,False
2025-07-03,22380,OTA Camera Standard,3,0,0.0,False
2025-07-03,2761,Camera  Standard,14,13,92.86,False
2025-07-03,2762,Camera Superior,8,9,112.5,True
2025-07-03,2763,Camera Deluxe,5,6,120.0,True
2025-07-03,3231,Suite Familiare,1,1,100.0,False
2025-07-03,2767,Suite Familiare Vista Piscina,1,0,0.0,False
2025-07-03,2765,Appartamento Area Piscina,18,18,100.0,False
2025-07-03,2764,Appartamento Area Giardino,28,23,82.14,False
2025-07-03,5375,Villino 2Ten,1,1,100.0,False
2025-07-03,5376,Villino Double,1,1,100.0,False
2025-07-04,22380,OTA Camera Standard,3,0,0.0,False
2025-07-04,2761,Camera  Standard,14,14,100.0,False
2025-07-04,2762,Camera Superior,8,10,125.0,True
2025-07-04,2763,Camera Deluxe,5,7,140.0,True
2025-07-04,3231,Suite Familiare,1,1,100.0,False
2025-07-04,2767,Suite Familiare Vista Piscina,1,0,0.0,False
2025-07-04,2765,Appartamento Area Piscina,18,19,105.56,True
2025-07-04,2764,Appartamento Area Giardino,28,22,78.57,False
2025-07-04,5375,Villino 2Ten,1,1,100.0,False
2025-07-04,5376,Villino Double,1,1,100.0,False
2025-07-05,22380,OTA Camera Standard,3,0,0.0,False
2025-07-05,2761,Camera  Standard,14,13,92.86,False
2025-07-05,2762,Camera Superior,8,12,150.0,True
2025-07-05,2763,Camera Deluxe,5,5,100.0,False
2025-07-05,3231,Suite Familiare,1,1,100.0,False
2025-07-05,2767,Suite Familiare Vista Piscina,1,0,0.0,False
2025-07-05,2765,Appartamento Area Piscina,18,18,100.0,False
2025-07-05,2764,Appartamento Area Giardino,28,26,92.86,False
2025-07-05,5375,Villino 2Ten,1,1,100.0,False
2025-07-05,5376,Villino Double,1,1,100.0,False
2025-07-06,22380,OTA Camera Standard,3,0,0.0,False
2025-07-06,2761,Camera  Standard,14,14,100.0,False
2025-07-06,2762,Camera Superior,8,11,137.5,True
2025-07-06,2763,Camera Deluxe,5,5,100.0,False
2025-07-06,3231,Suite Familiare,1,1,100.0,False
2025-07-06,2767,Suite Familiare Vista Piscina,1,0,0.0,False
2025-07-06,2765,Appartamento Area Piscina,18,18,100.0,False
2025-07-06,2764,Appartamento Area Giardino,28,27,96.43,False
2025-07-06,5375,Villino 2Ten,1,0,0.0,False
2025-07-06,5376,Villino Double,1,1,100.0,False
2025-07-07,22380,OTA Camera Standard,3,0,0.0,False
2025-07-07,2761,Camera  Standard,14,15,107.14,True
2025-07-07,2762,Camera Superior,8,9,112.5,True
2025-07-07,2763,Camera Deluxe,5,6,120.0,True
2025-07-07,3231,Suite Familiare,1,1,100.0,False
2025-07-07,2767,Suite Familiare Vista Piscina,1,0,0.0,False
2025-07-07,2765,Appartamento Area Piscina,18,19,105.56,True
2025-07-07,2764,Appartamento Area Giardino,28,27,96.43,False
2025-07-07,5375,Villino 2Ten,1,0,0.0,False
2025-07-07,5376,Villino Double,1,1,100.0,False
2025-07-08,22380,OTA Camera Standard,3,0,0.0,False
2025-07-08,2761,Camera  Standard,14,15,107.14,True
2025-07-08,2762,Camera Superior,8,9,112.5,True
2025-07-08,2763,Camera Deluxe,5,5,100.0,False
2025-07-08,3231,Suite Familiare,1,1,100.0,False
2025-07-08,2767,Suite Familiare Vista Piscina,1,0,0.0,False
2025-07-08,2765,Appartamento Area Piscina,18,19,105.56,True
2025-07-08,2764,Appartamento Area Giardino,28,28,100.0,False
2025-07-08,5375,Villino 2Ten,1,0,0.0,False
2025-07-08,5376,Villino Double,1,1,100.0,False
2025-07-09,22380,OTA Camera Standard,3,0,0.0,False
2025-07-09,2761,Camera  Standard,14,15,107.14,True
2025-07-09,2762,Camera Superior,8,9,112.5,True
2025-07-09,2763,Camera Deluxe,5,5,100.0,False
2025-07-09,3231,Suite Familiare,1,1,100.0,False
2025-07-09,2767,Suite Familiare Vista Piscina,1,0,0.0,False
2025-07-09,2765,Appartamento Area Piscina,18,18,100.0,False
2025-07-09,2764,Appartamento Area Giardino,28,27,96.43,False
2025-07-09,5375,Villino 2Ten,1,0,0.0,False
2025-07-09,5376,Villino Double,1,1,100.0,False
2025-07-10,22380,OTA Camera Standard,3,0,0.0,False
2025-07-10,2761,Camera  Standard,14,12,85.71,False
2025-07-10,2762,Camera Superior,8,9,112.5,True
2025-07-10,2763,Camera Deluxe,5,5,100.0,False
2025-07-10,3231,Suite Familiare,1,1,100.0,False
2025-07-10,2767,Suite Familiare Vista Piscina,1,0,0.0,False
2025-07-10,2765,Appartamento Area Piscina,18,18,100.0,False
2025-07-10,2764,Appartamento Area Giardino,28,27,96.43,False
2025-07-10,5375,Villino 2Ten,1,0,0.0,False
2025-07-10,5376,Villino Double,1,1,100.0,False
2025-07-11,22380,OTA Camera Standard,3,0,0.0,False
2025-07-11,2761,Camera  Standard,14,15,107.14,True
2025-07-11,2762,Camera Superior,8,8,100.0,False
2025-07-11,2763,Camera Deluxe,5,4,80.0,False
2025-07-11,3231,Suite Familiare,1,1,100.0,False
2025-07-11,2767,Suite Familiare Vista Piscina,1,0,0.0,False
2025-07-11,2765,Appartamento Area Piscina,18,17,94.44,False
2025-07-11,2764,Appartamento Area Giardino,28,28,100.0,False
2025-07-11,5375,Villino 2Ten,1,0,0.0,False
2025-07-11,5376,Villino Double,1,1,100.0,False
2025-07-12,22380,OTA Camera Standard,3,0,0.0,False
2025-07-12,2761,Camera  Standard,14,17,121.43,True
2025-07-12,2762,Camera Superior,8,7,87.5,False
2025-07-12,2763,Camera Deluxe,5,5,100.0,False
2025-07-12,3231,Suite Familiare,1,0,0.0,False
2025-07-12,2767,Suite Familiare Vista Piscina,1,0,0.0,False
2025-07-12,2765,Appartamento Area Piscina,18,17,94.44,False
2025-07-12,2764,Appartamento Area Giardino,28,27,96.43,False
2025-07-12,5375,Villino 2Ten,1,0,0.0,False
2025-07-12,5376,Villino Double,1,1,100.0,False
2025-07-13,22380,OTA Camera Standard,3,0,0.0,False
2025-07-13,2761,Camera  Standard,14,17,121.43,True
2025-07-13,2762,Camera Superior,8,7,87.5,False
2025-07-13,2763,Camera Deluxe,5,4,80.0,False
2025-07-13,3231,Suite Familiare,1,0,0.0,False
2025-07-13,2767,Suite Familiare Vista Piscina,1,0,0.0,False
2025-07-13,2765,Appartamento Area Piscina,18,16,88.89,False
2025-07-13,2764,Appartamento Area Giardino,28,27,96.43,False
2025-07-13,5375,Villino 2Ten,1,1,100.0,False
2025-07-13,5376,Villino Double,1,1,100.0,False
2025-07-14,22380,OTA Camera Standard,3,0,0.0,False
2025-07-14,2761,Camera  Standard,14,18,128.57,True
2025-07-14,2762,Camera Superior,8,7,87.5,False
2025-07-14,2763,Camera Deluxe,5,5,100.0,False
2025-07-14,3231,Suite Familiare,1,0,0.0,False
2025-07-14,2767,Suite Familiare Vista Piscina,1,0,0.0,False
2025-07-14,2765,Appartamento Area Piscina,18,16,88.89,False
2025-07-14,2764,Appartamento Area Giardino,28,28,100.0,False
2025-07-14,5375,Villino 2Ten,1,1,100.0,False
2025-07-14,5376,Villino Double,1,1,100.0,False
2025-07-15,22380,OTA Camera Standard,3,0,0.0,False
2025-07-15,2761,Camera  Standard,14,19,135.71,True
2025-07-15,2762,Camera Superior,8,7,87.5,False
2025-07-15,2763,Camera Deluxe,5,5,100.0,False
2025-07-15,3231,Suite Familiare,1,0,0.0,False
2025-07-15,2767,Suite Familiare Vista Piscina,1,0,0.0,False
2025-07-15,2765,Appartamento Area Piscina,18,16,88.89,False
2025-07-15,2764,Appartamento Area Giardino,28,28,100.0,False
2025-07-15,5375,Villino 2Ten,1,1,100.0,False
2025-07-15,5376,Villino Double,1,1,100.0,False
2025-07-16,22380,OTA Camera Standard,3,0,0.0,False
2025-07-16,2761,Camera  Standard,14,17,121.43,True
2025-07-16,2762,Camera Superior,8,8,100.0,False
2025-07-16,2763,Camera Deluxe,5,4,80.0,False
2025-07-16,3231,Suite Familiare,1,0,0.0,False
2025-07-16,2767,Suite Familiare Vista Piscina,1,0,0.0,False
2025-07-16,2765,Appartamento Area Piscina,18,17,94.44,False
2025-07-16,2764,Appartamento Area Giardino,28,28,100.0,False
2025-07-16,5375,Villino 2Ten,1,1,100.0,False
2025-07-16,5376,Villino Double,1,1,100.0,False
2025-07-17,22380,OTA Camera Standard,3,0,0.0,False
2025-07-17,2761,Camera  Standard,14,18,128.57,True
2025-07-17,2762,Camera Superior,8,8,100.0,False
2025-07-17,2763,Camera Deluxe,5,5,100.0,False
2025-07-17,3231,Suite Familiare,1,0,0.0,False
2025-07-17,2767,Suite Familiare Vista Piscina,1,0,0.0,False
2025-07-17,2765,Appartamento Area Piscina,18,17,94.44,False
2025-07-17,2764,Appartamento Area Giardino,28,28,100.0,False
2025-07-17,5375,Villino 2Ten,1,1,100.0,False
2025-07-17,5376,Villino Double,1,1,100.0,False
2025-07-18,22380,OTA Camera Standard,3,0,0.0,False
2025-07-18,2761,Camera  Standard,14,18,128.57,True
2025-07-18,2762,Camera Superior,8,9,112.5,True
2025-07-18,2763,Camera Deluxe,5,4,80.0,False
2025-07-18,3231,Suite Familiare,1,0,0.0,False
2025-07-18,2767,Suite Familiare Vista Piscina,1,0,0.0,False
2025-07-18,2765,Appartamento Area Piscina,18,17,94.44,False
2025-07-18,2764,Appartamento Area Giardino,28,28,100.0,False
2025-07-18,5375,Villino 2Ten,1,1,100.0,False
2025-07-18,5376,Villino Double,1,1,100.0,False
2025-07-19,22380,OTA Camera Standard,3,0,0.0,False
2025-07-19,2761,Camera  Standard,14,16,114.29,True
2025-07-19,2762,Camera Superior,8,8,100.0,False
2025-07-19,2763,Camera Deluxe,5,4,80.0,False
2025-07-19,3231,Suite Familiare,1,1,100.0,False
2025-07-19,2767,Suite Familiare Vista Piscina,1,0,0.0,False
2025-07-19,2765,Appartamento Area Piscina,18,14,77.78,False
2025-07-19,2764,Appartamento Area Giardino,28,28,100.0,False
2025-07-19,5375,Villino 2Ten,1,1,100.0,False
2025-07-19,5376,Villino Double,1,1,100.0,False
2025-07-20,22380,OTA Camera Standard,3,0,0.0,False
2025-07-20,2761,Camera  Standard,14,11,78.57,False
2025-07-20,2762,Camera Superior,8,5,62.5,False
2025-07-20,2763,Camera Deluxe,5,5,100.0,False
2025-07-20,3231,Suite Familiare,1,0,0.0,False
2025-07-20,2767,Suite Familiare Vista Piscina,1,0,0.0,False
2025-07-20,2765,Appartamento Area Piscina,18,14,77.78,False
2025-07-20,2764,Appartamento Area Giardino,28,28,100.0,False
2025-07-20,5375,Villino 2Ten,1,1,100.0,False
2025-07-20,5376,Villino Double,1,1,100.0,False
2025-07-21,22380,OTA Camera Standard,3,0,0.0,False
2025-07-21,2761,Camera  Standard,14,17,121.43,True
2025-07-21,2762,Camera Superior,8,6,75.0,False
2025-07-21,2763,Camera Deluxe,5,5,100.0,False
2025-07-21,3231,Suite Familiare,1,0,0.0,False
2025-07-21,2767,Suite Familiare Vista Piscina,1,0,0.0,False
2025-07-21,2765,Appartamento Area Piscina,18,15,83.33,False
2025-07-21,2764,Appartamento Area Giardino,28,28,100.0,False
2025-07-21,5375,Villino 2Ten,1,1,100.0,False
2025-07-21,5376,Villino Double,1,1,100.0,False
2025-07-22,22380,OTA Camera Standard,3,0,0.0,False
2025-07-22,2761,Camera  Standard,14,17,121.43,True
2025-07-22,2762,Camera Superior,8,8,100.0,False
2025-07-22,2763,Camera Deluxe,5,3,60.0,False
2025-07-22,3231,Suite Familiare,1,1,100.0,False
2025-07-22,2767,Suite Familiare Vista Piscina,1,0,0.0,False
2025-07-22,2765,Appartamento Area Piscina,18,15,83.33,False
2025-07-22,2764,Appartamento Area Giardino,28,28,100.0,False
2025-07-22,5375,Villino 2Ten,1,1,100.0,False
2025-07-22,5376,Villino Double,1,1,100.0,False
2025-07-23,22380,OTA Camera Standard,3,0,0.0,False
2025-07-23,2761,Camera  Standard,14,15,107.14,True
2025-07-23,2762,Camera Superior,8,8,100.0,False
2025-07-23,2763,Camera Deluxe,5,6,120.0,True
2025-07-23,3231,Suite Familiare,1,1,100.0,False
2025-07-23,2767,Suite Familiare Vista Piscina,1,0,0.0,False
2025-07-23,2765,Appartamento Area Piscina,18,16,88.89,False
2025-07-23,2764,Appartamento Area Giardino,28,28,100.0,False
2025-07-23,5375,Villino 2Ten,1,1,100.0,False
2025-07-23,5376,Villino Double,1,1,100.0,False
2025-07-24,22380,OTA Camera Standard,3,0,0.0,False
2025-07-24,2761,Camera  Standard,14,16,114.29,True
2025-07-24,2762,Camera Superior,8,8,100.0,False
2025-07-24,2763,Camera Deluxe,5,6,120.0,True
2025-07-24,3231,Suite Familiare,1,1,100.0,False
2025-07-24,2767,Suite Familiare Vista Piscina,1,0,0.0,False
2025-07-24,2765,Appartamento Area Piscina,18,16,88.89,False
2025-07-24,2764,Appartamento Area Giardino,28,28,100.0,False
2025-07-24,5375,Villino 2Ten,1,1,100.0,False
2025-07-24,5376,Villino Double,1,0,0.0,False
2025-07-25,22380,OTA Camera Standard,3,0,0.0,False
2025-07-25,2761,Camera  Standard,14,16,114.29,True
2025-07-25,2762,Camera Superior,8,8,100.0,False
2025-07-25,2763,Camera Deluxe,5,6,120.0,True
2025-07-25,3231,Suite Familiare,1,1,100.0,False
2025-07-25,2767,Suite Familiare Vista Piscina,1,0,0.0,False
2025-07-25,2765,Appartamento Area Piscina,18,16,88.89,False
2025-07-25,2764,Appartamento Area Giardino,28,28,100.0,False
2025-07-25,5375,Villino 2Ten,1,1,100.0,False
2025-07-25,5376,Villino Double,1,1,100.0,False
2025-07-26,22380,OTA Camera Standard,3,0,0.0,False
2025-07-26,2761,Camera  Standard,14,16,114.29,True
2025-07-26,2762,Camera Superior,8,9,112.5,True
2025-07-26,2763,Camera Deluxe,5,4,80.0,False
2025-07-26,3231,Suite Familiare,1,1,100.0,False
2025-07-26,2767,Suite Familiare Vista Piscina,1,0,0.0,False
2025-07-26,2765,Appartamento Area Piscina,18,17,94.44,False
2025-07-26,2764,Appartamento Area Giardino,28,27,96.43,False
2025-07-26,5375,Villino 2Ten,1,1,100.0,False
2025-07-26,5376,Villino Double,1,1,100.0,False
2025-07-27,22380,OTA Camera Standard,3,0,0.0,False
2025-07-27,2761,Camera  Standard,14,15,107.14,True
2025-07-27,2762,Camera Superior,8,8,100.0,False
2025-07-27,2763,Camera Deluxe,5,4,80.0,False
2025-07-27,3231,Suite Familiare,1,1,100.0,False
2025-07-27,2767,Suite Familiare Vista Piscina,1,1,100.0,False
2025-07-27,2765,Appartamento Area Piscina,18,18,100.0,False
2025-07-27,2764,Appartamento Area Giardino,28,23,82.14,False
2025-07-27,5375,Villino 2Ten,1,0,0.0,False
2025-07-27,5376,Villino Double,1,0,0.0,False
2025-07-28,22380,OTA Camera Standard,3,0,0.0,False
2025-07-28,2761,Camera  Standard,14,15,107.14,True
2025-07-28,2762,Camera Superior,8,7,87.5,False
2025-07-28,2763,Camera Deluxe,5,4,80.0,False
2025-07-28,3231,Suite Familiare,1,1,100.0,False
2025-07-28,2767,Suite Familiare Vista Piscina,1,1,100.0,False
2025-07-28,2765,Appartamento Area Piscina,18,18,100.0,False
2025-07-28,2764,Appartamento Area Giardino,28,21,75.0,False
2025-07-28,5375,Villino 2Ten,1,1,100.0,False
2025-07-28,5376,Villino Double,1,1,100.0,False
2025-07-29,22380,OTA Camera Standard,3,0,0.0,False
2025-07-29,2761,Camera  Standard,14,14,100.0,False
2025-07-29,2762,Camera Superior,8,6,75.0,False
2025-07-29,2763,Camera Deluxe,5,4,80.0,False
2025-07-29,3231,Suite Familiare,1,1,100.0,False
2025-07-29,2767,Suite Familiare Vista Piscina,1,1,100.0,False
2025-07-29,2765,Appartamento Area Piscina,18,17,94.44,False
2025-07-29,2764,Appartamento Area Giardino,28,23,82.14,False
2025-07-29,5375,Villino 2Ten,1,0,0.0,False
2025-07-29,5376,Villino Double,1,1,100.0,False
2025-07-30,22380,OTA Camera Standard,3,0,0.0,False
2025-07-30,2761,Camera  Standard,14,15,107.14,True
2025-07-30,2762,Camera Superior,8,8,100.0,False
2025-07-30,2763,Camera Deluxe,5,4,80.0,False
2025-07-30,3231,Suite Familiare,1,1,100.0,False
2025-07-30,2767,Suite Familiare Vista Piscina,1,1,100.0,False
2025-07-30,2765,Appartamento Area Piscina,18,17,94.44,False
2025-07-30,2764,Appartamento Area Giardino,28,22,78.57,False
2025-07-30,5375,Villino 2Ten,1,0,0.0,False
2025-07-30,5376,Villino Double,1,1,100.0,False
2025-07-31,22380,OTA Camera Standard,3,0,0.0,False
2025-07-31,2761,Camera  Standard,14,14,100.0,False
2025-07-31,2762,Camera Superior,8,7,87.5,False
2025-07-31,2763,Camera Deluxe,5,4,80.0,False
2025-07-31,3231,Suite Familiare,1,1,100.0,False
2025-07-31,2767,Suite Familiare Vista Piscina,1,1,100.0,False
2025-07-31,2765,Appartamento Area Piscina,18,14,77.78,False
2025-07-31,2764,Appartamento Area Giardino,28,22,78.57,False
2025-07-31,5375,Villino 2Ten,1,0,0.0,False
2025-07-31,5376,Villino Double,1,1,100.0,False
2025-08-01,22380,OTA Camera Standard,3,0,0.0,False
2025-08-01,2761,Camera  Standard,14,14,100.0,False
2025-08-01,2762,Camera Superior,8,6,75.0,False
2025-08-01,2763,Camera Deluxe,5,4,80.0,False
2025-08-01,3231,Suite Familiare,1,1,100.0,False
2025-08-01,2767,Suite Familiare Vista Piscina,1,1,100.0,False
2025-08-01,2765,Appartamento Area Piscina,18,13,72.22,False
2025-08-01,2764,Appartamento Area Giardino,28,22,78.57,False
2025-08-01,5375,Villino 2Ten,1,0,0.0,False
2025-08-01,5376,Villino Double,1,0,0.0,False
2025-08-02,22380,OTA Camera Standard,3,0,0.0,False
2025-08-02,2761,Camera  Standard,14,13,92.86,False
2025-08-02,2762,Camera Superior,8,7,87.5,False
2025-08-02,2763,Camera Deluxe,5,4,80.0,False
2025-08-02,3231,Suite Familiare,1,1,100.0,False
2025-08-02,2767,Suite Familiare Vista Piscina,1,1,100.0,False
2025-08-02,2765,Appartamento Area Piscina,18,18,100.0,False
2025-08-02,2764,Appartamento Area Giardino,28,26,92.86,False
2025-08-02,5375,Villino 2Ten,1,0,0.0,False
2025-08-02,5376,Villino Double,1,0,0.0,False
2025-08-03,22380,OTA Camera Standard,3,0,0.0,False
2025-08-03,2761,Camera  Standard,14,13,92.86,False
2025-08-03,2762,Camera Superior,8,6,75.0,False
2025-08-03,2763,Camera Deluxe,5,4,80.0,False
2025-08-03,3231,Suite Familiare,1,1,100.0,False
2025-08-03,2767,Suite Familiare Vista Piscina,1,1,100.0,False
2025-08-03,2765,Appartamento Area Piscina,18,17,94.44,False
2025-08-03,2764,Appartamento Area Giardino,28,28,100.0,False
2025-08-03,5375,Villino 2Ten,1,0,0.0,False
2025-08-03,5376,Villino Double,1,1,100.0,False
2025-08-04,22380,OTA Camera Standard,3,0,0.0,False
2025-08-04,2761,Camera  Standard,14,16,114.29,True
2025-08-04,2762,Camera Superior,8,5,62.5,False
2025-08-04,2763,Camera Deluxe,5,5,100.0,False
2025-08-04,3231,Suite Familiare,1,1,100.0,False
2025-08-04,2767,Suite Familiare Vista Piscina,1,1,100.0,False
2025-08-04,2765,Appartamento Area Piscina,18,18,100.0,False
2025-08-04,2764,Appartamento Area Giardino,28,28,100.0,False
2025-08-04,5375,Villino 2Ten,1,0,0.0,False
2025-08-04,5376,Villino Double,1,1,100.0,False
2025-08-05,22380,OTA Camera Standard,3,0,0.0,False
2025-08-05,2761,Camera  Standard,14,16,114.29,True
2025-08-05,2762,Camera Superior,8,5,62.5,False
2025-08-05,2763,Camera Deluxe,5,5,100.0,False
2025-08-05,3231,Suite Familiare,1,1,100.0,False
2025-08-05,2767,Suite Familiare Vista Piscina,1,1,100.0,False
2025-08-05,2765,Appartamento Area Piscina,18,17,94.44,False
2025-08-05,2764,Appartamento Area Giardino,28,27,96.43,False
2025-08-05,5375,Villino 2Ten,1,0,0.0,False
2025-08-05,5376,Villino Double,1,1,100.0,False
2025-08-06,22380,OTA Camera Standard,3,0,0.0,False
2025-08-06,2761,Camera  Standard,14,17,121.43,True
2025-08-06,2762,Camera Superior,8,5,62.5,False
2025-08-06,2763,Camera Deluxe,5,5,100.0,False
2025-08-06,3231,Suite Familiare,1,1,100.0,False
2025-08-06,2767,Suite Familiare Vista Piscina,1,0,0.0,False
2025-08-06,2765,Appartamento Area Piscina,18,18,100.0,False
2025-08-06,2764,Appartamento Area Giardino,28,27,96.43,False
2025-08-06,5375,Villino 2Ten,1,0,0.0,False
2025-08-06,5376,Villino Double,1,1,100.0,False
2025-08-07,22380,OTA Camera Standard,3,0,0.0,False
2025-08-07,2761,Camera  Standard,14,15,107.14,True
2025-08-07,2762,Camera Superior,8,6,75.0,False
2025-08-07,2763,Camera Deluxe,5,5,100.0,False
2025-08-07,3231,Suite Familiare,1,1,100.0,False
2025-08-07,2767,Suite Familiare Vista Piscina,1,0,0.0,False
2025-08-07,2765,Appartamento Area Piscina,18,18,100.0,False
2025-08-07,2764,Appartamento Area Giardino,28,27,96.43,False
2025-08-07,5375,Villino 2Ten,1,0,0.0,False
2025-08-07,5376,Villino Double,1,1,100.0,False
2025-08-08,22380,OTA Camera Standard,3,0,0.0,False
2025-08-08,2761,Camera  Standard,14,15,107.14,True
2025-08-08,2762,Camera Superior,8,7,87.5,False
2025-08-08,2763,Camera Deluxe,5,4,80.0,False
2025-08-08,3231,Suite Familiare,1,1,100.0,False
2025-08-08,2767,Suite Familiare Vista Piscina,1,0,0.0,False
2025-08-08,2765,Appartamento Area Piscina,18,18,100.0,False
2025-08-08,2764,Appartamento Area Giardino,28,27,96.43,False
2025-08-08,5375,Villino 2Ten,1,0,0.0,False
2025-08-08,5376,Villino Double,1,1,100.0,False
2025-08-09,22380,OTA Camera Standard,3,0,0.0,False
2025-08-09,2761,Camera  Standard,14,15,107.14,True
2025-08-09,2762,Camera Superior,8,8,100.0,False
2025-08-09,2763,Camera Deluxe,5,4,80.0,False
2025-08-09,3231,Suite Familiare,1,1,100.0,False
2025-08-09,2767,Suite Familiare Vista Piscina,1,1,100.0,False
2025-08-09,2765,Appartamento Area Piscina,18,19,105.56,True
2025-08-09,2764,Appartamento Area Giardino,28,28,100.0,False
2025-08-09,5375,Villino 2Ten,1,1,100.0,False
2025-08-09,5376,Villino Double,1,1,100.0,False
2025-08-10,22380,OTA Camera Standard,3,0,0.0,False
2025-08-10,2761,Camera  Standard,14,14,100.0,False
2025-08-10,2762,Camera Superior,8,9,112.5,True
2025-08-10,2763,Camera Deluxe,5,4,80.0,False
2025-08-10,3231,Suite Familiare,1,1,100.0,False
2025-08-10,2767,Suite Familiare Vista Piscina,1,1,100.0,False
2025-08-10,2765,Appartamento Area Piscina,18,19,105.56,True
2025-08-10,2764,Appartamento Area Giardino,28,27,96.43,False
2025-08-10,5375,Villino 2Ten,1,1,100.0,False
2025-08-10,5376,Villino Double,1,1,100.0,False
2025-08-11,22380,OTA Camera Standard,3,0,0.0,False
2025-08-11,2761,Camera  Standard,14,14,100.0,False
2025-08-11,2762,Camera Superior,8,10,125.0,True
2025-08-11,2763,Camera Deluxe,5,3,60.0,False
2025-08-11,3231,Suite Familiare,1,1,100.0,False
2025-08-11,2767,Suite Familiare Vista Piscina,1,1,100.0,False
2025-08-11,2765,Appartamento Area Piscina,18,19,105.56,True
2025-08-11,2764,Appartamento Area Giardino,28,28,100.0,False
2025-08-11,5375,Villino 2Ten,1,1,100.0,False
2025-08-11,5376,Villino Double,1,1,100.0,False
2025-08-12,22380,OTA Camera Standard,3,0,0.0,False
2025-08-12,2761,Camera  Standard,14,13,92.86,False
2025-08-12,2762,Camera Superior,8,11,137.5,True
2025-08-12,2763,Camera Deluxe,5,3,60.0,False
2025-08-12,3231,Suite Familiare,1,1,100.0,False
2025-08-12,2767,Suite Familiare Vista Piscina,1,1,100.0,False
2025-08-12,2765,Appartamento Area Piscina,18,18,100.0,False
2025-08-12,2764,Appartamento Area Giardino,28,28,100.0,False
2025-08-12,5375,Villino 2Ten,1,1,100.0,False
2025-08-12,5376,Villino Double,1,1,100.0,False
2025-08-13,22380,OTA Camera Standard,3,0,0.0,False
2025-08-13,2761,Camera  Standard,14,13,92.86,False
2025-08-13,2762,Camera Superior,8,11,137.5,True
2025-08-13,2763,Camera Deluxe,5,2,40.0,False
2025-08-13,3231,Suite Familiare,1,0,0.0,False
2025-08-13,2767,Suite Familiare Vista Piscina,1,1,100.0,False
2025-08-13,2765,Appartamento Area Piscina,18,18,100.0,False
2025-08-13,2764,Appartamento Area Giardino,28,28,100.0,False
2025-08-13,5375,Villino 2Ten,1,1,100.0,False
2025-08-13,5376,Villino Double,1,1,100.0,False
2025-08-14,22380,OTA Camera Standard,3,0,0.0,False
2025-08-14,2761,Camera  Standard,14,14,100.0,False
2025-08-14,2762,Camera Superior,8,11,137.5,True
2025-08-14,2763,Camera Deluxe,5,2,40.0,False
2025-08-14,3231,Suite Familiare,1,1,100.0,False
2025-08-14,2767,Suite Familiare Vista Piscina,1,1,100.0,False
2025-08-14,2765,Appartamento Area Piscina,18,18,100.0,False
2025-08-14,2764,Appartamento Area Giardino,28,28,100.0,False
2025-08-14,5375,Villino 2Ten,1,1,100.0,False
2025-08-14,5376,Villino Double,1,1,100.0,False
2025-08-15,22380,OTA Camera Standard,3,0,0.0,False
2025-08-15,2761,Camera  Standard,14,16,114.29,True
2025-08-15,2762,Camera Superior,8,11,137.5,True
2025-08-15,2763,Camera Deluxe,5,3,60.0,False
2025-08-15,3231,Suite Familiare,1,0,0.0,False
2025-08-15,2767,Suite Familiare Vista Piscina,1,1,100.0,False
2025-08-15,2765,Appartamento Area Piscina,18,18,100.0,False
2025-08-15,2764,Appartamento Area Giardino,28,28,100.0,False
2025-08-15,5375,Villino 2Ten,1,1,100.0,False
2025-08-15,5376,Villino Double,1,1,100.0,False
2025-08-16,22380,OTA Camera Standard,3,0,0.0,False
2025-08-16,2761,Camera  Standard,14,15,107.14,True
2025-08-16,2762,Camera Superior,8,10,125.0,True
2025-08-16,2763,Camera Deluxe,5,4,80.0,False
2025-08-16,3231,Suite Familiare,1,0,0.0,False
2025-08-16,2767,Suite Familiare Vista Piscina,1,1,100.0,False
2025-08-16,2765,Appartamento Area Piscina,18,19,105.56,True
2025-08-16,2764,Appartamento Area Giardino,28,28,100.0,False
2025-08-16,5375,Villino 2Ten,1,1,100.0,False
2025-08-16,5376,Villino Double,1,1,100.0,False
2025-08-17,22380,OTA Camera Standard,3,0,0.0,False
2025-08-17,2761,Camera  Standard,14,13,92.86,False
2025-08-17,2762,Camera Superior,8,10,125.0,True
2025-08-17,2763,Camera Deluxe,5,4,80.0,False
2025-08-17,3231,Suite Familiare,1,0,0.0,False
2025-08-17,2767,Suite Familiare Vista Piscina,1,1,100.0,False
2025-08-17,2765,Appartamento Area Piscina,18,18,100.0,False
2025-08-17,2764,Appartamento Area Giardino,28,29,103.57,True
2025-08-17,5375,Villino 2Ten,1,1,100.0,False
2025-08-17,5376,Villino Double,1,1,100.0,False
2025-08-18,22380,OTA Camera Standard,3,0,0.0,False
2025-08-18,2761,Camera  Standard,14,14,100.0,False
2025-08-18,2762,Camera Superior,8,11,137.5,True
2025-08-18,2763,Camera Deluxe,5,4,80.0,False
2025-08-18,3231,Suite Familiare,1,0,0.0,False
2025-08-18,2767,Suite Familiare Vista Piscina,1,1,100.0,False
2025-08-18,2765,Appartamento Area Piscina,18,19,105.56,True
2025-08-18,2764,Appartamento Area Giardino,28,29,103.57,True
2025-08-18,5375,Villino 2Ten,1,1,100.0,False
2025-08-18,5376,Villino Double,1,1,100.0,False
2025-08-19,22380,OTA Camera Standard,3,0,0.0,False
2025-08-19,2761,Camera  Standard,14,15,107.14,True
2025-08-19,2762,Camera Superior,8,10,125.0,True
2025-08-19,2763,Camera Deluxe,5,4,80.0,False
2025-08-19,3231,Suite Familiare,1,0,0.0,False
2025-08-19,2767,Suite Familiare Vista Piscina,1,1,100.0,False
2025-08-19,2765,Appartamento Area Piscina,18,19,105.56,True
2025-08-19,2764,Appartamento Area Giardino,28,29,103.57,True
2025-08-19,5375,Villino 2Ten,1,1,100.0,False
2025-08-19,5376,Villino Double,1,1,100.0,False
2025-08-20,22380,OTA Camera Standard,3,0,0.0,False
2025-08-20,2761,Camera  Standard,14,14,100.0,False
2025-08-20,2762,Camera Superior,8,10,125.0,True
2025-08-20,2763,Camera Deluxe,5,4,80.0,False
2025-08-20,3231,Suite Familiare,1,0,0.0,False
2025-08-20,2767,Suite Familiare Vista Piscina,1,1,100.0,False
2025-08-20,2765,Appartamento Area Piscina,18,20,111.11,True
2025-08-20,2764,Appartamento Area Giardino,28,29,103.57,True
2025-08-20,5375,Villino 2Ten,1,1,100.0,False
2025-08-20,5376,Villino Double,1,1,100.0,False
2025-08-21,22380,OTA Camera Standard,3,0,0.0,False
2025-08-21,2761,Camera  Standard,14,15,107.14,True
2025-08-21,2762,Camera Superior,8,9,112.5,True
2025-08-21,2763,Camera Deluxe,5,4,80.0,False
2025-08-21,3231,Suite Familiare,1,0,0.0,False
2025-08-21,2767,Suite Familiare Vista Piscina,1,1,100.0,False
2025-08-21,2765,Appartamento Area Piscina,18,21,116.67,True
2025-08-21,2764,Appartamento Area Giardino,28,28,100.0,False
2025-08-21,5375,Villino 2Ten,1,1,100.0,False
2025-08-21,5376,Villino Double,1,1,100.0,False
2025-08-22,22380,OTA Camera Standard,3,0,0.0,False
2025-08-22,2761,Camera  Standard,14,14,100.0,False
2025-08-22,2762,Camera Superior,8,8,100.0,False
2025-08-22,2763,Camera Deluxe,5,5,100.0,False
2025-08-22,3231,Suite Familiare,1,0,0.0,False
2025-08-22,2767,Suite Familiare Vista Piscina,1,1,100.0,False
2025-08-22,2765,Appartamento Area Piscina,18,21,116.67,True
2025-08-22,2764,Appartamento Area Giardino,28,28,100.0,False
2025-08-22,5375,Villino 2Ten,1,1,100.0,False
2025-08-22,5376,Villino Double,1,1,100.0,False
2025-08-23,22380,OTA Camera Standard,3,0,0.0,False
2025-08-23,2761,Camera  Standard,14,14,100.0,False
2025-08-23,2762,Camera Superior,8,8,100.0,False
2025-08-23,2763,Camera Deluxe,5,5,100.0,False
2025-08-23,3231,Suite Familiare,1,0,0.0,False
2025-08-23,2767,Suite Familiare Vista Piscina,1,1,100.0,False
2025-08-23,2765,Appartamento Area Piscina,18,16,88.89,False
2025-08-23,2764,Appartamento Area Giardino,28,22,78.57,False
2025-08-23,5375,Villino 2Ten,1,2,200.0,True
2025-08-23,5376,Villino Double,1,1,100.0,False
2025-08-24,22380,OTA Camera Standard,3,0,0.0,False
2025-08-24,2761,Camera  Standard,14,11,78.57,False
2025-08-24,2762,Camera Superior,8,6,75.0,False
2025-08-24,2763,Camera Deluxe,5,3,60.0,False
2025-08-24,3231,Suite Familiare,1,1,100.0,False
2025-08-24,2767,Suite Familiare Vista Piscina,1,0,0.0,False
2025-08-24,2765,Appartamento Area Piscina,18,19,105.56,True
2025-08-24,2764,Appartamento Area Giardino,28,26,92.86,False
2025-08-24,5375,Villino 2Ten,1,1,100.0,False
2025-08-24,5376,Villino Double,1,2,200.0,True
2025-08-25,22380,OTA Camera Standard,3,0,0.0,False
2025-08-25,2761,Camera  Standard,14,11,78.57,False
2025-08-25,2762,Camera Superior,8,11,137.5,True
2025-08-25,2763,Camera Deluxe,5,4,80.0,False
2025-08-25,3231,Suite Familiare,1,1,100.0,False
2025-08-25,2767,Suite Familiare Vista Piscina,1,1,100.0,False
2025-08-25,2765,Appartamento Area Piscina,18,21,116.67,True
2025-08-25,2764,Appartamento Area Giardino,28,25,89.29,False
2025-08-25,5375,Villino 2Ten,1,1,100.0,False
2025-08-25,5376,Villino Double,1,2,200.0,True
2025-08-26,22380,OTA Camera Standard,3,0,0.0,False
2025-08-26,2761,Camera  Standard,14,11,78.57,False
2025-08-26,2762,Camera Superior,8,11,137.5,True
2025-08-26,2763,Camera Deluxe,5,4,80.0,False
2025-08-26,3231,Suite Familiare,1,1,100.0,False
2025-08-26,2767,Suite Familiare Vista Piscina,1,1,100.0,False
2025-08-26,2765,Appartamento Area Piscina,18,20,111.11,True
2025-08-26,2764,Appartamento Area Giardino,28,26,92.86,False
2025-08-26,5375,Villino 2Ten,1,1,100.0,False
2025-08-26,5376,Villino Double,1,1,100.0,False
2025-08-27,22380,OTA Camera Standard,3,0,0.0,False
2025-08-27,2761,Camera  Standard,14,12,85.71,False
2025-08-27,2762,Camera Superior,8,11,137.5,True
2025-08-27,2763,Camera Deluxe,5,4,80.0,False
2025-08-27,3231,Suite Familiare,1,1,100.0,False
2025-08-27,2767,Suite Familiare Vista Piscina,1,1,100.0,False
2025-08-27,2765,Appartamento Area Piscina,18,21,116.67,True
2025-08-27,2764,Appartamento Area Giardino,28,27,96.43,False
2025-08-27,5375,Villino 2Ten,1,1,100.0,False
2025-08-27,5376,Villino Double,1,1,100.0,False
2025-08-28,22380,OTA Camera Standard,3,0,0.0,False
2025-08-28,2761,Camera  Standard,14,13,92.86,False
2025-08-28,2762,Camera Superior,8,11,137.5,True
2025-08-28,2763,Camera Deluxe,5,4,80.0,False
2025-08-28,3231,Suite Familiare,1,1,100.0,False
2025-08-28,2767,Suite Familiare Vista Piscina,1,0,0.0,False
2025-08-28,2765,Appartamento Area Piscina,18,20,111.11,True
2025-08-28,2764,Appartamento Area Giardino,28,27,96.43,False
2025-08-28,5375,Villino 2Ten,1,1,100.0,False
2025-08-28,5376,Villino Double,1,1,100.0,False
2025-08-29,22380,OTA Camera Standard,3,0,0.0,False
2025-08-29,2761,Camera  Standard,14,13,92.86,False
2025-08-29,2762,Camera Superior,8,10,125.0,True
2025-08-29,2763,Camera Deluxe,5,4,80.0,False
2025-08-29,3231,Suite Familiare,1,1,100.0,False
2025-08-29,2767,Suite Familiare Vista Piscina,1,0,0.0,False
2025-08-29,2765,Appartamento Area Piscina,18,17,94.44,False
2025-08-29,2764,Appartamento Area Giardino,28,29,103.57,True
2025-08-29,5375,Villino 2Ten,1,1,100.0,False
2025-08-29,5376,Villino Double,1,0,0.0,False
2025-08-30,22380,OTA Camera Standard,3,0,0.0,False
2025-08-30,2761,Camera  Standard,14,12,85.71,False
2025-08-30,2762,Camera Superior,8,9,112.5,True
2025-08-30,2763,Camera Deluxe,5,4,80.0,False
2025-08-30,3231,Suite Familiare,1,0,0.0,False
2025-08-30,2767,Suite Familiare Vista Piscina,1,1,100.0,False
2025-08-30,2765,Appartamento Area Piscina,18,13,72.22,False
2025-08-30,2764,Appartamento Area Giardino,28,25,89.29,False
2025-08-30,5375,Villino 2Ten,1,1,100.0,False
2025-08-30,5376,Villino Double,1,0,0.0,False
2025-08-31,22380,OTA Camera Standard,3,0,0.0,False
2025-08-31,2761,Camera  Standard,14,12,85.71,False
2025-08-31,2762,Camera Superior,8,8,100.0,False
2025-08-31,2763,Camera Deluxe,5,2,40.0,False
2025-08-31,3231,Suite Familiare,1,0,0.0,False
2025-08-31,2767,Suite Familiare Vista Piscina,1,1,100.0,False
2025-08-31,2765,Appartamento Area Piscina,18,15,83.33,False
2025-08-31,2764,Appartamento Area Giardino,28,24,85.71,False
2025-08-31,5375,Villino 2Ten,1,0,0.0,False
2025-08-31,5376,Villino Double,1,0,0.0,False
2025-09-01,22380,OTA Camera Standard,3,0,0.0,False
2025-09-01,2761,Camera  Standard,14,13,92.86,False
2025-09-01,2762,Camera Superior,8,10,125.0,True
2025-09-01,2763,Camera Deluxe,5,3,60.0,False
2025-09-01,3231,Suite Familiare,1,0,0.0,False
2025-09-01,2767,Suite Familiare Vista Piscina,1,1,100.0,False
2025-09-01,2765,Appartamento Area Piscina,18,21,116.67,True
2025-09-01,2764,Appartamento Area Giardino,28,28,100.0,False
2025-09-01,5375,Villino 2Ten,1,0,0.0,False
2025-09-01,5376,Villino Double,1,0,0.0,False
2025-09-02,22380,OTA Camera Standard,3,0,0.0,False
2025-09-02,2761,Camera  Standard,14,13,92.86,False
2025-09-02,2762,Camera Superior,8,10,125.0,True
2025-09-02,2763,Camera Deluxe,5,4,80.0,False
2025-09-02,3231,Suite Familiare,1,0,0.0,False
2025-09-02,2767,Suite Familiare Vista Piscina,1,1,100.0,False
2025-09-02,2765,Appartamento Area Piscina,18,20,111.11,True
2025-09-02,2764,Appartamento Area Giardino,28,28,100.0,False
2025-09-02,5375,Villino 2Ten,1,0,0.0,False
2025-09-02,5376,Villino Double,1,0,0.0,False
2025-09-03,22380,OTA Camera Standard,3,0,0.0,False
2025-09-03,2761,Camera  Standard,14,13,92.86,False
2025-09-03,2762,Camera Superior,8,11,137.5,True
2025-09-03,2763,Camera Deluxe,5,5,100.0,False
2025-09-03,3231,Suite Familiare,1,0,0.0,False
2025-09-03,2767,Suite Familiare Vista Piscina,1,1,100.0,False
2025-09-03,2765,Appartamento Area Piscina,18,20,111.11,True
2025-09-03,2764,Appartamento Area Giardino,28,26,92.86,False
2025-09-03,5375,Villino 2Ten,1,0,0.0,False
2025-09-03,5376,Villino Double,1,0,0.0,False
2025-09-04,22380,OTA Camera Standard,3,0,0.0,False
2025-09-04,2761,Camera  Standard,14,13,92.86,False
2025-09-04,2762,Camera Superior,8,11,137.5,True
2025-09-04,2763,Camera Deluxe,5,5,100.0,False
2025-09-04,3231,Suite Familiare,1,0,0.0,False
2025-09-04,2767,Suite Familiare Vista Piscina,1,1,100.0,False
2025-09-04,2765,Appartamento Area Piscina,18,20,111.11,True
2025-09-04,2764,Appartamento Area Giardino,28,28,100.0,False
2025-09-04,5375,Villino 2Ten,1,0,0.0,False
2025-09-04,5376,Villino Double,1,0,0.0,False
2025-09-05,22380,OTA Camera Standard,3,0,0.0,False
2025-09-05,2761,Camera  Standard,14,13,92.86,False
2025-09-05,2762,Camera Superior,8,8,100.0,False
2025-09-05,2763,Camera Deluxe,5,6,120.0,True
2025-09-05,3231,Suite Familiare,1,0,0.0,False
2025-09-05,2767,Suite Familiare Vista Piscina,1,1,100.0,False
2025-09-05,2765,Appartamento Area Piscina,18,20,111.11,True
2025-09-05,2764,Appartamento Area Giardino,28,29,103.57,True
2025-09-05,5375,Villino 2Ten,1,0,0.0,False
2025-09-05,5376,Villino Double,1,0,0.0,False
2025-09-06,22380,OTA Camera Standard,3,0,0.0,False
2025-09-06,2761,Camera  Standard,14,11,78.57,False
2025-09-06,2762,Camera Superior,8,9,112.5,True
2025-09-06,2763,Camera Deluxe,5,6,120.0,True
2025-09-06,3231,Suite Familiare,1,0,0.0,False
2025-09-06,2767,Suite Familiare Vista Piscina,1,1,100.0,False
2025-09-06,2765,Appartamento Area Piscina,18,16,88.89,False
2025-09-06,2764,Appartamento Area Giardino,28,23,82.14,False
2025-09-06,5375,Villino 2Ten,1,0,0.0,False
2025-09-06,5376,Villino Double,1,1,100.0,False
2025-09-07,22380,OTA Camera Standard,3,0,0.0,False
2025-09-07,2761,Camera  Standard,14,14,100.0,False
2025-09-07,2762,Camera Superior,8,9,112.5,True
2025-09-07,2763,Camera Deluxe,5,6,120.0,True
2025-09-07,3231,Suite Familiare,1,0,0.0,False
2025-09-07,2767,Suite Familiare Vista Piscina,1,0,0.0,False
2025-09-07,2765,Appartamento Area Piscina,18,11,61.11,False
2025-09-07,2764,Appartamento Area Giardino,28,15,53.57,False
2025-09-07,5375,Villino 2Ten,1,0,0.0,False
2025-09-07,5376,Villino Double,1,0,0.0,False
2025-09-08,22380,OTA Camera Standard,3,0,0.0,False
2025-09-08,2761,Camera  Standard,14,14,100.0,False
2025-09-08,2762,Camera Superior,8,9,112.5,True
2025-09-08,2763,Camera Deluxe,5,6,120.0,True
2025-09-08,3231,Suite Familiare,1,0,0.0,False
2025-09-08,2767,Suite Familiare Vista Piscina,1,0,0.0,False
2025-09-08,2765,Appartamento Area Piscina,18,13,72.22,False
2025-09-08,2764,Appartamento Area Giardino,28,18,64.29,False
2025-09-08,5375,Villino 2Ten,1,0,0.0,False
2025-09-08,5376,Villino Double,1,0,0.0,False
2025-09-09,22380,OTA Camera Standard,3,0,0.0,False
2025-09-09,2761,Camera  Standard,14,11,78.57,False
2025-09-09,2762,Camera Superior,8,7,87.5,False
2025-09-09,2763,Camera Deluxe,5,4,80.0,False
2025-09-09,3231,Suite Familiare,1,0,0.0,False
2025-09-09,2767,Suite Familiare Vista Piscina,1,0,0.0,False
2025-09-09,2765,Appartamento Area Piscina,18,12,66.67,False
2025-09-09,2764,Appartamento Area Giardino,28,15,53.57,False
2025-09-09,5375,Villino 2Ten,1,0,0.0,False
2025-09-09,5376,Villino Double,1,0,0.0,False
2025-09-10,22380,OTA Camera Standard,3,0,0.0,False
2025-09-10,2761,Camera  Standard,14,9,64.29,False
2025-09-10,2762,Camera Superior,8,6,75.0,False
2025-09-10,2763,Camera Deluxe,5,3,60.0,False
2025-09-10,3231,Suite Familiare,1,0,0.0,False
2025-09-10,2767,Suite Familiare Vista Piscina,1,0,0.0,False
2025-09-10,2765,Appartamento Area Piscina,18,11,61.11,False
2025-09-10,2764,Appartamento Area Giardino,28,13,46.43,False
2025-09-10,5375,Villino 2Ten,1,0,0.0,False
2025-09-10,5376,Villino Double,1,0,0.0,False
2025-09-11,22380,OTA Camera Standard,3,0,0.0,False
2025-09-11,2761,Camera  Standard,14,12,85.71,False
2025-09-11,2762,Camera Superior,8,5,62.5,False
2025-09-11,2763,Camera Deluxe,5,4,80.0,False
2025-09-11,3231,Suite Familiare,1,0,0.0,False
2025-09-11,2767,Suite Familiare Vista Piscina,1,0,0.0,False
2025-09-11,2765,Appartamento Area Piscina,18,10,55.56,False
2025-09-11,2764,Appartamento Area Giardino,28,12,42.86,False
2025-09-11,5375,Villino 2Ten,1,0,0.0,False
2025-09-11,5376,Villino Double,1,0,0.0,False
2025-09-12,22380,OTA Camera Standard,3,0,0.0,False
2025-09-12,2761,Camera  Standard,14,16,114.29,True
2025-09-12,2762,Camera Superior,8,8,100.0,False
2025-09-12,2763,Camera Deluxe,5,4,80.0,False
2025-09-12,3231,Suite Familiare,1,0,0.0,False
2025-09-12,2767,Suite Familiare Vista Piscina,1,0,0.0,False
2025-09-12,2765,Appartamento Area Piscina,18,13,72.22,False
2025-09-12,2764,Appartamento Area Giardino,28,15,53.57,False
2025-09-12,5375,Villino 2Ten,1,0,0.0,False
2025-09-12,5376,Villino Double,1,0,0.0,False
2025-09-13,22380,OTA Camera Standard,3,0,0.0,False
2025-09-13,2761,Camera  Standard,14,16,114.29,True
2025-09-13,2762,Camera Superior,8,9,112.5,True
2025-09-13,2763,Camera Deluxe,5,5,100.0,False
2025-09-13,3231,Suite Familiare,1,0,0.0,False
2025-09-13,2767,Suite Familiare Vista Piscina,1,0,0.0,False
2025-09-13,2765,Appartamento Area Piscina,18,10,55.56,False
2025-09-13,2764,Appartamento Area Giardino,28,11,39.29,False
2025-09-13,5375,Villino 2Ten,1,0,0.0,False
2025-09-13,5376,Villino Double,1,1,100.0,False
2025-09-14,22380,OTA Camera Standard,3,0,0.0,False
2025-09-14,2761,Camera  Standard,14,6,42.86,False
2025-09-14,2762,Camera Superior,8,1,12.5,False
2025-09-14,2763,Camera Deluxe,5,2,40.0,False
2025-09-14,3231,Suite Familiare,1,0,0.0,False
2025-09-14,2767,Suite Familiare Vista Piscina,1,0,0.0,False
2025-09-14,2765,Appartamento Area Piscina,18,5,27.78,False
2025-09-14,2764,Appartamento Area Giardino,28,0,0.0,False
2025-09-14,5375,Villino 2Ten,1,0,0.0,False
2025-09-14,5376,Villino Double,1,0,0.0,False
2025-09-15,22380,OTA Camera Standard,3,0,0.0,False
2025-09-15,2761,Camera  Standard,14,7,50.0,False
2025-09-15,2762,Camera Superior,8,0,0.0,False
2025-09-15,2763,Camera Deluxe,5,2,40.0,False
2025-09-15,3231,Suite Familiare,1,0,0.0,False
2025-09-15,2767,Suite Familiare Vista Piscina,1,0,0.0,False
2025-09-15,2765,Appartamento Area Piscina,18,5,27.78,False
2025-09-15,2764,Appartamento Area Giardino,28,0,0.0,False
2025-09-15,5375,Villino 2Ten,1,0,0.0,False
2025-09-15,5376,Villino Double,1,0,0.0,False
2025-09-16,22380,OTA Camera Standard,3,0,0.0,False
2025-09-16,2761,Camera  Standard,14,11,78.57,False
2025-09-16,2762,Camera Superior,8,0,0.0,False
2025-09-16,2763,Camera Deluxe,5,2,40.0,False
2025-09-16,3231,Suite Familiare,1,0,0.0,False
2025-09-16,2767,Suite Familiare Vista Piscina,1,0,0.0,False
2025-09-16,2765,Appartamento Area Piscina,18,4,22.22,False
2025-09-16,2764,Appartamento Area Giardino,28,0,0.0,False
2025-09-16,5375,Villino 2Ten,1,0,0.0,False
2025-09-16,5376,Villino Double,1,0,0.0,False
2025-09-17,22380,OTA Camera Standard,3,0,0.0,False
2025-09-17,2761,Camera  Standard,14,9,64.29,False
2025-09-17,2762,Camera Superior,8,0,0.0,False
2025-09-17,2763,Camera Deluxe,5,1,20.0,False
2025-09-17,3231,Suite Familiare,1,0,0.0,False
2025-09-17,2767,Suite Familiare Vista Piscina,1,0,0.0,False
2025-09-17,2765,Appartamento Area Piscina,18,4,22.22,False
2025-09-17,2764,Appartamento Area Giardino,28,0,0.0,False
2025-09-17,5375,Villino 2Ten,1,0,0.0,False
2025-09-17,5376,Villino Double,1,0,0.0,False
2025-09-18,22380,OTA Camera Standard,3,0,0.0,False
2025-09-18,2761,Camera  Standard,14,8,57.14,False
2025-09-18,2762,Camera Superior,8,0,0.0,False
2025-09-18,2763,Camera Deluxe,5,1,20.0,False
2025-09-18,3231,Suite Familiare,1,0,0.0,False
2025-09-18,2767,Suite Familiare Vista Piscina,1,0,0.0,False
2025-09-18,2765,Appartamento Area Piscina,18,3,16.67,False
2025-09-18,2764,Appartamento Area Giardino,28,0,0.0,False
2025-09-18,5375,Villino 2Ten,1,0,0.0,False
2025-09-18,5376,Villino Double,1,0,0.0,False
2025-09-19,22380,OTA Camera Standard,3,0,0.0,False
2025-09-19,2761,Camera  Standard,14,6,42.86,False
2025-09-19,2762,Camera Superior,8,0,0.0,False
2025-09-19,2763,Camera Deluxe,5,0,0.0,False
2025-09-19,3231,Suite Familiare,1,0,0.0,False
2025-09-19,2767,Suite Familiare Vista Piscina,1,0,0.0,False
2025-09-19,2765,Appartamento Area Piscina,18,1,5.56,False
2025-09-19,2764,Appartamento Area Giardino,28,0,0.0,False
2025-09-19,5375,Villino 2Ten,1,0,0.0,False
2025-09-19,5376,Villino Double,1,0,0.0,False
2025-09-20,22380,OTA Camera Standard,3,0,0.0,False
2025-09-20,2761,Camera  Standard,14,0,0.0,False
2025-09-20,2762,Camera Superior,8,0,0.0,False
2025-09-20,2763,Camera Deluxe,5,0,0.0,False
2025-09-20,3231,Suite Familiare,1,0,0.0,False
2025-09-20,2767,Suite Familiare Vista Piscina,1,0,0.0,False
2025-09-20,2765,Appartamento Area Piscina,18,0,0.0,False
2025-09-20,2764,Appartamento Area Giardino,28,0,0.0,False
2025-09-20,5375,Villino 2Ten,1,0,0.0,False
2025-09-20,5376,Villino Double,1,0,0.0,False
2025-09-21,22380,OTA Camera Standard,3,0,0.0,False
2025-09-21,2761,Camera  Standard,14,0,0.0,False
2025-09-21,2762,Camera Superior,8,0,0.0,False
2025-09-21,2763,Camera Deluxe,5,0,0.0,False
2025-09-21,3231,Suite Familiare,1,0,0.0,False
2025-09-21,2767,Suite Familiare Vista Piscina,1,0,0.0,False
2025-09-21,2765,Appartamento Area Piscina,18,0,0.0,False
2025-09-21,2764,Appartamento Area Giardino,28,0,0.0,False
2025-09-21,5375,Villino 2Ten,1,0,0.0,False
2025-09-21,5376,Villino Double,1,0,0.0,False
2025-09-22,22380,OTA Camera Standard,3,0,0.0,False
2025-09-22,2761,Camera  Standard,14,0,0.0,False
2025-09-22,2762,Camera Superior,8,0,0.0,False
2025-09-22,2763,Camera Deluxe,5,0,0.0,False
2025-09-22,3231,Suite Familiare,1,0,0.0,False
2025-09-22,2767,Suite Familiare Vista Piscina,1,0,0.0,False
2025-09-22,2765,Appartamento Area Piscina,18,0,0.0,False
2025-09-22,2764,Appartamento Area Giardino,28,0,0.0,False
2025-09-22,5375,Villino 2Ten,1,0,0.0,False
2025-09-22,5376,Villino Double,1,0,0.0,False
2025-09-23,22380,OTA Camera Standard,3,0,0.0,False
2025-09-23,2761,Camera  Standard,14,0,0.0,False
2025-09-23,2762,Camera Superior,8,0,0.0,False
2025-09-23,2763,Camera Deluxe,5,0,0.0,False
2025-09-23,3231,Suite Familiare,1,0,0.0,False
2025-09-23,2767,Suite Familiare Vista Piscina,1,0,0.0,False
2025-09-23,2765,Appartamento Area Piscina,18,0,0.0,False
2025-09-23,2764,Appartamento Area Giardino,28,0,0.0,False
2025-09-23,5375,Villino 2Ten,1,0,0.0,False
2025-09-23,5376,Villino Double,1,0,0.0,False
2025-09-24,22380,OTA Camera Standard,3,0,0.0,False
2025-09-24,2761,Camera  Standard,14,0,0.0,False
2025-09-24,2762,Camera Superior,8,0,0.0,False
2025-09-24,2763,Camera Deluxe,5,0,0.0,False
2025-09-24,3231,Suite Familiare,1,0,0.0,False
2025-09-24,2767,Suite Familiare Vista Piscina,1,0,0.0,False
2025-09-24,2765,Appartamento Area Piscina,18,0,0.0,False
2025-09-24,2764,Appartamento Area Giardino,28,0,0.0,False
2025-09-24,5375,Villino 2Ten,1,0,0.0,False
2025-09-24,5376,Villino Double,1,0,0.0,False
2025-09-25,22380,OTA Camera Standard,3,0,0.0,False
2025-09-25,2761,Camera  Standard,14,0,0.0,False
2025-09-25,2762,Camera Superior,8,0,0.0,False
2025-09-25,2763,Camera Deluxe,5,0,0.0,False
2025-09-25,3231,Suite Familiare,1,0,0.0,False
2025-09-25,2767,Suite Familiare Vista Piscina,1,0,0.0,False
2025-09-25,2765,Appartamento Area Piscina,18,0,0.0,False
2025-09-25,2764,Appartamento Area Giardino,28,0,0.0,False
2025-09-25,5375,Villino 2Ten,1,0,0.0,False
2025-09-25,5376,Villino Double,1,0,0.0,False
2025-09-26,22380,OTA Camera Standard,3,0,0.0,False
2025-09-26,2761,Camera  Standard,14,0,0.0,False
2025-09-26,2762,Camera Superior,8,0,0.0,False
2025-09-26,2763,Camera Deluxe,5,0,0.0,False
2025-09-26,3231,Suite Familiare,1,0,0.0,False
2025-09-26,2767,Suite Familiare Vista Piscina,1,0,0.0,False
2025-09-26,2765,Appartamento Area Piscina,18,0,0.0,False
2025-09-26,2764,Appartamento Area Giardino,28,0,0.0,False
2025-09-26,5375,Villino 2Ten,1,0,0.0,False
2025-09-26,5376,Villino Double,1,0,0.0,False
2025-09-27,22380,OTA Camera Standard,3,0,0.0,False
2025-09-27,2761,Camera  Standard,14,0,0.0,False
2025-09-27,2762,Camera Superior,8,0,0.0,False
2025-09-27,2763,Camera Deluxe,5,0,0.0,False
2025-09-27,3231,Suite Familiare,1,0,0.0,False
2025-09-27,2767,Suite Familiare Vista Piscina,1,0,0.0,False
2025-09-27,2765,Appartamento Area Piscina,18,0,0.0,False
2025-09-27,2764,Appartamento Area Giardino,28,0,0.0,False
2025-09-27,5375,Villino 2Ten,1,0,0.0,False
2025-09-27,5376,Villino Double,1,0,0.0,False
2025-09-28,22380,OTA Camera Standard,3,0,0.0,False
2025-09-28,2761,Camera  Standard,14,0,0.0,False
2025-09-28,2762,Camera Superior,8,0,0.0,False
2025-09-28,2763,Camera Deluxe,5,0,0.0,False
2025-09-28,3231,Suite Familiare,1,0,0.0,False
2025-09-28,2767,Suite Familiare Vista Piscina,1,0,0.0,False
2025-09-28,2765,Appartamento Area Piscina,18,0,0.0,False
2025-09-28,2764,Appartamento Area Giardino,28,0,0.0,False
2025-09-28,5375,Villino 2Ten,1,0,0.0,False
2025-09-28,5376,Villino Double,1,0,0.0,False
2025-09-29,22380,OTA Camera Standard,3,0,0.0,False
2025-09-29,2761,Camera  Standard,14,0,0.0,False
2025-09-29,2762,Camera Superior,8,0,0.0,False
2025-09-29,2763,Camera Deluxe,5,0,0.0,False
2025-09-29,3231,Suite Familiare,1,0,0.0,False
2025-09-29,2767,Suite Familiare Vista Piscina,1,0,0.0,False
2025-09-29,2765,Appartamento Area Piscina,18,0,0.0,False
2025-09-29,2764,Appartamento Area Giardino,28,0,0.0,False
2025-09-29,5375,Villino 2Ten,1,0,0.0,False
2025-09-29,5376,Villino Double,1,0,0.0,False
2025-09-30,22380,OTA Camera Standard,3,0,0.0,False
2025-09-30,2761,Camera  Standard,14,0,0.0,False
2025-09-30,2762,Camera Superior,8,0,0.0,False
2025-09-30,2763,Camera Deluxe,5,0,0.0,False
2025-09-30,3231,Suite Familiare,1,0,0.0,False
2025-09-30,2767,Suite Familiare Vista Piscina,1,0,0.0,False
2025-09-30,2765,Appartamento Area Piscina,18,0,0.0,False
2025-09-30,2764,Appartamento Area Giardino,28,0,0.0,False
2025-09-30,5375,Villino 2Ten,1,0,0.0,False
2025-09-30,5376,Villino Double,1,0,0.0,False
2025-10-01,22380,OTA Camera Standard,3,0,0.0,False
2025-10-01,2761,Camera  Standard,14,0,0.0,False
2025-10-01,2762,Camera Superior,8,0,0.0,False
2025-10-01,2763,Camera Deluxe,5,0,0.0,False
2025-10-01,3231,Suite Familiare,1,0,0.0,False
2025-10-01,2767,Suite Familiare Vista Piscina,1,0,0.0,False
2025-10-01,2765,Appartamento Area Piscina,18,0,0.0,False
2025-10-01,2764,Appartamento Area Giardino,28,0,0.0,False
2025-10-01,5375,Villino 2Ten,1,0,0.0,False
2025-10-01,5376,Villino Double,1,0,0.0,False
2025-10-02,22380,OTA Camera Standard,3,0,0.0,False
2025-10-02,2761,Camera  Standard,14,0,0.0,False
2025-10-02,2762,Camera Superior,8,0,0.0,False
2025-10-02,2763,Camera Deluxe,5,0,0.0,False
2025-10-02,3231,Suite Familiare,1,0,0.0,False
2025-10-02,2767,Suite Familiare Vista Piscina,1,0,0.0,False
2025-10-02,2765,Appartamento Area Piscina,18,0,0.0,False
2025-10-02,2764,Appartamento Area Giardino,28,0,0.0,False
2025-10-02,5375,Villino 2Ten,1,0,0.0,False
2025-10-02,5376,Villino Double,1,0,0.0,False
2025-10-03,22380,OTA Camera Standard,3,0,0.0,False
2025-10-03,2761,Camera  Standard,14,0,0.0,False
2025-10-03,2762,Camera Superior,8,0,0.0,False
2025-10-03,2763,Camera Deluxe,5,0,0.0,False
2025-10-03,3231,Suite Familiare,1,0,0.0,False
2025-10-03,2767,Suite Familiare Vista Piscina,1,0,0.0,False
2025-10-03,2765,Appartamento Area Piscina,18,0,0.0,False
2025-10-03,2764,Appartamento Area Giardino,28,0,0.0,False
2025-10-03,5375,Villino 2Ten,1,0,0.0,False
2025-10-03,5376,Villino Double,1,0,0.0,False
2025-10-04,22380,OTA Camera Standard,3,0,0.0,False
2025-10-04,2761,Camera  Standard,14,0,0.0,False
2025-10-04,2762,Camera Superior,8,0,0.0,False
2025-10-04,2763,Camera Deluxe,5,0,0.0,False
2025-10-04,3231,Suite Familiare,1,0,0.0,False
2025-10-04,2767,Suite Familiare Vista Piscina,1,0,0.0,False
2025-10-04,2765,Appartamento Area Piscina,18,0,0.0,False
2025-10-04,2764,Appartamento Area Giardino,28,0,0.0,False
2025-10-04,5375,Villino 2Ten,1,0,0.0,False
2025-10-04,5376,Villino Double,1,0,0.0,False
2025-10-05,22380,OTA Camera Standard,3,0,0.0,False
2025-10-05,2761,Camera  Standard,14,0,0.0,False
2025-10-05,2762,Camera Superior,8,0,0.0,False
2025-10-05,2763,Camera Deluxe,5,0,0.0,False
2025-10-05,3231,Suite Familiare,1,0,0.0,False
2025-10-05,2767,Suite Familiare Vista Piscina,1,0,0.0,False
2025-10-05,2765,Appartamento Area Piscina,18,0,0.0,False
2025-10-05,2764,Appartamento Area Giardino,28,0,0.0,False
2025-10-05,5375,Villino 2Ten,1,0,0.0,False
2025-10-05,5376,Villino Double,1,0,0.0,False
2025-10-06,22380,OTA Camera Standard,3,0,0.0,False
2025-10-06,2761,Camera  Standard,14,0,0.0,False
2025-10-06,2762,Camera Superior,8,0,0.0,False
2025-10-06,2763,Camera Deluxe,5,0,0.0,False
2025-10-06,3231,Suite Familiare,1,0,0.0,False
2025-10-06,2767,Suite Familiare Vista Piscina,1,0,0.0,False
2025-10-06,2765,Appartamento Area Piscina,18,0,0.0,False
2025-10-06,2764,Appartamento Area Giardino,28,0,0.0,False
2025-10-06,5375,Villino 2Ten,1,0,0.0,False
2025-10-06,5376,Villino Double,1,0,0.0,False
2025-10-07,22380,OTA Camera Standard,3,0,0.0,False
2025-10-07,2761,Camera  Standard,14,0,0.0,False
2025-10-07,2762,Camera Superior,8,0,0.0,False
2025-10-07,2763,Camera Deluxe,5,0,0.0,False
2025-10-07,3231,Suite Familiare,1,0,0.0,False
2025-10-07,2767,Suite Familiare Vista Piscina,1,0,0.0,False
2025-10-07,2765,Appartamento Area Piscina,18,0,0.0,False
2025-10-07,2764,Appartamento Area Giardino,28,0,0.0,False
2025-10-07,5375,Villino 2Ten,1,0,0.0,False
2025-10-07,5376,Villino Double,1,0,0.0,False
2025-10-08,22380,OTA Camera Standard,3,0,0.0,False
2025-10-08,2761,Camera  Standard,14,0,0.0,False
2025-10-08,2762,Camera Superior,8,0,0.0,False
2025-10-08,2763,Camera Deluxe,5,0,0.0,False
2025-10-08,3231,Suite Familiare,1,0,0.0,False
2025-10-08,2767,Suite Familiare Vista Piscina,1,0,0.0,False
2025-10-08,2765,Appartamento Area Piscina,18,0,0.0,False
2025-10-08,2764,Appartamento Area Giardino,28,0,0.0,False
2025-10-08,5375,Villino 2Ten,1,0,0.0,False
2025-10-08,5376,Villino Double,1,0,0.0,False
2025-10-09,22380,OTA Camera Standard,3,0,0.0,False
2025-10-09,2761,Camera  Standard,14,0,0.0,False
2025-10-09,2762,Camera Superior,8,0,0.0,False
2025-10-09,2763,Camera Deluxe,5,0,0.0,False
2025-10-09,3231,Suite Familiare,1,0,0.0,False
2025-10-09,2767,Suite Familiare Vista Piscina,1,0,0.0,False
2025-10-09,2765,Appartamento Area Piscina,18,0,0.0,False
2025-10-09,2764,Appartamento Area Giardino,28,0,0.0,False
2025-10-09,5375,Villino 2Ten,1,0,0.0,False
2025-10-09,5376,Villino Double,1,0,0.0,False
2025-10-10,22380,OTA Camera Standard,3,0,0.0,False
2025-10-10,2761,Camera  Standard,14,0,0.0,False
2025-10-10,2762,Camera Superior,8,0,0.0,False
2025-10-10,2763,Camera Deluxe,5,0,0.0,False
2025-10-10,3231,Suite Familiare,1,0,0.0,False
2025-10-10,2767,Suite Familiare Vista Piscina,1,0,0.0,False
2025-10-10,2765,Appartamento Area Piscina,18,0,0.0,False
2025-10-10,2764,Appartamento Area Giardino,28,0,0.0,False
2025-10-10,5375,Villino 2Ten,1,0,0.0,False
2025-10-10,5376,Villino Double,1,0,0.0,False
2025-10-11,22380,OTA Camera Standard,3,0,0.0,False
2025-10-11,2761,Camera  Standard,14,0,0.0,False
2025-10-11,2762,Camera Superior,8,0,0.0,False
2025-10-11,2763,Camera Deluxe,5,0,0.0,False
2025-10-11,3231,Suite Familiare,1,0,0.0,False
2025-10-11,2767,Suite Familiare Vista Piscina,1,0,0.0,False
2025-10-11,2765,Appartamento Area Piscina,18,0,0.0,False
2025-10-11,2764,Appartamento Area Giardino,28,0,0.0,False
2025-10-11,5375,Villino 2Ten,1,0,0.0,False
2025-10-11,5376,Villino Double,1,0,0.0,False
2025-10-12,22380,OTA Camera Standard,3,0,0.0,False
2025-10-12,2761,Camera  Standard,14,0,0.0,False
2025-10-12,2762,Camera Superior,8,0,0.0,False
2025-10-12,2763,Camera Deluxe,5,0,0.0,False
2025-10-12,3231,Suite Familiare,1,0,0.0,False
2025-10-12,2767,Suite Familiare Vista Piscina,1,0,0.0,False
2025-10-12,2765,Appartamento Area Piscina,18,0,0.0,False
2025-10-12,2764,Appartamento Area Giardino,28,0,0.0,False
2025-10-12,5375,Villino 2Ten,1,0,0.0,False
2025-10-12,5376,Villino Double,1,0,0.0,False
2025-10-13,22380,OTA Camera Standard,3,0,0.0,False
2025-10-13,2761,Camera  Standard,14,0,0.0,False
2025-10-13,2762,Camera Superior,8,0,0.0,False
2025-10-13,2763,Camera Deluxe,5,0,0.0,False
2025-10-13,3231,Suite Familiare,1,0,0.0,False
2025-10-13,2767,Suite Familiare Vista Piscina,1,0,0.0,False
2025-10-13,2765,Appartamento Area Piscina,18,0,0.0,False
2025-10-13,2764,Appartamento Area Giardino,28,0,0.0,False
2025-10-13,5375,Villino 2Ten,1,0,0.0,False
2025-10-13,5376,Villino Double,1,0,0.0,False
2025-10-14,22380,OTA Camera Standard,3,0,0.0,False
2025-10-14,2761,Camera  Standard,14,0,0.0,False
2025-10-14,2762,Camera Superior,8,0,0.0,False
2025-10-14,2763,Camera Deluxe,5,0,0.0,False
2025-10-14,3231,Suite Familiare,1,0,0.0,False
2025-10-14,2767,Suite Familiare Vista Piscina,1,0,0.0,False
2025-10-14,2765,Appartamento Area Piscina,18,0,0.0,False
2025-10-14,2764,Appartamento Area Giardino,28,0,0.0,False
2025-10-14,5375,Villino 2Ten,1,0,0.0,False
2025-10-14,5376,Villino Double,1,0,0.0,False
2025-10-15,22380,OTA Camera Standard,3,0,0.0,False
2025-10-15,2761,Camera  Standard,14,0,0.0,False
2025-10-15,2762,Camera Superior,8,0,0.0,False
2025-10-15,2763,Camera Deluxe,5,0,0.0,False
2025-10-15,3231,Suite Familiare,1,0,0.0,False
2025-10-15,2767,Suite Familiare Vista Piscina,1,0,0.0,False
2025-10-15,2765,Appartamento Area Piscina,18,0,0.0,False
2025-10-15,2764,Appartamento Area Giardino,28,0,0.0,False
2025-10-15,5375,Villino 2Ten,1,0,0.0,False
2025-10-15,5376,Villino Double,1,0,0.0,False
2025-10-16,22380,OTA Camera Standard,3,0,0.0,False
2025-10-16,2761,Camera  Standard,14,0,0.0,False
2025-10-16,2762,Camera Superior,8,0,0.0,False
2025-10-16,2763,Camera Deluxe,5,0,0.0,False
2025-10-16,3231,Suite Familiare,1,0,0.0,False
2025-10-16,2767,Suite Familiare Vista Piscina,1,0,0.0,False
2025-10-16,2765,Appartamento Area Piscina,18,0,0.0,False
2025-10-16,2764,Appartamento Area Giardino,28,0,0.0,False
2025-10-16,5375,Villino 2Ten,1,0,0.0,False
2025-10-16,5376,Villino Double,1,0,0.0,False
2025-10-17,22380,OTA Camera Standard,3,0,0.0,False
2025-10-17,2761,Camera  Standard,14,0,0.0,False
2025-10-17,2762,Camera Superior,8,0,0.0,False
2025-10-17,2763,Camera Deluxe,5,0,0.0,False
2025-10-17,3231,Suite Familiare,1,0,0.0,False
2025-10-17,2767,Suite Familiare Vista Piscina,1,0,0.0,False
2025-10-17,2765,Appartamento Area Piscina,18,0,0.0,False
2025-10-17,2764,Appartamento Area Giardino,28,0,0.0,False
2025-10-17,5375,Villino 2Ten,1,0,0.0,False
2025-10-17,5376,Villino Double,1,0,0.0,False
2025-10-18,22380,OTA Camera Standard,3,0,0.0,False
2025-10-18,2761,Camera  Standard,14,0,0.0,False
2025-10-18,2762,Camera Superior,8,0,0.0,False
2025-10-18,2763,Camera Deluxe,5,0,0.0,False
2025-10-18,3231,Suite Familiare,1,0,0.0,False
2025-10-18,2767,Suite Familiare Vista Piscina,1,0,0.0,False
2025-10-18,2765,Appartamento Area Piscina,18,0,0.0,False
2025-10-18,2764,Appartamento Area Giardino,28,0,0.0,False
2025-10-18,5375,Villino 2Ten,1,0,0.0,False
2025-10-18,5376,Villino Double,1,0,0.0,False
2025-10-19,22380,OTA Camera Standard,3,0,0.0,False
2025-10-19,2761,Camera  Standard,14,0,0.0,False
2025-10-19,2762,Camera Superior,8,0,0.0,False
2025-10-19,2763,Camera Deluxe,5,0,0.0,False
2025-10-19,3231,Suite Familiare,1,0,0.0,False
2025-10-19,2767,Suite Familiare Vista Piscina,1,0,0.0,False
2025-10-19,2765,Appartamento Area Piscina,18,0,0.0,False
2025-10-19,2764,Appartamento Area Giardino,28,0,0.0,False
2025-10-19,5375,Villino 2Ten,1,0,0.0,False
2025-10-19,5376,Villino Double,1,0,0.0,False
2025-10-20,22380,OTA Camera Standard,3,0,0.0,False
2025-10-20,2761,Camera  Standard,14,0,0.0,False
2025-10-20,2762,Camera Superior,8,0,0.0,False
2025-10-20,2763,Camera Deluxe,5,0,0.0,False
2025-10-20,3231,Suite Familiare,1,0,0.0,False
2025-10-20,2767,Suite Familiare Vista Piscina,1,0,0.0,False
2025-10-20,2765,Appartamento Area Piscina,18,0,0.0,False
2025-10-20,2764,Appartamento Area Giardino,28,0,0.0,False
2025-10-20,5375,Villino 2Ten,1,0,0.0,False
2025-10-20,5376,Villino Double,1,0,0.0,False
2025-10-21,22380,OTA Camera Standard,3,0,0.0,False
2025-10-21,2761,Camera  Standard,14,0,0.0,False
2025-10-21,2762,Camera Superior,8,0,0.0,False
2025-10-21,2763,Camera Deluxe,5,0,0.0,False
2025-10-21,3231,Suite Familiare,1,0,0.0,False
2025-10-21,2767,Suite Familiare Vista Piscina,1,0,0.0,False
2025-10-21,2765,Appartamento Area Piscina,18,0,0.0,False
2025-10-21,2764,Appartamento Area Giardino,28,0,0.0,False
2025-10-21,5375,Villino 2Ten,1,0,0.0,False
2025-10-21,5376,Villino Double,1,0,0.0,False
2025-10-22,22380,OTA Camera Standard,3,0,0.0,False
2025-10-22,2761,Camera  Standard,14,0,0.0,False
2025-10-22,2762,Camera Superior,8,0,0.0,False
2025-10-22,2763,Camera Deluxe,5,0,0.0,False
2025-10-22,3231,Suite Familiare,1,0,0.0,False
2025-10-22,2767,Suite Familiare Vista Piscina,1,0,0.0,False
2025-10-22,2765,Appartamento Area Piscina,18,0,0.0,False
2025-10-22,2764,Appartamento Area Giardino,28,0,0.0,False
2025-10-22,5375,Villino 2Ten,1,0,0.0,False
2025-10-22,5376,Villino Double,1,0,0.0,False
2025-10-23,22380,OTA Camera Standard,3,0,0.0,False
2025-10-23,2761,Camera  Standard,14,0,0.0,False
2025-10-23,2762,Camera Superior,8,0,0.0,False
2025-10-23,2763,Camera Deluxe,5,0,0.0,False
2025-10-23,3231,Suite Familiare,1,0,0.0,False
2025-10-23,2767,Suite Familiare Vista Piscina,1,0,0.0,False
2025-10-23,2765,Appartamento Area Piscina,18,0,0.0,False
2025-10-23,2764,Appartamento Area Giardino,28,0,0.0,False
2025-10-23,5375,Villino 2Ten,1,0,0.0,False
2025-10-23,5376,Villino Double,1,0,0.0,False
2025-10-24,22380,OTA Camera Standard,3,0,0.0,False
2025-10-24,2761,Camera  Standard,14,0,0.0,False
2025-10-24,2762,Camera Superior,8,0,0.0,False
2025-10-24,2763,Camera Deluxe,5,0,0.0,False
2025-10-24,3231,Suite Familiare,1,0,0.0,False
2025-10-24,2767,Suite Familiare Vista Piscina,1,0,0.0,False
2025-10-24,2765,Appartamento Area Piscina,18,0,0.0,False
2025-10-24,2764,Appartamento Area Giardino,28,0,0.0,False
2025-10-24,5375,Villino 2Ten,1,0,0.0,False
2025-10-24,5376,Villino Double,1,0,0.0,False
2025-10-25,22380,OTA Camera Standard,3,0,0.0,False
2025-10-25,2761,Camera  Standard,14,0,0.0,False
2025-10-25,2762,Camera Superior,8,0,0.0,False
2025-10-25,2763,Camera Deluxe,5,0,0.0,False
2025-10-25,3231,Suite Familiare,1,0,0.0,False
2025-10-25,2767,Suite Familiare Vista Piscina,1,0,0.0,False
2025-10-25,2765,Appartamento Area Piscina,18,0,0.0,False
2025-10-25,2764,Appartamento Area Giardino,28,0,0.0,False
2025-10-25,5375,Villino 2Ten,1,0,0.0,False
2025-10-25,5376,Villino Double,1,0,0.0,False
2025-10-26,22380,OTA Camera Standard,3,0,0.0,False
2025-10-26,2761,Camera  Standard,14,0,0.0,False
2025-10-26,2762,Camera Superior,8,0,0.0,False
2025-10-26,2763,Camera Deluxe,5,0,0.0,False
2025-10-26,3231,Suite Familiare,1,0,0.0,False
2025-10-26,2767,Suite Familiare Vista Piscina,1,0,0.0,False
2025-10-26,2765,Appartamento Area Piscina,18,0,0.0,False
2025-10-26,2764,Appartamento Area Giardino,28,0,0.0,False
2025-10-26,5375,Villino 2Ten,1,0,0.0,False
2025-10-26,5376,Villino Double,1,0,0.0,False
2025-10-27,22380,OTA Camera Standard,3,0,0.0,False
2025-10-27,2761,Camera  Standard,14,0,0.0,False
2025-10-27,2762,Camera Superior,8,0,0.0,False
2025-10-27,2763,Camera Deluxe,5,0,0.0,False
2025-10-27,3231,Suite Familiare,1,0,0.0,False
2025-10-27,2767,Suite Familiare Vista Piscina,1,0,0.0,False
2025-10-27,2765,Appartamento Area Piscina,18,0,0.0,False
2025-10-27,2764,Appartamento Area Giardino,28,0,0.0,False
2025-10-27,5375,Villino 2Ten,1,0,0.0,False
2025-10-27,5376,Villino Double,1,0,0.0,False
2025-10-28,22380,OTA Camera Standard,3,0,0.0,False
2025-10-28,2761,Camera  Standard,14,0,0.0,False
2025-10-28,2762,Camera Superior,8,0,0.0,False
2025-10-28,2763,Camera Deluxe,5,0,0.0,False
2025-10-28,3231,Suite Familiare,1,0,0.0,False
2025-10-28,2767,Suite Familiare Vista Piscina,1,0,0.0,False
2025-10-28,2765,Appartamento Area Piscina,18,0,0.0,False
2025-10-28,2764,Appartamento Area Giardino,28,0,0.0,False
2025-10-28,5375,Villino 2Ten,1,0,0.0,False
2025-10-28,5376,Villino Double,1,0,0.0,False
2025-10-29,22380,OTA Camera Standard,3,0,0.0,False
2025-10-29,2761,Camera  Standard,14,0,0.0,False
2025-10-29,2762,Camera Superior,8,0,0.0,False
2025-10-29,2763,Camera Deluxe,5,0,0.0,False
2025-10-29,3231,Suite Familiare,1,0,0.0,False
2025-10-29,2767,Suite Familiare Vista Piscina,1,0,0.0,False
2025-10-29,2765,Appartamento Area Piscina,18,0,0.0,False
2025-10-29,2764,Appartamento Area Giardino,28,0,0.0,False
2025-10-29,5375,Villino 2Ten,1,0,0.0,False
2025-10-29,5376,Villino Double,1,0,0.0,False
2025-10-30,22380,OTA Camera Standard,3,0,0.0,False
2025-10-30,2761,Camera  Standard,14,0,0.0,False
2025-10-30,2762,Camera Superior,8,0,0.0,False
2025-10-30,2763,Camera Deluxe,5,0,0.0,False
2025-10-30,3231,Suite Familiare,1,0,0.0,False
2025-10-30,2767,Suite Familiare Vista Piscina,1,0,0.0,False
2025-10-30,2765,Appartamento Area Piscina,18,0,0.0,False
2025-10-30,2764,Appartamento Area Giardino,28,0,0.0,False
2025-10-30,5375,Villino 2Ten,1,0,0.0,False
2025-10-30,5376,Villino Double,1,0,0.0,False
2025-10-31,22380,OTA Camera Standard,3,0,0.0,False
2025-10-31,2761,Camera  Standard,14,0,0.0,False
2025-10-31,2762,Camera Superior,8,0,0.0,False
2025-10-31,2763,Camera Deluxe,5,0,0.0,False
2025-10-31,3231,Suite Familiare,1,0,0.0,False
2025-10-31,2767,Suite Familiare Vista Piscina,1,0,0.0,False
2025-10-31,2765,Appartamento Area Piscina,18,0,0.0,False
2025-10-31,2764,Appartamento Area Giardino,28,0,0.0,False
2025-10-31,5375,Villino 2Ten,1,0,0.0,False
2025-10-31,5376,Villino Double,1,0,0.0,False
2025-11-01,22380,OTA Camera Standard,3,0,0.0,False
2025-11-01,2761,Camera  Standard,14,0,0.0,False
2025-11-01,2762,Camera Superior,8,0,0.0,False
2025-11-01,2763,Camera Deluxe,5,0,0.0,False
2025-11-01,3231,Suite Familiare,1,0,0.0,False
2025-11-01,2767,Suite Familiare Vista Piscina,1,0,0.0,False
2025-11-01,2765,Appartamento Area Piscina,18,0,0.0,False
2025-11-01,2764,Appartamento Area Giardino,28,0,0.0,False
2025-11-01,5375,Villino 2Ten,1,0,0.0,False
2025-11-01,5376,Villino Double,1,0,0.0,False
2025-11-02,22380,OTA Camera Standard,3,0,0.0,False
2025-11-02,2761,Camera  Standard,14,0,0.0,False
2025-11-02,2762,Camera Superior,8,0,0.0,False
2025-11-02,2763,Camera Deluxe,5,0,0.0,False
2025-11-02,3231,Suite Familiare,1,0,0.0,False
2025-11-02,2767,Suite Familiare Vista Piscina,1,0,0.0,False
2025-11-02,2765,Appartamento Area Piscina,18,0,0.0,False
2025-11-02,2764,Appartamento Area Giardino,28,0,0.0,False
2025-11-02,5375,Villino 2Ten,1,0,0.0,False
2025-11-02,5376,Villino Double,1,0,0.0,False
2025-11-03,22380,OTA Camera Standard,3,0,0.0,False
2025-11-03,2761,Camera  Standard,14,0,0.0,False
2025-11-03,2762,Camera Superior,8,0,0.0,False
2025-11-03,2763,Camera Deluxe,5,0,0.0,False
2025-11-03,3231,Suite Familiare,1,0,0.0,False
2025-11-03,2767,Suite Familiare Vista Piscina,1,0,0.0,False
2025-11-03,2765,Appartamento Area Piscina,18,0,0.0,False
2025-11-03,2764,Appartamento Area Giardino,28,0,0.0,False
2025-11-03,5375,Villino 2Ten,1,0,0.0,False
2025-11-03,5376,Villino Double,1,0,0.0,False
2025-11-04,22380,OTA Camera Standard,3,0,0.0,False
2025-11-04,2761,Camera  Standard,14,0,0.0,False
2025-11-04,2762,Camera Superior,8,0,0.0,False
2025-11-04,2763,Camera Deluxe,5,0,0.0,False
2025-11-04,3231,Suite Familiare,1,0,0.0,False
2025-11-04,2767,Suite Familiare Vista Piscina,1,0,0.0,False
2025-11-04,2765,Appartamento Area Piscina,18,0,0.0,False
2025-11-04,2764,Appartamento Area Giardino,28,0,0.0,False
2025-11-04,5375,Villino 2Ten,1,0,0.0,False
2025-11-04,5376,Villino Double,1,0,0.0,False
2025-11-05,22380,OTA Camera Standard,3,0,0.0,False
2025-11-05,2761,Camera  Standard,14,0,0.0,False
2025-11-05,2762,Camera Superior,8,0,0.0,False
2025-11-05,2763,Camera Deluxe,5,0,0.0,False
2025-11-05,3231,Suite Familiare,1,0,0.0,False
2025-11-05,2767,Suite Familiare Vista Piscina,1,0,0.0,False
2025-11-05,2765,Appartamento Area Piscina,18,0,0.0,False
2025-11-05,2764,Appartamento Area Giardino,28,0,0.0,False
2025-11-05,5375,Villino 2Ten,1,0,0.0,False
2025-11-05,5376,Villino Double,1,0,0.0,False
2025-11-06,22380,OTA Camera Standard,3,0,0.0,False
2025-11-06,2761,Camera  Standard,14,0,0.0,False
2025-11-06,2762,Camera Superior,8,0,0.0,False
2025-11-06,2763,Camera Deluxe,5,0,0.0,False
2025-11-06,3231,Suite Familiare,1,0,0.0,False
2025-11-06,2767,Suite Familiare Vista Piscina,1,0,0.0,False
2025-11-06,2765,Appartamento Area Piscina,18,0,0.0,False
2025-11-06,2764,Appartamento Area Giardino,28,0,0.0,False
2025-11-06,5375,Villino 2Ten,1,0,0.0,False
2025-11-06,5376,Villino Double,1,0,0.0,False
2025-11-07,22380,OTA Camera Standard,3,0,0.0,False
2025-11-07,2761,Camera  Standard,14,0,0.0,False
2025-11-07,2762,Camera Superior,8,0,0.0,False
2025-11-07,2763,Camera Deluxe,5,0,0.0,False
2025-11-07,3231,Suite Familiare,1,0,0.0,False
2025-11-07,2767,Suite Familiare Vista Piscina,1,0,0.0,False
2025-11-07,2765,Appartamento Area Piscina,18,0,0.0,False
2025-11-07,2764,Appartamento Area Giardino,28,0,0.0,False
2025-11-07,5375,Villino 2Ten,1,0,0.0,False
2025-11-07,5376,Villino Double,1,0,0.0,False
2025-11-08,22380,OTA Camera Standard,3,0,0.0,False
2025-11-08,2761,Camera  Standard,14,13,92.86,False
2025-11-08,2762,Camera Superior,8,2,25.0,False
2025-11-08,2763,Camera Deluxe,5,2,40.0,False
2025-11-08,3231,Suite Familiare,1,0,0.0,False
2025-11-08,2767,Suite Familiare Vista Piscina,1,1,100.0,False
2025-11-08,2765,Appartamento Area Piscina,18,0,0.0,False
2025-11-08,2764,Appartamento Area Giardino,28,0,0.0,False
2025-11-08,5375,Villino 2Ten,1,0,0.0,False
2025-11-08,5376,Villino Double,1,0,0.0,False
2025-11-09,22380,OTA Camera Standard,3,0,0.0,False
2025-11-09,2761,Camera  Standard,14,0,0.0,False
2025-11-09,2762,Camera Superior,8,0,0.0,False
2025-11-09,2763,Camera Deluxe,5,0,0.0,False
2025-11-09,3231,Suite Familiare,1,0,0.0,False
2025-11-09,2767,Suite Familiare Vista Piscina,1,0,0.0,False
2025-11-09,2765,Appartamento Area Piscina,18,0,0.0,False
2025-11-09,2764,Appartamento Area Giardino,28,0,0.0,False
2025-11-09,5375,Villino 2Ten,1,0,0.0,False
2025-11-09,5376,Villino Double,1,0,0.0,False
2025-11-10,22380,OTA Camera Standard,3,0,0.0,False
2025-11-10,2761,Camera  Standard,14,0,0.0,False
2025-11-10,2762,Camera Superior,8,0,0.0,False
2025-11-10,2763,Camera Deluxe,5,0,0.0,False
2025-11-10,3231,Suite Familiare,1,0,0.0,False
2025-11-10,2767,Suite Familiare Vista Piscina,1,0,0.0,False
2025-11-10,2765,Appartamento Area Piscina,18,0,0.0,False
2025-11-10,2764,Appartamento Area Giardino,28,0,0.0,False
2025-11-10,5375,Villino 2Ten,1,0,0.0,False
2025-11-10,5376,Villino Double,1,0,0.0,False
2025-11-11,22380,OTA Camera Standard,3,0,0.0,False
2025-11-11,2761,Camera  Standard,14,0,0.0,False
2025-11-11,2762,Camera Superior,8,0,0.0,False
2025-11-11,2763,Camera Deluxe,5,0,0.0,False
2025-11-11,3231,Suite Familiare,1,0,0.0,False
2025-11-11,2767,Suite Familiare Vista Piscina,1,0,0.0,False
2025-11-11,2765,Appartamento Area Piscina,18,0,0.0,False
2025-11-11,2764,Appartamento Area Giardino,28,0,0.0,False
2025-11-11,5375,Villino 2Ten,1,0,0.0,False
2025-11-11,5376,Villino Double,1,0,0.0,False
2025-11-12,22380,OTA Camera Standard,3,0,0.0,False
2025-11-12,2761,Camera  Standard,14,0,0.0,False
2025-11-12,2762,Camera Superior,8,0,0.0,False
2025-11-12,2763,Camera Deluxe,5,0,0.0,False
2025-11-12,3231,Suite Familiare,1,0,0.0,False
2025-11-12,2767,Suite Familiare Vista Piscina,1,0,0.0,False
2025-11-12,2765,Appartamento Area Piscina,18,0,0.0,False
2025-11-12,2764,Appartamento Area Giardino,28,0,0.0,False
2025-11-12,5375,Villino 2Ten,1,0,0.0,False
2025-11-12,5376,Villino Double,1,0,0.0,False
2025-11-13,22380,OTA Camera Standard,3,0,0.0,False
2025-11-13,2761,Camera  Standard,14,0,0.0,False
2025-11-13,2762,Camera Superior,8,0,0.0,False
2025-11-13,2763,Camera Deluxe,5,0,0.0,False
2025-11-13,3231,Suite Familiare,1,0,0.0,False
2025-11-13,2767,Suite Familiare Vista Piscina,1,0,0.0,False
2025-11-13,2765,Appartamento Area Piscina,18,0,0.0,False
2025-11-13,2764,Appartamento Area Giardino,28,0,0.0,False
2025-11-13,5375,Villino 2Ten,1,0,0.0,False
2025-11-13,5376,Villino Double,1,0,0.0,False
2025-11-14,22380,OTA Camera Standard,3,0,0.0,False
2025-11-14,2761,Camera  Standard,14,0,0.0,False
2025-11-14,2762,Camera Superior,8,0,0.0,False
2025-11-14,2763,Camera Deluxe,5,0,0.0,False
2025-11-14,3231,Suite Familiare,1,0,0.0,False
2025-11-14,2767,Suite Familiare Vista Piscina,1,0,0.0,False
2025-11-14,2765,Appartamento Area Piscina,18,0,0.0,False
2025-11-14,2764,Appartamento Area Giardino,28,0,0.0,False
2025-11-14,5375,Villino 2Ten,1,0,0.0,False
2025-11-14,5376,Villino Double,1,0,0.0,False
2025-11-15,22380,OTA Camera Standard,3,0,0.0,False
2025-11-15,2761,Camera  Standard,14,0,0.0,False
2025-11-15,2762,Camera Superior,8,0,0.0,False
2025-11-15,2763,Camera Deluxe,5,0,0.0,False
2025-11-15,3231,Suite Familiare,1,0,0.0,False
2025-11-15,2767,Suite Familiare Vista Piscina,1,0,0.0,False
2025-11-15,2765,Appartamento Area Piscina,18,0,0.0,False
2025-11-15,2764,Appartamento Area Giardino,28,0,0.0,False
2025-11-15,5375,Villino 2Ten,1,0,0.0,False
2025-11-15,5376,Villino Double,1,0,0.0,False
2025-11-16,22380,OTA Camera Standard,3,0,0.0,False
2025-11-16,2761,Camera  Standard,14,0,0.0,False
2025-11-16,2762,Camera Superior,8,0,0.0,False
2025-11-16,2763,Camera Deluxe,5,0,0.0,False
2025-11-16,3231,Suite Familiare,1,0,0.0,False
2025-11-16,2767,Suite Familiare Vista Piscina,1,0,0.0,False
2025-11-16,2765,Appartamento Area Piscina,18,0,0.0,False
2025-11-16,2764,Appartamento Area Giardino,28,0,0.0,False
2025-11-16,5375,Villino 2Ten,1,0,0.0,False
2025-11-16,5376,Villino Double,1,0,0.0,False
2025-11-17,22380,OTA Camera Standard,3,0,0.0,False
2025-11-17,2761,Camera  Standard,14,0,0.0,False
2025-11-17,2762,Camera Superior,8,0,0.0,False
2025-11-17,2763,Camera Deluxe,5,0,0.0,False
2025-11-17,3231,Suite Familiare,1,0,0.0,False
2025-11-17,2767,Suite Familiare Vista Piscina,1,0,0.0,False
2025-11-17,2765,Appartamento Area Piscina,18,0,0.0,False
2025-11-17,2764,Appartamento Area Giardino,28,0,0.0,False
2025-11-17,5375,Villino 2Ten,1,0,0.0,False
2025-11-17,5376,Villino Double,1,0,0.0,False
2025-11-18,22380,OTA Camera Standard,3,0,0.0,False
2025-11-18,2761,Camera  Standard,14,0,0.0,False
2025-11-18,2762,Camera Superior,8,0,0.0,False
2025-11-18,2763,Camera Deluxe,5,0,0.0,False
2025-11-18,3231,Suite Familiare,1,0,0.0,False
2025-11-18,2767,Suite Familiare Vista Piscina,1,0,0.0,False
2025-11-18,2765,Appartamento Area Piscina,18,0,0.0,False
2025-11-18,2764,Appartamento Area Giardino,28,0,0.0,False
2025-11-18,5375,Villino 2Ten,1,0,0.0,False
2025-11-18,5376,Villino Double,1,0,0.0,False
2025-11-19,22380,OTA Camera Standard,3,0,0.0,False
2025-11-19,2761,Camera  Standard,14,0,0.0,False
2025-11-19,2762,Camera Superior,8,0,0.0,False
2025-11-19,2763,Camera Deluxe,5,0,0.0,False
2025-11-19,3231,Suite Familiare,1,0,0.0,False
2025-11-19,2767,Suite Familiare Vista Piscina,1,0,0.0,False
2025-11-19,2765,Appartamento Area Piscina,18,0,0.0,False
2025-11-19,2764,Appartamento Area Giardino,28,0,0.0,False
2025-11-19,5375,Villino 2Ten,1,0,0.0,False
2025-11-19,5376,Villino Double,1,0,0.0,False
2025-11-20,22380,OTA Camera Standard,3,0,0.0,False
2025-11-20,2761,Camera  Standard,14,0,0.0,False
2025-11-20,2762,Camera Superior,8,0,0.0,False
2025-11-20,2763,Camera Deluxe,5,0,0.0,False
2025-11-20,3231,Suite Familiare,1,0,0.0,False
2025-11-20,2767,Suite Familiare Vista Piscina,1,0,0.0,False
2025-11-20,2765,Appartamento Area Piscina,18,0,0.0,False
2025-11-20,2764,Appartamento Area Giardino,28,0,0.0,False
2025-11-20,5375,Villino 2Ten,1,0,0.0,False
2025-11-20,5376,Villino Double,1,0,0.0,False
2025-11-21,22380,OTA Camera Standard,3,0,0.0,False
2025-11-21,2761,Camera  Standard,14,0,0.0,False
2025-11-21,2762,Camera Superior,8,0,0.0,False
2025-11-21,2763,Camera Deluxe,5,0,0.0,False
2025-11-21,3231,Suite Familiare,1,0,0.0,False
2025-11-21,2767,Suite Familiare Vista Piscina,1,0,0.0,False
2025-11-21,2765,Appartamento Area Piscina,18,0,0.0,False
2025-11-21,2764,Appartamento Area Giardino,28,0,0.0,False
2025-11-21,5375,Villino 2Ten,1,0,0.0,False
2025-11-21,5376,Villino Double,1,0,0.0,False
2025-11-22,22380,OTA Camera Standard,3,0,0.0,False
2025-11-22,2761,Camera  Standard,14,0,0.0,False
2025-11-22,2762,Camera Superior,8,0,0.0,False
2025-11-22,2763,Camera Deluxe,5,0,0.0,False
2025-11-22,3231,Suite Familiare,1,0,0.0,False
2025-11-22,2767,Suite Familiare Vista Piscina,1,0,0.0,False
2025-11-22,2765,Appartamento Area Piscina,18,0,0.0,False
2025-11-22,2764,Appartamento Area Giardino,28,0,0.0,False
2025-11-22,5375,Villino 2Ten,1,0,0.0,False
2025-11-22,5376,Villino Double,1,0,0.0,False
2025-11-23,22380,OTA Camera Standard,3,0,0.0,False
2025-11-23,2761,Camera  Standard,14,0,0.0,False
2025-11-23,2762,Camera Superior,8,0,0.0,False
2025-11-23,2763,Camera Deluxe,5,0,0.0,False
2025-11-23,3231,Suite Familiare,1,0,0.0,False
2025-11-23,2767,Suite Familiare Vista Piscina,1,0,0.0,False
2025-11-23,2765,Appartamento Area Piscina,18,0,0.0,False
2025-11-23,2764,Appartamento Area Giardino,28,0,0.0,False
2025-11-23,5375,Villino 2Ten,1,0,0.0,False
2025-11-23,5376,Villino Double,1,0,0.0,False
2025-11-24,22380,OTA Camera Standard,3,0,0.0,False
2025-11-24,2761,Camera  Standard,14,0,0.0,False
2025-11-24,2762,Camera Superior,8,0,0.0,False
2025-11-24,2763,Camera Deluxe,5,0,0.0,False
2025-11-24,3231,Suite Familiare,1,0,0.0,False
2025-11-24,2767,Suite Familiare Vista Piscina,1,0,0.0,False
2025-11-24,2765,Appartamento Area Piscina,18,0,0.0,False
2025-11-24,2764,Appartamento Area Giardino,28,0,0.0,False
2025-11-24,5375,Villino 2Ten,1,0,0.0,False
2025-11-24,5376,Villino Double,1,0,0.0,False
2025-11-25,22380,OTA Camera Standard,3,0,0.0,False
2025-11-25,2761,Camera  Standard,14,0,0.0,False
2025-11-25,2762,Camera Superior,8,0,0.0,False
2025-11-25,2763,Camera Deluxe,5,0,0.0,False
2025-11-25,3231,Suite Familiare,1,0,0.0,False
2025-11-25,2767,Suite Familiare Vista Piscina,1,0,0.0,False
2025-11-25,2765,Appartamento Area Piscina,18,0,0.0,False
2025-11-25,2764,Appartamento Area Giardino,28,0,0.0,False
2025-11-25,5375,Villino 2Ten,1,0,0.0,False
2025-11-25,5376,Villino Double,1,0,0.0,False
2025-11-26,22380,OTA Camera Standard,3,0,0.0,False
2025-11-26,2761,Camera  Standard,14,0,0.0,False
2025-11-26,2762,Camera Superior,8,0,0.0,False
2025-11-26,2763,Camera Deluxe,5,0,0.0,False
2025-11-26,3231,Suite Familiare,1,0,0.0,False
2025-11-26,2767,Suite Familiare Vista Piscina,1,0,0.0,False
2025-11-26,2765,Appartamento Area Piscina,18,0,0.0,False
2025-11-26,2764,Appartamento Area Giardino,28,0,0.0,False
2025-11-26,5375,Villino 2Ten,1,0,0.0,False
2025-11-26,5376,Villino Double,1,0,0.0,False
2025-11-27,22380,OTA Camera Standard,3,0,0.0,False
2025-11-27,2761,Camera  Standard,14,0,0.0,False
2025-11-27,2762,Camera Superior,8,0,0.0,False
2025-11-27,2763,Camera Deluxe,5,0,0.0,False
2025-11-27,3231,Suite Familiare,1,0,0.0,False
2025-11-27,2767,Suite Familiare Vista Piscina,1,0,0.0,False
2025-11-27,2765,Appartamento Area Piscina,18,0,0.0,False
2025-11-27,2764,Appartamento Area Giardino,28,0,0.0,False
2025-11-27,5375,Villino 2Ten,1,0,0.0,False
2025-11-27,5376,Villino Double,1,0,0.0,False
2025-11-28,22380,OTA Camera Standard,3,0,0.0,False
2025-11-28,2761,Camera  Standard,14,0,0.0,False
2025-11-28,2762,Camera Superior,8,0,0.0,False
2025-11-28,2763,Camera Deluxe,5,0,0.0,False
2025-11-28,3231,Suite Familiare,1,0,0.0,False
2025-11-28,2767,Suite Familiare Vista Piscina,1,0,0.0,False
2025-11-28,2765,Appartamento Area Piscina,18,0,0.0,False
2025-11-28,2764,Appartamento Area Giardino,28,0,0.0,False
2025-11-28,5375,Villino 2Ten,1,0,0.0,False
2025-11-28,5376,Villino Double,1,0,0.0,False
2025-11-29,22380,OTA Camera Standard,3,0,0.0,False
2025-11-29,2761,Camera  Standard,14,0,0.0,False
2025-11-29,2762,Camera Superior,8,0,0.0,False
2025-11-29,2763,Camera Deluxe,5,0,0.0,False
2025-11-29,3231,Suite Familiare,1,0,0.0,False
2025-11-29,2767,Suite Familiare Vista Piscina,1,0,0.0,False
2025-11-29,2765,Appartamento Area Piscina,18,0,0.0,False
2025-11-29,2764,Appartamento Area Giardino,28,0,0.0,False
2025-11-29,5375,Villino 2Ten,1,0,0.0,False
2025-11-29,5376,Villino Double,1,0,0.0,False
2025-11-30,22380,OTA Camera Standard,3,0,0.0,False
2025-11-30,2761,Camera  Standard,14,0,0.0,False
2025-11-30,2762,Camera Superior,8,0,0.0,False
2025-11-30,2763,Camera Deluxe,5,0,0.0,False
2025-11-30,3231,Suite Familiare,1,0,0.0,False
2025-11-30,2767,Suite Familiare Vista Piscina,1,0,0.0,False
2025-11-30,2765,Appartamento Area Piscina,18,0,0.0,False
2025-11-30,2764,Appartamento Area Giardino,28,0,0.0,False
2025-11-30,5375,Villino 2Ten,1,0,0.0,False
2025-11-30,5376,Villino Double,1,0,0.0,False
2025-12-01,22380,OTA Camera Standard,3,0,0.0,False
2025-12-01,2761,Camera  Standard,14,0,0.0,False
2025-12-01,2762,Camera Superior,8,0,0.0,False
2025-12-01,2763,Camera Deluxe,5,0,0.0,False
2025-12-01,3231,Suite Familiare,1,0,0.0,False
2025-12-01,2767,Suite Familiare Vista Piscina,1,0,0.0,False
2025-12-01,2765,Appartamento Area Piscina,18,0,0.0,False
2025-12-01,2764,Appartamento Area Giardino,28,0,0.0,False
2025-12-01,5375,Villino 2Ten,1,0,0.0,False
2025-12-01,5376,Villino Double,1,0,0.0,False
2025-12-02,22380,OTA Camera Standard,3,0,0.0,False
2025-12-02,2761,Camera  Standard,14,0,0.0,False
2025-12-02,2762,Camera Superior,8,0,0.0,False
2025-12-02,2763,Camera Deluxe,5,0,0.0,False
2025-12-02,3231,Suite Familiare,1,0,0.0,False
2025-12-02,2767,Suite Familiare Vista Piscina,1,0,0.0,False
2025-12-02,2765,Appartamento Area Piscina,18,0,0.0,False
2025-12-02,2764,Appartamento Area Giardino,28,0,0.0,False
2025-12-02,5375,Villino 2Ten,1,0,0.0,False
2025-12-02,5376,Villino Double,1,0,0.0,False
2025-12-03,22380,OTA Camera Standard,3,0,0.0,False
2025-12-03,2761,Camera  Standard,14,0,0.0,False
2025-12-03,2762,Camera Superior,8,0,0.0,False
2025-12-03,2763,Camera Deluxe,5,0,0.0,False
2025-12-03,3231,Suite Familiare,1,0,0.0,False
2025-12-03,2767,Suite Familiare Vista Piscina,1,0,0.0,False
2025-12-03,2765,Appartamento Area Piscina,18,0,0.0,False
2025-12-03,2764,Appartamento Area Giardino,28,0,0.0,False
2025-12-03,5375,Villino 2Ten,1,0,0.0,False
2025-12-03,5376,Villino Double,1,0,0.0,False
2025-12-04,22380,OTA Camera Standard,3,0,0.0,False
2025-12-04,2761,Camera  Standard,14,0,0.0,False
2025-12-04,2762,Camera Superior,8,0,0.0,False
2025-12-04,2763,Camera Deluxe,5,0,0.0,False
2025-12-04,3231,Suite Familiare,1,0,0.0,False
2025-12-04,2767,Suite Familiare Vista Piscina,1,0,0.0,False
2025-12-04,2765,Appartamento Area Piscina,18,0,0.0,False
2025-12-04,2764,Appartamento Area Giardino,28,0,0.0,False
2025-12-04,5375,Villino 2Ten,1,0,0.0,False
2025-12-04,5376,Villino Double,1,0,0.0,False
2025-12-05,22380,OTA Camera Standard,3,0,0.0,False
2025-12-05,2761,Camera  Standard,14,0,0.0,False
2025-12-05,2762,Camera Superior,8,0,0.0,False
2025-12-05,2763,Camera Deluxe,5,0,0.0,False
2025-12-05,3231,Suite Familiare,1,0,0.0,False
2025-12-05,2767,Suite Familiare Vista Piscina,1,0,0.0,False
2025-12-05,2765,Appartamento Area Piscina,18,0,0.0,False
2025-12-05,2764,Appartamento Area Giardino,28,0,0.0,False
2025-12-05,5375,Villino 2Ten,1,0,0.0,False
2025-12-05,5376,Villino Double,1,0,0.0,False
2025-12-06,22380,OTA Camera Standard,3,0,0.0,False
2025-12-06,2761,Camera  Standard,14,0,0.0,False
2025-12-06,2762,Camera Superior,8,0,0.0,False
2025-12-06,2763,Camera Deluxe,5,0,0.0,False
2025-12-06,3231,Suite Familiare,1,0,0.0,False
2025-12-06,2767,Suite Familiare Vista Piscina,1,0,0.0,False
2025-12-06,2765,Appartamento Area Piscina,18,0,0.0,False
2025-12-06,2764,Appartamento Area Giardino,28,0,0.0,False
2025-12-06,5375,Villino 2Ten,1,0,0.0,False
2025-12-06,5376,Villino Double,1,0,0.0,False
2025-12-07,22380,OTA Camera Standard,3,0,0.0,False
2025-12-07,2761,Camera  Standard,14,0,0.0,False
2025-12-07,2762,Camera Superior,8,0,0.0,False
2025-12-07,2763,Camera Deluxe,5,0,0.0,False
2025-12-07,3231,Suite Familiare,1,0,0.0,False
2025-12-07,2767,Suite Familiare Vista Piscina,1,0,0.0,False
2025-12-07,2765,Appartamento Area Piscina,18,0,0.0,False
2025-12-07,2764,Appartamento Area Giardino,28,0,0.0,False
2025-12-07,5375,Villino 2Ten,1,0,0.0,False
2025-12-07,5376,Villino Double,1,0,0.0,False
2025-12-08,22380,OTA Camera Standard,3,0,0.0,False
2025-12-08,2761,Camera  Standard,14,0,0.0,False
2025-12-08,2762,Camera Superior,8,0,0.0,False
2025-12-08,2763,Camera Deluxe,5,0,0.0,False
2025-12-08,3231,Suite Familiare,1,0,0.0,False
2025-12-08,2767,Suite Familiare Vista Piscina,1,0,0.0,False
2025-12-08,2765,Appartamento Area Piscina,18,0,0.0,False
2025-12-08,2764,Appartamento Area Giardino,28,0,0.0,False
2025-12-08,5375,Villino 2Ten,1,0,0.0,False
2025-12-08,5376,Villino Double,1,0,0.0,False
2025-12-09,22380,OTA Camera Standard,3,0,0.0,False
2025-12-09,2761,Camera  Standard,14,0,0.0,False
2025-12-09,2762,Camera Superior,8,0,0.0,False
2025-12-09,2763,Camera Deluxe,5,0,0.0,False
2025-12-09,3231,Suite Familiare,1,0,0.0,False
2025-12-09,2767,Suite Familiare Vista Piscina,1,0,0.0,False
2025-12-09,2765,Appartamento Area Piscina,18,0,0.0,False
2025-12-09,2764,Appartamento Area Giardino,28,0,0.0,False
2025-12-09,5375,Villino 2Ten,1,0,0.0,False
2025-12-09,5376,Villino Double,1,0,0.0,False
2025-12-10,22380,OTA Camera Standard,3,0,0.0,False
2025-12-10,2761,Camera  Standard,14,0,0.0,False
2025-12-10,2762,Camera Superior,8,0,0.0,False
2025-12-10,2763,Camera Deluxe,5,0,0.0,False
2025-12-10,3231,Suite Familiare,1,0,0.0,False
2025-12-10,2767,Suite Familiare Vista Piscina,1,0,0.0,False
2025-12-10,2765,Appartamento Area Piscina,18,0,0.0,False
2025-12-10,2764,Appartamento Area Giardino,28,0,0.0,False
2025-12-10,5375,Villino 2Ten,1,0,0.0,False
2025-12-10,5376,Villino Double,1,0,0.0,False
2025-12-11,22380,OTA Camera Standard,3,0,0.0,False
2025-12-11,2761,Camera  Standard,14,0,0.0,False
2025-12-11,2762,Camera Superior,8,0,0.0,False
2025-12-11,2763,Camera Deluxe,5,0,0.0,False
2025-12-11,3231,Suite Familiare,1,0,0.0,False
2025-12-11,2767,Suite Familiare Vista Piscina,1,0,0.0,False
2025-12-11,2765,Appartamento Area Piscina,18,0,0.0,False
2025-12-11,2764,Appartamento Area Giardino,28,0,0.0,False
2025-12-11,5375,Villino 2Ten,1,0,0.0,False
2025-12-11,5376,Villino Double,1,0,0.0,False
2025-12-12,22380,OTA Camera Standard,3,0,0.0,False
2025-12-12,2761,Camera  Standard,14,0,0.0,False
2025-12-12,2762,Camera Superior,8,0,0.0,False
2025-12-12,2763,Camera Deluxe,5,0,0.0,False
2025-12-12,3231,Suite Familiare,1,0,0.0,False
2025-12-12,2767,Suite Familiare Vista Piscina,1,0,0.0,False
2025-12-12,2765,Appartamento Area Piscina,18,0,0.0,False
2025-12-12,2764,Appartamento Area Giardino,28,0,0.0,False
2025-12-12,5375,Villino 2Ten,1,0,0.0,False
2025-12-12,5376,Villino Double,1,0,0.0,False
2025-12-13,22380,OTA Camera Standard,3,0,0.0,False
2025-12-13,2761,Camera  Standard,14,0,0.0,False
2025-12-13,2762,Camera Superior,8,0,0.0,False
2025-12-13,2763,Camera Deluxe,5,0,0.0,False
2025-12-13,3231,Suite Familiare,1,0,0.0,False
2025-12-13,2767,Suite Familiare Vista Piscina,1,0,0.0,False
2025-12-13,2765,Appartamento Area Piscina,18,0,0.0,False
2025-12-13,2764,Appartamento Area Giardino,28,0,0.0,False
2025-12-13,5375,Villino 2Ten,1,0,0.0,False
2025-12-13,5376,Villino Double,1,0,0.0,False
2025-12-14,22380,OTA Camera Standard,3,0,0.0,False
2025-12-14,2761,Camera  Standard,14,0,0.0,False
2025-12-14,2762,Camera Superior,8,0,0.0,False
2025-12-14,2763,Camera Deluxe,5,0,0.0,False
2025-12-14,3231,Suite Familiare,1,0,0.0,False
2025-12-14,2767,Suite Familiare Vista Piscina,1,0,0.0,False
2025-12-14,2765,Appartamento Area Piscina,18,0,0.0,False
2025-12-14,2764,Appartamento Area Giardino,28,0,0.0,False
2025-12-14,5375,Villino 2Ten,1,0,0.0,False
2025-12-14,5376,Villino Double,1,0,0.0,False
2025-12-15,22380,OTA Camera Standard,3,0,0.0,False
2025-12-15,2761,Camera  Standard,14,0,0.0,False
2025-12-15,2762,Camera Superior,8,0,0.0,False
2025-12-15,2763,Camera Deluxe,5,0,0.0,False
2025-12-15,3231,Suite Familiare,1,0,0.0,False
2025-12-15,2767,Suite Familiare Vista Piscina,1,0,0.0,False
2025-12-15,2765,Appartamento Area Piscina,18,0,0.0,False
2025-12-15,2764,Appartamento Area Giardino,28,0,0.0,False
2025-12-15,5375,Villino 2Ten,1,0,0.0,False
2025-12-15,5376,Villino Double,1,0,0.0,False
2025-12-16,22380,OTA Camera Standard,3,0,0.0,False
2025-12-16,2761,Camera  Standard,14,0,0.0,False
2025-12-16,2762,Camera Superior,8,0,0.0,False
2025-12-16,2763,Camera Deluxe,5,0,0.0,False
2025-12-16,3231,Suite Familiare,1,0,0.0,False
2025-12-16,2767,Suite Familiare Vista Piscina,1,0,0.0,False
2025-12-16,2765,Appartamento Area Piscina,18,0,0.0,False
2025-12-16,2764,Appartamento Area Giardino,28,0,0.0,False
2025-12-16,5375,Villino 2Ten,1,0,0.0,False
2025-12-16,5376,Villino Double,1,0,0.0,False
2025-12-17,22380,OTA Camera Standard,3,0,0.0,False
2025-12-17,2761,Camera  Standard,14,0,0.0,False
2025-12-17,2762,Camera Superior,8,0,0.0,False
2025-12-17,2763,Camera Deluxe,5,0,0.0,False
2025-12-17,3231,Suite Familiare,1,0,0.0,False
2025-12-17,2767,Suite Familiare Vista Piscina,1,0,0.0,False
2025-12-17,2765,Appartamento Area Piscina,18,0,0.0,False
2025-12-17,2764,Appartamento Area Giardino,28,0,0.0,False
2025-12-17,5375,Villino 2Ten,1,0,0.0,False
2025-12-17,5376,Villino Double,1,0,0.0,False
2025-12-18,22380,OTA Camera Standard,3,0,0.0,False
2025-12-18,2761,Camera  Standard,14,0,0.0,False
2025-12-18,2762,Camera Superior,8,0,0.0,False
2025-12-18,2763,Camera Deluxe,5,0,0.0,False
2025-12-18,3231,Suite Familiare,1,0,0.0,False
2025-12-18,2767,Suite Familiare Vista Piscina,1,0,0.0,False
2025-12-18,2765,Appartamento Area Piscina,18,0,0.0,False
2025-12-18,2764,Appartamento Area Giardino,28,0,0.0,False
2025-12-18,5375,Villino 2Ten,1,0,0.0,False
2025-12-18,5376,Villino Double,1,0,0.0,False
2025-12-19,22380,OTA Camera Standard,3,0,0.0,False
2025-12-19,2761,Camera  Standard,14,0,0.0,False
2025-12-19,2762,Camera Superior,8,0,0.0,False
2025-12-19,2763,Camera Deluxe,5,0,0.0,False
2025-12-19,3231,Suite Familiare,1,0,0.0,False
2025-12-19,2767,Suite Familiare Vista Piscina,1,0,0.0,False
2025-12-19,2765,Appartamento Area Piscina,18,0,0.0,False
2025-12-19,2764,Appartamento Area Giardino,28,0,0.0,False
2025-12-19,5375,Villino 2Ten,1,0,0.0,False
2025-12-19,5376,Villino Double,1,0,0.0,False
2025-12-20,22380,OTA Camera Standard,3,0,0.0,False
2025-12-20,2761,Camera  Standard,14,0,0.0,False
2025-12-20,2762,Camera Superior,8,0,0.0,False
2025-12-20,2763,Camera Deluxe,5,0,0.0,False
2025-12-20,3231,Suite Familiare,1,0,0.0,False
2025-12-20,2767,Suite Familiare Vista Piscina,1,0,0.0,False
2025-12-20,2765,Appartamento Area Piscina,18,0,0.0,False
2025-12-20,2764,Appartamento Area Giardino,28,0,0.0,False
2025-12-20,5375,Villino 2Ten,1,0,0.0,False
2025-12-20,5376,Villino Double,1,0,0.0,False
2025-12-21,22380,OTA Camera Standard,3,0,0.0,False
2025-12-21,2761,Camera  Standard,14,0,0.0,False
2025-12-21,2762,Camera Superior,8,0,0.0,False
2025-12-21,2763,Camera Deluxe,5,0,0.0,False
2025-12-21,3231,Suite Familiare,1,0,0.0,False
2025-12-21,2767,Suite Familiare Vista Piscina,1,0,0.0,False
2025-12-21,2765,Appartamento Area Piscina,18,0,0.0,False
2025-12-21,2764,Appartamento Area Giardino,28,0,0.0,False
2025-12-21,5375,Villino 2Ten,1,0,0.0,False
2025-12-21,5376,Villino Double,1,0,0.0,False
2025-12-22,22380,OTA Camera Standard,3,0,0.0,False
2025-12-22,2761,Camera  Standard,14,0,0.0,False
2025-12-22,2762,Camera Superior,8,0,0.0,False
2025-12-22,2763,Camera Deluxe,5,0,0.0,False
2025-12-22,3231,Suite Familiare,1,0,0.0,False
2025-12-22,2767,Suite Familiare Vista Piscina,1,0,0.0,False
2025-12-22,2765,Appartamento Area Piscina,18,0,0.0,False
2025-12-22,2764,Appartamento Area Giardino,28,0,0.0,False
2025-12-22,5375,Villino 2Ten,1,0,0.0,False
2025-12-22,5376,Villino Double,1,0,0.0,False
2025-12-23,22380,OTA Camera Standard,3,0,0.0,False
2025-12-23,2761,Camera  Standard,14,0,0.0,False
2025-12-23,2762,Camera Superior,8,0,0.0,False
2025-12-23,2763,Camera Deluxe,5,0,0.0,False
2025-12-23,3231,Suite Familiare,1,0,0.0,False
2025-12-23,2767,Suite Familiare Vista Piscina,1,0,0.0,False
2025-12-23,2765,Appartamento Area Piscina,18,0,0.0,False
2025-12-23,2764,Appartamento Area Giardino,28,0,0.0,False
2025-12-23,5375,Villino 2Ten,1,0,0.0,False
2025-12-23,5376,Villino Double,1,0,0.0,False
2025-12-24,22380,OTA Camera Standard,3,0,0.0,False
2025-12-24,2761,Camera  Standard,14,0,0.0,False
2025-12-24,2762,Camera Superior,8,0,0.0,False
2025-12-24,2763,Camera Deluxe,5,0,0.0,False
2025-12-24,3231,Suite Familiare,1,0,0.0,False
2025-12-24,2767,Suite Familiare Vista Piscina,1,0,0.0,False
2025-12-24,2765,Appartamento Area Piscina,18,0,0.0,False
2025-12-24,2764,Appartamento Area Giardino,28,0,0.0,False
2025-12-24,5375,Villino 2Ten,1,0,0.0,False
2025-12-24,5376,Villino Double,1,0,0.0,False
2025-12-25,22380,OTA Camera Standard,3,0,0.0,False
2025-12-25,2761,Camera  Standard,14,0,0.0,False
2025-12-25,2762,Camera Superior,8,0,0.0,False
2025-12-25,2763,Camera Deluxe,5,0,0.0,False
2025-12-25,3231,Suite Familiare,1,0,0.0,False
2025-12-25,2767,Suite Familiare Vista Piscina,1,0,0.0,False
2025-12-25,2765,Appartamento Area Piscina,18,0,0.0,False
2025-12-25,2764,Appartamento Area Giardino,28,0,0.0,False
2025-12-25,5375,Villino 2Ten,1,0,0.0,False
2025-12-25,5376,Villino Double,1,0,0.0,False
2025-12-26,22380,OTA Camera Standard,3,0,0.0,False
2025-12-26,2761,Camera  Standard,14,0,0.0,False
2025-12-26,2762,Camera Superior,8,0,0.0,False
2025-12-26,2763,Camera Deluxe,5,0,0.0,False
2025-12-26,3231,Suite Familiare,1,0,0.0,False
2025-12-26,2767,Suite Familiare Vista Piscina,1,0,0.0,False
2025-12-26,2765,Appartamento Area Piscina,18,0,0.0,False
2025-12-26,2764,Appartamento Area Giardino,28,0,0.0,False
2025-12-26,5375,Villino 2Ten,1,0,0.0,False
2025-12-26,5376,Villino Double,1,0,0.0,False
2025-12-27,22380,OTA Camera Standard,3,0,0.0,False
2025-12-27,2761,Camera  Standard,14,0,0.0,False
2025-12-27,2762,Camera Superior,8,0,0.0,False
2025-12-27,2763,Camera Deluxe,5,0,0.0,False
2025-12-27,3231,Suite Familiare,1,0,0.0,False
2025-12-27,2767,Suite Familiare Vista Piscina,1,0,0.0,False
2025-12-27,2765,Appartamento Area Piscina,18,0,0.0,False
2025-12-27,2764,Appartamento Area Giardino,28,0,0.0,False
2025-12-27,5375,Villino 2Ten,1,0,0.0,False
2025-12-27,5376,Villino Double,1,0,0.0,False
2025-12-28,22380,OTA Camera Standard,3,0,0.0,False
2025-12-28,2761,Camera  Standard,14,0,0.0,False
2025-12-28,2762,Camera Superior,8,0,0.0,False
2025-12-28,2763,Camera Deluxe,5,0,0.0,False
2025-12-28,3231,Suite Familiare,1,0,0.0,False
2025-12-28,2767,Suite Familiare Vista Piscina,1,0,0.0,False
2025-12-28,2765,Appartamento Area Piscina,18,0,0.0,False
2025-12-28,2764,Appartamento Area Giardino,28,0,0.0,False
2025-12-28,5375,Villino 2Ten,1,0,0.0,False
2025-12-28,5376,Villino Double,1,0,0.0,False
2025-12-29,22380,OTA Camera Standard,3,0,0.0,False
2025-12-29,2761,Camera  Standard,14,0,0.0,False
2025-12-29,2762,Camera Superior,8,0,0.0,False
2025-12-29,2763,Camera Deluxe,5,0,0.0,False
2025-12-29,3231,Suite Familiare,1,0,0.0,False
2025-12-29,2767,Suite Familiare Vista Piscina,1,0,0.0,False
2025-12-29,2765,Appartamento Area Piscina,18,0,0.0,False
2025-12-29,2764,Appartamento Area Giardino,28,0,0.0,False
2025-12-29,5375,Villino 2Ten,1,0,0.0,False
2025-12-29,5376,Villino Double,1,0,0.0,False
2025-12-30,22380,OTA Camera Standard,3,0,0.0,False
2025-12-30,2761,Camera  Standard,14,0,0.0,False
2025-12-30,2762,Camera Superior,8,0,0.0,False
2025-12-30,2763,Camera Deluxe,5,0,0.0,False
2025-12-30,3231,Suite Familiare,1,0,0.0,False
2025-12-30,2767,Suite Familiare Vista Piscina,1,0,0.0,False
2025-12-30,2765,Appartamento Area Piscina,18,0,0.0,False
2025-12-30,2764,Appartamento Area Giardino,28,0,0.0,False
2025-12-30,5375,Villino 2Ten,1,0,0.0,False
2025-12-30,5376,Villino Double,1,0,0.0,False
2025-12-31,22380,OTA Camera Standard,3,0,0.0,False
2025-12-31,2761,Camera  Standard,14,0,0.0,False
2025-12-31,2762,Camera Superior,8,0,0.0,False
2025-12-31,2763,Camera Deluxe,5,0,0.0,False
2025-12-31,3231,Suite Familiare,1,0,0.0,False
2025-12-31,2767,Suite Familiare Vista Piscina,1,0,0.0,False
2025-12-31,2765,Appartamento Area Piscina,18,0,0.0,False
2025-12-31,2764,Appartamento Area Giardino,28,0,0.0,False
2025-12-31,5375,Villino 2Ten,1,0,0.0,False
2025-12-31,5376,Villino Double,1,0,0.0,False
2026-01-01,22380,OTA Camera Standard,3,0,0.0,False
2026-01-01,2761,Camera  Standard,14,0,0.0,False
2026-01-01,2762,Camera Superior,8,0,0.0,False
2026-01-01,2763,Camera Deluxe,5,0,0.0,False
2026-01-01,3231,Suite Familiare,1,0,0.0,False
2026-01-01,2767,Suite Familiare Vista Piscina,1,0,0.0,False
2026-01-01,2765,Appartamento Area Piscina,18,0,0.0,False
2026-01-01,2764,Appartamento Area Giardino,28,0,0.0,False
2026-01-01,5375,Villino 2Ten,1,0,0.0,False
2026-01-01,5376,Villino Double,1,0,0.0,False
2026-01-02,22380,OTA Camera Standard,3,0,0.0,False
2026-01-02,2761,Camera  Standard,14,0,0.0,False
2026-01-02,2762,Camera Superior,8,0,0.0,False
2026-01-02,2763,Camera Deluxe,5,0,0.0,False
2026-01-02,3231,Suite Familiare,1,0,0.0,False
2026-01-02,2767,Suite Familiare Vista Piscina,1,0,0.0,False
2026-01-02,2765,Appartamento Area Piscina,18,0,0.0,False
2026-01-02,2764,Appartamento Area Giardino,28,0,0.0,False
2026-01-02,5375,Villino 2Ten,1,0,0.0,False
2026-01-02,5376,Villino Double,1,0,0.0,False
2026-01-03,22380,OTA Camera Standard,3,0,0.0,False
2026-01-03,2761,Camera  Standard,14,0,0.0,False
2026-01-03,2762,Camera Superior,8,0,0.0,False
2026-01-03,2763,Camera Deluxe,5,0,0.0,False
2026-01-03,3231,Suite Familiare,1,0,0.0,False
2026-01-03,2767,Suite Familiare Vista Piscina,1,0,0.0,False
2026-01-03,2765,Appartamento Area Piscina,18,0,0.0,False
2026-01-03,2764,Appartamento Area Giardino,28,0,0.0,False
2026-01-03,5375,Villino 2Ten,1,0,0.0,False
2026-01-03,5376,Villino Double,1,0,0.0,False
2026-01-04,22380,OTA Camera Standard,3,0,0.0,False
2026-01-04,2761,Camera  Standard,14,0,0.0,False
2026-01-04,2762,Camera Superior,8,0,0.0,False
2026-01-04,2763,Camera Deluxe,5,0,0.0,False
2026-01-04,3231,Suite Familiare,1,0,0.0,False
2026-01-04,2767,Suite Familiare Vista Piscina,1,0,0.0,False
2026-01-04,2765,Appartamento Area Piscina,18,0,0.0,False
2026-01-04,2764,Appartamento Area Giardino,28,0,0.0,False
2026-01-04,5375,Villino 2Ten,1,0,0.0,False
2026-01-04,5376,Villino Double,1,0,0.0,False
2026-01-05,22380,OTA Camera Standard,3,0,0.0,False
2026-01-05,2761,Camera  Standard,14,0,0.0,False
2026-01-05,2762,Camera Superior,8,0,0.0,False
2026-01-05,2763,Camera Deluxe,5,0,0.0,False
2026-01-05,3231,Suite Familiare,1,0,0.0,False
2026-01-05,2767,Suite Familiare Vista Piscina,1,0,0.0,False
2026-01-05,2765,Appartamento Area Piscina,18,0,0.0,False
2026-01-05,2764,Appartamento Area Giardino,28,0,0.0,False
2026-01-05,5375,Villino 2Ten,1,0,0.0,False
2026-01-05,5376,Villino Double,1,0,0.0,False
2026-01-06,22380,OTA Camera Standard,3,0,0.0,False
2026-01-06,2761,Camera  Standard,14,0,0.0,False
2026-01-06,2762,Camera Superior,8,0,0.0,False
2026-01-06,2763,Camera Deluxe,5,0,0.0,False
2026-01-06,3231,Suite Familiare,1,0,0.0,False
2026-01-06,2767,Suite Familiare Vista Piscina,1,0,0.0,False
2026-01-06,2765,Appartamento Area Piscina,18,0,0.0,False
2026-01-06,2764,Appartamento Area Giardino,28,0,0.0,False
2026-01-06,5375,Villino 2Ten,1,0,0.0,False
2026-01-06,5376,Villino Double,1,0,0.0,False
2026-01-07,22380,OTA Camera Standard,3,0,0.0,False
2026-01-07,2761,Camera  Standard,14,0,0.0,False
2026-01-07,2762,Camera Superior,8,0,0.0,False
2026-01-07,2763,Camera Deluxe,5,0,0.0,False
2026-01-07,3231,Suite Familiare,1,0,0.0,False
2026-01-07,2767,Suite Familiare Vista Piscina,1,0,0.0,False
2026-01-07,2765,Appartamento Area Piscina,18,0,0.0,False
2026-01-07,2764,Appartamento Area Giardino,28,0,0.0,False
2026-01-07,5375,Villino 2Ten,1,0,0.0,False
2026-01-07,5376,Villino Double,1,0,0.0,False
2026-01-08,22380,OTA Camera Standard,3,0,0.0,False
2026-01-08,2761,Camera  Standard,14,0,0.0,False
2026-01-08,2762,Camera Superior,8,0,0.0,False
2026-01-08,2763,Camera Deluxe,5,0,0.0,False
2026-01-08,3231,Suite Familiare,1,0,0.0,False
2026-01-08,2767,Suite Familiare Vista Piscina,1,0,0.0,False
2026-01-08,2765,Appartamento Area Piscina,18,0,0.0,False
2026-01-08,2764,Appartamento Area Giardino,28,0,0.0,False
2026-01-08,5375,Villino 2Ten,1,0,0.0,False
2026-01-08,5376,Villino Double,1,0,0.0,False
2026-01-09,22380,OTA Camera Standard,3,0,0.0,False
2026-01-09,2761,Camera  Standard,14,0,0.0,False
2026-01-09,2762,Camera Superior,8,0,0.0,False
2026-01-09,2763,Camera Deluxe,5,0,0.0,False
2026-01-09,3231,Suite Familiare,1,0,0.0,False
2026-01-09,2767,Suite Familiare Vista Piscina,1,0,0.0,False
2026-01-09,2765,Appartamento Area Piscina,18,0,0.0,False
2026-01-09,2764,Appartamento Area Giardino,28,0,0.0,False
2026-01-09,5375,Villino 2Ten,1,0,0.0,False
2026-01-09,5376,Villino Double,1,0,0.0,False
2026-01-10,22380,OTA Camera Standard,3,0,0.0,False
2026-01-10,2761,Camera  Standard,14,0,0.0,False
2026-01-10,2762,Camera Superior,8,0,0.0,False
2026-01-10,2763,Camera Deluxe,5,0,0.0,False
2026-01-10,3231,Suite Familiare,1,0,0.0,False
2026-01-10,2767,Suite Familiare Vista Piscina,1,0,0.0,False
2026-01-10,2765,Appartamento Area Piscina,18,0,0.0,False
2026-01-10,2764,Appartamento Area Giardino,28,0,0.0,False
2026-01-10,5375,Villino 2Ten,1,0,0.0,False
2026-01-10,5376,Villino Double,1,0,0.0,False
2026-01-11,22380,OTA Camera Standard,3,0,0.0,False
2026-01-11,2761,Camera  Standard,14,0,0.0,False
2026-01-11,2762,Camera Superior,8,0,0.0,False
2026-01-11,2763,Camera Deluxe,5,0,0.0,False
2026-01-11,3231,Suite Familiare,1,0,0.0,False
2026-01-11,2767,Suite Familiare Vista Piscina,1,0,0.0,False
2026-01-11,2765,Appartamento Area Piscina,18,0,0.0,False
2026-01-11,2764,Appartamento Area Giardino,28,0,0.0,False
2026-01-11,5375,Villino 2Ten,1,0,0.0,False
2026-01-11,5376,Villino Double,1,0,0.0,False
2026-01-12,22380,OTA Camera Standard,3,0,0.0,False
2026-01-12,2761,Camera  Standard,14,0,0.0,False
2026-01-12,2762,Camera Superior,8,0,0.0,False
2026-01-12,2763,Camera Deluxe,5,0,0.0,False
2026-01-12,3231,Suite Familiare,1,0,0.0,False
2026-01-12,2767,Suite Familiare Vista Piscina,1,0,0.0,False
2026-01-12,2765,Appartamento Area Piscina,18,0,0.0,False
2026-01-12,2764,Appartamento Area Giardino,28,0,0.0,False
2026-01-12,5375,Villino 2Ten,1,0,0.0,False
2026-01-12,5376,Villino Double,1,0,0.0,False
2026-01-13,22380,OTA Camera Standard,3,0,0.0,False
2026-01-13,2761,Camera  Standard,14,0,0.0,False
2026-01-13,2762,Camera Superior,8,0,0.0,False
2026-01-13,2763,Camera Deluxe,5,0,0.0,False
2026-01-13,3231,Suite Familiare,1,0,0.0,False
2026-01-13,2767,Suite Familiare Vista Piscina,1,0,0.0,False
2026-01-13,2765,Appartamento Area Piscina,18,0,0.0,False
2026-01-13,2764,Appartamento Area Giardino,28,0,0.0,False
2026-01-13,5375,Villino 2Ten,1,0,0.0,False
2026-01-13,5376,Villino Double,1,0,0.0,False
2026-01-14,22380,OTA Camera Standard,3,0,0.0,False
2026-01-14,2761,Camera  Standard,14,0,0.0,False
2026-01-14,2762,Camera Superior,8,0,0.0,False
2026-01-14,2763,Camera Deluxe,5,0,0.0,False
2026-01-14,3231,Suite Familiare,1,0,0.0,False
2026-01-14,2767,Suite Familiare Vista Piscina,1,0,0.0,False
2026-01-14,2765,Appartamento Area Piscina,18,0,0.0,False
2026-01-14,2764,Appartamento Area Giardino,28,0,0.0,False
2026-01-14,5375,Villino 2Ten,1,0,0.0,False
2026-01-14,5376,Villino Double,1,0,0.0,False
2026-01-15,22380,OTA Camera Standard,3,0,0.0,False
2026-01-15,2761,Camera  Standard,14,0,0.0,False
2026-01-15,2762,Camera Superior,8,0,0.0,False
2026-01-15,2763,Camera Deluxe,5,0,0.0,False
2026-01-15,3231,Suite Familiare,1,0,0.0,False
2026-01-15,2767,Suite Familiare Vista Piscina,1,0,0.0,False
2026-01-15,2765,Appartamento Area Piscina,18,0,0.0,False
2026-01-15,2764,Appartamento Area Giardino,28,0,0.0,False
2026-01-15,5375,Villino 2Ten,1,0,0.0,False
2026-01-15,5376,Villino Double,1,0,0.0,False
2026-01-16,22380,OTA Camera Standard,3,0,0.0,False
2026-01-16,2761,Camera  Standard,14,0,0.0,False
2026-01-16,2762,Camera Superior,8,0,0.0,False
2026-01-16,2763,Camera Deluxe,5,0,0.0,False
2026-01-16,3231,Suite Familiare,1,0,0.0,False
2026-01-16,2767,Suite Familiare Vista Piscina,1,0,0.0,False
2026-01-16,2765,Appartamento Area Piscina,18,0,0.0,False
2026-01-16,2764,Appartamento Area Giardino,28,0,0.0,False
2026-01-16,5375,Villino 2Ten,1,0,0.0,False
2026-01-16,5376,Villino Double,1,0,0.0,False
2026-01-17,22380,OTA Camera Standard,3,0,0.0,False
2026-01-17,2761,Camera  Standard,14,0,0.0,False
2026-01-17,2762,Camera Superior,8,0,0.0,False
2026-01-17,2763,Camera Deluxe,5,0,0.0,False
2026-01-17,3231,Suite Familiare,1,0,0.0,False
2026-01-17,2767,Suite Familiare Vista Piscina,1,0,0.0,False
2026-01-17,2765,Appartamento Area Piscina,18,0,0.0,False
2026-01-17,2764,Appartamento Area Giardino,28,0,0.0,False
2026-01-17,5375,Villino 2Ten,1,0,0.0,False
2026-01-17,5376,Villino Double,1,0,0.0,False
2026-01-18,22380,OTA Camera Standard,3,0,0.0,False
2026-01-18,2761,Camera  Standard,14,0,0.0,False
2026-01-18,2762,Camera Superior,8,0,0.0,False
2026-01-18,2763,Camera Deluxe,5,0,0.0,False
2026-01-18,3231,Suite Familiare,1,0,0.0,False
2026-01-18,2767,Suite Familiare Vista Piscina,1,0,0.0,False
2026-01-18,2765,Appartamento Area Piscina,18,0,0.0,False
2026-01-18,2764,Appartamento Area Giardino,28,0,0.0,False
2026-01-18,5375,Villino 2Ten,1,0,0.0,False
2026-01-18,5376,Villino Double,1,0,0.0,False
2026-01-19,22380,OTA Camera Standard,3,0,0.0,False
2026-01-19,2761,Camera  Standard,14,0,0.0,False
2026-01-19,2762,Camera Superior,8,0,0.0,False
2026-01-19,2763,Camera Deluxe,5,0,0.0,False
2026-01-19,3231,Suite Familiare,1,0,0.0,False
2026-01-19,2767,Suite Familiare Vista Piscina,1,0,0.0,False
2026-01-19,2765,Appartamento Area Piscina,18,0,0.0,False
2026-01-19,2764,Appartamento Area Giardino,28,0,0.0,False
2026-01-19,5375,Villino 2Ten,1,0,0.0,False
2026-01-19,5376,Villino Double,1,0,0.0,False
2026-01-20,22380,OTA Camera Standard,3,0,0.0,False
2026-01-20,2761,Camera  Standard,14,0,0.0,False
2026-01-20,2762,Camera Superior,8,0,0.0,False
2026-01-20,2763,Camera Deluxe,5,0,0.0,False
2026-01-20,3231,Suite Familiare,1,0,0.0,False
2026-01-20,2767,Suite Familiare Vista Piscina,1,0,0.0,False
2026-01-20,2765,Appartamento Area Piscina,18,0,0.0,False
2026-01-20,2764,Appartamento Area Giardino,28,0,0.0,False
2026-01-20,5375,Villino 2Ten,1,0,0.0,False
2026-01-20,5376,Villino Double,1,0,0.0,False
2026-01-21,22380,OTA Camera Standard,3,0,0.0,False
2026-01-21,2761,Camera  Standard,14,0,0.0,False
2026-01-21,2762,Camera Superior,8,0,0.0,False
2026-01-21,2763,Camera Deluxe,5,0,0.0,False
2026-01-21,3231,Suite Familiare,1,0,0.0,False
2026-01-21,2767,Suite Familiare Vista Piscina,1,0,0.0,False
2026-01-21,2765,Appartamento Area Piscina,18,0,0.0,False
2026-01-21,2764,Appartamento Area Giardino,28,0,0.0,False
2026-01-21,5375,Villino 2Ten,1,0,0.0,False
2026-01-21,5376,Villino Double,1,0,0.0,False
2026-01-22,22380,OTA Camera Standard,3,0,0.0,False
2026-01-22,2761,Camera  Standard,14,0,0.0,False
2026-01-22,2762,Camera Superior,8,0,0.0,False
2026-01-22,2763,Camera Deluxe,5,0,0.0,False
2026-01-22,3231,Suite Familiare,1,0,0.0,False
2026-01-22,2767,Suite Familiare Vista Piscina,1,0,0.0,False
2026-01-22,2765,Appartamento Area Piscina,18,0,0.0,False
2026-01-22,2764,Appartamento Area Giardino,28,0,0.0,False
2026-01-22,5375,Villino 2Ten,1,0,0.0,False
2026-01-22,5376,Villino Double,1,0,0.0,False
2026-01-23,22380,OTA Camera Standard,3,0,0.0,False
2026-01-23,2761,Camera  Standard,14,0,0.0,False
2026-01-23,2762,Camera Superior,8,0,0.0,False
2026-01-23,2763,Camera Deluxe,5,0,0.0,False
2026-01-23,3231,Suite Familiare,1,0,0.0,False
2026-01-23,2767,Suite Familiare Vista Piscina,1,0,0.0,False
2026-01-23,2765,Appartamento Area Piscina,18,0,0.0,False
2026-01-23,2764,Appartamento Area Giardino,28,0,0.0,False
2026-01-23,5375,Villino 2Ten,1,0,0.0,False
2026-01-23,5376,Villino Double,1,0,0.0,False
2026-01-24,22380,OTA Camera Standard,3,0,0.0,False
2026-01-24,2761,Camera  Standard,14,0,0.0,False
2026-01-24,2762,Camera Superior,8,0,0.0,False
2026-01-24,2763,Camera Deluxe,5,0,0.0,False
2026-01-24,3231,Suite Familiare,1,0,0.0,False
2026-01-24,2767,Suite Familiare Vista Piscina,1,0,0.0,False
2026-01-24,2765,Appartamento Area Piscina,18,0,0.0,False
2026-01-24,2764,Appartamento Area Giardino,28,0,0.0,False
2026-01-24,5375,Villino 2Ten,1,0,0.0,False
2026-01-24,5376,Villino Double,1,0,0.0,False
2026-01-25,22380,OTA Camera Standard,3,0,0.0,False
2026-01-25,2761,Camera  Standard,14,0,0.0,False
2026-01-25,2762,Camera Superior,8,0,0.0,False
2026-01-25,2763,Camera Deluxe,5,0,0.0,False
2026-01-25,3231,Suite Familiare,1,0,0.0,False
2026-01-25,2767,Suite Familiare Vista Piscina,1,0,0.0,False
2026-01-25,2765,Appartamento Area Piscina,18,0,0.0,False
2026-01-25,2764,Appartamento Area Giardino,28,0,0.0,False
2026-01-25,5375,Villino 2Ten,1,0,0.0,False
2026-01-25,5376,Villino Double,1,0,0.0,False
2026-01-26,22380,OTA Camera Standard,3,0,0.0,False
2026-01-26,2761,Camera  Standard,14,0,0.0,False
2026-01-26,2762,Camera Superior,8,0,0.0,False
2026-01-26,2763,Camera Deluxe,5,0,0.0,False
2026-01-26,3231,Suite Familiare,1,0,0.0,False
2026-01-26,2767,Suite Familiare Vista Piscina,1,0,0.0,False
2026-01-26,2765,Appartamento Area Piscina,18,0,0.0,False
2026-01-26,2764,Appartamento Area Giardino,28,0,0.0,False
2026-01-26,5375,Villino 2Ten,1,0,0.0,False
2026-01-26,5376,Villino Double,1,0,0.0,False
2026-01-27,22380,OTA Camera Standard,3,0,0.0,False
2026-01-27,2761,Camera  Standard,14,0,0.0,False
2026-01-27,2762,Camera Superior,8,0,0.0,False
2026-01-27,2763,Camera Deluxe,5,0,0.0,False
2026-01-27,3231,Suite Familiare,1,0,0.0,False
2026-01-27,2767,Suite Familiare Vista Piscina,1,0,0.0,False
2026-01-27,2765,Appartamento Area Piscina,18,0,0.0,False
2026-01-27,2764,Appartamento Area Giardino,28,0,0.0,False
2026-01-27,5375,Villino 2Ten,1,0,0.0,False
2026-01-27,5376,Villino Double,1,0,0.0,False
2026-01-28,22380,OTA Camera Standard,3,0,0.0,False
2026-01-28,2761,Camera  Standard,14,0,0.0,False
2026-01-28,2762,Camera Superior,8,0,0.0,False
2026-01-28,2763,Camera Deluxe,5,0,0.0,False
2026-01-28,3231,Suite Familiare,1,0,0.0,False
2026-01-28,2767,Suite Familiare Vista Piscina,1,0,0.0,False
2026-01-28,2765,Appartamento Area Piscina,18,0,0.0,False
2026-01-28,2764,Appartamento Area Giardino,28,0,0.0,False
2026-01-28,5375,Villino 2Ten,1,0,0.0,False
2026-01-28,5376,Villino Double,1,0,0.0,False
2026-01-29,22380,OTA Camera Standard,3,0,0.0,False
2026-01-29,2761,Camera  Standard,14,0,0.0,False
2026-01-29,2762,Camera Superior,8,0,0.0,False
2026-01-29,2763,Camera Deluxe,5,0,0.0,False
2026-01-29,3231,Suite Familiare,1,0,0.0,False
2026-01-29,2767,Suite Familiare Vista Piscina,1,0,0.0,False
2026-01-29,2765,Appartamento Area Piscina,18,0,0.0,False
2026-01-29,2764,Appartamento Area Giardino,28,0,0.0,False
2026-01-29,5375,Villino 2Ten,1,0,0.0,False
2026-01-29,5376,Villino Double,1,0,0.0,False
2026-01-30,22380,OTA Camera Standard,3,0,0.0,False
2026-01-30,2761,Camera  Standard,14,0,0.0,False
2026-01-30,2762,Camera Superior,8,0,0.0,False
2026-01-30,2763,Camera Deluxe,5,0,0.0,False
2026-01-30,3231,Suite Familiare,1,0,0.0,False
2026-01-30,2767,Suite Familiare Vista Piscina,1,0,0.0,False
2026-01-30,2765,Appartamento Area Piscina,18,0,0.0,False
2026-01-30,2764,Appartamento Area Giardino,28,0,0.0,False
2026-01-30,5375,Villino 2Ten,1,0,0.0,False
2026-01-30,5376,Villino Double,1,0,0.0,False
2026-01-31,22380,OTA Camera Standard,3,0,0.0,False
2026-01-31,2761,Camera  Standard,14,0,0.0,False
2026-01-31,2762,Camera Superior,8,0,0.0,False
2026-01-31,2763,Camera Deluxe,5,0,0.0,False
2026-01-31,3231,Suite Familiare,1,0,0.0,False
2026-01-31,2767,Suite Familiare Vista Piscina,1,0,0.0,False
2026-01-31,2765,Appartamento Area Piscina,18,0,0.0,False
2026-01-31,2764,Appartamento Area Giardino,28,0,0.0,False
2026-01-31,5375,Villino 2Ten,1,0,0.0,False
2026-01-31,5376,Villino Double,1,0,0.0,False
2026-02-01,22380,OTA Camera Standard,3,0,0.0,False
2026-02-01,2761,Camera  Standard,14,0,0.0,False
2026-02-01,2762,Camera Superior,8,0,0.0,False
2026-02-01,2763,Camera Deluxe,5,0,0.0,False
2026-02-01,3231,Suite Familiare,1,0,0.0,False
2026-02-01,2767,Suite Familiare Vista Piscina,1,0,0.0,False
2026-02-01,2765,Appartamento Area Piscina,18,0,0.0,False
2026-02-01,2764,Appartamento Area Giardino,28,0,0.0,False
2026-02-01,5375,Villino 2Ten,1,0,0.0,False
2026-02-01,5376,Villino Double,1,0,0.0,False
2026-02-02,22380,OTA Camera Standard,3,0,0.0,False
2026-02-02,2761,Camera  Standard,14,0,0.0,False
2026-02-02,2762,Camera Superior,8,0,0.0,False
2026-02-02,2763,Camera Deluxe,5,0,0.0,False
2026-02-02,3231,Suite Familiare,1,0,0.0,False
2026-02-02,2767,Suite Familiare Vista Piscina,1,0,0.0,False
2026-02-02,2765,Appartamento Area Piscina,18,0,0.0,False
2026-02-02,2764,Appartamento Area Giardino,28,0,0.0,False
2026-02-02,5375,Villino 2Ten,1,0,0.0,False
2026-02-02,5376,Villino Double,1,0,0.0,False
2026-02-03,22380,OTA Camera Standard,3,0,0.0,False
2026-02-03,2761,Camera  Standard,14,0,0.0,False
2026-02-03,2762,Camera Superior,8,0,0.0,False
2026-02-03,2763,Camera Deluxe,5,0,0.0,False
2026-02-03,3231,Suite Familiare,1,0,0.0,False
2026-02-03,2767,Suite Familiare Vista Piscina,1,0,0.0,False
2026-02-03,2765,Appartamento Area Piscina,18,0,0.0,False
2026-02-03,2764,Appartamento Area Giardino,28,0,0.0,False
2026-02-03,5375,Villino 2Ten,1,0,0.0,False
2026-02-03,5376,Villino Double,1,0,0.0,False
2026-02-04,22380,OTA Camera Standard,3,0,0.0,False
2026-02-04,2761,Camera  Standard,14,0,0.0,False
2026-02-04,2762,Camera Superior,8,0,0.0,False
2026-02-04,2763,Camera Deluxe,5,0,0.0,False
2026-02-04,3231,Suite Familiare,1,0,0.0,False
2026-02-04,2767,Suite Familiare Vista Piscina,1,0,0.0,False
2026-02-04,2765,Appartamento Area Piscina,18,0,0.0,False
2026-02-04,2764,Appartamento Area Giardino,28,0,0.0,False
2026-02-04,5375,Villino 2Ten,1,0,0.0,False
2026-02-04,5376,Villino Double,1,0,0.0,False
2026-02-05,22380,OTA Camera Standard,3,0,0.0,False
2026-02-05,2761,Camera  Standard,14,0,0.0,False
2026-02-05,2762,Camera Superior,8,0,0.0,False
2026-02-05,2763,Camera Deluxe,5,0,0.0,False
2026-02-05,3231,Suite Familiare,1,0,0.0,False
2026-02-05,2767,Suite Familiare Vista Piscina,1,0,0.0,False
2026-02-05,2765,Appartamento Area Piscina,18,0,0.0,False
2026-02-05,2764,Appartamento Area Giardino,28,0,0.0,False
2026-02-05,5375,Villino 2Ten,1,0,0.0,False
2026-02-05,5376,Villino Double,1,0,0.0,False
2026-02-06,22380,OTA Camera Standard,3,0,0.0,False
2026-02-06,2761,Camera  Standard,14,0,0.0,False
2026-02-06,2762,Camera Superior,8,0,0.0,False
2026-02-06,2763,Camera Deluxe,5,0,0.0,False
2026-02-06,3231,Suite Familiare,1,0,0.0,False
2026-02-06,2767,Suite Familiare Vista Piscina,1,0,0.0,False
2026-02-06,2765,Appartamento Area Piscina,18,0,0.0,False
2026-02-06,2764,Appartamento Area Giardino,28,0,0.0,False
2026-02-06,5375,Villino 2Ten,1,0,0.0,False
2026-02-06,5376,Villino Double,1,0,0.0,False
2026-02-07,22380,OTA Camera Standard,3,0,0.0,False
2026-02-07,2761,Camera  Standard,14,0,0.0,False
2026-02-07,2762,Camera Superior,8,0,0.0,False
2026-02-07,2763,Camera Deluxe,5,0,0.0,False
2026-02-07,3231,Suite Familiare,1,0,0.0,False
2026-02-07,2767,Suite Familiare Vista Piscina,1,0,0.0,False
2026-02-07,2765,Appartamento Area Piscina,18,0,0.0,False
2026-02-07,2764,Appartamento Area Giardino,28,0,0.0,False
2026-02-07,5375,Villino 2Ten,1,0,0.0,False
2026-02-07,5376,Villino Double,1,0,0.0,False
2026-02-08,22380,OTA Camera Standard,3,0,0.0,False
2026-02-08,2761,Camera  Standard,14,0,0.0,False
2026-02-08,2762,Camera Superior,8,0,0.0,False
2026-02-08,2763,Camera Deluxe,5,0,0.0,False
2026-02-08,3231,Suite Familiare,1,0,0.0,False
2026-02-08,2767,Suite Familiare Vista Piscina,1,0,0.0,False
2026-02-08,2765,Appartamento Area Piscina,18,0,0.0,False
2026-02-08,2764,Appartamento Area Giardino,28,0,0.0,False
2026-02-08,5375,Villino 2Ten,1,0,0.0,False
2026-02-08,5376,Villino Double,1,0,0.0,False
2026-02-09,22380,OTA Camera Standard,3,0,0.0,False
2026-02-09,2761,Camera  Standard,14,0,0.0,False
2026-02-09,2762,Camera Superior,8,0,0.0,False
2026-02-09,2763,Camera Deluxe,5,0,0.0,False
2026-02-09,3231,Suite Familiare,1,0,0.0,False
2026-02-09,2767,Suite Familiare Vista Piscina,1,0,0.0,False
2026-02-09,2765,Appartamento Area Piscina,18,0,0.0,False
2026-02-09,2764,Appartamento Area Giardino,28,0,0.0,False
2026-02-09,5375,Villino 2Ten,1,0,0.0,False
2026-02-09,5376,Villino Double,1,0,0.0,False
2026-02-10,22380,OTA Camera Standard,3,0,0.0,False
2026-02-10,2761,Camera  Standard,14,0,0.0,False
2026-02-10,2762,Camera Superior,8,0,0.0,False
2026-02-10,2763,Camera Deluxe,5,0,0.0,False
2026-02-10,3231,Suite Familiare,1,0,0.0,False
2026-02-10,2767,Suite Familiare Vista Piscina,1,0,0.0,False
2026-02-10,2765,Appartamento Area Piscina,18,0,0.0,False
2026-02-10,2764,Appartamento Area Giardino,28,0,0.0,False
2026-02-10,5375,Villino 2Ten,1,0,0.0,False
2026-02-10,5376,Villino Double,1,0,0.0,False
2026-02-11,22380,OTA Camera Standard,3,0,0.0,False
2026-02-11,2761,Camera  Standard,14,0,0.0,False
2026-02-11,2762,Camera Superior,8,0,0.0,False
2026-02-11,2763,Camera Deluxe,5,0,0.0,False
2026-02-11,3231,Suite Familiare,1,0,0.0,False
2026-02-11,2767,Suite Familiare Vista Piscina,1,0,0.0,False
2026-02-11,2765,Appartamento Area Piscina,18,0,0.0,False
2026-02-11,2764,Appartamento Area Giardino,28,0,0.0,False
2026-02-11,5375,Villino 2Ten,1,0,0.0,False
2026-02-11,5376,Villino Double,1,0,0.0,False
2026-02-12,22380,OTA Camera Standard,3,0,0.0,False
2026-02-12,2761,Camera  Standard,14,0,0.0,False
2026-02-12,2762,Camera Superior,8,0,0.0,False
2026-02-12,2763,Camera Deluxe,5,0,0.0,False
2026-02-12,3231,Suite Familiare,1,0,0.0,False
2026-02-12,2767,Suite Familiare Vista Piscina,1,0,0.0,False
2026-02-12,2765,Appartamento Area Piscina,18,0,0.0,False
2026-02-12,2764,Appartamento Area Giardino,28,0,0.0,False
2026-02-12,5375,Villino 2Ten,1,0,0.0,False
2026-02-12,5376,Villino Double,1,0,0.0,False
2026-02-13,22380,OTA Camera Standard,3,0,0.0,False
2026-02-13,2761,Camera  Standard,14,0,0.0,False
2026-02-13,2762,Camera Superior,8,0,0.0,False
2026-02-13,2763,Camera Deluxe,5,0,0.0,False
2026-02-13,3231,Suite Familiare,1,0,0.0,False
2026-02-13,2767,Suite Familiare Vista Piscina,1,0,0.0,False
2026-02-13,2765,Appartamento Area Piscina,18,0,0.0,False
2026-02-13,2764,Appartamento Area Giardino,28,0,0.0,False
2026-02-13,5375,Villino 2Ten,1,0,0.0,False
2026-02-13,5376,Villino Double,1,0,0.0,False
2026-02-14,22380,OTA Camera Standard,3,0,0.0,False
2026-02-14,2761,Camera  Standard,14,0,0.0,False
2026-02-14,2762,Camera Superior,8,0,0.0,False
2026-02-14,2763,Camera Deluxe,5,0,0.0,False
2026-02-14,3231,Suite Familiare,1,0,0.0,False
2026-02-14,2767,Suite Familiare Vista Piscina,1,0,0.0,False
2026-02-14,2765,Appartamento Area Piscina,18,0,0.0,False
2026-02-14,2764,Appartamento Area Giardino,28,0,0.0,False
2026-02-14,5375,Villino 2Ten,1,0,0.0,False
2026-02-14,5376,Villino Double,1,0,0.0,False
2026-02-15,22380,OTA Camera Standard,3,0,0.0,False
2026-02-15,2761,Camera  Standard,14,0,0.0,False
2026-02-15,2762,Camera Superior,8,0,0.0,False
2026-02-15,2763,Camera Deluxe,5,0,0.0,False
2026-02-15,3231,Suite Familiare,1,0,0.0,False
2026-02-15,2767,Suite Familiare Vista Piscina,1,0,0.0,False
2026-02-15,2765,Appartamento Area Piscina,18,0,0.0,False
2026-02-15,2764,Appartamento Area Giardino,28,0,0.0,False
2026-02-15,5375,Villino 2Ten,1,0,0.0,False
2026-02-15,5376,Villino Double,1,0,0.0,False
2026-02-16,22380,OTA Camera Standard,3,0,0.0,False
2026-02-16,2761,Camera  Standard,14,0,0.0,False
2026-02-16,2762,Camera Superior,8,0,0.0,False
2026-02-16,2763,Camera Deluxe,5,0,0.0,False
2026-02-16,3231,Suite Familiare,1,0,0.0,False
2026-02-16,2767,Suite Familiare Vista Piscina,1,0,0.0,False
2026-02-16,2765,Appartamento Area Piscina,18,0,0.0,False
2026-02-16,2764,Appartamento Area Giardino,28,0,0.0,False
2026-02-16,5375,Villino 2Ten,1,0,0.0,False
2026-02-16,5376,Villino Double,1,0,0.0,False
2026-02-17,22380,OTA Camera Standard,3,0,0.0,False
2026-02-17,2761,Camera  Standard,14,0,0.0,False
2026-02-17,2762,Camera Superior,8,0,0.0,False
2026-02-17,2763,Camera Deluxe,5,0,0.0,False
2026-02-17,3231,Suite Familiare,1,0,0.0,False
2026-02-17,2767,Suite Familiare Vista Piscina,1,0,0.0,False
2026-02-17,2765,Appartamento Area Piscina,18,0,0.0,False
2026-02-17,2764,Appartamento Area Giardino,28,0,0.0,False
2026-02-17,5375,Villino 2Ten,1,0,0.0,False
2026-02-17,5376,Villino Double,1,0,0.0,False
2026-02-18,22380,OTA Camera Standard,3,0,0.0,False
2026-02-18,2761,Camera  Standard,14,0,0.0,False
2026-02-18,2762,Camera Superior,8,0,0.0,False
2026-02-18,2763,Camera Deluxe,5,0,0.0,False
2026-02-18,3231,Suite Familiare,1,0,0.0,False
2026-02-18,2767,Suite Familiare Vista Piscina,1,0,0.0,False
2026-02-18,2765,Appartamento Area Piscina,18,0,0.0,False
2026-02-18,2764,Appartamento Area Giardino,28,0,0.0,False
2026-02-18,5375,Villino 2Ten,1,0,0.0,False
2026-02-18,5376,Villino Double,1,0,0.0,False
2026-02-19,22380,OTA Camera Standard,3,0,0.0,False
2026-02-19,2761,Camera  Standard,14,0,0.0,False
2026-02-19,2762,Camera Superior,8,0,0.0,False
2026-02-19,2763,Camera Deluxe,5,0,0.0,False
2026-02-19,3231,Suite Familiare,1,0,0.0,False
2026-02-19,2767,Suite Familiare Vista Piscina,1,0,0.0,False
2026-02-19,2765,Appartamento Area Piscina,18,0,0.0,False
2026-02-19,2764,Appartamento Area Giardino,28,0,0.0,False
2026-02-19,5375,Villino 2Ten,1,0,0.0,False
2026-02-19,5376,Villino Double,1,0,0.0,False
2026-02-20,22380,OTA Camera Standard,3,0,0.0,False
2026-02-20,2761,Camera  Standard,14,0,0.0,False
2026-02-20,2762,Camera Superior,8,0,0.0,False
2026-02-20,2763,Camera Deluxe,5,0,0.0,False
2026-02-20,3231,Suite Familiare,1,0,0.0,False
2026-02-20,2767,Suite Familiare Vista Piscina,1,0,0.0,False
2026-02-20,2765,Appartamento Area Piscina,18,0,0.0,False
2026-02-20,2764,Appartamento Area Giardino,28,0,0.0,False
2026-02-20,5375,Villino 2Ten,1,0,0.0,False
2026-02-20,5376,Villino Double,1,0,0.0,False
2026-02-21,22380,OTA Camera Standard,3,0,0.0,False
2026-02-21,2761,Camera  Standard,14,0,0.0,False
2026-02-21,2762,Camera Superior,8,0,0.0,False
2026-02-21,2763,Camera Deluxe,5,0,0.0,False
2026-02-21,3231,Suite Familiare,1,0,0.0,False
2026-02-21,2767,Suite Familiare Vista Piscina,1,0,0.0,False
2026-02-21,2765,Appartamento Area Piscina,18,0,0.0,False
2026-02-21,2764,Appartamento Area Giardino,28,0,0.0,False
2026-02-21,5375,Villino 2Ten,1,0,0.0,False
2026-02-21,5376,Villino Double,1,0,0.0,False
2026-02-22,22380,OTA Camera Standard,3,0,0.0,False
2026-02-22,2761,Camera  Standard,14,0,0.0,False
2026-02-22,2762,Camera Superior,8,0,0.0,False
2026-02-22,2763,Camera Deluxe,5,0,0.0,False
2026-02-22,3231,Suite Familiare,1,0,0.0,False
2026-02-22,2767,Suite Familiare Vista Piscina,1,0,0.0,False
2026-02-22,2765,Appartamento Area Piscina,18,0,0.0,False
2026-02-22,2764,Appartamento Area Giardino,28,0,0.0,False
2026-02-22,5375,Villino 2Ten,1,0,0.0,False
2026-02-22,5376,Villino Double,1,0,0.0,False
2026-02-23,22380,OTA Camera Standard,3,0,0.0,False
2026-02-23,2761,Camera  Standard,14,0,0.0,False
2026-02-23,2762,Camera Superior,8,0,0.0,False
2026-02-23,2763,Camera Deluxe,5,0,0.0,False
2026-02-23,3231,Suite Familiare,1,0,0.0,False
2026-02-23,2767,Suite Familiare Vista Piscina,1,0,0.0,False
2026-02-23,2765,Appartamento Area Piscina,18,0,0.0,False
2026-02-23,2764,Appartamento Area Giardino,28,0,0.0,False
2026-02-23,5375,Villino 2Ten,1,0,0.0,False
2026-02-23,5376,Villino Double,1,0,0.0,False
2026-02-24,22380,OTA Camera Standard,3,0,0.0,False
2026-02-24,2761,Camera  Standard,14,0,0.0,False
2026-02-24,2762,Camera Superior,8,0,0.0,False
2026-02-24,2763,Camera Deluxe,5,0,0.0,False
2026-02-24,3231,Suite Familiare,1,0,0.0,False
2026-02-24,2767,Suite Familiare Vista Piscina,1,0,0.0,False
2026-02-24,2765,Appartamento Area Piscina,18,0,0.0,False
2026-02-24,2764,Appartamento Area Giardino,28,0,0.0,False
2026-02-24,5375,Villino 2Ten,1,0,0.0,False
2026-02-24,5376,Villino Double,1,0,0.0,False
2026-02-25,22380,OTA Camera Standard,3,0,0.0,False
2026-02-25,2761,Camera  Standard,14,0,0.0,False
2026-02-25,2762,Camera Superior,8,0,0.0,False
2026-02-25,2763,Camera Deluxe,5,0,0.0,False
2026-02-25,3231,Suite Familiare,1,0,0.0,False
2026-02-25,2767,Suite Familiare Vista Piscina,1,0,0.0,False
2026-02-25,2765,Appartamento Area Piscina,18,0,0.0,False
2026-02-25,2764,Appartamento Area Giardino,28,0,0.0,False
2026-02-25,5375,Villino 2Ten,1,0,0.0,False
2026-02-25,5376,Villino Double,1,0,0.0,False
2026-02-26,22380,OTA Camera Standard,3,0,0.0,False
2026-02-26,2761,Camera  Standard,14,0,0.0,False
2026-02-26,2762,Camera Superior,8,0,0.0,False
2026-02-26,2763,Camera Deluxe,5,0,0.0,False
2026-02-26,3231,Suite Familiare,1,0,0.0,False
2026-02-26,2767,Suite Familiare Vista Piscina,1,0,0.0,False
2026-02-26,2765,Appartamento Area Piscina,18,0,0.0,False
2026-02-26,2764,Appartamento Area Giardino,28,0,0.0,False
2026-02-26,5375,Villino 2Ten,1,0,0.0,False
2026-02-26,5376,Villino Double,1,0,0.0,False
2026-02-27,22380,OTA Camera Standard,3,0,0.0,False
2026-02-27,2761,Camera  Standard,14,0,0.0,False
2026-02-27,2762,Camera Superior,8,0,0.0,False
2026-02-27,2763,Camera Deluxe,5,0,0.0,False
2026-02-27,3231,Suite Familiare,1,0,0.0,False
2026-02-27,2767,Suite Familiare Vista Piscina,1,0,0.0,False
2026-02-27,2765,Appartamento Area Piscina,18,0,0.0,False
2026-02-27,2764,Appartamento Area Giardino,28,0,0.0,False
2026-02-27,5375,Villino 2Ten,1,0,0.0,False
2026-02-27,5376,Villino Double,1,0,0.0,False
2026-02-28,22380,OTA Camera Standard,3,0,0.0,False
2026-02-28,2761,Camera  Standard,14,0,0.0,False
2026-02-28,2762,Camera Superior,8,0,0.0,False
2026-02-28,2763,Camera Deluxe,5,0,0.0,False
2026-02-28,3231,Suite Familiare,1,0,0.0,False
2026-02-28,2767,Suite Familiare Vista Piscina,1,0,0.0,False
2026-02-28,2765,Appartamento Area Piscina,18,0,0.0,False
2026-02-28,2764,Appartamento Area Giardino,28,0,0.0,False
2026-02-28,5375,Villino 2Ten,1,0,0.0,False
2026-02-28,5376,Villino Double,1,0,0.0,False
2026-03-01,22380,OTA Camera Standard,3,0,0.0,False
2026-03-01,2761,Camera  Standard,14,0,0.0,False
2026-03-01,2762,Camera Superior,8,0,0.0,False
2026-03-01,2763,Camera Deluxe,5,0,0.0,False
2026-03-01,3231,Suite Familiare,1,0,0.0,False
2026-03-01,2767,Suite Familiare Vista Piscina,1,0,0.0,False
2026-03-01,2765,Appartamento Area Piscina,18,0,0.0,False
2026-03-01,2764,Appartamento Area Giardino,28,0,0.0,False
2026-03-01,5375,Villino 2Ten,1,0,0.0,False
2026-03-01,5376,Villino Double,1,0,0.0,False
2026-03-02,22380,OTA Camera Standard,3,0,0.0,False
2026-03-02,2761,Camera  Standard,14,0,0.0,False
2026-03-02,2762,Camera Superior,8,0,0.0,False
2026-03-02,2763,Camera Deluxe,5,0,0.0,False
2026-03-02,3231,Suite Familiare,1,0,0.0,False
2026-03-02,2767,Suite Familiare Vista Piscina,1,0,0.0,False
2026-03-02,2765,Appartamento Area Piscina,18,0,0.0,False
2026-03-02,2764,Appartamento Area Giardino,28,0,0.0,False
2026-03-02,5375,Villino 2Ten,1,0,0.0,False
2026-03-02,5376,Villino Double,1,0,0.0,False
2026-03-03,22380,OTA Camera Standard,3,0,0.0,False
2026-03-03,2761,Camera  Standard,14,0,0.0,False
2026-03-03,2762,Camera Superior,8,0,0.0,False
2026-03-03,2763,Camera Deluxe,5,0,0.0,False
2026-03-03,3231,Suite Familiare,1,0,0.0,False
2026-03-03,2767,Suite Familiare Vista Piscina,1,0,0.0,False
2026-03-03,2765,Appartamento Area Piscina,18,0,0.0,False
2026-03-03,2764,Appartamento Area Giardino,28,0,0.0,False
2026-03-03,5375,Villino 2Ten,1,0,0.0,False
2026-03-03,5376,Villino Double,1,0,0.0,False
2026-03-04,22380,OTA Camera Standard,3,0,0.0,False
2026-03-04,2761,Camera  Standard,14,0,0.0,False
2026-03-04,2762,Camera Superior,8,0,0.0,False
2026-03-04,2763,Camera Deluxe,5,0,0.0,False
2026-03-04,3231,Suite Familiare,1,0,0.0,False
2026-03-04,2767,Suite Familiare Vista Piscina,1,0,0.0,False
2026-03-04,2765,Appartamento Area Piscina,18,0,0.0,False
2026-03-04,2764,Appartamento Area Giardino,28,0,0.0,False
2026-03-04,5375,Villino 2Ten,1,0,0.0,False
2026-03-04,5376,Villino Double,1,0,0.0,False
2026-03-05,22380,OTA Camera Standard,3,0,0.0,False
2026-03-05,2761,Camera  Standard,14,0,0.0,False
2026-03-05,2762,Camera Superior,8,0,0.0,False
2026-03-05,2763,Camera Deluxe,5,0,0.0,False
2026-03-05,3231,Suite Familiare,1,0,0.0,False
2026-03-05,2767,Suite Familiare Vista Piscina,1,0,0.0,False
2026-03-05,2765,Appartamento Area Piscina,18,0,0.0,False
2026-03-05,2764,Appartamento Area Giardino,28,0,0.0,False
2026-03-05,5375,Villino 2Ten,1,0,0.0,False
2026-03-05,5376,Villino Double,1,0,0.0,False
2026-03-06,22380,OTA Camera Standard,3,0,0.0,False
2026-03-06,2761,Camera  Standard,14,0,0.0,False
2026-03-06,2762,Camera Superior,8,0,0.0,False
2026-03-06,2763,Camera Deluxe,5,0,0.0,False
2026-03-06,3231,Suite Familiare,1,0,0.0,False
2026-03-06,2767,Suite Familiare Vista Piscina,1,0,0.0,False
2026-03-06,2765,Appartamento Area Piscina,18,0,0.0,False
2026-03-06,2764,Appartamento Area Giardino,28,0,0.0,False
2026-03-06,5375,Villino 2Ten,1,0,0.0,False
2026-03-06,5376,Villino Double,1,0,0.0,False
2026-03-07,22380,OTA Camera Standard,3,0,0.0,False
2026-03-07,2761,Camera  Standard,14,0,0.0,False
2026-03-07,2762,Camera Superior,8,0,0.0,False
2026-03-07,2763,Camera Deluxe,5,0,0.0,False
2026-03-07,3231,Suite Familiare,1,0,0.0,False
2026-03-07,2767,Suite Familiare Vista Piscina,1,0,0.0,False
2026-03-07,2765,Appartamento Area Piscina,18,0,0.0,False
2026-03-07,2764,Appartamento Area Giardino,28,0,0.0,False
2026-03-07,5375,Villino 2Ten,1,0,0.0,False
2026-03-07,5376,Villino Double,1,0,0.0,False
2026-03-08,22380,OTA Camera Standard,3,0,0.0,False
2026-03-08,2761,Camera  Standard,14,0,0.0,False
2026-03-08,2762,Camera Superior,8,0,0.0,False
2026-03-08,2763,Camera Deluxe,5,0,0.0,False
2026-03-08,3231,Suite Familiare,1,0,0.0,False
2026-03-08,2767,Suite Familiare Vista Piscina,1,0,0.0,False
2026-03-08,2765,Appartamento Area Piscina,18,0,0.0,False
2026-03-08,2764,Appartamento Area Giardino,28,0,0.0,False
2026-03-08,5375,Villino 2Ten,1,0,0.0,False
2026-03-08,5376,Villino Double,1,0,0.0,False
2026-03-09,22380,OTA Camera Standard,3,0,0.0,False
2026-03-09,2761,Camera  Standard,14,0,0.0,False
2026-03-09,2762,Camera Superior,8,0,0.0,False
2026-03-09,2763,Camera Deluxe,5,0,0.0,False
2026-03-09,3231,Suite Familiare,1,0,0.0,False
2026-03-09,2767,Suite Familiare Vista Piscina,1,0,0.0,False
2026-03-09,2765,Appartamento Area Piscina,18,0,0.0,False
2026-03-09,2764,Appartamento Area Giardino,28,0,0.0,False
2026-03-09,5375,Villino 2Ten,1,0,0.0,False
2026-03-09,5376,Villino Double,1,0,0.0,False
2026-03-10,22380,OTA Camera Standard,3,0,0.0,False
2026-03-10,2761,Camera  Standard,14,0,0.0,False
2026-03-10,2762,Camera Superior,8,0,0.0,False
2026-03-10,2763,Camera Deluxe,5,0,0.0,False
2026-03-10,3231,Suite Familiare,1,0,0.0,False
2026-03-10,2767,Suite Familiare Vista Piscina,1,0,0.0,False
2026-03-10,2765,Appartamento Area Piscina,18,0,0.0,False
2026-03-10,2764,Appartamento Area Giardino,28,0,0.0,False
2026-03-10,5375,Villino 2Ten,1,0,0.0,False
2026-03-10,5376,Villino Double,1,0,0.0,False
2026-03-11,22380,OTA Camera Standard,3,0,0.0,False
2026-03-11,2761,Camera  Standard,14,0,0.0,False
2026-03-11,2762,Camera Superior,8,0,0.0,False
2026-03-11,2763,Camera Deluxe,5,0,0.0,False
2026-03-11,3231,Suite Familiare,1,0,0.0,False
2026-03-11,2767,Suite Familiare Vista Piscina,1,0,0.0,False
2026-03-11,2765,Appartamento Area Piscina,18,0,0.0,False
2026-03-11,2764,Appartamento Area Giardino,28,0,0.0,False
2026-03-11,5375,Villino 2Ten,1,0,0.0,False
2026-03-11,5376,Villino Double,1,0,0.0,False
2026-03-12,22380,OTA Camera Standard,3,0,0.0,False
2026-03-12,2761,Camera  Standard,14,0,0.0,False
2026-03-12,2762,Camera Superior,8,0,0.0,False
2026-03-12,2763,Camera Deluxe,5,0,0.0,False
2026-03-12,3231,Suite Familiare,1,0,0.0,False
2026-03-12,2767,Suite Familiare Vista Piscina,1,0,0.0,False
2026-03-12,2765,Appartamento Area Piscina,18,0,0.0,False
2026-03-12,2764,Appartamento Area Giardino,28,0,0.0,False
2026-03-12,5375,Villino 2Ten,1,0,0.0,False
2026-03-12,5376,Villino Double,1,0,0.0,False
2026-03-13,22380,OTA Camera Standard,3,0,0.0,False
2026-03-13,2761,Camera  Standard,14,0,0.0,False
2026-03-13,2762,Camera Superior,8,0,0.0,False
2026-03-13,2763,Camera Deluxe,5,0,0.0,False
2026-03-13,3231,Suite Familiare,1,0,0.0,False
2026-03-13,2767,Suite Familiare Vista Piscina,1,0,0.0,False
2026-03-13,2765,Appartamento Area Piscina,18,0,0.0,False
2026-03-13,2764,Appartamento Area Giardino,28,0,0.0,False
2026-03-13,5375,Villino 2Ten,1,0,0.0,False
2026-03-13,5376,Villino Double,1,0,0.0,False
2026-03-14,22380,OTA Camera Standard,3,0,0.0,False
2026-03-14,2761,Camera  Standard,14,0,0.0,False
2026-03-14,2762,Camera Superior,8,0,0.0,False
2026-03-14,2763,Camera Deluxe,5,0,0.0,False
2026-03-14,3231,Suite Familiare,1,0,0.0,False
2026-03-14,2767,Suite Familiare Vista Piscina,1,0,0.0,False
2026-03-14,2765,Appartamento Area Piscina,18,0,0.0,False
2026-03-14,2764,Appartamento Area Giardino,28,0,0.0,False
2026-03-14,5375,Villino 2Ten,1,0,0.0,False
2026-03-14,5376,Villino Double,1,0,0.0,False
2026-03-15,22380,OTA Camera Standard,3,0,0.0,False
2026-03-15,2761,Camera  Standard,14,0,0.0,False
2026-03-15,2762,Camera Superior,8,0,0.0,False
2026-03-15,2763,Camera Deluxe,5,0,0.0,False
2026-03-15,3231,Suite Familiare,1,0,0.0,False
2026-03-15,2767,Suite Familiare Vista Piscina,1,0,0.0,False
2026-03-15,2765,Appartamento Area Piscina,18,0,0.0,False
2026-03-15,2764,Appartamento Area Giardino,28,0,0.0,False
2026-03-15,5375,Villino 2Ten,1,0,0.0,False
2026-03-15,5376,Villino Double,1,0,0.0,False
2026-03-16,22380,OTA Camera Standard,3,0,0.0,False
2026-03-16,2761,Camera  Standard,14,0,0.0,False
2026-03-16,2762,Camera Superior,8,0,0.0,False
2026-03-16,2763,Camera Deluxe,5,0,0.0,False
2026-03-16,3231,Suite Familiare,1,0,0.0,False
2026-03-16,2767,Suite Familiare Vista Piscina,1,0,0.0,False
2026-03-16,2765,Appartamento Area Piscina,18,0,0.0,False
2026-03-16,2764,Appartamento Area Giardino,28,0,0.0,False
2026-03-16,5375,Villino 2Ten,1,0,0.0,False
2026-03-16,5376,Villino Double,1,0,0.0,False
2026-03-17,22380,OTA Camera Standard,3,0,0.0,False
2026-03-17,2761,Camera  Standard,14,0,0.0,False
2026-03-17,2762,Camera Superior,8,0,0.0,False
2026-03-17,2763,Camera Deluxe,5,0,0.0,False
2026-03-17,3231,Suite Familiare,1,0,0.0,False
2026-03-17,2767,Suite Familiare Vista Piscina,1,0,0.0,False
2026-03-17,2765,Appartamento Area Piscina,18,0,0.0,False
2026-03-17,2764,Appartamento Area Giardino,28,0,0.0,False
2026-03-17,5375,Villino 2Ten,1,0,0.0,False
2026-03-17,5376,Villino Double,1,0,0.0,False
2026-03-18,22380,OTA Camera Standard,3,0,0.0,False
2026-03-18,2761,Camera  Standard,14,0,0.0,False
2026-03-18,2762,Camera Superior,8,0,0.0,False
2026-03-18,2763,Camera Deluxe,5,0,0.0,False
2026-03-18,3231,Suite Familiare,1,0,0.0,False
2026-03-18,2767,Suite Familiare Vista Piscina,1,0,0.0,False
2026-03-18,2765,Appartamento Area Piscina,18,0,0.0,False
2026-03-18,2764,Appartamento Area Giardino,28,0,0.0,False
2026-03-18,5375,Villino 2Ten,1,0,0.0,False
2026-03-18,5376,Villino Double,1,0,0.0,False
2026-03-19,22380,OTA Camera Standard,3,0,0.0,False
2026-03-19,2761,Camera  Standard,14,0,0.0,False
2026-03-19,2762,Camera Superior,8,0,0.0,False
2026-03-19,2763,Camera Deluxe,5,0,0.0,False
2026-03-19,3231,Suite Familiare,1,0,0.0,False
2026-03-19,2767,Suite Familiare Vista Piscina,1,0,0.0,False
2026-03-19,2765,Appartamento Area Piscina,18,0,0.0,False
2026-03-19,2764,Appartamento Area Giardino,28,0,0.0,False
2026-03-19,5375,Villino 2Ten,1,0,0.0,False
2026-03-19,5376,Villino Double,1,0,0.0,False
2026-03-20,22380,OTA Camera Standard,3,0,0.0,False
2026-03-20,2761,Camera  Standard,14,0,0.0,False
2026-03-20,2762,Camera Superior,8,0,0.0,False
2026-03-20,2763,Camera Deluxe,5,0,0.0,False
2026-03-20,3231,Suite Familiare,1,0,0.0,False
2026-03-20,2767,Suite Familiare Vista Piscina,1,0,0.0,False
2026-03-20,2765,Appartamento Area Piscina,18,0,0.0,False
2026-03-20,2764,Appartamento Area Giardino,28,0,0.0,False
2026-03-20,5375,Villino 2Ten,1,0,0.0,False
2026-03-20,5376,Villino Double,1,0,0.0,False
2026-03-21,22380,OTA Camera Standard,3,0,0.0,False
2026-03-21,2761,Camera  Standard,14,0,0.0,False
2026-03-21,2762,Camera Superior,8,0,0.0,False
2026-03-21,2763,Camera Deluxe,5,0,0.0,False
2026-03-21,3231,Suite Familiare,1,0,0.0,False
2026-03-21,2767,Suite Familiare Vista Piscina,1,0,0.0,False
2026-03-21,2765,Appartamento Area Piscina,18,0,0.0,False
2026-03-21,2764,Appartamento Area Giardino,28,0,0.0,False
2026-03-21,5375,Villino 2Ten,1,0,0.0,False
2026-03-21,5376,Villino Double,1,0,0.0,False
2026-03-22,22380,OTA Camera Standard,3,0,0.0,False
2026-03-22,2761,Camera  Standard,14,0,0.0,False
2026-03-22,2762,Camera Superior,8,0,0.0,False
2026-03-22,2763,Camera Deluxe,5,0,0.0,False
2026-03-22,3231,Suite Familiare,1,0,0.0,False
2026-03-22,2767,Suite Familiare Vista Piscina,1,0,0.0,False
2026-03-22,2765,Appartamento Area Piscina,18,0,0.0,False
2026-03-22,2764,Appartamento Area Giardino,28,0,0.0,False
2026-03-22,5375,Villino 2Ten,1,0,0.0,False
2026-03-22,5376,Villino Double,1,0,0.0,False
2026-03-23,22380,OTA Camera Standard,3,0,0.0,False
2026-03-23,2761,Camera  Standard,14,0,0.0,False
2026-03-23,2762,Camera Superior,8,0,0.0,False
2026-03-23,2763,Camera Deluxe,5,0,0.0,False
2026-03-23,3231,Suite Familiare,1,0,0.0,False
2026-03-23,2767,Suite Familiare Vista Piscina,1,0,0.0,False
2026-03-23,2765,Appartamento Area Piscina,18,0,0.0,False
2026-03-23,2764,Appartamento Area Giardino,28,0,0.0,False
2026-03-23,5375,Villino 2Ten,1,0,0.0,False
2026-03-23,5376,Villino Double,1,0,0.0,False
2026-03-24,22380,OTA Camera Standard,3,0,0.0,False
2026-03-24,2761,Camera  Standard,14,0,0.0,False
2026-03-24,2762,Camera Superior,8,0,0.0,False
2026-03-24,2763,Camera Deluxe,5,0,0.0,False
2026-03-24,3231,Suite Familiare,1,0,0.0,False
2026-03-24,2767,Suite Familiare Vista Piscina,1,0,0.0,False
2026-03-24,2765,Appartamento Area Piscina,18,0,0.0,False
2026-03-24,2764,Appartamento Area Giardino,28,0,0.0,False
2026-03-24,5375,Villino 2Ten,1,0,0.0,False
2026-03-24,5376,Villino Double,1,0,0.0,False
2026-03-25,22380,OTA Camera Standard,3,0,0.0,False
2026-03-25,2761,Camera  Standard,14,0,0.0,False
2026-03-25,2762,Camera Superior,8,0,0.0,False
2026-03-25,2763,Camera Deluxe,5,0,0.0,False
2026-03-25,3231,Suite Familiare,1,0,0.0,False
2026-03-25,2767,Suite Familiare Vista Piscina,1,0,0.0,False
2026-03-25,2765,Appartamento Area Piscina,18,0,0.0,False
2026-03-25,2764,Appartamento Area Giardino,28,0,0.0,False
2026-03-25,5375,Villino 2Ten,1,0,0.0,False
2026-03-25,5376,Villino Double,1,0,0.0,False
2026-03-26,22380,OTA Camera Standard,3,0,0.0,False
2026-03-26,2761,Camera  Standard,14,0,0.0,False
2026-03-26,2762,Camera Superior,8,0,0.0,False
2026-03-26,2763,Camera Deluxe,5,0,0.0,False
2026-03-26,3231,Suite Familiare,1,0,0.0,False
2026-03-26,2767,Suite Familiare Vista Piscina,1,0,0.0,False
2026-03-26,2765,Appartamento Area Piscina,18,0,0.0,False
2026-03-26,2764,Appartamento Area Giardino,28,0,0.0,False
2026-03-26,5375,Villino 2Ten,1,0,0.0,False
2026-03-26,5376,Villino Double,1,0,0.0,False
2026-03-27,22380,OTA Camera Standard,3,0,0.0,False
2026-03-27,2761,Camera  Standard,14,0,0.0,False
2026-03-27,2762,Camera Superior,8,0,0.0,False
2026-03-27,2763,Camera Deluxe,5,0,0.0,False
2026-03-27,3231,Suite Familiare,1,0,0.0,False
2026-03-27,2767,Suite Familiare Vista Piscina,1,0,0.0,False
2026-03-27,2765,Appartamento Area Piscina,18,0,0.0,False
2026-03-27,2764,Appartamento Area Giardino,28,0,0.0,False
2026-03-27,5375,Villino 2Ten,1,0,0.0,False
2026-03-27,5376,Villino Double,1,0,0.0,False
2026-03-28,22380,OTA Camera Standard,3,0,0.0,False
2026-03-28,2761,Camera  Standard,14,0,0.0,False
2026-03-28,2762,Camera Superior,8,0,0.0,False
2026-03-28,2763,Camera Deluxe,5,0,0.0,False
2026-03-28,3231,Suite Familiare,1,0,0.0,False
2026-03-28,2767,Suite Familiare Vista Piscina,1,0,0.0,False
2026-03-28,2765,Appartamento Area Piscina,18,0,0.0,False
2026-03-28,2764,Appartamento Area Giardino,28,0,0.0,False
2026-03-28,5375,Villino 2Ten,1,0,0.0,False
2026-03-28,5376,Villino Double,1,0,0.0,False
2026-03-29,22380,OTA Camera Standard,3,0,0.0,False
2026-03-29,2761,Camera  Standard,14,0,0.0,False
2026-03-29,2762,Camera Superior,8,0,0.0,False
2026-03-29,2763,Camera Deluxe,5,0,0.0,False
2026-03-29,3231,Suite Familiare,1,0,0.0,False
2026-03-29,2767,Suite Familiare Vista Piscina,1,0,0.0,False
2026-03-29,2765,Appartamento Area Piscina,18,0,0.0,False
2026-03-29,2764,Appartamento Area Giardino,28,0,0.0,False
2026-03-29,5375,Villino 2Ten,1,0,0.0,False
2026-03-29,5376,Villino Double,1,0,0.0,False
2026-03-30,22380,OTA Camera Standard,3,0,0.0,False
2026-03-30,2761,Camera  Standard,14,0,0.0,False
2026-03-30,2762,Camera Superior,8,0,0.0,False
2026-03-30,2763,Camera Deluxe,5,0,0.0,False
2026-03-30,3231,Suite Familiare,1,0,0.0,False
2026-03-30,2767,Suite Familiare Vista Piscina,1,0,0.0,False
2026-03-30,2765,Appartamento Area Piscina,18,0,0.0,False
2026-03-30,2764,Appartamento Area Giardino,28,0,0.0,False
2026-03-30,5375,Villino 2Ten,1,0,0.0,False
2026-03-30,5376,Villino Double,1,0,0.0,False
2026-03-31,22380,OTA Camera Standard,3,0,0.0,False
2026-03-31,2761,Camera  Standard,14,0,0.0,False
2026-03-31,2762,Camera Superior,8,0,0.0,False
2026-03-31,2763,Camera Deluxe,5,0,0.0,False
2026-03-31,3231,Suite Familiare,1,0,0.0,False
2026-03-31,2767,Suite Familiare Vista Piscina,1,0,0.0,False
2026-03-31,2765,Appartamento Area Piscina,18,0,0.0,False
2026-03-31,2764,Appartamento Area Giardino,28,0,0.0,False
2026-03-31,5375,Villino 2Ten,1,0,0.0,False
2026-03-31,5376,Villino Double,1,0,0.0,False
2026-04-01,22380,OTA Camera Standard,3,0,0.0,False
2026-04-01,2761,Camera  Standard,14,0,0.0,False
2026-04-01,2762,Camera Superior,8,0,0.0,False
2026-04-01,2763,Camera Deluxe,5,0,0.0,False
2026-04-01,3231,Suite Familiare,1,0,0.0,False
2026-04-01,2767,Suite Familiare Vista Piscina,1,0,0.0,False
2026-04-01,2765,Appartamento Area Piscina,18,0,0.0,False
2026-04-01,2764,Appartamento Area Giardino,28,0,0.0,False
2026-04-01,5375,Villino 2Ten,1,0,0.0,False
2026-04-01,5376,Villino Double,1,0,0.0,False
2026-04-02,22380,OTA Camera Standard,3,0,0.0,False
2026-04-02,2761,Camera  Standard,14,0,0.0,False
2026-04-02,2762,Camera Superior,8,0,0.0,False
2026-04-02,2763,Camera Deluxe,5,0,0.0,False
2026-04-02,3231,Suite Familiare,1,0,0.0,False
2026-04-02,2767,Suite Familiare Vista Piscina,1,0,0.0,False
2026-04-02,2765,Appartamento Area Piscina,18,0,0.0,False
2026-04-02,2764,Appartamento Area Giardino,28,0,0.0,False
2026-04-02,5375,Villino 2Ten,1,0,0.0,False
2026-04-02,5376,Villino Double,1,0,0.0,False
2026-04-03,22380,OTA Camera Standard,3,0,0.0,False
2026-04-03,2761,Camera  Standard,14,0,0.0,False
2026-04-03,2762,Camera Superior,8,0,0.0,False
2026-04-03,2763,Camera Deluxe,5,0,0.0,False
2026-04-03,3231,Suite Familiare,1,0,0.0,False
2026-04-03,2767,Suite Familiare Vista Piscina,1,0,0.0,False
2026-04-03,2765,Appartamento Area Piscina,18,0,0.0,False
2026-04-03,2764,Appartamento Area Giardino,28,0,0.0,False
2026-04-03,5375,Villino 2Ten,1,0,0.0,False
2026-04-03,5376,Villino Double,1,0,0.0,False
2026-04-04,22380,OTA Camera Standard,3,0,0.0,False
2026-04-04,2761,Camera  Standard,14,0,0.0,False
2026-04-04,2762,Camera Superior,8,0,0.0,False
2026-04-04,2763,Camera Deluxe,5,0,0.0,False
2026-04-04,3231,Suite Familiare,1,0,0.0,False
2026-04-04,2767,Suite Familiare Vista Piscina,1,0,0.0,False
2026-04-04,2765,Appartamento Area Piscina,18,0,0.0,False
2026-04-04,2764,Appartamento Area Giardino,28,0,0.0,False
2026-04-04,5375,Villino 2Ten,1,0,0.0,False
2026-04-04,5376,Villino Double,1,0,0.0,False
2026-04-05,22380,OTA Camera Standard,3,0,0.0,False
2026-04-05,2761,Camera  Standard,14,0,0.0,False
2026-04-05,2762,Camera Superior,8,0,0.0,False
2026-04-05,2763,Camera Deluxe,5,0,0.0,False
2026-04-05,3231,Suite Familiare,1,0,0.0,False
2026-04-05,2767,Suite Familiare Vista Piscina,1,0,0.0,False
2026-04-05,2765,Appartamento Area Piscina,18,0,0.0,False
2026-04-05,2764,Appartamento Area Giardino,28,0,0.0,False
2026-04-05,5375,Villino 2Ten,1,0,0.0,False
2026-04-05,5376,Villino Double,1,0,0.0,False
2026-04-06,22380,OTA Camera Standard,3,0,0.0,False
2026-04-06,2761,Camera  Standard,14,0,0.0,False
2026-04-06,2762,Camera Superior,8,0,0.0,False
2026-04-06,2763,Camera Deluxe,5,0,0.0,False
2026-04-06,3231,Suite Familiare,1,0,0.0,False
2026-04-06,2767,Suite Familiare Vista Piscina,1,0,0.0,False
2026-04-06,2765,Appartamento Area Piscina,18,0,0.0,False
2026-04-06,2764,Appartamento Area Giardino,28,0,0.0,False
2026-04-06,5375,Villino 2Ten,1,0,0.0,False
2026-04-06,5376,Villino Double,1,0,0.0,False
2026-04-07,22380,OTA Camera Standard,3,0,0.0,False
2026-04-07,2761,Camera  Standard,14,0,0.0,False
2026-04-07,2762,Camera Superior,8,0,0.0,False
2026-04-07,2763,Camera Deluxe,5,0,0.0,False
2026-04-07,3231,Suite Familiare,1,0,0.0,False
2026-04-07,2767,Suite Familiare Vista Piscina,1,0,0.0,False
2026-04-07,2765,Appartamento Area Piscina,18,0,0.0,False
2026-04-07,2764,Appartamento Area Giardino,28,0,0.0,False
2026-04-07,5375,Villino 2Ten,1,0,0.0,False
2026-04-07,5376,Villino Double,1,0,0.0,False
2026-04-08,22380,OTA Camera Standard,3,0,0.0,False
2026-04-08,2761,Camera  Standard,14,0,0.0,False
2026-04-08,2762,Camera Superior,8,0,0.0,False
2026-04-08,2763,Camera Deluxe,5,0,0.0,False
2026-04-08,3231,Suite Familiare,1,0,0.0,False
2026-04-08,2767,Suite Familiare Vista Piscina,1,0,0.0,False
2026-04-08,2765,Appartamento Area Piscina,18,0,0.0,False
2026-04-08,2764,Appartamento Area Giardino,28,0,0.0,False
2026-04-08,5375,Villino 2Ten,1,0,0.0,False
2026-04-08,5376,Villino Double,1,0,0.0,False
2026-04-09,22380,OTA Camera Standard,3,0,0.0,False
2026-04-09,2761,Camera  Standard,14,0,0.0,False
2026-04-09,2762,Camera Superior,8,0,0.0,False
2026-04-09,2763,Camera Deluxe,5,0,0.0,False
2026-04-09,3231,Suite Familiare,1,0,0.0,False
2026-04-09,2767,Suite Familiare Vista Piscina,1,0,0.0,False
2026-04-09,2765,Appartamento Area Piscina,18,0,0.0,False
2026-04-09,2764,Appartamento Area Giardino,28,0,0.0,False
2026-04-09,5375,Villino 2Ten,1,0,0.0,False
2026-04-09,5376,Villino Double,1,0,0.0,False
2026-04-10,22380,OTA Camera Standard,3,0,0.0,False
2026-04-10,2761,Camera  Standard,14,0,0.0,False
2026-04-10,2762,Camera Superior,8,0,0.0,False
2026-04-10,2763,Camera Deluxe,5,0,0.0,False
2026-04-10,3231,Suite Familiare,1,0,0.0,False
2026-04-10,2767,Suite Familiare Vista Piscina,1,0,0.0,False
2026-04-10,2765,Appartamento Area Piscina,18,0,0.0,False
2026-04-10,2764,Appartamento Area Giardino,28,0,0.0,False
2026-04-10,5375,Villino 2Ten,1,0,0.0,False
2026-04-10,5376,Villino Double,1,0,0.0,False
2026-04-11,22380,OTA Camera Standard,3,0,0.0,False
2026-04-11,2761,Camera  Standard,14,0,0.0,False
2026-04-11,2762,Camera Superior,8,0,0.0,False
2026-04-11,2763,Camera Deluxe,5,0,0.0,False
2026-04-11,3231,Suite Familiare,1,0,0.0,False
2026-04-11,2767,Suite Familiare Vista Piscina,1,0,0.0,False
2026-04-11,2765,Appartamento Area Piscina,18,0,0.0,False
2026-04-11,2764,Appartamento Area Giardino,28,0,0.0,False
2026-04-11,5375,Villino 2Ten,1,0,0.0,False
2026-04-11,5376,Villino Double,1,0,0.0,False
2026-04-12,22380,OTA Camera Standard,3,0,0.0,False
2026-04-12,2761,Camera  Standard,14,0,0.0,False
2026-04-12,2762,Camera Superior,8,0,0.0,False
2026-04-12,2763,Camera Deluxe,5,0,0.0,False
2026-04-12,3231,Suite Familiare,1,0,0.0,False
2026-04-12,2767,Suite Familiare Vista Piscina,1,0,0.0,False
2026-04-12,2765,Appartamento Area Piscina,18,0,0.0,False
2026-04-12,2764,Appartamento Area Giardino,28,0,0.0,False
2026-04-12,5375,Villino 2Ten,1,0,0.0,False
2026-04-12,5376,Villino Double,1,0,0.0,False
2026-04-13,22380,OTA Camera Standard,3,0,0.0,False
2026-04-13,2761,Camera  Standard,14,0,0.0,False
2026-04-13,2762,Camera Superior,8,0,0.0,False
2026-04-13,2763,Camera Deluxe,5,0,0.0,False
2026-04-13,3231,Suite Familiare,1,0,0.0,False
2026-04-13,2767,Suite Familiare Vista Piscina,1,0,0.0,False
2026-04-13,2765,Appartamento Area Piscina,18,0,0.0,False
2026-04-13,2764,Appartamento Area Giardino,28,0,0.0,False
2026-04-13,5375,Villino 2Ten,1,0,0.0,False
2026-04-13,5376,Villino Double,1,0,0.0,False
2026-04-14,22380,OTA Camera Standard,3,0,0.0,False
2026-04-14,2761,Camera  Standard,14,0,0.0,False
2026-04-14,2762,Camera Superior,8,0,0.0,False
2026-04-14,2763,Camera Deluxe,5,0,0.0,False
2026-04-14,3231,Suite Familiare,1,0,0.0,False
2026-04-14,2767,Suite Familiare Vista Piscina,1,0,0.0,False
2026-04-14,2765,Appartamento Area Piscina,18,0,0.0,False
2026-04-14,2764,Appartamento Area Giardino,28,0,0.0,False
2026-04-14,5375,Villino 2Ten,1,0,0.0,False
2026-04-14,5376,Villino Double,1,0,0.0,False
2026-04-15,22380,OTA Camera Standard,3,0,0.0,False
2026-04-15,2761,Camera  Standard,14,0,0.0,False
2026-04-15,2762,Camera Superior,8,0,0.0,False
2026-04-15,2763,Camera Deluxe,5,0,0.0,False
2026-04-15,3231,Suite Familiare,1,0,0.0,False
2026-04-15,2767,Suite Familiare Vista Piscina,1,0,0.0,False
2026-04-15,2765,Appartamento Area Piscina,18,0,0.0,False
2026-04-15,2764,Appartamento Area Giardino,28,0,0.0,False
2026-04-15,5375,Villino 2Ten,1,0,0.0,False
2026-04-15,5376,Villino Double,1,0,0.0,False
2026-04-16,22380,OTA Camera Standard,3,0,0.0,False
2026-04-16,2761,Camera  Standard,14,0,0.0,False
2026-04-16,2762,Camera Superior,8,0,0.0,False
2026-04-16,2763,Camera Deluxe,5,0,0.0,False
2026-04-16,3231,Suite Familiare,1,0,0.0,False
2026-04-16,2767,Suite Familiare Vista Piscina,1,0,0.0,False
2026-04-16,2765,Appartamento Area Piscina,18,0,0.0,False
2026-04-16,2764,Appartamento Area Giardino,28,0,0.0,False
2026-04-16,5375,Villino 2Ten,1,0,0.0,False
2026-04-16,5376,Villino Double,1,0,0.0,False
2026-04-17,22380,OTA Camera Standard,3,0,0.0,False
2026-04-17,2761,Camera  Standard,14,0,0.0,False
2026-04-17,2762,Camera Superior,8,0,0.0,False
2026-04-17,2763,Camera Deluxe,5,0,0.0,False
2026-04-17,3231,Suite Familiare,1,0,0.0,False
2026-04-17,2767,Suite Familiare Vista Piscina,1,0,0.0,False
2026-04-17,2765,Appartamento Area Piscina,18,0,0.0,False
2026-04-17,2764,Appartamento Area Giardino,28,0,0.0,False
2026-04-17,5375,Villino 2Ten,1,0,0.0,False
2026-04-17,5376,Villino Double,1,0,0.0,False
2026-04-18,22380,OTA Camera Standard,3,0,0.0,False
2026-04-18,2761,Camera  Standard,14,0,0.0,False
2026-04-18,2762,Camera Superior,8,0,0.0,False
2026-04-18,2763,Camera Deluxe,5,0,0.0,False
2026-04-18,3231,Suite Familiare,1,0,0.0,False
2026-04-18,2767,Suite Familiare Vista Piscina,1,0,0.0,False
2026-04-18,2765,Appartamento Area Piscina,18,0,0.0,False
2026-04-18,2764,Appartamento Area Giardino,28,0,0.0,False
2026-04-18,5375,Villino 2Ten,1,0,0.0,False
2026-04-18,5376,Villino Double,1,0,0.0,False
2026-04-19,22380,OTA Camera Standard,3,0,0.0,False
2026-04-19,2761,Camera  Standard,14,0,0.0,False
2026-04-19,2762,Camera Superior,8,0,0.0,False
2026-04-19,2763,Camera Deluxe,5,0,0.0,False
2026-04-19,3231,Suite Familiare,1,0,0.0,False
2026-04-19,2767,Suite Familiare Vista Piscina,1,0,0.0,False
2026-04-19,2765,Appartamento Area Piscina,18,0,0.0,False
2026-04-19,2764,Appartamento Area Giardino,28,0,0.0,False
2026-04-19,5375,Villino 2Ten,1,0,0.0,False
2026-04-19,5376,Villino Double,1,0,0.0,False
2026-04-20,22380,OTA Camera Standard,3,0,0.0,False
2026-04-20,2761,Camera  Standard,14,0,0.0,False
2026-04-20,2762,Camera Superior,8,0,0.0,False
2026-04-20,2763,Camera Deluxe,5,0,0.0,False
2026-04-20,3231,Suite Familiare,1,0,0.0,False
2026-04-20,2767,Suite Familiare Vista Piscina,1,0,0.0,False
2026-04-20,2765,Appartamento Area Piscina,18,0,0.0,False
2026-04-20,2764,Appartamento Area Giardino,28,0,0.0,False
2026-04-20,5375,Villino 2Ten,1,0,0.0,False
2026-04-20,5376,Villino Double,1,0,0.0,False
2026-04-21,22380,OTA Camera Standard,3,0,0.0,False
2026-04-21,2761,Camera  Standard,14,0,0.0,False
2026-04-21,2762,Camera Superior,8,0,0.0,False
2026-04-21,2763,Camera Deluxe,5,0,0.0,False
2026-04-21,3231,Suite Familiare,1,0,0.0,False
2026-04-21,2767,Suite Familiare Vista Piscina,1,0,0.0,False
2026-04-21,2765,Appartamento Area Piscina,18,0,0.0,False
2026-04-21,2764,Appartamento Area Giardino,28,0,0.0,False
2026-04-21,5375,Villino 2Ten,1,0,0.0,False
2026-04-21,5376,Villino Double,1,0,0.0,False
2026-04-22,22380,OTA Camera Standard,3,0,0.0,False
2026-04-22,2761,Camera  Standard,14,0,0.0,False
2026-04-22,2762,Camera Superior,8,0,0.0,False
2026-04-22,2763,Camera Deluxe,5,0,0.0,False
2026-04-22,3231,Suite Familiare,1,0,0.0,False
2026-04-22,2767,Suite Familiare Vista Piscina,1,0,0.0,False
2026-04-22,2765,Appartamento Area Piscina,18,0,0.0,False
2026-04-22,2764,Appartamento Area Giardino,28,0,0.0,False
2026-04-22,5375,Villino 2Ten,1,0,0.0,False
2026-04-22,5376,Villino Double,1,0,0.0,False
2026-04-23,22380,OTA Camera Standard,3,0,0.0,False
2026-04-23,2761,Camera  Standard,14,0,0.0,False
2026-04-23,2762,Camera Superior,8,0,0.0,False
2026-04-23,2763,Camera Deluxe,5,0,0.0,False
2026-04-23,3231,Suite Familiare,1,0,0.0,False
2026-04-23,2767,Suite Familiare Vista Piscina,1,0,0.0,False
2026-04-23,2765,Appartamento Area Piscina,18,0,0.0,False
2026-04-23,2764,Appartamento Area Giardino,28,0,0.0,False
2026-04-23,5375,Villino 2Ten,1,0,0.0,False
2026-04-23,5376,Villino Double,1,0,0.0,False
2026-04-24,22380,OTA Camera Standard,3,0,0.0,False
2026-04-24,2761,Camera  Standard,14,0,0.0,False
2026-04-24,2762,Camera Superior,8,0,0.0,False
2026-04-24,2763,Camera Deluxe,5,0,0.0,False
2026-04-24,3231,Suite Familiare,1,0,0.0,False
2026-04-24,2767,Suite Familiare Vista Piscina,1,0,0.0,False
2026-04-24,2765,Appartamento Area Piscina,18,0,0.0,False
2026-04-24,2764,Appartamento Area Giardino,28,0,0.0,False
2026-04-24,5375,Villino 2Ten,1,0,0.0,False
2026-04-24,5376,Villino Double,1,0,0.0,False
2026-04-25,22380,OTA Camera Standard,3,0,0.0,False
2026-04-25,2761,Camera  Standard,14,0,0.0,False
2026-04-25,2762,Camera Superior,8,0,0.0,False
2026-04-25,2763,Camera Deluxe,5,0,0.0,False
2026-04-25,3231,Suite Familiare,1,0,0.0,False
2026-04-25,2767,Suite Familiare Vista Piscina,1,0,0.0,False
2026-04-25,2765,Appartamento Area Piscina,18,0,0.0,False
2026-04-25,2764,Appartamento Area Giardino,28,0,0.0,False
2026-04-25,5375,Villino 2Ten,1,0,0.0,False
2026-04-25,5376,Villino Double,1,0,0.0,False
2026-04-26,22380,OTA Camera Standard,3,0,0.0,False
2026-04-26,2761,Camera  Standard,14,0,0.0,False
2026-04-26,2762,Camera Superior,8,0,0.0,False
2026-04-26,2763,Camera Deluxe,5,0,0.0,False
2026-04-26,3231,Suite Familiare,1,0,0.0,False
2026-04-26,2767,Suite Familiare Vista Piscina,1,0,0.0,False
2026-04-26,2765,Appartamento Area Piscina,18,0,0.0,False
2026-04-26,2764,Appartamento Area Giardino,28,0,0.0,False
2026-04-26,5375,Villino 2Ten,1,0,0.0,False
2026-04-26,5376,Villino Double,1,0,0.0,False
2026-04-27,22380,OTA Camera Standard,3,0,0.0,False
2026-04-27,2761,Camera  Standard,14,0,0.0,False
2026-04-27,2762,Camera Superior,8,0,0.0,False
2026-04-27,2763,Camera Deluxe,5,0,0.0,False
2026-04-27,3231,Suite Familiare,1,0,0.0,False
2026-04-27,2767,Suite Familiare Vista Piscina,1,0,0.0,False
2026-04-27,2765,Appartamento Area Piscina,18,0,0.0,False
2026-04-27,2764,Appartamento Area Giardino,28,0,0.0,False
2026-04-27,5375,Villino 2Ten,1,0,0.0,False
2026-04-27,5376,Villino Double,1,0,0.0,False
2026-04-28,22380,OTA Camera Standard,3,0,0.0,False
2026-04-28,2761,Camera  Standard,14,0,0.0,False
2026-04-28,2762,Camera Superior,8,0,0.0,False
2026-04-28,2763,Camera Deluxe,5,0,0.0,False
2026-04-28,3231,Suite Familiare,1,0,0.0,False
2026-04-28,2767,Suite Familiare Vista Piscina,1,0,0.0,False
2026-04-28,2765,Appartamento Area Piscina,18,0,0.0,False
2026-04-28,2764,Appartamento Area Giardino,28,0,0.0,False
2026-04-28,5375,Villino 2Ten,1,0,0.0,False
2026-04-28,5376,Villino Double,1,0,0.0,False
2026-04-29,22380,OTA Camera Standard,3,0,0.0,False
2026-04-29,2761,Camera  Standard,14,0,0.0,False
2026-04-29,2762,Camera Superior,8,0,0.0,False
2026-04-29,2763,Camera Deluxe,5,0,0.0,False
2026-04-29,3231,Suite Familiare,1,0,0.0,False
2026-04-29,2767,Suite Familiare Vista Piscina,1,0,0.0,False
2026-04-29,2765,Appartamento Area Piscina,18,0,0.0,False
2026-04-29,2764,Appartamento Area Giardino,28,0,0.0,False
2026-04-29,5375,Villino 2Ten,1,0,0.0,False
2026-04-29,5376,Villino Double,1,0,0.0,False
2026-04-30,22380,OTA Camera Standard,3,0,0.0,False
2026-04-30,2761,Camera  Standard,14,0,0.0,False
2026-04-30,2762,Camera Superior,8,0,0.0,False
2026-04-30,2763,Camera Deluxe,5,0,0.0,False
2026-04-30,3231,Suite Familiare,1,0,0.0,False
2026-04-30,2767,Suite Familiare Vista Piscina,1,0,0.0,False
2026-04-30,2765,Appartamento Area Piscina,18,0,0.0,False
2026-04-30,2764,Appartamento Area Giardino,28,0,0.0,False
2026-04-30,5375,Villino 2Ten,1,0,0.0,False
2026-04-30,5376,Villino Double,1,0,0.0,False
2026-05-01,22380,OTA Camera Standard,3,0,0.0,False
2026-05-01,2761,Camera  Standard,14,0,0.0,False
2026-05-01,2762,Camera Superior,8,0,0.0,False
2026-05-01,2763,Camera Deluxe,5,0,0.0,False
2026-05-01,3231,Suite Familiare,1,0,0.0,False
2026-05-01,2767,Suite Familiare Vista Piscina,1,0,0.0,False
2026-05-01,2765,Appartamento Area Piscina,18,0,0.0,False
2026-05-01,2764,Appartamento Area Giardino,28,0,0.0,False
2026-05-01,5375,Villino 2Ten,1,0,0.0,False
2026-05-01,5376,Villino Double,1,0,0.0,False
2026-05-02,22380,OTA Camera Standard,3,0,0.0,False
2026-05-02,2761,Camera  Standard,14,0,0.0,False
2026-05-02,2762,Camera Superior,8,0,0.0,False
2026-05-02,2763,Camera Deluxe,5,0,0.0,False
2026-05-02,3231,Suite Familiare,1,0,0.0,False
2026-05-02,2767,Suite Familiare Vista Piscina,1,0,0.0,False
2026-05-02,2765,Appartamento Area Piscina,18,0,0.0,False
2026-05-02,2764,Appartamento Area Giardino,28,0,0.0,False
2026-05-02,5375,Villino 2Ten,1,0,0.0,False
2026-05-02,5376,Villino Double,1,0,0.0,False
2026-05-03,22380,OTA Camera Standard,3,0,0.0,False
2026-05-03,2761,Camera  Standard,14,0,0.0,False
2026-05-03,2762,Camera Superior,8,0,0.0,False
2026-05-03,2763,Camera Deluxe,5,0,0.0,False
2026-05-03,3231,Suite Familiare,1,0,0.0,False
2026-05-03,2767,Suite Familiare Vista Piscina,1,0,0.0,False
2026-05-03,2765,Appartamento Area Piscina,18,0,0.0,False
2026-05-03,2764,Appartamento Area Giardino,28,0,0.0,False
2026-05-03,5375,Villino 2Ten,1,0,0.0,False
2026-05-03,5376,Villino Double,1,0,0.0,False
2026-05-04,22380,OTA Camera Standard,3,0,0.0,False
2026-05-04,2761,Camera  Standard,14,0,0.0,False
2026-05-04,2762,Camera Superior,8,0,0.0,False
2026-05-04,2763,Camera Deluxe,5,0,0.0,False
2026-05-04,3231,Suite Familiare,1,0,0.0,False
2026-05-04,2767,Suite Familiare Vista Piscina,1,0,0.0,False
2026-05-04,2765,Appartamento Area Piscina,18,0,0.0,False
2026-05-04,2764,Appartamento Area Giardino,28,0,0.0,False
2026-05-04,5375,Villino 2Ten,1,0,0.0,False
2026-05-04,5376,Villino Double,1,0,0.0,False
2026-05-05,22380,OTA Camera Standard,3,0,0.0,False
2026-05-05,2761,Camera  Standard,14,0,0.0,False
2026-05-05,2762,Camera Superior,8,0,0.0,False
2026-05-05,2763,Camera Deluxe,5,0,0.0,False
2026-05-05,3231,Suite Familiare,1,0,0.0,False
2026-05-05,2767,Suite Familiare Vista Piscina,1,0,0.0,False
2026-05-05,2765,Appartamento Area Piscina,18,0,0.0,False
2026-05-05,2764,Appartamento Area Giardino,28,0,0.0,False
2026-05-05,5375,Villino 2Ten,1,0,0.0,False
2026-05-05,5376,Villino Double,1,0,0.0,False
2026-05-06,22380,OTA Camera Standard,3,0,0.0,False
2026-05-06,2761,Camera  Standard,14,0,0.0,False
2026-05-06,2762,Camera Superior,8,0,0.0,False
2026-05-06,2763,Camera Deluxe,5,0,0.0,False
2026-05-06,3231,Suite Familiare,1,0,0.0,False
2026-05-06,2767,Suite Familiare Vista Piscina,1,0,0.0,False
2026-05-06,2765,Appartamento Area Piscina,18,0,0.0,False
2026-05-06,2764,Appartamento Area Giardino,28,0,0.0,False
2026-05-06,5375,Villino 2Ten,1,0,0.0,False
2026-05-06,5376,Villino Double,1,0,0.0,False
2026-05-07,22380,OTA Camera Standard,3,0,0.0,False
2026-05-07,2761,Camera  Standard,14,0,0.0,False
2026-05-07,2762,Camera Superior,8,0,0.0,False
2026-05-07,2763,Camera Deluxe,5,0,0.0,False
2026-05-07,3231,Suite Familiare,1,0,0.0,False
2026-05-07,2767,Suite Familiare Vista Piscina,1,0,0.0,False
2026-05-07,2765,Appartamento Area Piscina,18,0,0.0,False
2026-05-07,2764,Appartamento Area Giardino,28,0,0.0,False
2026-05-07,5375,Villino 2Ten,1,0,0.0,False
2026-05-07,5376,Villino Double,1,0,0.0,False
2026-05-08,22380,OTA Camera Standard,3,0,0.0,False
2026-05-08,2761,Camera  Standard,14,0,0.0,False
2026-05-08,2762,Camera Superior,8,0,0.0,False
2026-05-08,2763,Camera Deluxe,5,0,0.0,False
2026-05-08,3231,Suite Familiare,1,0,0.0,False
2026-05-08,2767,Suite Familiare Vista Piscina,1,0,0.0,False
2026-05-08,2765,Appartamento Area Piscina,18,0,0.0,False
2026-05-08,2764,Appartamento Area Giardino,28,0,0.0,False
2026-05-08,5375,Villino 2Ten,1,0,0.0,False
2026-05-08,5376,Villino Double,1,0,0.0,False
2026-05-09,22380,OTA Camera Standard,3,0,0.0,False
2026-05-09,2761,Camera  Standard,14,0,0.0,False
2026-05-09,2762,Camera Superior,8,0,0.0,False
2026-05-09,2763,Camera Deluxe,5,0,0.0,False
2026-05-09,3231,Suite Familiare,1,0,0.0,False
2026-05-09,2767,Suite Familiare Vista Piscina,1,0,0.0,False
2026-05-09,2765,Appartamento Area Piscina,18,0,0.0,False
2026-05-09,2764,Appartamento Area Giardino,28,0,0.0,False
2026-05-09,5375,Villino 2Ten,1,0,0.0,False
2026-05-09,5376,Villino Double,1,0,0.0,False
2026-05-10,22380,OTA Camera Standard,3,0,0.0,False
2026-05-10,2761,Camera  Standard,14,0,0.0,False
2026-05-10,2762,Camera Superior,8,0,0.0,False
2026-05-10,2763,Camera Deluxe,5,0,0.0,False
2026-05-10,3231,Suite Familiare,1,0,0.0,False
2026-05-10,2767,Suite Familiare Vista Piscina,1,0,0.0,False
2026-05-10,2765,Appartamento Area Piscina,18,0,0.0,False
2026-05-10,2764,Appartamento Area Giardino,28,0,0.0,False
2026-05-10,5375,Villino 2Ten,1,0,0.0,False
2026-05-10,5376,Villino Double,1,0,0.0,False
2026-05-11,22380,OTA Camera Standard,3,0,0.0,False
2026-05-11,2761,Camera  Standard,14,0,0.0,False
2026-05-11,2762,Camera Superior,8,0,0.0,False
2026-05-11,2763,Camera Deluxe,5,0,0.0,False
2026-05-11,3231,Suite Familiare,1,0,0.0,False
2026-05-11,2767,Suite Familiare Vista Piscina,1,0,0.0,False
2026-05-11,2765,Appartamento Area Piscina,18,0,0.0,False
2026-05-11,2764,Appartamento Area Giardino,28,0,0.0,False
2026-05-11,5375,Villino 2Ten,1,0,0.0,False
2026-05-11,5376,Villino Double,1,0,0.0,False
2026-05-12,22380,OTA Camera Standard,3,0,0.0,False
2026-05-12,2761,Camera  Standard,14,0,0.0,False
2026-05-12,2762,Camera Superior,8,0,0.0,False
2026-05-12,2763,Camera Deluxe,5,0,0.0,False
2026-05-12,3231,Suite Familiare,1,0,0.0,False
2026-05-12,2767,Suite Familiare Vista Piscina,1,0,0.0,False
2026-05-12,2765,Appartamento Area Piscina,18,0,0.0,False
2026-05-12,2764,Appartamento Area Giardino,28,0,0.0,False
2026-05-12,5375,Villino 2Ten,1,0,0.0,False
2026-05-12,5376,Villino Double,1,0,0.0,False
2026-05-13,22380,OTA Camera Standard,3,0,0.0,False
2026-05-13,2761,Camera  Standard,14,0,0.0,False
2026-05-13,2762,Camera Superior,8,0,0.0,False
2026-05-13,2763,Camera Deluxe,5,0,0.0,False
2026-05-13,3231,Suite Familiare,1,0,0.0,False
2026-05-13,2767,Suite Familiare Vista Piscina,1,0,0.0,False
2026-05-13,2765,Appartamento Area Piscina,18,0,0.0,False
2026-05-13,2764,Appartamento Area Giardino,28,0,0.0,False
2026-05-13,5375,Villino 2Ten,1,0,0.0,False
2026-05-13,5376,Villino Double,1,0,0.0,False
2026-05-14,22380,OTA Camera Standard,3,0,0.0,False
2026-05-14,2761,Camera  Standard,14,0,0.0,False
2026-05-14,2762,Camera Superior,8,0,0.0,False
2026-05-14,2763,Camera Deluxe,5,0,0.0,False
2026-05-14,3231,Suite Familiare,1,0,0.0,False
2026-05-14,2767,Suite Familiare Vista Piscina,1,0,0.0,False
2026-05-14,2765,Appartamento Area Piscina,18,0,0.0,False
2026-05-14,2764,Appartamento Area Giardino,28,0,0.0,False
2026-05-14,5375,Villino 2Ten,1,0,0.0,False
2026-05-14,5376,Villino Double,1,0,0.0,False
2026-05-15,22380,OTA Camera Standard,3,0,0.0,False
2026-05-15,2761,Camera  Standard,14,0,0.0,False
2026-05-15,2762,Camera Superior,8,0,0.0,False
2026-05-15,2763,Camera Deluxe,5,0,0.0,False
2026-05-15,3231,Suite Familiare,1,0,0.0,False
2026-05-15,2767,Suite Familiare Vista Piscina,1,0,0.0,False
2026-05-15,2765,Appartamento Area Piscina,18,0,0.0,False
2026-05-15,2764,Appartamento Area Giardino,28,0,0.0,False
2026-05-15,5375,Villino 2Ten,1,0,0.0,False
2026-05-15,5376,Villino Double,1,0,0.0,False
2026-05-16,22380,OTA Camera Standard,3,0,0.0,False
2026-05-16,2761,Camera  Standard,14,0,0.0,False
2026-05-16,2762,Camera Superior,8,0,0.0,False
2026-05-16,2763,Camera Deluxe,5,0,0.0,False
2026-05-16,3231,Suite Familiare,1,0,0.0,False
2026-05-16,2767,Suite Familiare Vista Piscina,1,0,0.0,False
2026-05-16,2765,Appartamento Area Piscina,18,0,0.0,False
2026-05-16,2764,Appartamento Area Giardino,28,0,0.0,False
2026-05-16,5375,Villino 2Ten,1,0,0.0,False
2026-05-16,5376,Villino Double,1,0,0.0,False
2026-05-17,22380,OTA Camera Standard,3,0,0.0,False
2026-05-17,2761,Camera  Standard,14,0,0.0,False
2026-05-17,2762,Camera Superior,8,0,0.0,False
2026-05-17,2763,Camera Deluxe,5,0,0.0,False
2026-05-17,3231,Suite Familiare,1,0,0.0,False
2026-05-17,2767,Suite Familiare Vista Piscina,1,0,0.0,False
2026-05-17,2765,Appartamento Area Piscina,18,0,0.0,False
2026-05-17,2764,Appartamento Area Giardino,28,0,0.0,False
2026-05-17,5375,Villino 2Ten,1,0,0.0,False
2026-05-17,5376,Villino Double,1,0,0.0,False
2026-05-18,22380,OTA Camera Standard,3,0,0.0,False
2026-05-18,2761,Camera  Standard,14,0,0.0,False
2026-05-18,2762,Camera Superior,8,0,0.0,False
2026-05-18,2763,Camera Deluxe,5,0,0.0,False
2026-05-18,3231,Suite Familiare,1,0,0.0,False
2026-05-18,2767,Suite Familiare Vista Piscina,1,0,0.0,False
2026-05-18,2765,Appartamento Area Piscina,18,0,0.0,False
2026-05-18,2764,Appartamento Area Giardino,28,0,0.0,False
2026-05-18,5375,Villino 2Ten,1,0,0.0,False
2026-05-18,5376,Villino Double,1,0,0.0,False
2026-05-19,22380,OTA Camera Standard,3,0,0.0,False
2026-05-19,2761,Camera  Standard,14,0,0.0,False
2026-05-19,2762,Camera Superior,8,0,0.0,False
2026-05-19,2763,Camera Deluxe,5,0,0.0,False
2026-05-19,3231,Suite Familiare,1,0,0.0,False
2026-05-19,2767,Suite Familiare Vista Piscina,1,0,0.0,False
2026-05-19,2765,Appartamento Area Piscina,18,0,0.0,False
2026-05-19,2764,Appartamento Area Giardino,28,0,0.0,False
2026-05-19,5375,Villino 2Ten,1,0,0.0,False
2026-05-19,5376,Villino Double,1,0,0.0,False
2026-05-20,22380,OTA Camera Standard,3,0,0.0,False
2026-05-20,2761,Camera  Standard,14,0,0.0,False
2026-05-20,2762,Camera Superior,8,0,0.0,False
2026-05-20,2763,Camera Deluxe,5,0,0.0,False
2026-05-20,3231,Suite Familiare,1,0,0.0,False
2026-05-20,2767,Suite Familiare Vista Piscina,1,0,0.0,False
2026-05-20,2765,Appartamento Area Piscina,18,0,0.0,False
2026-05-20,2764,Appartamento Area Giardino,28,0,0.0,False
2026-05-20,5375,Villino 2Ten,1,0,0.0,False
2026-05-20,5376,Villino Double,1,0,0.0,False
2026-05-21,22380,OTA Camera Standard,3,0,0.0,False
2026-05-21,2761,Camera  Standard,14,0,0.0,False
2026-05-21,2762,Camera Superior,8,0,0.0,False
2026-05-21,2763,Camera Deluxe,5,0,0.0,False
2026-05-21,3231,Suite Familiare,1,0,0.0,False
2026-05-21,2767,Suite Familiare Vista Piscina,1,0,0.0,False
2026-05-21,2765,Appartamento Area Piscina,18,0,0.0,False
2026-05-21,2764,Appartamento Area Giardino,28,0,0.0,False
2026-05-21,5375,Villino 2Ten,1,0,0.0,False
2026-05-21,5376,Villino Double,1,0,0.0,False
2026-05-22,22380,OTA Camera Standard,3,0,0.0,False
2026-05-22,2761,Camera  Standard,14,0,0.0,False
2026-05-22,2762,Camera Superior,8,0,0.0,False
2026-05-22,2763,Camera Deluxe,5,0,0.0,False
2026-05-22,3231,Suite Familiare,1,0,0.0,False
2026-05-22,2767,Suite Familiare Vista Piscina,1,0,0.0,False
2026-05-22,2765,Appartamento Area Piscina,18,0,0.0,False
2026-05-22,2764,Appartamento Area Giardino,28,0,0.0,False
2026-05-22,5375,Villino 2Ten,1,0,0.0,False
2026-05-22,5376,Villino Double,1,0,0.0,False
2026-05-23,22380,OTA Camera Standard,3,0,0.0,False
2026-05-23,2761,Camera  Standard,14,0,0.0,False
2026-05-23,2762,Camera Superior,8,0,0.0,False
2026-05-23,2763,Camera Deluxe,5,0,0.0,False
2026-05-23,3231,Suite Familiare,1,0,0.0,False
2026-05-23,2767,Suite Familiare Vista Piscina,1,0,0.0,False
2026-05-23,2765,Appartamento Area Piscina,18,0,0.0,False
2026-05-23,2764,Appartamento Area Giardino,28,0,0.0,False
2026-05-23,5375,Villino 2Ten,1,0,0.0,False
2026-05-23,5376,Villino Double,1,0,0.0,False
2026-05-24,22380,OTA Camera Standard,3,0,0.0,False
2026-05-24,2761,Camera  Standard,14,0,0.0,False
2026-05-24,2762,Camera Superior,8,0,0.0,False
2026-05-24,2763,Camera Deluxe,5,0,0.0,False
2026-05-24,3231,Suite Familiare,1,0,0.0,False
2026-05-24,2767,Suite Familiare Vista Piscina,1,0,0.0,False
2026-05-24,2765,Appartamento Area Piscina,18,0,0.0,False
2026-05-24,2764,Appartamento Area Giardino,28,0,0.0,False
2026-05-24,5375,Villino 2Ten,1,0,0.0,False
2026-05-24,5376,Villino Double,1,0,0.0,False
2026-05-25,22380,OTA Camera Standard,3,0,0.0,False
2026-05-25,2761,Camera  Standard,14,0,0.0,False
2026-05-25,2762,Camera Superior,8,0,0.0,False
2026-05-25,2763,Camera Deluxe,5,0,0.0,False
2026-05-25,3231,Suite Familiare,1,0,0.0,False
2026-05-25,2767,Suite Familiare Vista Piscina,1,0,0.0,False
2026-05-25,2765,Appartamento Area Piscina,18,0,0.0,False
2026-05-25,2764,Appartamento Area Giardino,28,0,0.0,False
2026-05-25,5375,Villino 2Ten,1,0,0.0,False
2026-05-25,5376,Villino Double,1,0,0.0,False
2026-05-26,22380,OTA Camera Standard,3,0,0.0,False
2026-05-26,2761,Camera  Standard,14,0,0.0,False
2026-05-26,2762,Camera Superior,8,0,0.0,False
2026-05-26,2763,Camera Deluxe,5,0,0.0,False
2026-05-26,3231,Suite Familiare,1,0,0.0,False
2026-05-26,2767,Suite Familiare Vista Piscina,1,0,0.0,False
2026-05-26,2765,Appartamento Area Piscina,18,0,0.0,False
2026-05-26,2764,Appartamento Area Giardino,28,0,0.0,False
2026-05-26,5375,Villino 2Ten,1,0,0.0,False
2026-05-26,5376,Villino Double,1,0,0.0,False
2026-05-27,22380,OTA Camera Standard,3,0,0.0,False
2026-05-27,2761,Camera  Standard,14,4,28.57,False
2026-05-27,2762,Camera Superior,8,0,0.0,False
2026-05-27,2763,Camera Deluxe,5,1,20.0,False
2026-05-27,3231,Suite Familiare,1,0,0.0,False
2026-05-27,2767,Suite Familiare Vista Piscina,1,0,0.0,False
2026-05-27,2765,Appartamento Area Piscina,18,1,5.56,False
2026-05-27,2764,Appartamento Area Giardino,28,8,28.57,False
2026-05-27,5375,Villino 2Ten,1,0,0.0,False
2026-05-27,5376,Villino Double,1,0,0.0,False
2026-05-28,22380,OTA Camera Standard,3,0,0.0,False
2026-05-28,2761,Camera  Standard,14,17,121.43,True
2026-05-28,2762,Camera Superior,8,7,87.5,False
2026-05-28,2763,Camera Deluxe,5,3,60.0,False
2026-05-28,3231,Suite Familiare,1,1,100.0,False
2026-05-28,2767,Suite Familiare Vista Piscina,1,1,100.0,False
2026-05-28,2765,Appartamento Area Piscina,18,14,77.78,False
2026-05-28,2764,Appartamento Area Giardino,28,26,92.86,False
2026-05-28,5375,Villino 2Ten,1,1,100.0,False
2026-05-28,5376,Villino Double,1,1,100.0,False
2026-05-29,22380,OTA Camera Standard,3,0,0.0,False
2026-05-29,2761,Camera  Standard,14,16,114.29,True
2026-05-29,2762,Camera Superior,8,8,100.0,False
2026-05-29,2763,Camera Deluxe,5,3,60.0,False
2026-05-29,3231,Suite Familiare,1,1,100.0,False
2026-05-29,2767,Suite Familiare Vista Piscina,1,1,100.0,False
2026-05-29,2765,Appartamento Area Piscina,18,16,88.89,False
2026-05-29,2764,Appartamento Area Giardino,28,26,92.86,False
2026-05-29,5375,Villino 2Ten,1,1,100.0,False
2026-05-29,5376,Villino Double,1,1,100.0,False
2026-05-30,22380,OTA Camera Standard,3,0,0.0,False
2026-05-30,2761,Camera  Standard,14,16,114.29,True
2026-05-30,2762,Camera Superior,8,8,100.0,False
2026-05-30,2763,Camera Deluxe,5,3,60.0,False
2026-05-30,3231,Suite Familiare,1,1,100.0,False
2026-05-30,2767,Suite Familiare Vista Piscina,1,1,100.0,False
2026-05-30,2765,Appartamento Area Piscina,18,18,100.0,False
2026-05-30,2764,Appartamento Area Giardino,28,26,92.86,False
2026-05-30,5375,Villino 2Ten,1,1,100.0,False
2026-05-30,5376,Villino Double,1,1,100.0,False
2026-05-31,22380,OTA Camera Standard,3,2,66.67,False
2026-05-31,2761,Camera  Standard,14,13,92.86,False
2026-05-31,2762,Camera Superior,8,10,125.0,True
2026-05-31,2763,Camera Deluxe,5,3,60.0,False
2026-05-31,3231,Suite Familiare,1,0,0.0,False
2026-05-31,2767,Suite Familiare Vista Piscina,1,1,100.0,False
2026-05-31,2765,Appartamento Area Piscina,18,18,100.0,False
2026-05-31,2764,Appartamento Area Giardino,28,28,100.0,False
2026-05-31,5375,Villino 2Ten,1,1,100.0,False
2026-05-31,5376,Villino Double,1,1,100.0,False
2026-06-01,22380,OTA Camera Standard,3,2,66.67,False
2026-06-01,2761,Camera  Standard,14,13,92.86,False
2026-06-01,2762,Camera Superior,8,8,100.0,False
2026-06-01,2763,Camera Deluxe,5,3,60.0,False
2026-06-01,3231,Suite Familiare,1,0,0.0,False
2026-06-01,2767,Suite Familiare Vista Piscina,1,0,0.0,False
2026-06-01,2765,Appartamento Area Piscina,18,18,100.0,False
2026-06-01,2764,Appartamento Area Giardino,28,26,92.86,False
2026-06-01,5375,Villino 2Ten,1,1,100.0,False
2026-06-01,5376,Villino Double,1,1,100.0,False
2026-06-02,22380,OTA Camera Standard,3,0,0.0,False
2026-06-02,2761,Camera  Standard,14,3,21.43,False
2026-06-02,2762,Camera Superior,8,6,75.0,False
2026-06-02,2763,Camera Deluxe,5,0,0.0,False
2026-06-02,3231,Suite Familiare,1,0,0.0,False
2026-06-02,2767,Suite Familiare Vista Piscina,1,0,0.0,False
2026-06-02,2765,Appartamento Area Piscina,18,3,16.67,False
2026-06-02,2764,Appartamento Area Giardino,28,1,3.57,False
2026-06-02,5375,Villino 2Ten,1,0,0.0,False
2026-06-02,5376,Villino Double,1,0,0.0,False
2026-06-03,22380,OTA Camera Standard,3,0,0.0,False
2026-06-03,2761,Camera  Standard,14,1,7.14,False
2026-06-03,2762,Camera Superior,8,5,62.5,False
2026-06-03,2763,Camera Deluxe,5,0,0.0,False
2026-06-03,3231,Suite Familiare,1,0,0.0,False
2026-06-03,2767,Suite Familiare Vista Piscina,1,0,0.0,False
2026-06-03,2765,Appartamento Area Piscina,18,3,16.67,False
2026-06-03,2764,Appartamento Area Giardino,28,0,0.0,False
2026-06-03,5375,Villino 2Ten,1,0,0.0,False
2026-06-03,5376,Villino Double,1,0,0.0,False
2026-06-04,22380,OTA Camera Standard,3,0,0.0,False
2026-06-04,2761,Camera  Standard,14,2,14.29,False
2026-06-04,2762,Camera Superior,8,2,25.0,False
2026-06-04,2763,Camera Deluxe,5,0,0.0,False
2026-06-04,3231,Suite Familiare,1,0,0.0,False
2026-06-04,2767,Suite Familiare Vista Piscina,1,0,0.0,False
2026-06-04,2765,Appartamento Area Piscina,18,5,27.78,False
2026-06-04,2764,Appartamento Area Giardino,28,1,3.57,False
2026-06-04,5375,Villino 2Ten,1,0,0.0,False
2026-06-04,5376,Villino Double,1,0,0.0,False
2026-06-05,22380,OTA Camera Standard,3,0,0.0,False
2026-06-05,2761,Camera  Standard,14,7,50.0,False
2026-06-05,2762,Camera Superior,8,2,25.0,False
2026-06-05,2763,Camera Deluxe,5,0,0.0,False
2026-06-05,3231,Suite Familiare,1,0,0.0,False
2026-06-05,2767,Suite Familiare Vista Piscina,1,0,0.0,False
2026-06-05,2765,Appartamento Area Piscina,18,6,33.33,False
2026-06-05,2764,Appartamento Area Giardino,28,2,7.14,False
2026-06-05,5375,Villino 2Ten,1,0,0.0,False
2026-06-05,5376,Villino Double,1,0,0.0,False
2026-06-06,22380,OTA Camera Standard,3,0,0.0,False
2026-06-06,2761,Camera  Standard,14,14,100.0,False
2026-06-06,2762,Camera Superior,8,1,12.5,False
2026-06-06,2763,Camera Deluxe,5,0,0.0,False
2026-06-06,3231,Suite Familiare,1,0,0.0,False
2026-06-06,2767,Suite Familiare Vista Piscina,1,0,0.0,False
2026-06-06,2765,Appartamento Area Piscina,18,6,33.33,False
2026-06-06,2764,Appartamento Area Giardino,28,3,10.71,False
2026-06-06,5375,Villino 2Ten,1,0,0.0,False
2026-06-06,5376,Villino Double,1,0,0.0,False
2026-06-07,22380,OTA Camera Standard,3,0,0.0,False
2026-06-07,2761,Camera  Standard,14,8,57.14,False
2026-06-07,2762,Camera Superior,8,0,0.0,False
2026-06-07,2763,Camera Deluxe,5,0,0.0,False
2026-06-07,3231,Suite Familiare,1,0,0.0,False
2026-06-07,2767,Suite Familiare Vista Piscina,1,0,0.0,False
2026-06-07,2765,Appartamento Area Piscina,18,7,38.89,False
2026-06-07,2764,Appartamento Area Giardino,28,2,7.14,False
2026-06-07,5375,Villino 2Ten,1,0,0.0,False
2026-06-07,5376,Villino Double,1,0,0.0,False
2026-06-08,22380,OTA Camera Standard,3,0,0.0,False
2026-06-08,2761,Camera  Standard,14,7,50.0,False
2026-06-08,2762,Camera Superior,8,1,12.5,False
2026-06-08,2763,Camera Deluxe,5,0,0.0,False
2026-06-08,3231,Suite Familiare,1,0,0.0,False
2026-06-08,2767,Suite Familiare Vista Piscina,1,0,0.0,False
2026-06-08,2765,Appartamento Area Piscina,18,7,38.89,False
2026-06-08,2764,Appartamento Area Giardino,28,2,7.14,False
2026-06-08,5375,Villino 2Ten,1,0,0.0,False
2026-06-08,5376,Villino Double,1,0,0.0,False
2026-06-09,22380,OTA Camera Standard,3,0,0.0,False
2026-06-09,2761,Camera  Standard,14,5,35.71,False
2026-06-09,2762,Camera Superior,8,2,25.0,False
2026-06-09,2763,Camera Deluxe,5,0,0.0,False
2026-06-09,3231,Suite Familiare,1,0,0.0,False
2026-06-09,2767,Suite Familiare Vista Piscina,1,0,0.0,False
2026-06-09,2765,Appartamento Area Piscina,18,3,16.67,False
2026-06-09,2764,Appartamento Area Giardino,28,2,7.14,False
2026-06-09,5375,Villino 2Ten,1,0,0.0,False
2026-06-09,5376,Villino Double,1,0,0.0,False
2026-06-10,22380,OTA Camera Standard,3,0,0.0,False
2026-06-10,2761,Camera  Standard,14,7,50.0,False
2026-06-10,2762,Camera Superior,8,3,37.5,False
2026-06-10,2763,Camera Deluxe,5,1,20.0,False
2026-06-10,3231,Suite Familiare,1,0,0.0,False
2026-06-10,2767,Suite Familiare Vista Piscina,1,0,0.0,False
2026-06-10,2765,Appartamento Area Piscina,18,3,16.67,False
2026-06-10,2764,Appartamento Area Giardino,28,2,7.14,False
2026-06-10,5375,Villino 2Ten,1,0,0.0,False
2026-06-10,5376,Villino Double,1,0,0.0,False
2026-06-11,22380,OTA Camera Standard,3,0,0.0,False
2026-06-11,2761,Camera  Standard,14,6,42.86,False
2026-06-11,2762,Camera Superior,8,5,62.5,False
2026-06-11,2763,Camera Deluxe,5,1,20.0,False
2026-06-11,3231,Suite Familiare,1,0,0.0,False
2026-06-11,2767,Suite Familiare Vista Piscina,1,0,0.0,False
2026-06-11,2765,Appartamento Area Piscina,18,4,22.22,False
2026-06-11,2764,Appartamento Area Giardino,28,2,7.14,False
2026-06-11,5375,Villino 2Ten,1,0,0.0,False
2026-06-11,5376,Villino Double,1,0,0.0,False
2026-06-12,22380,OTA Camera Standard,3,1,33.33,False
2026-06-12,2761,Camera  Standard,14,9,64.29,False
2026-06-12,2762,Camera Superior,8,9,112.5,True
2026-06-12,2763,Camera Deluxe,5,1,20.0,False
2026-06-12,3231,Suite Familiare,1,0,0.0,False
2026-06-12,2767,Suite Familiare Vista Piscina,1,0,0.0,False
2026-06-12,2765,Appartamento Area Piscina,18,6,33.33,False
2026-06-12,2764,Appartamento Area Giardino,28,4,14.29,False
2026-06-12,5375,Villino 2Ten,1,0,0.0,False
2026-06-12,5376,Villino Double,1,0,0.0,False
2026-06-13,22380,OTA Camera Standard,3,1,33.33,False
2026-06-13,2761,Camera  Standard,14,13,92.86,False
2026-06-13,2762,Camera Superior,8,12,150.0,True
2026-06-13,2763,Camera Deluxe,5,1,20.0,False
2026-06-13,3231,Suite Familiare,1,1,100.0,False
2026-06-13,2767,Suite Familiare Vista Piscina,1,0,0.0,False
2026-06-13,2765,Appartamento Area Piscina,18,9,50.0,False
2026-06-13,2764,Appartamento Area Giardino,28,10,35.71,False
2026-06-13,5375,Villino 2Ten,1,1,100.0,False
2026-06-13,5376,Villino Double,1,1,100.0,False
2026-06-14,22380,OTA Camera Standard,3,1,33.33,False
2026-06-14,2761,Camera  Standard,14,12,85.71,False
2026-06-14,2762,Camera Superior,8,9,112.5,True
2026-06-14,2763,Camera Deluxe,5,3,60.0,False
2026-06-14,3231,Suite Familiare,1,1,100.0,False
2026-06-14,2767,Suite Familiare Vista Piscina,1,0,0.0,False
2026-06-14,2765,Appartamento Area Piscina,18,9,50.0,False
2026-06-14,2764,Appartamento Area Giardino,28,8,28.57,False
2026-06-14,5375,Villino 2Ten,1,1,100.0,False
2026-06-14,5376,Villino Double,1,1,100.0,False
2026-06-15,22380,OTA Camera Standard,3,1,33.33,False
2026-06-15,2761,Camera  Standard,14,10,71.43,False
2026-06-15,2762,Camera Superior,8,5,62.5,False
2026-06-15,2763,Camera Deluxe,5,4,80.0,False
2026-06-15,3231,Suite Familiare,1,1,100.0,False
2026-06-15,2767,Suite Familiare Vista Piscina,1,0,0.0,False
2026-06-15,2765,Appartamento Area Piscina,18,7,38.89,False
2026-06-15,2764,Appartamento Area Giardino,28,9,32.14,False
2026-06-15,5375,Villino 2Ten,1,1,100.0,False
2026-06-15,5376,Villino Double,1,1,100.0,False
2026-06-16,22380,OTA Camera Standard,3,1,33.33,False
2026-06-16,2761,Camera  Standard,14,12,85.71,False
2026-06-16,2762,Camera Superior,8,4,50.0,False
2026-06-16,2763,Camera Deluxe,5,4,80.0,False
2026-06-16,3231,Suite Familiare,1,1,100.0,False
2026-06-16,2767,Suite Familiare Vista Piscina,1,0,0.0,False
2026-06-16,2765,Appartamento Area Piscina,18,7,38.89,False
2026-06-16,2764,Appartamento Area Giardino,28,11,39.29,False
2026-06-16,5375,Villino 2Ten,1,0,0.0,False
2026-06-16,5376,Villino Double,1,1,100.0,False
2026-06-17,22380,OTA Camera Standard,3,0,0.0,False
2026-06-17,2761,Camera  Standard,14,13,92.86,False
2026-06-17,2762,Camera Superior,8,3,37.5,False
2026-06-17,2763,Camera Deluxe,5,4,80.0,False
2026-06-17,3231,Suite Familiare,1,2,200.0,True
2026-06-17,2767,Suite Familiare Vista Piscina,1,0,0.0,False
2026-06-17,2765,Appartamento Area Piscina,18,6,33.33,False
2026-06-17,2764,Appartamento Area Giardino,28,11,39.29,False
2026-06-17,5375,Villino 2Ten,1,0,0.0,False
2026-06-17,5376,Villino Double,1,1,100.0,False
2026-06-18,22380,OTA Camera Standard,3,0,0.0,False
2026-06-18,2761,Camera  Standard,14,12,85.71,False
2026-06-18,2762,Camera Superior,8,6,75.0,False
2026-06-18,2763,Camera Deluxe,5,4,80.0,False
2026-06-18,3231,Suite Familiare,1,3,300.0,True
2026-06-18,2767,Suite Familiare Vista Piscina,1,0,0.0,False
2026-06-18,2765,Appartamento Area Piscina,18,7,38.89,False
2026-06-18,2764,Appartamento Area Giardino,28,11,39.29,False
2026-06-18,5375,Villino 2Ten,1,1,100.0,False
2026-06-18,5376,Villino Double,1,1,100.0,False
2026-06-19,22380,OTA Camera Standard,3,0,0.0,False
2026-06-19,2761,Camera  Standard,14,13,92.86,False
2026-06-19,2762,Camera Superior,8,6,75.0,False
2026-06-19,2763,Camera Deluxe,5,3,60.0,False
2026-06-19,3231,Suite Familiare,1,3,300.0,True
2026-06-19,2767,Suite Familiare Vista Piscina,1,0,0.0,False
2026-06-19,2765,Appartamento Area Piscina,18,10,55.56,False
2026-06-19,2764,Appartamento Area Giardino,28,14,50.0,False
2026-06-19,5375,Villino 2Ten,1,1,100.0,False
2026-06-19,5376,Villino Double,1,1,100.0,False
2026-06-20,22380,OTA Camera Standard,3,0,0.0,False
2026-06-20,2761,Camera  Standard,14,11,78.57,False
2026-06-20,2762,Camera Superior,8,9,112.5,True
2026-06-20,2763,Camera Deluxe,5,3,60.0,False
2026-06-20,3231,Suite Familiare,1,3,300.0,True
2026-06-20,2767,Suite Familiare Vista Piscina,1,0,0.0,False
2026-06-20,2765,Appartamento Area Piscina,18,14,77.78,False
2026-06-20,2764,Appartamento Area Giardino,28,23,82.14,False
2026-06-20,5375,Villino 2Ten,1,1,100.0,False
2026-06-20,5376,Villino Double,1,0,0.0,False
2026-06-21,22380,OTA Camera Standard,3,0,0.0,False
2026-06-21,2761,Camera  Standard,14,12,85.71,False
2026-06-21,2762,Camera Superior,8,10,125.0,True
2026-06-21,2763,Camera Deluxe,5,4,80.0,False
2026-06-21,3231,Suite Familiare,1,1,100.0,False
2026-06-21,2767,Suite Familiare Vista Piscina,1,0,0.0,False
2026-06-21,2765,Appartamento Area Piscina,18,11,61.11,False
2026-06-21,2764,Appartamento Area Giardino,28,24,85.71,False
2026-06-21,5375,Villino 2Ten,1,1,100.0,False
2026-06-21,5376,Villino Double,1,1,100.0,False
2026-06-22,22380,OTA Camera Standard,3,0,0.0,False
2026-06-22,2761,Camera  Standard,14,13,92.86,False
2026-06-22,2762,Camera Superior,8,11,137.5,True
2026-06-22,2763,Camera Deluxe,5,3,60.0,False
2026-06-22,3231,Suite Familiare,1,1,100.0,False
2026-06-22,2767,Suite Familiare Vista Piscina,1,0,0.0,False
2026-06-22,2765,Appartamento Area Piscina,18,16,88.89,False
2026-06-22,2764,Appartamento Area Giardino,28,25,89.29,False
2026-06-22,5375,Villino 2Ten,1,1,100.0,False
2026-06-22,5376,Villino Double,1,1,100.0,False
2026-06-23,22380,OTA Camera Standard,3,0,0.0,False
2026-06-23,2761,Camera  Standard,14,13,92.86,False
2026-06-23,2762,Camera Superior,8,10,125.0,True
2026-06-23,2763,Camera Deluxe,5,3,60.0,False
2026-06-23,3231,Suite Familiare,1,1,100.0,False
2026-06-23,2767,Suite Familiare Vista Piscina,1,0,0.0,False
2026-06-23,2765,Appartamento Area Piscina,18,17,94.44,False
2026-06-23,2764,Appartamento Area Giardino,28,26,92.86,False
2026-06-23,5375,Villino 2Ten,1,1,100.0,False
2026-06-23,5376,Villino Double,1,1,100.0,False
2026-06-24,22380,OTA Camera Standard,3,0,0.0,False
2026-06-24,2761,Camera  Standard,14,13,92.86,False
2026-06-24,2762,Camera Superior,8,11,137.5,True
2026-06-24,2763,Camera Deluxe,5,3,60.0,False
2026-06-24,3231,Suite Familiare,1,1,100.0,False
2026-06-24,2767,Suite Familiare Vista Piscina,1,0,0.0,False
2026-06-24,2765,Appartamento Area Piscina,18,17,94.44,False
2026-06-24,2764,Appartamento Area Giardino,28,26,92.86,False
2026-06-24,5375,Villino 2Ten,1,1,100.0,False
2026-06-24,5376,Villino Double,1,1,100.0,False
2026-06-25,22380,OTA Camera Standard,3,0,0.0,False
2026-06-25,2761,Camera  Standard,14,13,92.86,False
2026-06-25,2762,Camera Superior,8,10,125.0,True
2026-06-25,2763,Camera Deluxe,5,4,80.0,False
2026-06-25,3231,Suite Familiare,1,2,200.0,True
2026-06-25,2767,Suite Familiare Vista Piscina,1,0,0.0,False
2026-06-25,2765,Appartamento Area Piscina,18,18,100.0,False
2026-06-25,2764,Appartamento Area Giardino,28,26,92.86,False
2026-06-25,5375,Villino 2Ten,1,1,100.0,False
2026-06-25,5376,Villino Double,1,1,100.0,False
2026-06-26,22380,OTA Camera Standard,3,0,0.0,False
2026-06-26,2761,Camera  Standard,14,13,92.86,False
2026-06-26,2762,Camera Superior,8,10,125.0,True
2026-06-26,2763,Camera Deluxe,5,4,80.0,False
2026-06-26,3231,Suite Familiare,1,2,200.0,True
2026-06-26,2767,Suite Familiare Vista Piscina,1,0,0.0,False
2026-06-26,2765,Appartamento Area Piscina,18,18,100.0,False
2026-06-26,2764,Appartamento Area Giardino,28,26,92.86,False
2026-06-26,5375,Villino 2Ten,1,1,100.0,False
2026-06-26,5376,Villino Double,1,1,100.0,False
2026-06-27,22380,OTA Camera Standard,3,0,0.0,False
2026-06-27,2761,Camera  Standard,14,15,107.14,True
2026-06-27,2762,Camera Superior,8,7,87.5,False
2026-06-27,2763,Camera Deluxe,5,4,80.0,False
2026-06-27,3231,Suite Familiare,1,2,200.0,True
2026-06-27,2767,Suite Familiare Vista Piscina,1,0,0.0,False
2026-06-27,2765,Appartamento Area Piscina,18,19,105.56,True
2026-06-27,2764,Appartamento Area Giardino,28,29,103.57,True
2026-06-27,5375,Villino 2Ten,1,1,100.0,False
2026-06-27,5376,Villino Double,1,1,100.0,False
2026-06-28,22380,OTA Camera Standard,3,1,33.33,False
2026-06-28,2761,Camera  Standard,14,14,100.0,False
2026-06-28,2762,Camera Superior,8,7,87.5,False
2026-06-28,2763,Camera Deluxe,5,4,80.0,False
2026-06-28,3231,Suite Familiare,1,2,200.0,True
2026-06-28,2767,Suite Familiare Vista Piscina,1,0,0.0,False
2026-06-28,2765,Appartamento Area Piscina,18,18,100.0,False
2026-06-28,2764,Appartamento Area Giardino,28,25,89.29,False
2026-06-28,5375,Villino 2Ten,1,1,100.0,False
2026-06-28,5376,Villino Double,1,1,100.0,False
2026-06-29,22380,OTA Camera Standard,3,0,0.0,False
2026-06-29,2761,Camera  Standard,14,14,100.0,False
2026-06-29,2762,Camera Superior,8,7,87.5,False
2026-06-29,2763,Camera Deluxe,5,4,80.0,False
2026-06-29,3231,Suite Familiare,1,1,100.0,False
2026-06-29,2767,Suite Familiare Vista Piscina,1,0,0.0,False
2026-06-29,2765,Appartamento Area Piscina,18,17,94.44,False
2026-06-29,2764,Appartamento Area Giardino,28,25,89.29,False
2026-06-29,5375,Villino 2Ten,1,1,100.0,False
2026-06-29,5376,Villino Double,1,1,100.0,False
2026-06-30,22380,OTA Camera Standard,3,0,0.0,False
2026-06-30,2761,Camera  Standard,14,13,92.86,False
2026-06-30,2762,Camera Superior,8,8,100.0,False
2026-06-30,2763,Camera Deluxe,5,4,80.0,False
2026-06-30,3231,Suite Familiare,1,1,100.0,False
2026-06-30,2767,Suite Familiare Vista Piscina,1,0,0.0,False
2026-06-30,2765,Appartamento Area Piscina,18,15,83.33,False
2026-06-30,2764,Appartamento Area Giardino,28,28,100.0,False
2026-06-30,5375,Villino 2Ten,1,1,100.0,False
2026-06-30,5376,Villino Double,1,1,100.0,False
2026-07-01,22380,OTA Camera Standard,3,0,0.0,False
2026-07-01,2761,Camera  Standard,14,15,107.14,True
2026-07-01,2762,Camera Superior,8,8,100.0,False
2026-07-01,2763,Camera Deluxe,5,5,100.0,False
2026-07-01,3231,Suite Familiare,1,1,100.0,False
2026-07-01,2767,Suite Familiare Vista Piscina,1,0,0.0,False
2026-07-01,2765,Appartamento Area Piscina,18,17,94.44,False
2026-07-01,2764,Appartamento Area Giardino,28,28,100.0,False
2026-07-01,5375,Villino 2Ten,1,1,100.0,False
2026-07-01,5376,Villino Double,1,1,100.0,False
2026-07-02,22380,OTA Camera Standard,3,0,0.0,False
2026-07-02,2761,Camera  Standard,14,13,92.86,False
2026-07-02,2762,Camera Superior,8,8,100.0,False
2026-07-02,2763,Camera Deluxe,5,4,80.0,False
2026-07-02,3231,Suite Familiare,1,1,100.0,False
2026-07-02,2767,Suite Familiare Vista Piscina,1,0,0.0,False
2026-07-02,2765,Appartamento Area Piscina,18,17,94.44,False
2026-07-02,2764,Appartamento Area Giardino,28,28,100.0,False
2026-07-02,5375,Villino 2Ten,1,1,100.0,False
2026-07-02,5376,Villino Double,1,1,100.0,False
2026-07-03,22380,OTA Camera Standard,3,0,0.0,False
2026-07-03,2761,Camera  Standard,14,15,107.14,True
2026-07-03,2762,Camera Superior,8,9,112.5,True
2026-07-03,2763,Camera Deluxe,5,5,100.0,False
2026-07-03,3231,Suite Familiare,1,0,0.0,False
2026-07-03,2767,Suite Familiare Vista Piscina,1,0,0.0,False
2026-07-03,2765,Appartamento Area Piscina,18,17,94.44,False
2026-07-03,2764,Appartamento Area Giardino,28,28,100.0,False
2026-07-03,5375,Villino 2Ten,1,1,100.0,False
2026-07-03,5376,Villino Double,1,1,100.0,False
2026-07-04,22380,OTA Camera Standard,3,0,0.0,False
2026-07-04,2761,Camera  Standard,14,15,107.14,True
2026-07-04,2762,Camera Superior,8,8,100.0,False
2026-07-04,2763,Camera Deluxe,5,5,100.0,False
2026-07-04,3231,Suite Familiare,1,0,0.0,False
2026-07-04,2767,Suite Familiare Vista Piscina,1,1,100.0,False
2026-07-04,2765,Appartamento Area Piscina,18,18,100.0,False
2026-07-04,2764,Appartamento Area Giardino,28,30,107.14,True
2026-07-04,5375,Villino 2Ten,1,1,100.0,False
2026-07-04,5376,Villino Double,1,1,100.0,False
2026-07-05,22380,OTA Camera Standard,3,0,0.0,False
2026-07-05,2761,Camera  Standard,14,15,107.14,True
2026-07-05,2762,Camera Superior,8,9,112.5,True
2026-07-05,2763,Camera Deluxe,5,4,80.0,False
2026-07-05,3231,Suite Familiare,1,0,0.0,False
2026-07-05,2767,Suite Familiare Vista Piscina,1,1,100.0,False
2026-07-05,2765,Appartamento Area Piscina,18,19,105.56,True
2026-07-05,2764,Appartamento Area Giardino,28,31,110.71,True
2026-07-05,5375,Villino 2Ten,1,0,0.0,False
2026-07-05,5376,Villino Double,1,1,100.0,False
2026-07-06,22380,OTA Camera Standard,3,0,0.0,False
2026-07-06,2761,Camera  Standard,14,15,107.14,True
2026-07-06,2762,Camera Superior,8,9,112.5,True
2026-07-06,2763,Camera Deluxe,5,3,60.0,False
2026-07-06,3231,Suite Familiare,1,0,0.0,False
2026-07-06,2767,Suite Familiare Vista Piscina,1,1,100.0,False
2026-07-06,2765,Appartamento Area Piscina,18,14,77.78,False
2026-07-06,2764,Appartamento Area Giardino,28,30,107.14,True
2026-07-06,5375,Villino 2Ten,1,0,0.0,False
2026-07-06,5376,Villino Double,1,1,100.0,False
2026-07-07,22380,OTA Camera Standard,3,0,0.0,False
2026-07-07,2761,Camera  Standard,14,13,92.86,False
2026-07-07,2762,Camera Superior,8,9,112.5,True
2026-07-07,2763,Camera Deluxe,5,4,80.0,False
2026-07-07,3231,Suite Familiare,1,0,0.0,False
2026-07-07,2767,Suite Familiare Vista Piscina,1,1,100.0,False
2026-07-07,2765,Appartamento Area Piscina,18,14,77.78,False
2026-07-07,2764,Appartamento Area Giardino,28,28,100.0,False
2026-07-07,5375,Villino 2Ten,1,0,0.0,False
2026-07-07,5376,Villino Double,1,1,100.0,False
2026-07-08,22380,OTA Camera Standard,3,0,0.0,False
2026-07-08,2761,Camera  Standard,14,13,92.86,False
2026-07-08,2762,Camera Superior,8,10,125.0,True
2026-07-08,2763,Camera Deluxe,5,3,60.0,False
2026-07-08,3231,Suite Familiare,1,0,0.0,False
2026-07-08,2767,Suite Familiare Vista Piscina,1,1,100.0,False
2026-07-08,2765,Appartamento Area Piscina,18,14,77.78,False
2026-07-08,2764,Appartamento Area Giardino,28,30,107.14,True
2026-07-08,5375,Villino 2Ten,1,0,0.0,False
2026-07-08,5376,Villino Double,1,1,100.0,False
2026-07-09,22380,OTA Camera Standard,3,0,0.0,False
2026-07-09,2761,Camera  Standard,14,14,100.0,False
2026-07-09,2762,Camera Superior,8,10,125.0,True
2026-07-09,2763,Camera Deluxe,5,4,80.0,False
2026-07-09,3231,Suite Familiare,1,0,0.0,False
2026-07-09,2767,Suite Familiare Vista Piscina,1,1,100.0,False
2026-07-09,2765,Appartamento Area Piscina,18,16,88.89,False
2026-07-09,2764,Appartamento Area Giardino,28,29,103.57,True
2026-07-09,5375,Villino 2Ten,1,0,0.0,False
2026-07-09,5376,Villino Double,1,1,100.0,False
2026-07-10,22380,OTA Camera Standard,3,0,0.0,False
2026-07-10,2761,Camera  Standard,14,13,92.86,False
2026-07-10,2762,Camera Superior,8,10,125.0,True
2026-07-10,2763,Camera Deluxe,5,4,80.0,False
2026-07-10,3231,Suite Familiare,1,0,0.0,False
2026-07-10,2767,Suite Familiare Vista Piscina,1,1,100.0,False
2026-07-10,2765,Appartamento Area Piscina,18,18,100.0,False
2026-07-10,2764,Appartamento Area Giardino,28,28,100.0,False
2026-07-10,5375,Villino 2Ten,1,0,0.0,False
2026-07-10,5376,Villino Double,1,1,100.0,False
2026-07-11,22380,OTA Camera Standard,3,0,0.0,False
2026-07-11,2761,Camera  Standard,14,15,107.14,True
2026-07-11,2762,Camera Superior,8,11,137.5,True
2026-07-11,2763,Camera Deluxe,5,4,80.0,False
2026-07-11,3231,Suite Familiare,1,0,0.0,False
2026-07-11,2767,Suite Familiare Vista Piscina,1,0,0.0,False
2026-07-11,2765,Appartamento Area Piscina,18,17,94.44,False
2026-07-11,2764,Appartamento Area Giardino,28,30,107.14,True
2026-07-11,5375,Villino 2Ten,1,0,0.0,False
2026-07-11,5376,Villino Double,1,1,100.0,False
2026-07-12,22380,OTA Camera Standard,3,0,0.0,False
2026-07-12,2761,Camera  Standard,14,15,107.14,True
2026-07-12,2762,Camera Superior,8,9,112.5,True
2026-07-12,2763,Camera Deluxe,5,4,80.0,False
2026-07-12,3231,Suite Familiare,1,0,0.0,False
2026-07-12,2767,Suite Familiare Vista Piscina,1,0,0.0,False
2026-07-12,2765,Appartamento Area Piscina,18,17,94.44,False
2026-07-12,2764,Appartamento Area Giardino,28,30,107.14,True
2026-07-12,5375,Villino 2Ten,1,0,0.0,False
2026-07-12,5376,Villino Double,1,1,100.0,False
2026-07-13,22380,OTA Camera Standard,3,0,0.0,False
2026-07-13,2761,Camera  Standard,14,15,107.14,True
2026-07-13,2762,Camera Superior,8,10,125.0,True
2026-07-13,2763,Camera Deluxe,5,4,80.0,False
2026-07-13,3231,Suite Familiare,1,0,0.0,False
2026-07-13,2767,Suite Familiare Vista Piscina,1,0,0.0,False
2026-07-13,2765,Appartamento Area Piscina,18,16,88.89,False
2026-07-13,2764,Appartamento Area Giardino,28,31,110.71,True
2026-07-13,5375,Villino 2Ten,1,0,0.0,False
2026-07-13,5376,Villino Double,1,1,100.0,False
2026-07-14,22380,OTA Camera Standard,3,0,0.0,False
2026-07-14,2761,Camera  Standard,14,14,100.0,False
2026-07-14,2762,Camera Superior,8,8,100.0,False
2026-07-14,2763,Camera Deluxe,5,4,80.0,False
2026-07-14,3231,Suite Familiare,1,0,0.0,False
2026-07-14,2767,Suite Familiare Vista Piscina,1,0,0.0,False
2026-07-14,2765,Appartamento Area Piscina,18,16,88.89,False
2026-07-14,2764,Appartamento Area Giardino,28,30,107.14,True
2026-07-14,5375,Villino 2Ten,1,0,0.0,False
2026-07-14,5376,Villino Double,1,1,100.0,False
2026-07-15,22380,OTA Camera Standard,3,0,0.0,False
2026-07-15,2761,Camera  Standard,14,14,100.0,False
2026-07-15,2762,Camera Superior,8,8,100.0,False
2026-07-15,2763,Camera Deluxe,5,4,80.0,False
2026-07-15,3231,Suite Familiare,1,0,0.0,False
2026-07-15,2767,Suite Familiare Vista Piscina,1,0,0.0,False
2026-07-15,2765,Appartamento Area Piscina,18,15,83.33,False
2026-07-15,2764,Appartamento Area Giardino,28,28,100.0,False
2026-07-15,5375,Villino 2Ten,1,0,0.0,False
2026-07-15,5376,Villino Double,1,1,100.0,False
2026-07-16,22380,OTA Camera Standard,3,0,0.0,False
2026-07-16,2761,Camera  Standard,14,13,92.86,False
2026-07-16,2762,Camera Superior,8,8,100.0,False
2026-07-16,2763,Camera Deluxe,5,3,60.0,False
2026-07-16,3231,Suite Familiare,1,0,0.0,False
2026-07-16,2767,Suite Familiare Vista Piscina,1,0,0.0,False
2026-07-16,2765,Appartamento Area Piscina,18,17,94.44,False
2026-07-16,2764,Appartamento Area Giardino,28,28,100.0,False
2026-07-16,5375,Villino 2Ten,1,0,0.0,False
2026-07-16,5376,Villino Double,1,0,0.0,False
2026-07-17,22380,OTA Camera Standard,3,0,0.0,False
2026-07-17,2761,Camera  Standard,14,13,92.86,False
2026-07-17,2762,Camera Superior,8,8,100.0,False
2026-07-17,2763,Camera Deluxe,5,3,60.0,False
2026-07-17,3231,Suite Familiare,1,0,0.0,False
2026-07-17,2767,Suite Familiare Vista Piscina,1,0,0.0,False
2026-07-17,2765,Appartamento Area Piscina,18,17,94.44,False
2026-07-17,2764,Appartamento Area Giardino,28,29,103.57,True
2026-07-17,5375,Villino 2Ten,1,0,0.0,False
2026-07-17,5376,Villino Double,1,0,0.0,False
2026-07-18,22380,OTA Camera Standard,3,0,0.0,False
2026-07-18,2761,Camera  Standard,14,15,107.14,True
2026-07-18,2762,Camera Superior,8,8,100.0,False
2026-07-18,2763,Camera Deluxe,5,4,80.0,False
2026-07-18,3231,Suite Familiare,1,0,0.0,False
2026-07-18,2767,Suite Familiare Vista Piscina,1,0,0.0,False
2026-07-18,2765,Appartamento Area Piscina,18,18,100.0,False
2026-07-18,2764,Appartamento Area Giardino,28,31,110.71,True
2026-07-18,5375,Villino 2Ten,1,0,0.0,False
2026-07-18,5376,Villino Double,1,1,100.0,False
2026-07-19,22380,OTA Camera Standard,3,0,0.0,False
2026-07-19,2761,Camera  Standard,14,13,92.86,False
2026-07-19,2762,Camera Superior,8,10,125.0,True
2026-07-19,2763,Camera Deluxe,5,2,40.0,False
2026-07-19,3231,Suite Familiare,1,0,0.0,False
2026-07-19,2767,Suite Familiare Vista Piscina,1,0,0.0,False
2026-07-19,2765,Appartamento Area Piscina,18,18,100.0,False
2026-07-19,2764,Appartamento Area Giardino,28,31,110.71,True
2026-07-19,5375,Villino 2Ten,1,1,100.0,False
2026-07-19,5376,Villino Double,1,1,100.0,False
2026-07-20,22380,OTA Camera Standard,3,0,0.0,False
2026-07-20,2761,Camera  Standard,14,14,100.0,False
2026-07-20,2762,Camera Superior,8,10,125.0,True
2026-07-20,2763,Camera Deluxe,5,3,60.0,False
2026-07-20,3231,Suite Familiare,1,0,0.0,False
2026-07-20,2767,Suite Familiare Vista Piscina,1,0,0.0,False
2026-07-20,2765,Appartamento Area Piscina,18,18,100.0,False
2026-07-20,2764,Appartamento Area Giardino,28,32,114.29,True
2026-07-20,5375,Villino 2Ten,1,1,100.0,False
2026-07-20,5376,Villino Double,1,1,100.0,False
2026-07-21,22380,OTA Camera Standard,3,0,0.0,False
2026-07-21,2761,Camera  Standard,14,13,92.86,False
2026-07-21,2762,Camera Superior,8,11,137.5,True
2026-07-21,2763,Camera Deluxe,5,4,80.0,False
2026-07-21,3231,Suite Familiare,1,0,0.0,False
2026-07-21,2767,Suite Familiare Vista Piscina,1,0,0.0,False
2026-07-21,2765,Appartamento Area Piscina,18,17,94.44,False
2026-07-21,2764,Appartamento Area Giardino,28,32,114.29,True
2026-07-21,5375,Villino 2Ten,1,1,100.0,False
2026-07-21,5376,Villino Double,1,1,100.0,False
2026-07-22,22380,OTA Camera Standard,3,0,0.0,False
2026-07-22,2761,Camera  Standard,14,13,92.86,False
2026-07-22,2762,Camera Superior,8,12,150.0,True
2026-07-22,2763,Camera Deluxe,5,4,80.0,False
2026-07-22,3231,Suite Familiare,1,0,0.0,False
2026-07-22,2767,Suite Familiare Vista Piscina,1,0,0.0,False
2026-07-22,2765,Appartamento Area Piscina,18,17,94.44,False
2026-07-22,2764,Appartamento Area Giardino,28,32,114.29,True
2026-07-22,5375,Villino 2Ten,1,1,100.0,False
2026-07-22,5376,Villino Double,1,1,100.0,False
2026-07-23,22380,OTA Camera Standard,3,0,0.0,False
2026-07-23,2761,Camera  Standard,14,14,100.0,False
2026-07-23,2762,Camera Superior,8,12,150.0,True
2026-07-23,2763,Camera Deluxe,5,3,60.0,False
2026-07-23,3231,Suite Familiare,1,0,0.0,False
2026-07-23,2767,Suite Familiare Vista Piscina,1,0,0.0,False
2026-07-23,2765,Appartamento Area Piscina,18,16,88.89,False
2026-07-23,2764,Appartamento Area Giardino,28,31,110.71,True
2026-07-23,5375,Villino 2Ten,1,1,100.0,False
2026-07-23,5376,Villino Double,1,1,100.0,False
2026-07-24,22380,OTA Camera Standard,3,0,0.0,False
2026-07-24,2761,Camera  Standard,14,14,100.0,False
2026-07-24,2762,Camera Superior,8,12,150.0,True
2026-07-24,2763,Camera Deluxe,5,3,60.0,False
2026-07-24,3231,Suite Familiare,1,0,0.0,False
2026-07-24,2767,Suite Familiare Vista Piscina,1,1,100.0,False
2026-07-24,2765,Appartamento Area Piscina,18,16,88.89,False
2026-07-24,2764,Appartamento Area Giardino,28,31,110.71,True
2026-07-24,5375,Villino 2Ten,1,1,100.0,False
2026-07-24,5376,Villino Double,1,1,100.0,False
2026-07-25,22380,OTA Camera Standard,3,0,0.0,False
2026-07-25,2761,Camera  Standard,14,14,100.0,False
2026-07-25,2762,Camera Superior,8,8,100.0,False
2026-07-25,2763,Camera Deluxe,5,4,80.0,False
2026-07-25,3231,Suite Familiare,1,0,0.0,False
2026-07-25,2767,Suite Familiare Vista Piscina,1,1,100.0,False
2026-07-25,2765,Appartamento Area Piscina,18,18,100.0,False
2026-07-25,2764,Appartamento Area Giardino,28,29,103.57,True
2026-07-25,5375,Villino 2Ten,1,1,100.0,False
2026-07-25,5376,Villino Double,1,1,100.0,False
2026-07-26,22380,OTA Camera Standard,3,0,0.0,False
2026-07-26,2761,Camera  Standard,14,12,85.71,False
2026-07-26,2762,Camera Superior,8,8,100.0,False
2026-07-26,2763,Camera Deluxe,5,4,80.0,False
2026-07-26,3231,Suite Familiare,1,1,100.0,False
2026-07-26,2767,Suite Familiare Vista Piscina,1,1,100.0,False
2026-07-26,2765,Appartamento Area Piscina,18,15,83.33,False
2026-07-26,2764,Appartamento Area Giardino,28,27,96.43,False
2026-07-26,5375,Villino 2Ten,1,1,100.0,False
2026-07-26,5376,Villino Double,1,1,100.0,False
2026-07-27,22380,OTA Camera Standard,3,0,0.0,False
2026-07-27,2761,Camera  Standard,14,13,92.86,False
2026-07-27,2762,Camera Superior,8,7,87.5,False
2026-07-27,2763,Camera Deluxe,5,5,100.0,False
2026-07-27,3231,Suite Familiare,1,1,100.0,False
2026-07-27,2767,Suite Familiare Vista Piscina,1,1,100.0,False
2026-07-27,2765,Appartamento Area Piscina,18,16,88.89,False
2026-07-27,2764,Appartamento Area Giardino,28,27,96.43,False
2026-07-27,5375,Villino 2Ten,1,1,100.0,False
2026-07-27,5376,Villino Double,1,1,100.0,False
2026-07-28,22380,OTA Camera Standard,3,0,0.0,False
2026-07-28,2761,Camera  Standard,14,12,85.71,False
2026-07-28,2762,Camera Superior,8,8,100.0,False
2026-07-28,2763,Camera Deluxe,5,4,80.0,False
2026-07-28,3231,Suite Familiare,1,0,0.0,False
2026-07-28,2767,Suite Familiare Vista Piscina,1,1,100.0,False
2026-07-28,2765,Appartamento Area Piscina,18,15,83.33,False
2026-07-28,2764,Appartamento Area Giardino,28,27,96.43,False
2026-07-28,5375,Villino 2Ten,1,1,100.0,False
2026-07-28,5376,Villino Double,1,1,100.0,False
2026-07-29,22380,OTA Camera Standard,3,0,0.0,False
2026-07-29,2761,Camera  Standard,14,14,100.0,False
2026-07-29,2762,Camera Superior,8,7,87.5,False
2026-07-29,2763,Camera Deluxe,5,3,60.0,False
2026-07-29,3231,Suite Familiare,1,0,0.0,False
2026-07-29,2767,Suite Familiare Vista Piscina,1,1,100.0,False
2026-07-29,2765,Appartamento Area Piscina,18,15,83.33,False
2026-07-29,2764,Appartamento Area Giardino,28,27,96.43,False
2026-07-29,5375,Villino 2Ten,1,0,0.0,False
2026-07-29,5376,Villino Double,1,1,100.0,False
2026-07-30,22380,OTA Camera Standard,3,0,0.0,False
2026-07-30,2761,Camera  Standard,14,11,78.57,False
2026-07-30,2762,Camera Superior,8,7,87.5,False
2026-07-30,2763,Camera Deluxe,5,2,40.0,False
2026-07-30,3231,Suite Familiare,1,0,0.0,False
2026-07-30,2767,Suite Familiare Vista Piscina,1,1,100.0,False
2026-07-30,2765,Appartamento Area Piscina,18,15,83.33,False
2026-07-30,2764,Appartamento Area Giardino,28,26,92.86,False
2026-07-30,5375,Villino 2Ten,1,0,0.0,False
2026-07-30,5376,Villino Double,1,1,100.0,False
