stay_date,room_id,room_name,capacity,on_books_rooms,remaining_rooms,occupancy_on_books_pct,days_to_arrival,pickup_horizon_days,historical_otb_rooms,historical_final_occupied_rooms,pace_vs_history_pct,expected_remaining_demand_rooms,adr_on_books,historical_adr,high_adr,price_gap_to_high_pct,decision,suggested_uplift_pct,recommended_adr,incremental_adr_eur,expected_incremental_revenue_eur,break_even_demand_loss_pct,confidence,capacity_exception,reason,portfolio_action,portfolio_uplift_pct,portfolio_recommended_adr,portfolio_incremental_adr,remaining_horizon_impact_eur,confidence_weight,risk_adjusted_horizon_impact_eur
2026-09-02,2764,Appartamento Area Giardino,28,14,14,50.0,33,30,10.0,24.0,40.0,14.0,135.6707142857143,176.53672875615763,189.36120920566503,39.574122685668044,HOLD,0.0,135.6707142857143,0.0,0.0,0.0,HIGH,False,OTB saturation 50.0%; pace vs historical 40.0% at ~30d horizon; ADR 135.67 vs historical high 189.36; expected remaining demand 14.00 rooms; 33 days to arrival.,MONITOR_UP,9.0,147.8810785714286,12.210364285714292,170.95,0.65,111.12
2026-09-01,2764,Appartamento Area Giardino,28,13,15,46.42857142857143,32,30,10.0,24.0,30.0,15.0,120.39230769230768,176.53672875615763,189.36120920566503,57.286800822544606,HOLD,0.0,120.39230769230768,0.0,0.0,0.0,HIGH,False,OTB saturation 46.4%; pace vs historical 30.0% at ~30d horizon; ADR 120.39 vs historical high 189.36; expected remaining demand 15.00 rooms; 32 days to arrival.,MONITOR_UP,9.0,131.22761538461538,10.835307692307694,162.53,0.65,105.64
2026-09-04,2764,Appartamento Area Giardino,28,16,12,57.142857142857146,35,30,10.0,24.0,60.0,12.0,144.17000000000002,176.53672875615763,189.36120920566503,31.34577873736909,HOLD,0.0,144.17000000000002,0.0,0.0,0.0,HIGH,False,OTB saturation 57.1%; pace vs historical 60.0% at ~30d horizon; ADR 144.17 vs historical high 189.36; expected remaining demand 12.00 rooms; 35 days to arrival.,MONITOR_UP,9.0,157.14530000000002,12.975300000000004,155.7,0.65,101.2
2026-09-01,2765,Appartamento Area Piscina,18,8,10,44.44444444444444,32,30,4.0,12.5,100.0,7.699999999999999,144.94125,177.86176923076923,187.8418846153846,29.59863711357851,HOLD,0.0,144.94125,0.0,0.0,0.0,HIGH,False,OTB saturation 44.4%; pace vs historical 100.0% at ~30d horizon; ADR 144.94 vs historical high 187.84; expected remaining demand 7.70 rooms; 32 days to arrival.,MONITOR_UP,8.879591134073552,157.81144038461537,12.87019038461537,99.1,0.65,64.41
2026-09-02,2765,Appartamento Area Piscina,18,9,9,50.0,33,30,4.0,12.5,125.0,7.699999999999999,146.23222222222222,177.86176923076923,187.8418846153846,28.454510066823808,HOLD,0.0,146.23222222222222,0.0,0.0,0.0,HIGH,False,OTB saturation 50.0%; pace vs historical 125.0% at ~30d horizon; ADR 146.23 vs historical high 187.84; expected remaining demand 7.70 rooms; 33 days to arrival.,MONITOR_UP,8.536353020047143,158.71512094017092,12.4828987179487,96.12,0.65,62.48
2026-09-03,2764,Appartamento Area Giardino,28,17,11,60.714285714285715,34,30,10.0,24.0,70.0,11.0,160.74882352941177,176.53672875615763,189.36120920566503,17.799437064631544,HOLD,0.0,160.74882352941177,0.0,0.0,0.0,HIGH,False,OTB saturation 60.7%; pace vs historical 70.0% at ~30d horizon; ADR 160.75 vs historical high 189.36; expected remaining demand 11.00 rooms; 34 days to arrival.,MONITOR_UP,5.339831119389463,169.33253923228776,8.583715702875992,94.42,0.65,61.37
2026-08-31,2762,Camera Superior,8,6,2,75.0,31,30,5.0,9.0,20.0,2.0,213.75166666666667,270.1359016393443,275.0167213114754,28.661790385170676,TEST_INCREASE,14.330895192585338,244.38419398907106,30.6325273224044,61.27,12.534577962015947,HIGH,False,OTB saturation 75.0%; pace vs historical 20.0% at ~30d horizon; ADR 213.75 vs historical high 275.02; expected remaining demand 2.00 rooms; 31 days to arrival.,TEST_INCREASE,14.330895192585338,244.38419398907106,30.6325273224044,61.27,1.0,61.27
2026-09-04,2765,Appartamento Area Piscina,18,10,8,55.55555555555556,35,30,4.0,12.5,150.0,7.699999999999999,150.10399999999998,177.86176923076923,187.8418846153846,25.141158540335113,HOLD,0.0,150.10399999999998,0.0,0.0,0.0,HIGH,False,OTB saturation 55.6%; pace vs historical 150.0% at ~30d horizon; ADR 150.10 vs historical high 187.84; expected remaining demand 7.70 rooms; 35 days to arrival.,MONITOR_UP,7.542347562100534,161.42536538461536,11.321365384615376,87.17,0.65,56.66
2026-09-03,2765,Appartamento Area Piscina,18,10,8,55.55555555555556,34,30,4.0,12.5,150.0,7.699999999999999,150.105,177.86176923076923,187.8418846153846,25.140324849528405,HOLD,0.0,150.105,0.0,0.0,0.0,HIGH,False,OTB saturation 55.6%; pace vs historical 150.0% at ~30d horizon; ADR 150.10 vs historical high 187.84; expected remaining demand 7.70 rooms; 34 days to arrival.,MONITOR_UP,7.542097454858521,161.42606538461538,11.321065384615395,87.17,0.65,56.66
2026-08-30,2762,Camera Superior,8,6,2,75.0,30,30,5.0,9.0,20.0,2.0,225.09833333333336,270.1359016393443,275.0167213114754,22.176258366258615,TEST_INCREASE,11.088129183129308,250.05752732240438,24.959193989071025,49.92,9.981380787186067,HIGH,False,OTB saturation 75.0%; pace vs historical 20.0% at ~30d horizon; ADR 225.10 vs historical high 275.02; expected remaining demand 2.00 rooms; 30 days to arrival.,TEST_INCREASE,11.088129183129308,250.05752732240438,24.959193989071025,49.92,1.0,49.92
2026-08-13,2762,Camera Superior,8,7,1,87.5,13,14,6.0,9.0,16.666666666666668,1.0,241.8657142857143,270.1359016393443,275.0167213114754,13.706368893029651,INCREASE,13.706368893029651,275.0167213114754,33.15100702576112,33.15,12.054178694180317,HIGH,False,OTB saturation 87.5%; pace vs historical 16.7% at ~14d horizon; ADR 241.87 vs historical high 275.02; expected remaining demand 1.00 rooms; 13 days to arrival.,INCREASE,13.706368893029651,275.0167213114754,33.15100702576112,33.15,1.0,33.15
2026-08-04,2761,Camera  Standard,14,10,4,71.42857142857143,4,7,10.0,13.0,0.0,1.0,209.05900000000003,182.36966069897085,243.69322809750733,16.56672427281643,TEST_INCREASE,8.283362136408215,226.37611404875366,17.317114048753638,17.32,7.649709034683816,HIGH,False,OTB saturation 71.4%; pace vs historical 0.0% at ~7d horizon; ADR 209.06 vs historical high 243.69; expected remaining demand 1.00 rooms; 4 days to arrival.,TEST_INCREASE,8.283362136408215,226.37611404875366,17.317114048753638,17.32,1.0,17.32
2026-08-05,2762,Camera Superior,8,7,1,87.5,5,7,7.0,9.0,0.0,1.0,242.4557142857143,270.1359016393443,275.0167213114754,13.429671938930102,TEST_INCREASE,6.714835969465051,258.73621779859485,16.280503512880557,16.28,6.292317191385088,HIGH,False,OTB saturation 87.5%; pace vs historical 0.0% at ~7d horizon; ADR 242.46 vs historical high 275.02; expected remaining demand 1.00 rooms; 5 days to arrival.,TEST_INCREASE,6.714835969465051,258.73621779859485,16.280503512880557,16.28,1.0,16.28
2026-08-13,2763,Camera Deluxe,5,4,1,80.0,13,14,4.0,5.0,0.0,1.0,268.8875,296.5486111111111,296.5486111111111,10.287243219231499,TEST_INCREASE,5.143621609615749,282.7180555555555,13.83055555555552,13.83,4.8919958537412045,HIGH,False,OTB saturation 80.0%; pace vs historical 0.0% at ~14d horizon; ADR 268.89 vs historical high 296.55; expected remaining demand 1.00 rooms; 13 days to arrival.,TEST_INCREASE,5.143621609615749,282.7180555555555,13.83055555555552,13.83,1.0,13.83
2026-09-14,2761,Camera  Standard,14,3,11,21.428571428571427,45,60,2.0,13.0,50.0,9.799999999999999,123.58,120.1426729467177,130.2687984496124,5.412525044191945,HOLD,0.0,123.58,0.0,0.0,0.0,HIGH,False,OTB saturation 21.4%; pace vs historical 50.0% at ~60d horizon; ADR 123.58 vs historical high 130.27; expected remaining demand 9.80 rooms; 45 days to arrival.,MONITOR_UP,1.6237575132575834,125.58663953488372,2.0066395348837176,19.67,0.65,12.79
2026-08-05,2761,Camera  Standard,14,10,4,71.42857142857143,5,7,10.0,13.0,0.0,1.0,223.44299999999998,182.36966069897085,243.69322809750733,9.062816063831647,TEST_INCREASE,4.531408031915824,233.56811404875367,10.125114048753687,10.13,4.334972729471209,HIGH,False,OTB saturation 71.4%; pace vs historical 0.0% at ~7d horizon; ADR 223.44 vs historical high 243.69; expected remaining demand 1.00 rooms; 5 days to arrival.,TEST_INCREASE,4.531408031915824,233.56811404875367,10.125114048753687,10.13,1.0,10.13
2026-09-13,2761,Camera  Standard,14,3,11,21.428571428571427,44,30,3.0,13.0,0.0,5.0,123.58666666666666,120.1426729467177,130.2687984496124,5.406838749821243,HOLD,0.0,123.58666666666666,0.0,0.0,0.0,HIGH,False,OTB saturation 21.4%; pace vs historical 0.0% at ~30d horizon; ADR 123.59 vs historical high 130.27; expected remaining demand 5.00 rooms; 44 days to arrival.,MONITOR_UP,1.6220516249463728,125.59130620155038,2.0046395348837223,10.02,0.65,6.51
2026-09-16,2761,Camera  Standard,14,2,12,14.285714285714286,47,60,2.0,13.0,0.0,7.0,125.535,120.1426729467177,130.2687984496124,3.7708993106403854,HOLD,0.0,125.535,0.0,0.0,0.0,HIGH,False,OTB saturation 14.3%; pace vs historical 0.0% at ~60d horizon; ADR 125.53 vs historical high 130.27; expected remaining demand 7.00 rooms; 47 days to arrival.,MONITOR_UP,1.1312697931921156,126.95513953488371,1.4201395348837167,9.94,0.65,6.46
2026-09-15,2761,Camera  Standard,14,2,12,14.285714285714286,46,60,2.0,13.0,0.0,7.0,125.535,120.1426729467177,130.2687984496124,3.7708993106403854,HOLD,0.0,125.535,0.0,0.0,0.0,HIGH,False,OTB saturation 14.3%; pace vs historical 0.0% at ~60d horizon; ADR 125.53 vs historical high 130.27; expected remaining demand 7.00 rooms; 46 days to arrival.,MONITOR_UP,1.1312697931921156,126.95513953488371,1.4201395348837167,9.94,0.65,6.46
2026-08-06,2761,Camera  Standard,14,9,5,64.28571428571429,6,7,10.0,13.0,-10.0,0.9,227.58666666666664,182.36966069897085,243.69322809750733,7.077111179993271,HOLD,0.0,227.58666666666664,0.0,0.0,0.0,HIGH,False,OTB saturation 64.3%; pace vs historical -10.0% at ~7d horizon; ADR 227.59 vs historical high 243.69; expected remaining demand 0.90 rooms; 6 days to arrival.,MONITOR_UP,2.1231333539979813,232.41863509591886,4.831968429252214,4.35,0.65,2.83
2026-08-01,2761,Camera  Standard,14,13,1,92.85714285714286,1,0,13.0,13.0,0.0,0.0,247.79,182.36966069897085,243.69322809750733,-1.6533241464516981,HOLD,0.0,247.79,0.0,0.0,0.0,MEDIUM,False,OTB saturation 92.9%; pace vs historical 0.0% at ~0d horizon; ADR 247.79 vs historical high 243.69; expected remaining demand 0.00 rooms; 1 days to arrival.,HOLD,0.0,247.79,0.0,0.0,0.75,0.0
2026-08-01,2763,Camera Deluxe,5,1,4,20.0,1,0,5.0,5.0,-80.0,0.0,389.96,296.5486111111111,296.5486111111111,-23.954095006895297,PROTECT_VOLUME,0.0,389.96,0.0,0.0,0.0,MEDIUM,False,OTB saturation 20.0%; pace vs historical -80.0% at ~0d horizon; ADR 389.96 vs historical high 296.55; expected remaining demand 0.00 rooms; 1 days to arrival.,PROTECT_VOLUME,0.0,389.96,0.0,0.0,0.75,0.0
2026-08-02,2762,Camera Superior,8,8,0,100.0,2,0,9.0,9.0,-11.11111111111111,0.0,296.29125,270.1359016393443,275.0167213114754,-7.180275721447928,HOLD_HIGH,0.0,296.29125,0.0,0.0,0.0,MEDIUM,False,OTB saturation 100.0%; pace vs historical -11.1% at ~0d horizon; ADR 296.29 vs historical high 275.02; expected remaining demand 0.00 rooms; 2 days to arrival.,HOLD_HIGH,0.0,296.29125,0.0,0.0,0.75,0.0
2026-08-05,2765,Appartamento Area Piscina,18,11,7,61.111111111111114,5,7,16.0,16.0,-31.25,0.0,318.09727272727275,258.28173163709926,286.63732878151257,-9.890038878998192,HOLD_HIGH,0.0,318.09727272727275,0.0,0.0,0.0,MEDIUM,False,OTB saturation 61.1%; pace vs historical -31.2% at ~7d horizon; ADR 318.10 vs historical high 286.64; expected remaining demand 0.00 rooms; 5 days to arrival.,HOLD_HIGH,0.0,318.09727272727275,0.0,0.0,0.75,0.0
2026-08-02,2761,Camera  Standard,14,12,2,85.71428571428571,2,0,13.0,13.0,-7.6923076923076925,0.0,181.01416666666668,182.36966069897085,243.69322809750733,34.62660552213168,HOLD,0.0,181.01416666666668,0.0,0.0,0.0,HIGH,False,OTB saturation 85.7%; pace vs historical -7.7% at ~0d horizon; ADR 181.01 vs historical high 243.69; expected remaining demand 0.00 rooms; 2 days to arrival.,HOLD,0.0,181.01416666666668,0.0,0.0,1.0,0.0
2026-09-13,2762,Camera Superior,8,1,7,12.5,44,30,4.0,7.0,-75.0,1.2,191.32,141.5725,141.5725,-26.00224754338282,HOLD_HIGH,0.0,191.32,0.0,0.0,0.0,HIGH,False,OTB saturation 12.5%; pace vs historical -75.0% at ~30d horizon; ADR 191.32 vs historical high 141.57; expected remaining demand 1.20 rooms; 44 days to arrival.,HOLD_HIGH,0.0,191.32,0.0,0.0,1.0,0.0
2026-08-03,2765,Appartamento Area Piscina,18,13,5,72.22222222222223,3,0,16.0,16.0,-18.75,0.0,316.17923076923074,258.28173163709926,286.63732878151257,-9.343403713092046,HOLD_HIGH,0.0,316.17923076923074,0.0,0.0,0.0,MEDIUM,False,OTB saturation 72.2%; pace vs historical -18.8% at ~0d horizon; ADR 316.18 vs historical high 286.64; expected remaining demand 0.00 rooms; 3 days to arrival.,HOLD_HIGH,0.0,316.17923076923074,0.0,0.0,0.75,0.0
2026-08-02,2767,Suite Familiare Vista Piscina,1,1,0,100.0,2,0,1.0,1.0,0.0,0.0,602.85,,,,HOLD,0.0,602.85,0.0,0.0,0.0,MEDIUM,False,OTB saturation 100.0%; pace vs historical 0.0% at ~0d horizon; ADR 602.85 vs historical high nan; expected remaining demand 0.00 rooms; 2 days to arrival.,HOLD,0.0,602.85,0.0,0.0,0.75,0.0
2026-09-13,2767,Suite Familiare Vista Piscina,1,1,0,100.0,44,30,0.0,1.0,,0.0,170.08,,,,HOLD,0.0,170.08,0.0,0.0,0.0,MEDIUM,False,OTB saturation 100.0%; pace vs historical nan% at ~30d horizon; ADR 170.08 vs historical high nan; expected remaining demand 0.00 rooms; 44 days to arrival.,HOLD,0.0,170.08,0.0,0.0,0.75,0.0
2026-08-01,2764,Appartamento Area Giardino,28,27,1,96.42857142857143,1,0,29.0,29.0,-6.896551724137931,0.0,85.30444444444446,173.68628159445407,244.59286925925926,186.72933849132946,HOLD,0.0,85.30444444444446,0.0,0.0,0.0,HIGH,False,OTB saturation 96.4%; pace vs historical -6.9% at ~0d horizon; ADR 85.30 vs historical high 244.59; expected remaining demand 0.00 rooms; 1 days to arrival.,HOLD,0.0,85.30444444444446,0.0,0.0,1.0,0.0
2026-08-02,2763,Camera Deluxe,5,4,1,80.0,2,0,5.0,5.0,-20.0,0.0,295.3525,296.5486111111111,296.5486111111111,0.40497747982870136,HOLD,0.0,295.3525,0.0,0.0,0.0,MEDIUM,False,OTB saturation 80.0%; pace vs historical -20.0% at ~0d horizon; ADR 295.35 vs historical high 296.55; expected remaining demand 0.00 rooms; 2 days to arrival.,HOLD,0.0,295.3525,0.0,0.0,0.75,0.0
2026-09-16,2762,Camera Superior,8,1,7,12.5,47,60,2.0,7.0,-50.0,2.4,191.32,141.5725,141.5725,-26.00224754338282,HOLD_HIGH,0.0,191.32,0.0,0.0,0.0,HIGH,False,OTB saturation 12.5%; pace vs historical -50.0% at ~60d horizon; ADR 191.32 vs historical high 141.57; expected remaining demand 2.40 rooms; 47 days to arrival.,HOLD_HIGH,0.0,191.32,0.0,0.0,1.0,0.0
2026-09-15,2767,Suite Familiare Vista Piscina,1,1,0,100.0,46,60,0.0,1.0,,0.0,170.08,,,,HOLD,0.0,170.08,0.0,0.0,0.0,MEDIUM,False,OTB saturation 100.0%; pace vs historical nan% at ~60d horizon; ADR 170.08 vs historical high nan; expected remaining demand 0.00 rooms; 46 days to arrival.,HOLD,0.0,170.08,0.0,0.0,0.75,0.0
2026-09-15,2762,Camera Superior,8,1,7,12.5,46,60,2.0,7.0,-50.0,2.4,191.32,141.5725,141.5725,-26.00224754338282,HOLD_HIGH,0.0,191.32,0.0,0.0,0.0,HIGH,False,OTB saturation 12.5%; pace vs historical -50.0% at ~60d horizon; ADR 191.32 vs historical high 141.57; expected remaining demand 2.40 rooms; 46 days to arrival.,HOLD_HIGH,0.0,191.32,0.0,0.0,1.0,0.0
2026-09-15,2765,Appartamento Area Piscina,18,2,16,11.11111111111111,46,60,2.0,12.5,0.0,8.0,184.575,177.86176923076923,187.8418846153846,1.7699496764917309,HOLD,0.0,184.575,0.0,0.0,0.0,HIGH,False,OTB saturation 11.1%; pace vs historical 0.0% at ~60d horizon; ADR 184.57 vs historical high 187.84; expected remaining demand 8.00 rooms; 46 days to arrival.,HOLD,0.0,184.575,0.0,0.0,1.0,0.0
2026-09-15,2764,Appartamento Area Giardino,28,2,26,7.142857142857143,46,60,10.0,24.0,-80.0,9.0,163.79000000000002,176.53672875615763,189.36120920566503,15.612191956569394,HOLD,0.0,163.79000000000002,0.0,0.0,0.0,HIGH,False,OTB saturation 7.1%; pace vs historical -80.0% at ~60d horizon; ADR 163.79 vs historical high 189.36; expected remaining demand 9.00 rooms; 46 days to arrival.,HOLD,0.0,163.79000000000002,0.0,0.0,1.0,0.0
2026-09-14,5376,Villino Double,1,1,0,100.0,45,60,0.0,1.0,,0.0,252.12,,,,HOLD,0.0,252.12,0.0,0.0,0.0,MEDIUM,False,OTB saturation 100.0%; pace vs historical nan% at ~60d horizon; ADR 252.12 vs historical high nan; expected remaining demand 0.00 rooms; 45 days to arrival.,HOLD,0.0,252.12,0.0,0.0,0.75,0.0
2026-09-14,2767,Suite Familiare Vista Piscina,1,1,0,100.0,45,60,0.0,1.0,,0.0,170.08,,,,HOLD,0.0,170.08,0.0,0.0,0.0,MEDIUM,False,OTB saturation 100.0%; pace vs historical nan% at ~60d horizon; ADR 170.08 vs historical high nan; expected remaining demand 0.00 rooms; 45 days to arrival.,HOLD,0.0,170.08,0.0,0.0,0.75,0.0
2026-08-03,2767,Suite Familiare Vista Piscina,1,1,0,100.0,3,0,1.0,1.0,0.0,0.0,602.85,,,,HOLD,0.0,602.85,0.0,0.0,0.0,MEDIUM,False,OTB saturation 100.0%; pace vs historical 0.0% at ~0d horizon; ADR 602.85 vs historical high nan; expected remaining demand 0.00 rooms; 3 days to arrival.,HOLD,0.0,602.85,0.0,0.0,0.75,0.0
2026-08-03,2762,Camera Superior,8,8,0,100.0,3,0,9.0,9.0,-11.11111111111111,0.0,296.29125,270.1359016393443,275.0167213114754,-7.180275721447928,HOLD_HIGH,0.0,296.29125,0.0,0.0,0.0,MEDIUM,False,OTB saturation 100.0%; pace vs historical -11.1% at ~0d horizon; ADR 296.29 vs historical high 275.02; expected remaining demand 0.00 rooms; 3 days to arrival.,HOLD_HIGH,0.0,296.29125,0.0,0.0,0.75,0.0
2026-08-03,2763,Camera Deluxe,5,4,1,80.0,3,0,5.0,5.0,-20.0,0.0,295.3525,296.5486111111111,296.5486111111111,0.40497747982870136,HOLD,0.0,295.3525,0.0,0.0,0.0,MEDIUM,False,OTB saturation 80.0%; pace vs historical -20.0% at ~0d horizon; ADR 295.35 vs historical high 296.55; expected remaining demand 0.00 rooms; 3 days to arrival.,HOLD,0.0,295.3525,0.0,0.0,0.75,0.0
2026-08-03,2761,Camera  Standard,14,9,5,64.28571428571429,3,0,13.0,13.0,-30.76923076923077,0.0,196.9033333333333,182.36966069897085,243.69322809750733,23.762875910772134,HOLD,0.0,196.9033333333333,0.0,0.0,0.0,HIGH,False,OTB saturation 64.3%; pace vs historical -30.8% at ~0d horizon; ADR 196.90 vs historical high 243.69; expected remaining demand 0.00 rooms; 3 days to arrival.,HOLD,0.0,196.9033333333333,0.0,0.0,1.0,0.0
2026-09-16,2767,Suite Familiare Vista Piscina,1,1,0,100.0,47,60,0.0,1.0,,0.0,170.08,,,,HOLD,0.0,170.08,0.0,0.0,0.0,MEDIUM,False,OTB saturation 100.0%; pace vs historical nan% at ~60d horizon; ADR 170.08 vs historical high nan; expected remaining demand 0.00 rooms; 47 days to arrival.,HOLD,0.0,170.08,0.0,0.0,0.75,0.0
2026-08-07,2767,Suite Familiare Vista Piscina,1,1,0,100.0,7,7,1.0,1.0,0.0,0.0,602.85,,,,HOLD,0.0,602.85,0.0,0.0,0.0,MEDIUM,False,OTB saturation 100.0%; pace vs historical 0.0% at ~7d horizon; ADR 602.85 vs historical high nan; expected remaining demand 0.00 rooms; 7 days to arrival.,HOLD,0.0,602.85,0.0,0.0,0.75,0.0
2026-08-07,2762,Camera Superior,8,6,2,75.0,7,7,7.0,9.0,-14.285714285714286,0.8571428571428571,328.815,270.1359016393443,275.0167213114754,-16.36126049253367,HOLD_HIGH,0.0,328.815,0.0,0.0,0.0,HIGH,False,OTB saturation 75.0%; pace vs historical -14.3% at ~7d horizon; ADR 328.81 vs historical high 275.02; expected remaining demand 0.86 rooms; 7 days to arrival.,HOLD_HIGH,0.0,328.815,0.0,0.0,1.0,0.0
2026-08-07,2763,Camera Deluxe,5,4,1,80.0,7,7,4.5,5.0,-11.11111111111111,0.0,296.2875,296.5486111111111,296.5486111111111,0.08812761628859235,HOLD,0.0,296.2875,0.0,0.0,0.0,MEDIUM,False,OTB saturation 80.0%; pace vs historical -11.1% at ~7d horizon; ADR 296.29 vs historical high 296.55; expected remaining demand 0.00 rooms; 7 days to arrival.,HOLD,0.0,296.2875,0.0,0.0,0.75,0.0
2026-08-07,2761,Camera  Standard,14,8,6,57.142857142857146,7,7,10.0,13.0,-20.0,0.8,227.90749999999997,182.36966069897085,243.69322809750733,6.926374997535123,HOLD,0.0,227.90749999999997,0.0,0.0,0.0,HIGH,False,OTB saturation 57.1%; pace vs historical -20.0% at ~7d horizon; ADR 227.91 vs historical high 243.69; expected remaining demand 0.80 rooms; 7 days to arrival.,HOLD,0.0,227.90749999999997,0.0,0.0,1.0,0.0
2026-08-07,2765,Appartamento Area Piscina,18,10,8,55.55555555555556,7,7,16.0,16.0,-37.5,0.0,305.618,258.28173163709926,286.63732878151257,-6.210586817035459,HOLD_HIGH,0.0,305.618,0.0,0.0,0.0,MEDIUM,False,OTB saturation 55.6%; pace vs historical -37.5% at ~7d horizon; ADR 305.62 vs historical high 286.64; expected remaining demand 0.00 rooms; 7 days to arrival.,HOLD_HIGH,0.0,305.618,0.0,0.0,0.75,0.0
2026-08-07,2764,Appartamento Area Giardino,28,28,0,100.0,7,7,28.0,29.0,0.0,0.0,138.2757142857143,173.68628159445407,244.59286925925926,76.88780023501852,TEST_INCREASE,15.0,159.01707142857143,20.74135714285714,0.0,13.043478260869568,HIGH,False,OTB saturation 100.0%; pace vs historical 0.0% at ~7d horizon; ADR 138.28 vs historical high 244.59; expected remaining demand 0.00 rooms; 7 days to arrival.,TEST_INCREASE,15.0,159.01707142857143,20.74135714285714,0.0,1.0,0.0
2026-08-06,5376,Villino Double,1,1,0,100.0,6,7,1.0,1.0,0.0,0.0,411.43,,,,HOLD,0.0,411.43,0.0,0.0,0.0,MEDIUM,False,OTB saturation 100.0%; pace vs historical 0.0% at ~7d horizon; ADR 411.43 vs historical high nan; expected remaining demand 0.00 rooms; 6 days to arrival.,HOLD,0.0,411.43,0.0,0.0,0.75,0.0
2026-08-06,2767,Suite Familiare Vista Piscina,1,1,0,100.0,6,7,1.0,1.0,0.0,0.0,602.85,,,,HOLD,0.0,602.85,0.0,0.0,0.0,MEDIUM,False,OTB saturation 100.0%; pace vs historical 0.0% at ~7d horizon; ADR 602.85 vs historical high nan; expected remaining demand 0.00 rooms; 6 days to arrival.,HOLD,0.0,602.85,0.0,0.0,0.75,0.0
2026-08-06,2762,Camera Superior,8,7,1,87.5,6,7,7.0,9.0,0.0,1.0,328.64285714285717,270.1359016393443,275.0167213114754,-16.317450589857522,HOLD_HIGH,0.0,328.64285714285717,0.0,0.0,0.0,HIGH,False,OTB saturation 87.5%; pace vs historical 0.0% at ~7d horizon; ADR 328.64 vs historical high 275.02; expected remaining demand 1.00 rooms; 6 days to arrival.,HOLD_HIGH,0.0,328.64285714285717,0.0,0.0,1.0,0.0
2026-08-06,2763,Camera Deluxe,5,4,1,80.0,6,7,4.5,5.0,-11.11111111111111,0.0,296.2825,296.5486111111111,296.5486111111111,0.08981668208924204,HOLD,0.0,296.2825,0.0,0.0,0.0,MEDIUM,False,OTB saturation 80.0%; pace vs historical -11.1% at ~7d horizon; ADR 296.28 vs historical high 296.55; expected remaining demand 0.00 rooms; 6 days to arrival.,HOLD,0.0,296.2825,0.0,0.0,0.75,0.0
2026-09-18,2767,Suite Familiare Vista Piscina,1,1,0,100.0,49,60,0.0,1.0,,0.0,170.08,,,,HOLD,0.0,170.08,0.0,0.0,0.0,MEDIUM,False,OTB saturation 100.0%; pace vs historical nan% at ~60d horizon; ADR 170.08 vs historical high nan; expected remaining demand 0.00 rooms; 49 days to arrival.,HOLD,0.0,170.08,0.0,0.0,0.75,0.0
2026-09-18,2762,Camera Superior,8,1,7,12.5,49,60,2.0,7.0,-50.0,2.4,191.32,141.5725,141.5725,-26.00224754338282,HOLD_HIGH,0.0,191.32,0.0,0.0,0.0,HIGH,False,OTB saturation 12.5%; pace vs historical -50.0% at ~60d horizon; ADR 191.32 vs historical high 141.57; expected remaining demand 2.40 rooms; 49 days to arrival.,HOLD_HIGH,0.0,191.32,0.0,0.0,1.0,0.0
2026-09-18,2761,Camera  Standard,14,1,13,7.142857142857143,49,60,2.0,13.0,-50.0,4.2,99.04,120.1426729467177,130.2687984496124,31.531500857847732,HOLD,0.0,99.04,0.0,0.0,0.0,HIGH,False,OTB saturation 7.1%; pace vs historical -50.0% at ~60d horizon; ADR 99.04 vs historical high 130.27; expected remaining demand 4.20 rooms; 49 days to arrival.,HOLD,0.0,99.04,0.0,0.0,1.0,0.0
2026-09-17,2767,Suite Familiare Vista Piscina,1,1,0,100.0,48,60,0.0,1.0,,0.0,170.08,,,,HOLD,0.0,170.08,0.0,0.0,0.0,MEDIUM,False,OTB saturation 100.0%; pace vs historical nan% at ~60d horizon; ADR 170.08 vs historical high nan; expected remaining demand 0.00 rooms; 48 days to arrival.,HOLD,0.0,170.08,0.0,0.0,0.75,0.0
2026-09-17,2762,Camera Superior,8,1,7,12.5,48,60,2.0,7.0,-50.0,2.4,191.32,141.5725,141.5725,-26.00224754338282,HOLD_HIGH,0.0,191.32,0.0,0.0,0.0,HIGH,False,OTB saturation 12.5%; pace vs historical -50.0% at ~60d horizon; ADR 191.32 vs historical high 141.57; expected remaining demand 2.40 rooms; 48 days to arrival.,HOLD_HIGH,0.0,191.32,0.0,0.0,1.0,0.0
2026-08-10,5376,Villino Double,1,1,0,100.0,10,7,1.0,1.0,0.0,0.0,415.83,,,,HOLD,0.0,415.83,0.0,0.0,0.0,MEDIUM,False,OTB saturation 100.0%; pace vs historical 0.0% at ~7d horizon; ADR 415.83 vs historical high nan; expected remaining demand 0.00 rooms; 10 days to arrival.,HOLD,0.0,415.83,0.0,0.0,0.75,0.0
2026-08-10,2763,Camera Deluxe,5,2,3,40.0,10,7,4.5,5.0,-55.55555555555556,0.0,244.08,296.5486111111111,296.5486111111111,21.496481117302142,HOLD,0.0,244.08,0.0,0.0,0.0,HIGH,False,OTB saturation 40.0%; pace vs historical -55.6% at ~7d horizon; ADR 244.08 vs historical high 296.55; expected remaining demand 0.00 rooms; 10 days to arrival.,HOLD,0.0,244.08,0.0,0.0,1.0,0.0
2026-08-10,2761,Camera  Standard,14,10,4,71.42857142857143,10,7,10.0,13.0,0.0,1.0,311.184,182.36966069897085,243.69322809750733,-21.68838111936754,HOLD_HIGH,0.0,311.184,0.0,0.0,0.0,HIGH,False,OTB saturation 71.4%; pace vs historical 0.0% at ~7d horizon; ADR 311.18 vs historical high 243.69; expected remaining demand 1.00 rooms; 10 days to arrival.,HOLD_HIGH,0.0,311.184,0.0,0.0,1.0,0.0
2026-08-10,2765,Appartamento Area Piscina,18,14,4,77.77777777777777,10,7,16.0,16.0,-12.5,0.0,281.18,258.28173163709926,286.63732878151257,1.9408666268982708,HOLD,0.0,281.18,0.0,0.0,0.0,MEDIUM,False,OTB saturation 77.8%; pace vs historical -12.5% at ~7d horizon; ADR 281.18 vs historical high 286.64; expected remaining demand 0.00 rooms; 10 days to arrival.,HOLD,0.0,281.18,0.0,0.0,0.75,0.0
2026-08-09,5376,Villino Double,1,1,0,100.0,9,7,1.0,1.0,0.0,0.0,415.83,,,,HOLD,0.0,415.83,0.0,0.0,0.0,MEDIUM,False,OTB saturation 100.0%; pace vs historical 0.0% at ~7d horizon; ADR 415.83 vs historical high nan; expected remaining demand 0.00 rooms; 9 days to arrival.,HOLD,0.0,415.83,0.0,0.0,0.75,0.0
2026-08-09,2762,Camera Superior,8,7,1,87.5,9,7,7.0,9.0,0.0,1.0,298.03428571428566,270.1359016393443,275.0167213114754,-7.723126333483769,HOLD_HIGH,0.0,298.03428571428566,0.0,0.0,0.0,HIGH,False,OTB saturation 87.5%; pace vs historical 0.0% at ~7d horizon; ADR 298.03 vs historical high 275.02; expected remaining demand 1.00 rooms; 9 days to arrival.,HOLD_HIGH,0.0,298.03428571428566,0.0,0.0,1.0,0.0
2026-08-09,2763,Camera Deluxe,5,3,2,60.0,9,7,4.5,5.0,-33.333333333333336,0.0,306.0833333333333,296.5486111111111,296.5486111111111,-3.1150739631545536,HOLD,0.0,306.0833333333333,0.0,0.0,0.0,MEDIUM,False,OTB saturation 60.0%; pace vs historical -33.3% at ~7d horizon; ADR 306.08 vs historical high 296.55; expected remaining demand 0.00 rooms; 9 days to arrival.,HOLD,0.0,306.0833333333333,0.0,0.0,0.75,0.0
2026-08-09,2761,Camera  Standard,14,10,4,71.42857142857143,9,7,10.0,13.0,0.0,1.0,309.084,182.36966069897085,243.69322809750733,-21.156310874225994,HOLD_HIGH,0.0,309.084,0.0,0.0,0.0,HIGH,False,OTB saturation 71.4%; pace vs historical 0.0% at ~7d horizon; ADR 309.08 vs historical high 243.69; expected remaining demand 1.00 rooms; 9 days to arrival.,HOLD_HIGH,0.0,309.084,0.0,0.0,1.0,0.0
2026-08-09,2765,Appartamento Area Piscina,18,14,4,77.77777777777777,9,7,16.0,16.0,-12.5,0.0,325.6707142857143,258.28173163709926,286.63732878151257,-11.985537474504804,HOLD_HIGH,0.0,325.6707142857143,0.0,0.0,0.0,MEDIUM,False,OTB saturation 77.8%; pace vs historical -12.5% at ~7d horizon; ADR 325.67 vs historical high 286.64; expected remaining demand 0.00 rooms; 9 days to arrival.,HOLD_HIGH,0.0,325.6707142857143,0.0,0.0,0.75,0.0
2026-08-08,2767,Suite Familiare Vista Piscina,1,1,0,100.0,8,7,1.0,1.0,0.0,0.0,602.86,,,,HOLD,0.0,602.86,0.0,0.0,0.0,MEDIUM,False,OTB saturation 100.0%; pace vs historical 0.0% at ~7d horizon; ADR 602.86 vs historical high nan; expected remaining demand 0.00 rooms; 8 days to arrival.,HOLD,0.0,602.86,0.0,0.0,0.75,0.0
2026-08-08,2762,Camera Superior,8,7,1,87.5,8,7,7.0,9.0,0.0,1.0,424.53428571428566,270.1359016393443,275.0167213114754,-35.21919652525698,HOLD_HIGH,0.0,424.53428571428566,0.0,0.0,0.0,HIGH,False,OTB saturation 87.5%; pace vs historical 0.0% at ~7d horizon; ADR 424.53 vs historical high 275.02; expected remaining demand 1.00 rooms; 8 days to arrival.,HOLD_HIGH,0.0,424.53428571428566,0.0,0.0,1.0,0.0
2026-08-08,2763,Camera Deluxe,5,3,2,60.0,8,7,4.5,5.0,-33.333333333333336,0.0,278.38,296.5486111111111,296.5486111111111,6.526550438649002,HOLD,0.0,278.38,0.0,0.0,0.0,HIGH,False,OTB saturation 60.0%; pace vs historical -33.3% at ~7d horizon; ADR 278.38 vs historical high 296.55; expected remaining demand 0.00 rooms; 8 days to arrival.,HOLD,0.0,278.38,0.0,0.0,1.0,0.0
2026-08-08,2761,Camera  Standard,14,8,6,57.142857142857146,8,7,10.0,13.0,-20.0,0.8,230.77249999999998,182.36966069897085,243.69322809750733,5.598902857796033,HOLD,0.0,230.77249999999998,0.0,0.0,0.0,HIGH,False,OTB saturation 57.1%; pace vs historical -20.0% at ~7d horizon; ADR 230.77 vs historical high 243.69; expected remaining demand 0.80 rooms; 8 days to arrival.,HOLD,0.0,230.77249999999998,0.0,0.0,1.0,0.0
2026-08-08,2765,Appartamento Area Piscina,18,10,8,55.55555555555556,8,7,16.0,16.0,-37.5,0.0,212.34900000000002,258.28173163709926,286.63732878151257,34.98407281480607,HOLD,0.0,212.34900000000002,0.0,0.0,0.0,HIGH,False,OTB saturation 55.6%; pace vs historical -37.5% at ~7d horizon; ADR 212.35 vs historical high 286.64; expected remaining demand 0.00 rooms; 8 days to arrival.,HOLD,0.0,212.34900000000002,0.0,0.0,1.0,0.0
2026-08-08,2764,Appartamento Area Giardino,28,25,3,89.28571428571429,8,7,28.0,29.0,-10.714285714285714,0.0,137.84799999999998,173.68628159445407,244.59286925925926,77.43664707450183,HOLD,0.0,137.84799999999998,0.0,0.0,0.0,HIGH,False,OTB saturation 89.3%; pace vs historical -10.7% at ~7d horizon; ADR 137.85 vs historical high 244.59; expected remaining demand 0.00 rooms; 8 days to arrival.,HOLD,0.0,137.84799999999998,0.0,0.0,1.0,0.0
2026-08-07,5376,Villino Double,1,1,0,100.0,7,7,1.0,1.0,0.0,0.0,411.43,,,,HOLD,0.0,411.43,0.0,0.0,0.0,MEDIUM,False,OTB saturation 100.0%; pace vs historical 0.0% at ~7d horizon; ADR 411.43 vs historical high nan; expected remaining demand 0.00 rooms; 7 days to arrival.,HOLD,0.0,411.43,0.0,0.0,0.75,0.0
2026-08-14,2763,Camera Deluxe,5,5,0,100.0,14,14,4.0,5.0,25.0,0.0,304.882,296.5486111111111,296.5486111111111,-2.7333161317784977,HOLD,0.0,304.882,0.0,0.0,0.0,MEDIUM,False,OTB saturation 100.0%; pace vs historical 25.0% at ~14d horizon; ADR 304.88 vs historical high 296.55; expected remaining demand 0.00 rooms; 14 days to arrival.,HOLD,0.0,304.882,0.0,0.0,0.75,0.0
2026-08-14,2761,Camera  Standard,14,11,3,78.57142857142857,14,14,10.0,13.0,10.0,2.2,311.26454545454544,182.36966069897085,243.69322809750733,-21.70864569826366,HOLD_HIGH,0.0,311.26454545454544,0.0,0.0,0.0,HIGH,False,OTB saturation 78.6%; pace vs historical 10.0% at ~14d horizon; ADR 311.26 vs historical high 243.69; expected remaining demand 2.20 rooms; 14 days to arrival.,HOLD_HIGH,0.0,311.26454545454544,0.0,0.0,1.0,0.0
2026-08-14,2765,Appartamento Area Piscina,18,15,3,83.33333333333333,14,14,14.0,16.0,7.142857142857143,1.0714285714285714,338.33133333333336,258.28173163709926,286.63732878151257,-15.27910644353192,HOLD_HIGH,0.0,338.33133333333336,0.0,0.0,0.0,HIGH,False,OTB saturation 83.3%; pace vs historical 7.1% at ~14d horizon; ADR 338.33 vs historical high 286.64; expected remaining demand 1.07 rooms; 14 days to arrival.,HOLD_HIGH,0.0,338.33133333333336,0.0,0.0,1.0,0.0
2026-08-13,5376,Villino Double,1,1,0,100.0,13,14,1.0,1.0,0.0,0.0,415.83,,,,HOLD,0.0,415.83,0.0,0.0,0.0,MEDIUM,False,OTB saturation 100.0%; pace vs historical 0.0% at ~14d horizon; ADR 415.83 vs historical high nan; expected remaining demand 0.00 rooms; 13 days to arrival.,HOLD,0.0,415.83,0.0,0.0,0.75,0.0
2026-08-13,2761,Camera  Standard,14,11,3,78.57142857142857,13,14,10.0,13.0,10.0,2.2,317.9318181818182,182.36966069897085,243.69322809750733,-23.350475114087338,HOLD_HIGH,0.0,317.9318181818182,0.0,0.0,0.0,HIGH,False,OTB saturation 78.6%; pace vs historical 10.0% at ~14d horizon; ADR 317.93 vs historical high 243.69; expected remaining demand 2.20 rooms; 13 days to arrival.,HOLD_HIGH,0.0,317.9318181818182,0.0,0.0,1.0,0.0
2026-08-13,2765,Appartamento Area Piscina,18,14,4,77.77777777777777,13,14,14.0,16.0,0.0,1.0,281.18,258.28173163709926,286.63732878151257,1.9408666268982708,HOLD,0.0,281.18,0.0,0.0,0.0,HIGH,False,OTB saturation 77.8%; pace vs historical 0.0% at ~14d horizon; ADR 281.18 vs historical high 286.64; expected remaining demand 1.00 rooms; 13 days to arrival.,HOLD,0.0,281.18,0.0,0.0,1.0,0.0
2026-08-13,2764,Appartamento Area Giardino,28,28,0,100.0,13,14,28.0,29.0,0.0,0.0,175.22321428571428,173.68628159445407,244.59286925925926,39.58930627789574,TEST_INCREASE,15.0,201.50669642857142,26.28348214285714,0.0,13.043478260869568,HIGH,False,OTB saturation 100.0%; pace vs historical 0.0% at ~14d horizon; ADR 175.22 vs historical high 244.59; expected remaining demand 0.00 rooms; 13 days to arrival.,TEST_INCREASE,15.0,201.50669642857142,26.28348214285714,0.0,1.0,0.0
2026-08-12,5376,Villino Double,1,1,0,100.0,12,14,1.0,1.0,0.0,0.0,415.83,,,,HOLD,0.0,415.83,0.0,0.0,0.0,MEDIUM,False,OTB saturation 100.0%; pace vs historical 0.0% at ~14d horizon; ADR 415.83 vs historical high nan; expected remaining demand 0.00 rooms; 12 days to arrival.,HOLD,0.0,415.83,0.0,0.0,0.75,0.0
2026-08-12,2762,Camera Superior,8,8,0,100.0,12,14,6.0,9.0,33.333333333333336,0.0,262.30125,270.1359016393443,275.0167213114754,4.847659441758447,TEST_INCREASE,2.4238297208792234,268.6589856557377,6.357735655737713,0.0,2.366470505432705,HIGH,False,OTB saturation 100.0%; pace vs historical 33.3% at ~14d horizon; ADR 262.30 vs historical high 275.02; expected remaining demand 0.00 rooms; 12 days to arrival.,TEST_INCREASE,2.4238297208792234,268.6589856557377,6.357735655737713,0.0,1.0,0.0
2026-08-12,2763,Camera Deluxe,5,3,2,60.0,12,14,4.0,5.0,-25.0,0.75,358.51666666666665,296.5486111111111,296.5486111111111,-17.284567585576376,HOLD_HIGH,0.0,358.51666666666665,0.0,0.0,0.0,HIGH,False,OTB saturation 60.0%; pace vs historical -25.0% at ~14d horizon; ADR 358.52 vs historical high 296.55; expected remaining demand 0.75 rooms; 12 days to arrival.,HOLD_HIGH,0.0,358.51666666666665,0.0,0.0,1.0,0.0
2026-08-12,2761,Camera  Standard,14,11,3,78.57142857142857,12,14,10.0,13.0,10.0,2.2,317.9318181818182,182.36966069897085,243.69322809750733,-23.350475114087338,HOLD_HIGH,0.0,317.9318181818182,0.0,0.0,0.0,HIGH,False,OTB saturation 78.6%; pace vs historical 10.0% at ~14d horizon; ADR 317.93 vs historical high 243.69; expected remaining demand 2.20 rooms; 12 days to arrival.,HOLD_HIGH,0.0,317.9318181818182,0.0,0.0,1.0,0.0
2026-08-12,2765,Appartamento Area Piscina,18,14,4,77.77777777777777,12,14,14.0,16.0,0.0,1.0,281.18,258.28173163709926,286.63732878151257,1.9408666268982708,HOLD,0.0,281.18,0.0,0.0,0.0,HIGH,False,OTB saturation 77.8%; pace vs historical 0.0% at ~14d horizon; ADR 281.18 vs historical high 286.64; expected remaining demand 1.00 rooms; 12 days to arrival.,HOLD,0.0,281.18,0.0,0.0,1.0,0.0
2026-08-11,5376,Villino Double,1,1,0,100.0,11,14,1.0,1.0,0.0,0.0,415.83,,,,HOLD,0.0,415.83,0.0,0.0,0.0,MEDIUM,False,OTB saturation 100.0%; pace vs historical 0.0% at ~14d horizon; ADR 415.83 vs historical high nan; expected remaining demand 0.00 rooms; 11 days to arrival.,HOLD,0.0,415.83,0.0,0.0,0.75,0.0
2026-08-11,2763,Camera Deluxe,5,2,3,40.0,11,14,4.0,5.0,-50.0,0.6,244.08,296.5486111111111,296.5486111111111,21.496481117302142,HOLD,0.0,244.08,0.0,0.0,0.0,HIGH,False,OTB saturation 40.0%; pace vs historical -50.0% at ~14d horizon; ADR 244.08 vs historical high 296.55; expected remaining demand 0.60 rooms; 11 days to arrival.,HOLD,0.0,244.08,0.0,0.0,1.0,0.0
2026-08-11,2761,Camera  Standard,14,10,4,71.42857142857143,11,14,10.0,13.0,0.0,2.0,313.724,182.36966069897085,243.69322809750733,-22.32241457538877,HOLD_HIGH,0.0,313.724,0.0,0.0,0.0,HIGH,False,OTB saturation 71.4%; pace vs historical 0.0% at ~14d horizon; ADR 313.72 vs historical high 243.69; expected remaining demand 2.00 rooms; 11 days to arrival.,HOLD_HIGH,0.0,313.724,0.0,0.0,1.0,0.0
2026-08-11,2765,Appartamento Area Piscina,18,14,4,77.77777777777777,11,14,14.0,16.0,0.0,1.0,281.18,258.28173163709926,286.63732878151257,1.9408666268982708,HOLD,0.0,281.18,0.0,0.0,0.0,HIGH,False,OTB saturation 77.8%; pace vs historical 0.0% at ~14d horizon; ADR 281.18 vs historical high 286.64; expected remaining demand 1.00 rooms; 11 days to arrival.,HOLD,0.0,281.18,0.0,0.0,1.0,0.0
2026-08-18,2761,Camera  Standard,14,14,0,100.0,18,14,10.0,13.0,40.0,0.0,312.2035714285715,182.36966069897085,243.69322809750733,-21.944125436354437,HOLD_HIGH,0.0,312.2035714285715,0.0,0.0,0.0,MEDIUM,False,OTB saturation 100.0%; pace vs historical 40.0% at ~14d horizon; ADR 312.20 vs historical high 243.69; expected remaining demand 0.00 rooms; 18 days to arrival.,HOLD_HIGH,0.0,312.2035714285715,0.0,0.0,0.75,0.0
2026-08-17,5376,Villino Double,1,1,0,100.0,17,14,1.0,1.0,0.0,0.0,418.27,,,,HOLD,0.0,418.27,0.0,0.0,0.0,MEDIUM,False,OTB saturation 100.0%; pace vs historical 0.0% at ~14d horizon; ADR 418.27 vs historical high nan; expected remaining demand 0.00 rooms; 17 days to arrival.,HOLD,0.0,418.27,0.0,0.0,0.75,0.0
2026-08-17,5375,Villino 2Ten,1,1,0,100.0,17,14,1.0,1.0,0.0,0.0,349.17,,,,HOLD,0.0,349.17,0.0,0.0,0.0,MEDIUM,False,OTB saturation 100.0%; pace vs historical 0.0% at ~14d horizon; ADR 349.17 vs historical high nan; expected remaining demand 0.00 rooms; 17 days to arrival.,HOLD,0.0,349.17,0.0,0.0,0.75,0.0
2026-08-17,2762,Camera Superior,8,8,0,100.0,17,14,6.0,9.0,33.333333333333336,0.0,275.36,270.1359016393443,275.0167213114754,-0.12466541564664654,HOLD,0.0,275.36,0.0,0.0,0.0,MEDIUM,False,OTB saturation 100.0%; pace vs historical 33.3% at ~14d horizon; ADR 275.36 vs historical high 275.02; expected remaining demand 0.00 rooms; 17 days to arrival.,HOLD,0.0,275.36,0.0,0.0,0.75,0.0
2026-08-17,2763,Camera Deluxe,5,5,0,100.0,17,14,4.0,5.0,25.0,0.0,315.874,296.5486111111111,296.5486111111111,-6.118068878378384,HOLD_HIGH,0.0,315.874,0.0,0.0,0.0,MEDIUM,False,OTB saturation 100.0%; pace vs historical 25.0% at ~14d horizon; ADR 315.87 vs historical high 296.55; expected remaining demand 0.00 rooms; 17 days to arrival.,HOLD_HIGH,0.0,315.874,0.0,0.0,0.75,0.0
2026-08-17,2761,Camera  Standard,14,13,1,92.85714285714286,17,14,10.0,13.0,30.0,1.0,313.59076923076924,182.36966069897085,243.69322809750733,-22.289412824465124,HOLD_HIGH,0.0,313.59076923076924,0.0,0.0,0.0,HIGH,False,OTB saturation 92.9%; pace vs historical 30.0% at ~14d horizon; ADR 313.59 vs historical high 243.69; expected remaining demand 1.00 rooms; 17 days to arrival.,HOLD_HIGH,0.0,313.59076923076924,0.0,0.0,1.0,0.0
2026-08-16,5376,Villino Double,1,1,0,100.0,16,14,1.0,1.0,0.0,0.0,418.27,,,,HOLD,0.0,418.27,0.0,0.0,0.0,MEDIUM,False,OTB saturation 100.0%; pace vs historical 0.0% at ~14d horizon; ADR 418.27 vs historical high nan; expected remaining demand 0.00 rooms; 16 days to arrival.,HOLD,0.0,418.27,0.0,0.0,0.75,0.0
2026-08-16,5375,Villino 2Ten,1,1,0,100.0,16,14,1.0,1.0,0.0,0.0,349.17,,,,HOLD,0.0,349.17,0.0,0.0,0.0,MEDIUM,False,OTB saturation 100.0%; pace vs historical 0.0% at ~14d horizon; ADR 349.17 vs historical high nan; expected remaining demand 0.00 rooms; 16 days to arrival.,HOLD,0.0,349.17,0.0,0.0,0.75,0.0
2026-08-16,2761,Camera  Standard,14,13,1,92.85714285714286,16,14,10.0,13.0,30.0,1.0,313.59076923076924,182.36966069897085,243.69322809750733,-22.289412824465124,HOLD_HIGH,0.0,313.59076923076924,0.0,0.0,0.0,HIGH,False,OTB saturation 92.9%; pace vs historical 30.0% at ~14d horizon; ADR 313.59 vs historical high 243.69; expected remaining demand 1.00 rooms; 16 days to arrival.,HOLD_HIGH,0.0,313.59076923076924,0.0,0.0,1.0,0.0
2026-08-15,5376,Villino Double,1,1,0,100.0,15,14,1.0,1.0,0.0,0.0,415.83,,,,HOLD,0.0,415.83,0.0,0.0,0.0,MEDIUM,False,OTB saturation 100.0%; pace vs historical 0.0% at ~14d horizon; ADR 415.83 vs historical high nan; expected remaining demand 0.00 rooms; 15 days to arrival.,HOLD,0.0,415.83,0.0,0.0,0.75,0.0
2026-08-15,5375,Villino 2Ten,1,1,0,100.0,15,14,1.0,1.0,0.0,0.0,359.0,,,,HOLD,0.0,359.0,0.0,0.0,0.0,MEDIUM,False,OTB saturation 100.0%; pace vs historical 0.0% at ~14d horizon; ADR 359.00 vs historical high nan; expected remaining demand 0.00 rooms; 15 days to arrival.,HOLD,0.0,359.0,0.0,0.0,0.75,0.0
2026-08-15,2762,Camera Superior,8,8,0,100.0,15,14,6.0,9.0,33.333333333333336,0.0,183.26875,270.1359016393443,275.0167213114754,50.061983459523454,INCREASE,15.0,210.7590625,27.490312499999987,0.0,13.043478260869556,HIGH,False,OTB saturation 100.0%; pace vs historical 33.3% at ~14d horizon; ADR 183.27 vs historical high 275.02; expected remaining demand 0.00 rooms; 15 days to arrival.,INCREASE,15.0,210.7590625,27.490312499999987,0.0,1.0,0.0
2026-08-15,2761,Camera  Standard,14,12,2,85.71428571428571,15,14,10.0,13.0,20.0,2.0,297.8275,182.36966069897085,243.69322809750733,-18.17638461945007,HOLD_HIGH,0.0,297.8275,0.0,0.0,0.0,HIGH,False,OTB saturation 85.7%; pace vs historical 20.0% at ~14d horizon; ADR 297.83 vs historical high 243.69; expected remaining demand 2.00 rooms; 15 days to arrival.,HOLD_HIGH,0.0,297.8275,0.0,0.0,1.0,0.0
2026-08-15,2765,Appartamento Area Piscina,18,17,1,94.44444444444444,15,14,14.0,16.0,21.428571428571427,1.0,310.1941176470588,258.28173163709926,286.63732878151257,-7.59420876328459,HOLD_HIGH,0.0,310.1941176470588,0.0,0.0,0.0,HIGH,False,OTB saturation 94.4%; pace vs historical 21.4% at ~14d horizon; ADR 310.19 vs historical high 286.64; expected remaining demand 1.00 rooms; 15 days to arrival.,HOLD_HIGH,0.0,310.1941176470588,0.0,0.0,1.0,0.0
2026-08-14,5376,Villino Double,1,1,0,100.0,14,14,1.0,1.0,0.0,0.0,415.83,,,,HOLD,0.0,415.83,0.0,0.0,0.0,MEDIUM,False,OTB saturation 100.0%; pace vs historical 0.0% at ~14d horizon; ADR 415.83 vs historical high nan; expected remaining demand 0.00 rooms; 14 days to arrival.,HOLD,0.0,415.83,0.0,0.0,0.75,0.0
2026-08-14,5375,Villino 2Ten,1,1,0,100.0,14,14,1.0,1.0,0.0,0.0,359.0,,,,HOLD,0.0,359.0,0.0,0.0,0.0,MEDIUM,False,OTB saturation 100.0%; pace vs historical 0.0% at ~14d horizon; ADR 359.00 vs historical high nan; expected remaining demand 0.00 rooms; 14 days to arrival.,HOLD,0.0,359.0,0.0,0.0,0.75,0.0
2026-08-21,5376,Villino Double,1,1,0,100.0,21,14,1.0,1.0,0.0,0.0,418.27,,,,HOLD,0.0,418.27,0.0,0.0,0.0,MEDIUM,False,OTB saturation 100.0%; pace vs historical 0.0% at ~14d horizon; ADR 418.27 vs historical high nan; expected remaining demand 0.00 rooms; 21 days to arrival.,HOLD,0.0,418.27,0.0,0.0,0.75,0.0
2026-08-21,5375,Villino 2Ten,1,1,0,100.0,21,14,1.0,1.0,0.0,0.0,228.57,,,,HOLD,0.0,228.57,0.0,0.0,0.0,MEDIUM,False,OTB saturation 100.0%; pace vs historical 0.0% at ~14d horizon; ADR 228.57 vs historical high nan; expected remaining demand 0.00 rooms; 21 days to arrival.,HOLD,0.0,228.57,0.0,0.0,0.75,0.0
2026-08-21,2762,Camera Superior,8,7,1,87.5,21,14,6.0,9.0,16.666666666666668,1.0,306.93142857142857,270.1359016393443,275.0167213114754,-10.397992609781252,HOLD_HIGH,0.0,306.93142857142857,0.0,0.0,0.0,HIGH,False,OTB saturation 87.5%; pace vs historical 16.7% at ~14d horizon; ADR 306.93 vs historical high 275.02; expected remaining demand 1.00 rooms; 21 days to arrival.,HOLD_HIGH,0.0,306.93142857142857,0.0,0.0,1.0,0.0
2026-08-21,2763,Camera Deluxe,5,3,2,60.0,21,14,4.0,5.0,-25.0,0.75,307.5833333333333,296.5486111111111,296.5486111111111,-3.5875553147295243,HOLD,0.0,307.5833333333333,0.0,0.0,0.0,HIGH,False,OTB saturation 60.0%; pace vs historical -25.0% at ~14d horizon; ADR 307.58 vs historical high 296.55; expected remaining demand 0.75 rooms; 21 days to arrival.,HOLD,0.0,307.5833333333333,0.0,0.0,1.0,0.0
2026-08-21,2761,Camera  Standard,14,13,1,92.85714285714286,21,14,10.0,13.0,30.0,1.0,312.6546153846154,182.36966069897085,243.69322809750733,-22.056730940074075,HOLD_HIGH,0.0,312.6546153846154,0.0,0.0,0.0,HIGH,False,OTB saturation 92.9%; pace vs historical 30.0% at ~14d horizon; ADR 312.65 vs historical high 243.69; expected remaining demand 1.00 rooms; 21 days to arrival.,HOLD_HIGH,0.0,312.6546153846154,0.0,0.0,1.0,0.0
2026-08-20,5376,Villino Double,1,1,0,100.0,20,14,1.0,1.0,0.0,0.0,418.27,,,,HOLD,0.0,418.27,0.0,0.0,0.0,MEDIUM,False,OTB saturation 100.0%; pace vs historical 0.0% at ~14d horizon; ADR 418.27 vs historical high nan; expected remaining demand 0.00 rooms; 20 days to arrival.,HOLD,0.0,418.27,0.0,0.0,0.75,0.0
2026-08-20,5375,Villino 2Ten,1,1,0,100.0,20,14,1.0,1.0,0.0,0.0,228.57,,,,HOLD,0.0,228.57,0.0,0.0,0.0,MEDIUM,False,OTB saturation 100.0%; pace vs historical 0.0% at ~14d horizon; ADR 228.57 vs historical high nan; expected remaining demand 0.00 rooms; 20 days to arrival.,HOLD,0.0,228.57,0.0,0.0,0.75,0.0
2026-08-20,2762,Camera Superior,8,7,1,87.5,20,14,6.0,9.0,16.666666666666668,1.0,306.93142857142857,270.1359016393443,275.0167213114754,-10.397992609781252,HOLD_HIGH,0.0,306.93142857142857,0.0,0.0,0.0,HIGH,False,OTB saturation 87.5%; pace vs historical 16.7% at ~14d horizon; ADR 306.93 vs historical high 275.02; expected remaining demand 1.00 rooms; 20 days to arrival.,HOLD_HIGH,0.0,306.93142857142857,0.0,0.0,1.0,0.0
2026-08-20,2763,Camera Deluxe,5,3,2,60.0,20,14,4.0,5.0,-25.0,0.75,307.5833333333333,296.5486111111111,296.5486111111111,-3.5875553147295243,HOLD,0.0,307.5833333333333,0.0,0.0,0.0,HIGH,False,OTB saturation 60.0%; pace vs historical -25.0% at ~14d horizon; ADR 307.58 vs historical high 296.55; expected remaining demand 0.75 rooms; 20 days to arrival.,HOLD,0.0,307.5833333333333,0.0,0.0,1.0,0.0
2026-08-20,2761,Camera  Standard,14,13,1,92.85714285714286,20,14,10.0,13.0,30.0,1.0,308.2584615384616,182.36966069897085,243.69322809750733,-20.945161770652128,HOLD_HIGH,0.0,308.2584615384616,0.0,0.0,0.0,HIGH,False,OTB saturation 92.9%; pace vs historical 30.0% at ~14d horizon; ADR 308.26 vs historical high 243.69; expected remaining demand 1.00 rooms; 20 days to arrival.,HOLD_HIGH,0.0,308.2584615384616,0.0,0.0,1.0,0.0
2026-08-19,5376,Villino Double,1,1,0,100.0,19,14,1.0,1.0,0.0,0.0,418.27,,,,HOLD,0.0,418.27,0.0,0.0,0.0,MEDIUM,False,OTB saturation 100.0%; pace vs historical 0.0% at ~14d horizon; ADR 418.27 vs historical high nan; expected remaining demand 0.00 rooms; 19 days to arrival.,HOLD,0.0,418.27,0.0,0.0,0.75,0.0
2026-08-19,2763,Camera Deluxe,5,3,2,60.0,19,14,4.0,5.0,-25.0,0.75,307.5833333333333,296.5486111111111,296.5486111111111,-3.5875553147295243,HOLD,0.0,307.5833333333333,0.0,0.0,0.0,HIGH,False,OTB saturation 60.0%; pace vs historical -25.0% at ~14d horizon; ADR 307.58 vs historical high 296.55; expected remaining demand 0.75 rooms; 19 days to arrival.,HOLD,0.0,307.5833333333333,0.0,0.0,1.0,0.0
2026-08-19,2761,Camera  Standard,14,14,0,100.0,19,14,10.0,13.0,40.0,0.0,312.2057142857143,182.36966069897085,243.69322809750733,-21.94466118115568,HOLD_HIGH,0.0,312.2057142857143,0.0,0.0,0.0,MEDIUM,False,OTB saturation 100.0%; pace vs historical 40.0% at ~14d horizon; ADR 312.21 vs historical high 243.69; expected remaining demand 0.00 rooms; 19 days to arrival.,HOLD_HIGH,0.0,312.2057142857143,0.0,0.0,0.75,0.0
2026-08-18,5376,Villino Double,1,1,0,100.0,18,14,1.0,1.0,0.0,0.0,418.27,,,,HOLD,0.0,418.27,0.0,0.0,0.0,MEDIUM,False,OTB saturation 100.0%; pace vs historical 0.0% at ~14d horizon; ADR 418.27 vs historical high nan; expected remaining demand 0.00 rooms; 18 days to arrival.,HOLD,0.0,418.27,0.0,0.0,0.75,0.0
2026-08-18,5375,Villino 2Ten,1,1,0,100.0,18,14,1.0,1.0,0.0,0.0,349.16,,,,HOLD,0.0,349.16,0.0,0.0,0.0,MEDIUM,False,OTB saturation 100.0%; pace vs historical 0.0% at ~14d horizon; ADR 349.16 vs historical high nan; expected remaining demand 0.00 rooms; 18 days to arrival.,HOLD,0.0,349.16,0.0,0.0,0.75,0.0
2026-08-18,2763,Camera Deluxe,5,4,1,80.0,18,14,4.0,5.0,0.0,1.0,394.84000000000003,296.5486111111111,296.5486111111111,-24.893979558527235,HOLD_HIGH,0.0,394.84000000000003,0.0,0.0,0.0,HIGH,False,OTB saturation 80.0%; pace vs historical 0.0% at ~14d horizon; ADR 394.84 vs historical high 296.55; expected remaining demand 1.00 rooms; 18 days to arrival.,HOLD_HIGH,0.0,394.84000000000003,0.0,0.0,1.0,0.0
2026-08-24,2763,Camera Deluxe,5,2,3,40.0,24,30,3.0,5.0,-33.333333333333336,1.3333333333333333,228.57,296.5486111111111,296.5486111111111,29.740828241287616,HOLD,0.0,228.57,0.0,0.0,0.0,HIGH,False,OTB saturation 40.0%; pace vs historical -33.3% at ~30d horizon; ADR 228.57 vs historical high 296.55; expected remaining demand 1.33 rooms; 24 days to arrival.,HOLD,0.0,228.57,0.0,0.0,1.0,0.0
2026-08-24,2761,Camera  Standard,14,10,4,71.42857142857143,24,30,9.0,13.0,11.11111111111111,3.3333333333333335,288.416,182.36966069897085,243.69322809750733,-15.506342194085166,HOLD_HIGH,0.0,288.416,0.0,0.0,0.0,HIGH,False,OTB saturation 71.4%; pace vs historical 11.1% at ~30d horizon; ADR 288.42 vs historical high 243.69; expected remaining demand 3.33 rooms; 24 days to arrival.,HOLD_HIGH,0.0,288.416,0.0,0.0,1.0,0.0
2026-08-24,2765,Appartamento Area Piscina,18,7,11,38.888888888888886,24,30,12.0,16.0,-41.666666666666664,2.4,260.2085714285714,258.28173163709926,286.63732878151257,10.1567589445054,HOLD,0.0,260.2085714285714,0.0,0.0,0.0,HIGH,False,OTB saturation 38.9%; pace vs historical -41.7% at ~30d horizon; ADR 260.21 vs historical high 286.64; expected remaining demand 2.40 rooms; 24 days to arrival.,HOLD,0.0,260.2085714285714,0.0,0.0,1.0,0.0
2026-08-24,2764,Appartamento Area Giardino,28,20,8,71.42857142857143,24,30,28.0,29.0,-28.571428571428573,1.4285714285714284,179.69850000000002,173.68628159445407,244.59286925925926,36.11291650139496,HOLD,0.0,179.69850000000002,0.0,0.0,0.0,HIGH,False,OTB saturation 71.4%; pace vs historical -28.6% at ~30d horizon; ADR 179.70 vs historical high 244.59; expected remaining demand 1.43 rooms; 24 days to arrival.,HOLD,0.0,179.69850000000002,0.0,0.0,1.0,0.0
2026-08-23,5375,Villino 2Ten,1,1,0,100.0,23,30,1.0,1.0,0.0,0.0,228.57,,,,HOLD,0.0,228.57,0.0,0.0,0.0,MEDIUM,False,OTB saturation 100.0%; pace vs historical 0.0% at ~30d horizon; ADR 228.57 vs historical high nan; expected remaining demand 0.00 rooms; 23 days to arrival.,HOLD,0.0,228.57,0.0,0.0,0.75,0.0
2026-08-23,2762,Camera Superior,8,6,2,75.0,23,30,5.0,9.0,20.0,2.0,284.91,270.1359016393443,275.0167213114754,-3.4724224100679573,HOLD,0.0,284.91,0.0,0.0,0.0,HIGH,False,OTB saturation 75.0%; pace vs historical 20.0% at ~30d horizon; ADR 284.91 vs historical high 275.02; expected remaining demand 2.00 rooms; 23 days to arrival.,HOLD,0.0,284.91,0.0,0.0,1.0,0.0
2026-08-23,2763,Camera Deluxe,5,2,3,40.0,23,30,3.0,5.0,-33.333333333333336,1.3333333333333333,228.57,296.5486111111111,296.5486111111111,29.740828241287616,HOLD,0.0,228.57,0.0,0.0,0.0,HIGH,False,OTB saturation 40.0%; pace vs historical -33.3% at ~30d horizon; ADR 228.57 vs historical high 296.55; expected remaining demand 1.33 rooms; 23 days to arrival.,HOLD,0.0,228.57,0.0,0.0,1.0,0.0
2026-08-23,2761,Camera  Standard,14,10,4,71.42857142857143,23,30,9.0,13.0,11.11111111111111,3.3333333333333335,290.613,182.36966069897085,243.69322809750733,-16.14510428043228,HOLD_HIGH,0.0,290.613,0.0,0.0,0.0,HIGH,False,OTB saturation 71.4%; pace vs historical 11.1% at ~30d horizon; ADR 290.61 vs historical high 243.69; expected remaining demand 3.33 rooms; 23 days to arrival.,HOLD_HIGH,0.0,290.613,0.0,0.0,1.0,0.0
2026-08-23,2765,Appartamento Area Piscina,18,7,11,38.888888888888886,23,30,12.0,16.0,-41.666666666666664,2.4,260.2085714285714,258.28173163709926,286.63732878151257,10.1567589445054,HOLD,0.0,260.2085714285714,0.0,0.0,0.0,HIGH,False,OTB saturation 38.9%; pace vs historical -41.7% at ~30d horizon; ADR 260.21 vs historical high 286.64; expected remaining demand 2.40 rooms; 23 days to arrival.,HOLD,0.0,260.2085714285714,0.0,0.0,1.0,0.0
2026-08-23,2764,Appartamento Area Giardino,28,21,7,75.0,23,30,28.0,29.0,-25.0,1.5,188.23,173.68628159445407,244.59286925925926,29.943616458194377,HOLD,0.0,188.23,0.0,0.0,0.0,HIGH,False,OTB saturation 75.0%; pace vs historical -25.0% at ~30d horizon; ADR 188.23 vs historical high 244.59; expected remaining demand 1.50 rooms; 23 days to arrival.,HOLD,0.0,188.23,0.0,0.0,1.0,0.0
2026-08-22,5375,Villino 2Ten,1,1,0,100.0,22,30,1.0,1.0,0.0,0.0,228.57,,,,HOLD,0.0,228.57,0.0,0.0,0.0,MEDIUM,False,OTB saturation 100.0%; pace vs historical 0.0% at ~30d horizon; ADR 228.57 vs historical high nan; expected remaining demand 0.00 rooms; 22 days to arrival.,HOLD,0.0,228.57,0.0,0.0,0.75,0.0
2026-08-22,2762,Camera Superior,8,7,1,87.5,22,30,5.0,9.0,40.0,1.0,306.93142857142857,270.1359016393443,275.0167213114754,-10.397992609781252,HOLD_HIGH,0.0,306.93142857142857,0.0,0.0,0.0,HIGH,False,OTB saturation 87.5%; pace vs historical 40.0% at ~30d horizon; ADR 306.93 vs historical high 275.02; expected remaining demand 1.00 rooms; 22 days to arrival.,HOLD_HIGH,0.0,306.93142857142857,0.0,0.0,1.0,0.0
2026-08-22,2763,Camera Deluxe,5,3,2,60.0,22,30,3.0,5.0,0.0,2.0,293.2966666666667,296.5486111111111,296.5486111111111,1.1087560187447538,HOLD,0.0,293.2966666666667,0.0,0.0,0.0,HIGH,False,OTB saturation 60.0%; pace vs historical 0.0% at ~30d horizon; ADR 293.30 vs historical high 296.55; expected remaining demand 2.00 rooms; 22 days to arrival.,HOLD,0.0,293.2966666666667,0.0,0.0,1.0,0.0
2026-08-22,2761,Camera  Standard,14,14,0,100.0,22,30,9.0,13.0,55.55555555555556,0.0,293.3564285714286,182.36966069897085,243.69322809750733,-16.929303617366916,HOLD_HIGH,0.0,293.3564285714286,0.0,0.0,0.0,MEDIUM,False,OTB saturation 100.0%; pace vs historical 55.6% at ~30d horizon; ADR 293.36 vs historical high 243.69; expected remaining demand 0.00 rooms; 22 days to arrival.,HOLD_HIGH,0.0,293.3564285714286,0.0,0.0,0.75,0.0
2026-08-22,2765,Appartamento Area Piscina,18,17,1,94.44444444444444,22,30,12.0,16.0,41.666666666666664,1.0,377.1864705882353,258.28173163709926,286.63732878151257,-24.00646599691347,HOLD_HIGH,0.0,377.1864705882353,0.0,0.0,0.0,HIGH,False,OTB saturation 94.4%; pace vs historical 41.7% at ~30d horizon; ADR 377.19 vs historical high 286.64; expected remaining demand 1.00 rooms; 22 days to arrival.,HOLD_HIGH,0.0,377.1864705882353,0.0,0.0,1.0,0.0
2026-08-22,2764,Appartamento Area Giardino,28,22,6,78.57142857142857,22,30,28.0,29.0,-21.428571428571427,1.5714285714285714,188.10181818181817,173.68628159445407,244.59286925925926,30.03216642108007,HOLD,0.0,188.10181818181817,0.0,0.0,0.0,HIGH,False,OTB saturation 78.6%; pace vs historical -21.4% at ~30d horizon; ADR 188.10 vs historical high 244.59; expected remaining demand 1.57 rooms; 22 days to arrival.,HOLD,0.0,188.10181818181817,0.0,0.0,1.0,0.0
2026-08-27,2765,Appartamento Area Piscina,18,5,13,27.77777777777778,27,30,12.0,16.0,-58.333333333333336,2.4,195.404,258.28173163709926,286.63732878151257,46.68959119645073,PROTECT_VOLUME,0.0,195.404,0.0,0.0,0.0,HIGH,False,OTB saturation 27.8%; pace vs historical -58.3% at ~30d horizon; ADR 195.40 vs historical high 286.64; expected remaining demand 2.40 rooms; 27 days to arrival.,PROTECT_VOLUME,0.0,195.404,0.0,0.0,1.0,0.0
2026-08-27,2764,Appartamento Area Giardino,28,19,9,67.85714285714286,27,30,28.0,29.0,-32.142857142857146,1.3571428571428572,166.84052631578948,173.68628159445407,244.59286925925926,46.60279169600741,HOLD,0.0,166.84052631578948,0.0,0.0,0.0,HIGH,False,OTB saturation 67.9%; pace vs historical -32.1% at ~30d horizon; ADR 166.84 vs historical high 244.59; expected remaining demand 1.36 rooms; 27 days to arrival.,HOLD,0.0,166.84052631578948,0.0,0.0,1.0,0.0
2026-08-26,5375,Villino 2Ten,1,1,0,100.0,26,30,1.0,1.0,0.0,0.0,228.57,,,,HOLD,0.0,228.57,0.0,0.0,0.0,MEDIUM,False,OTB saturation 100.0%; pace vs historical 0.0% at ~30d horizon; ADR 228.57 vs historical high nan; expected remaining demand 0.00 rooms; 26 days to arrival.,HOLD,0.0,228.57,0.0,0.0,0.75,0.0
2026-08-26,2762,Camera Superior,8,5,3,62.5,26,30,5.0,9.0,0.0,3.0,309.11400000000003,270.1359016393443,275.0167213114754,-11.030648462549292,HOLD_HIGH,0.0,309.11400000000003,0.0,0.0,0.0,HIGH,False,OTB saturation 62.5%; pace vs historical 0.0% at ~30d horizon; ADR 309.11 vs historical high 275.02; expected remaining demand 3.00 rooms; 26 days to arrival.,HOLD_HIGH,0.0,309.11400000000003,0.0,0.0,1.0,0.0
2026-08-26,2763,Camera Deluxe,5,2,3,40.0,26,30,3.0,5.0,-33.333333333333336,1.3333333333333333,228.57,296.5486111111111,296.5486111111111,29.740828241287616,HOLD,0.0,228.57,0.0,0.0,0.0,HIGH,False,OTB saturation 40.0%; pace vs historical -33.3% at ~30d horizon; ADR 228.57 vs historical high 296.55; expected remaining demand 1.33 rooms; 26 days to arrival.,HOLD,0.0,228.57,0.0,0.0,1.0,0.0
2026-08-26,2761,Camera  Standard,14,7,7,50.0,26,30,9.0,13.0,-22.22222222222222,2.3333333333333335,283.45285714285717,182.36966069897085,243.69322809750733,-14.026893024158657,HOLD_HIGH,0.0,283.45285714285717,0.0,0.0,0.0,HIGH,False,OTB saturation 50.0%; pace vs historical -22.2% at ~30d horizon; ADR 283.45 vs historical high 243.69; expected remaining demand 2.33 rooms; 26 days to arrival.,HOLD_HIGH,0.0,283.45285714285717,0.0,0.0,1.0,0.0
2026-08-26,2765,Appartamento Area Piscina,18,6,12,33.333333333333336,26,30,12.0,16.0,-50.0,2.4,231.08,258.28173163709926,286.63732878151257,24.042465285404425,PROTECT_VOLUME,0.0,231.08,0.0,0.0,0.0,HIGH,False,OTB saturation 33.3%; pace vs historical -50.0% at ~30d horizon; ADR 231.08 vs historical high 286.64; expected remaining demand 2.40 rooms; 26 days to arrival.,PROTECT_VOLUME,0.0,231.08,0.0,0.0,1.0,0.0
2026-08-26,2764,Appartamento Area Giardino,28,19,9,67.85714285714286,26,30,28.0,29.0,-32.142857142857146,1.3571428571428572,166.84052631578948,173.68628159445407,244.59286925925926,46.60279169600741,HOLD,0.0,166.84052631578948,0.0,0.0,0.0,HIGH,False,OTB saturation 67.9%; pace vs historical -32.1% at ~30d horizon; ADR 166.84 vs historical high 244.59; expected remaining demand 1.36 rooms; 26 days to arrival.,HOLD,0.0,166.84052631578948,0.0,0.0,1.0,0.0
2026-09-14,2765,Appartamento Area Piscina,18,2,16,11.11111111111111,45,60,2.0,12.5,0.0,8.0,184.575,177.86176923076923,187.8418846153846,1.7699496764917309,HOLD,0.0,184.575,0.0,0.0,0.0,HIGH,False,OTB saturation 11.1%; pace vs historical 0.0% at ~60d horizon; ADR 184.57 vs historical high 187.84; expected remaining demand 8.00 rooms; 45 days to arrival.,HOLD,0.0,184.575,0.0,0.0,1.0,0.0
2026-09-14,2764,Appartamento Area Giardino,28,3,25,10.714285714285714,45,60,10.0,24.0,-70.0,9.0,166.62666666666667,176.53672875615763,189.36120920566503,13.644000083419042,HOLD,0.0,166.62666666666667,0.0,0.0,0.0,HIGH,False,OTB saturation 10.7%; pace vs historical -70.0% at ~60d horizon; ADR 166.63 vs historical high 189.36; expected remaining demand 9.00 rooms; 45 days to arrival.,HOLD,0.0,166.62666666666667,0.0,0.0,1.0,0.0
2026-08-01,2762,Camera Superior,8,8,0,100.0,1,0,9.0,9.0,-11.11111111111111,0.0,306.11625,270.1359016393443,275.0167213114754,-10.159385099132951,HOLD_HIGH,0.0,306.11625,0.0,0.0,0.0,MEDIUM,False,OTB saturation 100.0%; pace vs historical -11.1% at ~0d horizon; ADR 306.12 vs historical high 275.02; expected remaining demand 0.00 rooms; 1 days to arrival.,HOLD_HIGH,0.0,306.11625,0.0,0.0,0.75,0.0
2026-08-25,2761,Camera  Standard,14,10,4,71.42857142857143,25,30,9.0,13.0,11.11111111111111,3.3333333333333335,288.416,182.36966069897085,243.69322809750733,-15.506342194085166,HOLD_HIGH,0.0,288.416,0.0,0.0,0.0,HIGH,False,OTB saturation 71.4%; pace vs historical 11.1% at ~30d horizon; ADR 288.42 vs historical high 243.69; expected remaining demand 3.33 rooms; 25 days to arrival.,HOLD_HIGH,0.0,288.416,0.0,0.0,1.0,0.0
2026-08-25,2765,Appartamento Area Piscina,18,7,11,38.888888888888886,25,30,12.0,16.0,-41.666666666666664,2.4,260.2085714285714,258.28173163709926,286.63732878151257,10.1567589445054,HOLD,0.0,260.2085714285714,0.0,0.0,0.0,HIGH,False,OTB saturation 38.9%; pace vs historical -41.7% at ~30d horizon; ADR 260.21 vs historical high 286.64; expected remaining demand 2.40 rooms; 25 days to arrival.,HOLD,0.0,260.2085714285714,0.0,0.0,1.0,0.0
2026-08-25,2764,Appartamento Area Giardino,28,20,8,71.42857142857143,25,30,28.0,29.0,-28.571428571428573,1.4285714285714284,179.6975,173.68628159445407,244.59286925925926,36.11367395721102,HOLD,0.0,179.6975,0.0,0.0,0.0,HIGH,False,OTB saturation 71.4%; pace vs historical -28.6% at ~30d horizon; ADR 179.70 vs historical high 244.59; expected remaining demand 1.43 rooms; 25 days to arrival.,HOLD,0.0,179.6975,0.0,0.0,1.0,0.0
2026-08-24,5375,Villino 2Ten,1,1,0,100.0,24,30,1.0,1.0,0.0,0.0,228.57,,,,HOLD,0.0,228.57,0.0,0.0,0.0,MEDIUM,False,OTB saturation 100.0%; pace vs historical 0.0% at ~30d horizon; ADR 228.57 vs historical high nan; expected remaining demand 0.00 rooms; 24 days to arrival.,HOLD,0.0,228.57,0.0,0.0,0.75,0.0
2026-08-24,2762,Camera Superior,8,7,1,87.5,24,30,5.0,9.0,40.0,1.0,306.5128571428572,270.1359016393443,275.0167213114754,-10.275632847826115,HOLD_HIGH,0.0,306.5128571428572,0.0,0.0,0.0,HIGH,False,OTB saturation 87.5%; pace vs historical 40.0% at ~30d horizon; ADR 306.51 vs historical high 275.02; expected remaining demand 1.00 rooms; 24 days to arrival.,HOLD_HIGH,0.0,306.5128571428572,0.0,0.0,1.0,0.0
2026-08-30,2764,Appartamento Area Giardino,28,12,16,42.857142857142854,30,30,28.0,29.0,-57.142857142857146,1.2,114.5825,173.68628159445407,244.59286925925926,113.46442018568217,HOLD,0.0,114.5825,0.0,0.0,0.0,HIGH,False,OTB saturation 42.9%; pace vs historical -57.1% at ~30d horizon; ADR 114.58 vs historical high 244.59; expected remaining demand 1.20 rooms; 30 days to arrival.,HOLD,0.0,114.5825,0.0,0.0,1.0,0.0
2026-08-29,22380,OTA Camera Standard,3,2,1,66.66666666666667,29,30,,,,0.0,358.71000000000004,,,,HOLD,0.0,358.71000000000004,0.0,0.0,0.0,LOW,False,OTB saturation 66.7%; pace vs historical nan% at ~30d horizon; ADR 358.71 vs historical high nan; expected remaining demand 0.00 rooms; 29 days to arrival.,HOLD,0.0,358.71000000000004,0.0,0.0,0.5,0.0
2026-08-29,2762,Camera Superior,8,6,2,75.0,29,30,5.0,9.0,20.0,2.0,291.7733333333333,270.1359016393443,275.0167213114754,-5.743023815927171,HOLD_HIGH,0.0,291.7733333333333,0.0,0.0,0.0,HIGH,False,OTB saturation 75.0%; pace vs historical 20.0% at ~30d horizon; ADR 291.77 vs historical high 275.02; expected remaining demand 2.00 rooms; 29 days to arrival.,HOLD_HIGH,0.0,291.7733333333333,0.0,0.0,1.0,0.0
2026-08-29,2763,Camera Deluxe,5,1,4,20.0,29,30,3.0,5.0,-66.66666666666667,1.2,0.0,296.5486111111111,296.5486111111111,,PROTECT_VOLUME,0.0,0.0,0.0,0.0,0.0,HIGH,False,OTB saturation 20.0%; pace vs historical -66.7% at ~30d horizon; ADR 0.00 vs historical high 296.55; expected remaining demand 1.20 rooms; 29 days to arrival.,PROTECT_VOLUME,0.0,0.0,0.0,0.0,1.0,0.0
2026-08-29,2761,Camera  Standard,14,6,8,42.857142857142854,29,30,9.0,13.0,-33.333333333333336,2.0,272.6066666666666,182.36966069897085,243.69322809750733,-10.60628447671589,HOLD_HIGH,0.0,272.6066666666666,0.0,0.0,0.0,HIGH,False,OTB saturation 42.9%; pace vs historical -33.3% at ~30d horizon; ADR 272.61 vs historical high 243.69; expected remaining demand 2.00 rooms; 29 days to arrival.,HOLD_HIGH,0.0,272.6066666666666,0.0,0.0,1.0,0.0
2026-08-29,2765,Appartamento Area Piscina,18,6,12,33.333333333333336,29,30,12.0,16.0,-50.0,2.4,152.47166666666666,258.28173163709926,286.63732878151257,87.99383193479395,PROTECT_VOLUME,0.0,152.47166666666666,0.0,0.0,0.0,HIGH,False,OTB saturation 33.3%; pace vs historical -50.0% at ~30d horizon; ADR 152.47 vs historical high 286.64; expected remaining demand 2.40 rooms; 29 days to arrival.,PROTECT_VOLUME,0.0,152.47166666666666,0.0,0.0,1.0,0.0
2026-08-29,2764,Appartamento Area Giardino,28,15,13,53.57142857142857,29,30,28.0,29.0,-46.42857142857143,1.2,190.74200000000002,173.68628159445407,244.59286925925926,28.23230817505281,HOLD,0.0,190.74200000000002,0.0,0.0,0.0,HIGH,False,OTB saturation 53.6%; pace vs historical -46.4% at ~30d horizon; ADR 190.74 vs historical high 244.59; expected remaining demand 1.20 rooms; 29 days to arrival.,HOLD,0.0,190.74200000000002,0.0,0.0,1.0,0.0
2026-08-28,22380,OTA Camera Standard,3,1,2,33.333333333333336,28,30,,,,0.0,377.95,,,,HOLD,0.0,377.95,0.0,0.0,0.0,LOW,False,OTB saturation 33.3%; pace vs historical nan% at ~30d horizon; ADR 377.95 vs historical high nan; expected remaining demand 0.00 rooms; 28 days to arrival.,HOLD,0.0,377.95,0.0,0.0,0.5,0.0
2026-08-28,2762,Camera Superior,8,5,3,62.5,28,30,5.0,9.0,0.0,3.0,300.12199999999996,270.1359016393443,275.0167213114754,-8.36502445289734,HOLD_HIGH,0.0,300.12199999999996,0.0,0.0,0.0,HIGH,False,OTB saturation 62.5%; pace vs historical 0.0% at ~30d horizon; ADR 300.12 vs historical high 275.02; expected remaining demand 3.00 rooms; 28 days to arrival.,HOLD_HIGH,0.0,300.12199999999996,0.0,0.0,1.0,0.0
2026-08-28,2763,Camera Deluxe,5,2,3,40.0,28,30,3.0,5.0,-33.333333333333336,1.3333333333333333,228.575,296.5486111111111,296.5486111111111,29.737990205014153,HOLD,0.0,228.575,0.0,0.0,0.0,HIGH,False,OTB saturation 40.0%; pace vs historical -33.3% at ~30d horizon; ADR 228.57 vs historical high 296.55; expected remaining demand 1.33 rooms; 28 days to arrival.,HOLD,0.0,228.575,0.0,0.0,1.0,0.0
2026-08-28,2761,Camera  Standard,14,5,9,35.714285714285715,28,30,9.0,13.0,-44.44444444444444,1.7999999999999998,273.26599999999996,182.36966069897085,243.69322809750733,-10.821972694185385,HOLD_HIGH,0.0,273.26599999999996,0.0,0.0,0.0,HIGH,False,OTB saturation 35.7%; pace vs historical -44.4% at ~30d horizon; ADR 273.27 vs historical high 243.69; expected remaining demand 1.80 rooms; 28 days to arrival.,HOLD_HIGH,0.0,273.26599999999996,0.0,0.0,1.0,0.0
2026-08-28,2765,Appartamento Area Piscina,18,5,13,27.77777777777778,28,30,12.0,16.0,-58.333333333333336,2.4,195.404,258.28173163709926,286.63732878151257,46.68959119645073,PROTECT_VOLUME,0.0,195.404,0.0,0.0,0.0,HIGH,False,OTB saturation 27.8%; pace vs historical -58.3% at ~30d horizon; ADR 195.40 vs historical high 286.64; expected remaining demand 2.40 rooms; 28 days to arrival.,PROTECT_VOLUME,0.0,195.404,0.0,0.0,1.0,0.0
2026-08-28,2764,Appartamento Area Giardino,28,18,10,64.28571428571429,28,30,28.0,29.0,-35.714285714285715,1.2857142857142856,148.61,173.68628159445407,244.59286925925926,64.58708650781189,HOLD,0.0,148.61,0.0,0.0,0.0,HIGH,False,OTB saturation 64.3%; pace vs historical -35.7% at ~30d horizon; ADR 148.61 vs historical high 244.59; expected remaining demand 1.29 rooms; 28 days to arrival.,HOLD,0.0,148.61,0.0,0.0,1.0,0.0
2026-08-27,2762,Camera Superior,8,4,4,50.0,27,30,5.0,9.0,-20.0,2.4000000000000004,289.3275,270.1359016393443,275.0167213114754,-4.946221388746172,HOLD,0.0,289.3275,0.0,0.0,0.0,HIGH,False,OTB saturation 50.0%; pace vs historical -20.0% at ~30d horizon; ADR 289.33 vs historical high 275.02; expected remaining demand 2.40 rooms; 27 days to arrival.,HOLD,0.0,289.3275,0.0,0.0,1.0,0.0
2026-08-27,2763,Camera Deluxe,5,2,3,40.0,27,30,3.0,5.0,-33.333333333333336,1.3333333333333333,228.57,296.5486111111111,296.5486111111111,29.740828241287616,HOLD,0.0,228.57,0.0,0.0,0.0,HIGH,False,OTB saturation 40.0%; pace vs historical -33.3% at ~30d horizon; ADR 228.57 vs historical high 296.55; expected remaining demand 1.33 rooms; 27 days to arrival.,HOLD,0.0,228.57,0.0,0.0,1.0,0.0
2026-08-27,2761,Camera  Standard,14,6,8,42.857142857142854,27,30,9.0,13.0,-33.333333333333336,2.0,277.055,182.36966069897085,243.69322809750733,-12.0415700501679,HOLD_HIGH,0.0,277.055,0.0,0.0,0.0,HIGH,False,OTB saturation 42.9%; pace vs historical -33.3% at ~30d horizon; ADR 277.06 vs historical high 243.69; expected remaining demand 2.00 rooms; 27 days to arrival.,HOLD_HIGH,0.0,277.055,0.0,0.0,1.0,0.0
2026-09-02,2761,Camera  Standard,14,8,6,57.142857142857146,33,30,3.0,13.0,166.66666666666666,6.0,192.9975,120.1426729467177,130.2687984496124,-32.50233891650803,HOLD_HIGH,0.0,192.9975,0.0,0.0,0.0,HIGH,False,OTB saturation 57.1%; pace vs historical 166.7% at ~30d horizon; ADR 193.00 vs historical high 130.27; expected remaining demand 6.00 rooms; 33 days to arrival.,HOLD_HIGH,0.0,192.9975,0.0,0.0,1.0,0.0
2026-09-01,5375,Villino 2Ten,1,1,0,100.0,32,30,1.0,1.0,0.0,0.0,223.26,,,,HOLD,0.0,223.26,0.0,0.0,0.0,LOW,False,OTB saturation 100.0%; pace vs historical 0.0% at ~30d horizon; ADR 223.26 vs historical high nan; expected remaining demand 0.00 rooms; 32 days to arrival.,HOLD,0.0,223.26,0.0,0.0,0.5,0.0
2026-09-01,2767,Suite Familiare Vista Piscina,1,1,0,100.0,32,30,0.0,1.0,,0.0,340.88,,,,HOLD,0.0,340.88,0.0,0.0,0.0,MEDIUM,False,OTB saturation 100.0%; pace vs historical nan% at ~30d horizon; ADR 340.88 vs historical high nan; expected remaining demand 0.00 rooms; 32 days to arrival.,HOLD,0.0,340.88,0.0,0.0,0.75,0.0
2026-09-01,22380,OTA Camera Standard,3,1,2,33.333333333333336,32,30,,,,0.0,225.05,,,,HOLD,0.0,225.05,0.0,0.0,0.0,LOW,False,OTB saturation 33.3%; pace vs historical nan% at ~30d horizon; ADR 225.05 vs historical high nan; expected remaining demand 0.00 rooms; 32 days to arrival.,HOLD,0.0,225.05,0.0,0.0,0.5,0.0
2026-09-01,2762,Camera Superior,8,6,2,75.0,32,30,4.0,7.0,50.0,2.0,216.62,141.5725,141.5725,-34.64476964269228,HOLD_HIGH,0.0,216.62,0.0,0.0,0.0,HIGH,False,OTB saturation 75.0%; pace vs historical 50.0% at ~30d horizon; ADR 216.62 vs historical high 141.57; expected remaining demand 2.00 rooms; 32 days to arrival.,HOLD_HIGH,0.0,216.62,0.0,0.0,1.0,0.0
2026-09-01,2761,Camera  Standard,14,8,6,57.142857142857146,32,30,3.0,13.0,166.66666666666666,6.0,193.005,120.1426729467177,130.2687984496124,-32.504961814661584,HOLD_HIGH,0.0,193.005,0.0,0.0,0.0,HIGH,False,OTB saturation 57.1%; pace vs historical 166.7% at ~30d horizon; ADR 193.00 vs historical high 130.27; expected remaining demand 6.00 rooms; 32 days to arrival.,HOLD_HIGH,0.0,193.005,0.0,0.0,1.0,0.0
2026-08-31,5375,Villino 2Ten,1,1,0,100.0,31,30,1.0,1.0,0.0,0.0,223.26,,,,HOLD,0.0,223.26,0.0,0.0,0.0,MEDIUM,False,OTB saturation 100.0%; pace vs historical 0.0% at ~30d horizon; ADR 223.26 vs historical high nan; expected remaining demand 0.00 rooms; 31 days to arrival.,HOLD,0.0,223.26,0.0,0.0,0.75,0.0
2026-08-31,2767,Suite Familiare Vista Piscina,1,1,0,100.0,31,30,0.0,1.0,,0.0,311.02,,,,HOLD,0.0,311.02,0.0,0.0,0.0,MEDIUM,False,OTB saturation 100.0%; pace vs historical nan% at ~30d horizon; ADR 311.02 vs historical high nan; expected remaining demand 0.00 rooms; 31 days to arrival.,HOLD,0.0,311.02,0.0,0.0,0.75,0.0
2026-08-31,22380,OTA Camera Standard,3,1,2,33.333333333333336,31,30,,,,0.0,225.05,,,,HOLD,0.0,225.05,0.0,0.0,0.0,LOW,False,OTB saturation 33.3%; pace vs historical nan% at ~30d horizon; ADR 225.05 vs historical high nan; expected remaining demand 0.00 rooms; 31 days to arrival.,HOLD,0.0,225.05,0.0,0.0,0.5,0.0
2026-08-31,2761,Camera  Standard,14,8,6,57.142857142857146,31,30,9.0,13.0,-11.11111111111111,2.6666666666666665,193.005,182.36966069897085,243.69322809750733,26.262650240930203,HOLD,0.0,193.005,0.0,0.0,0.0,HIGH,False,OTB saturation 57.1%; pace vs historical -11.1% at ~30d horizon; ADR 193.00 vs historical high 243.69; expected remaining demand 2.67 rooms; 31 days to arrival.,HOLD,0.0,193.005,0.0,0.0,1.0,0.0
2026-08-31,2765,Appartamento Area Piscina,18,6,12,33.333333333333336,31,30,12.0,16.0,-50.0,2.4,156.89833333333334,258.28173163709926,286.63732878151257,82.68984933864554,HOLD,0.0,156.89833333333334,0.0,0.0,0.0,HIGH,False,OTB saturation 33.3%; pace vs historical -50.0% at ~30d horizon; ADR 156.90 vs historical high 286.64; expected remaining demand 2.40 rooms; 31 days to arrival.,HOLD,0.0,156.89833333333334,0.0,0.0,1.0,0.0
2026-08-31,2764,Appartamento Area Giardino,28,12,16,42.857142857142854,31,30,28.0,29.0,-57.142857142857146,1.2,104.52833333333335,173.68628159445407,244.59286925925926,133.99671788439423,HOLD,0.0,104.52833333333335,0.0,0.0,0.0,HIGH,False,OTB saturation 42.9%; pace vs historical -57.1% at ~30d horizon; ADR 104.53 vs historical high 244.59; expected remaining demand 1.20 rooms; 31 days to arrival.,HOLD,0.0,104.52833333333335,0.0,0.0,1.0,0.0
2026-08-30,5375,Villino 2Ten,1,1,0,100.0,30,30,1.0,1.0,0.0,0.0,260.39,,,,HOLD,0.0,260.39,0.0,0.0,0.0,MEDIUM,False,OTB saturation 100.0%; pace vs historical 0.0% at ~30d horizon; ADR 260.39 vs historical high nan; expected remaining demand 0.00 rooms; 30 days to arrival.,HOLD,0.0,260.39,0.0,0.0,0.75,0.0
2026-08-30,22380,OTA Camera Standard,3,1,2,33.333333333333336,30,30,,,,0.0,225.05,,,,HOLD,0.0,225.05,0.0,0.0,0.0,LOW,False,OTB saturation 33.3%; pace vs historical nan% at ~30d horizon; ADR 225.05 vs historical high nan; expected remaining demand 0.00 rooms; 30 days to arrival.,HOLD,0.0,225.05,0.0,0.0,0.5,0.0
2026-08-30,2761,Camera  Standard,14,8,6,57.142857142857146,30,30,9.0,13.0,-11.11111111111111,2.6666666666666665,202.135,182.36966069897085,243.69322809750733,20.559639892896993,HOLD,0.0,202.135,0.0,0.0,0.0,HIGH,False,OTB saturation 57.1%; pace vs historical -11.1% at ~30d horizon; ADR 202.13 vs historical high 243.69; expected remaining demand 2.67 rooms; 30 days to arrival.,HOLD,0.0,202.135,0.0,0.0,1.0,0.0
2026-08-30,2765,Appartamento Area Piscina,18,5,13,27.77777777777778,30,30,12.0,16.0,-58.333333333333336,2.4,141.56,258.28173163709926,286.63732878151257,102.48469114263389,PROTECT_VOLUME,0.0,141.56,0.0,0.0,0.0,HIGH,False,OTB saturation 27.8%; pace vs historical -58.3% at ~30d horizon; ADR 141.56 vs historical high 286.64; expected remaining demand 2.40 rooms; 30 days to arrival.,PROTECT_VOLUME,0.0,141.56,0.0,0.0,1.0,0.0
2026-09-05,2762,Camera Superior,8,5,3,62.5,36,30,4.0,7.0,25.0,2.5,222.086,141.5725,141.5725,-36.25329827184064,HOLD_HIGH,0.0,222.086,0.0,0.0,0.0,HIGH,False,OTB saturation 62.5%; pace vs historical 25.0% at ~30d horizon; ADR 222.09 vs historical high 141.57; expected remaining demand 2.50 rooms; 36 days to arrival.,HOLD_HIGH,0.0,222.086,0.0,0.0,1.0,0.0
2026-09-05,2761,Camera  Standard,14,8,6,57.142857142857146,36,30,3.0,13.0,166.66666666666666,6.0,185.255,120.1426729467177,130.2687984496124,-29.68135896487954,HOLD_HIGH,0.0,185.255,0.0,0.0,0.0,HIGH,False,OTB saturation 57.1%; pace vs historical 166.7% at ~30d horizon; ADR 185.25 vs historical high 130.27; expected remaining demand 6.00 rooms; 36 days to arrival.,HOLD_HIGH,0.0,185.255,0.0,0.0,1.0,0.0
2026-09-05,2765,Appartamento Area Piscina,18,7,11,38.888888888888886,36,30,4.0,12.5,75.0,7.699999999999999,183.24285714285716,177.86176923076923,187.8418846153846,2.509799041684889,HOLD,0.0,183.24285714285716,0.0,0.0,0.0,HIGH,False,OTB saturation 38.9%; pace vs historical 75.0% at ~30d horizon; ADR 183.24 vs historical high 187.84; expected remaining demand 7.70 rooms; 36 days to arrival.,HOLD,0.0,183.24285714285716,0.0,0.0,1.0,0.0
2026-09-05,2764,Appartamento Area Giardino,28,6,22,21.428571428571427,36,30,10.0,24.0,-40.0,7.8,256.82666666666665,176.53672875615763,189.36120920566503,-26.26886776853453,HOLD_HIGH,0.0,256.82666666666665,0.0,0.0,0.0,HIGH,False,OTB saturation 21.4%; pace vs historical -40.0% at ~30d horizon; ADR 256.83 vs historical high 189.36; expected remaining demand 7.80 rooms; 36 days to arrival.,HOLD_HIGH,0.0,256.82666666666665,0.0,0.0,1.0,0.0
2026-09-04,5376,Villino Double,1,1,0,100.0,35,30,1.0,1.0,0.0,0.0,244.66,,,,HOLD,0.0,244.66,0.0,0.0,0.0,MEDIUM,False,OTB saturation 100.0%; pace vs historical 0.0% at ~30d horizon; ADR 244.66 vs historical high nan; expected remaining demand 0.00 rooms; 35 days to arrival.,HOLD,0.0,244.66,0.0,0.0,0.75,0.0
2026-09-04,5375,Villino 2Ten,1,1,0,100.0,35,30,1.0,1.0,0.0,0.0,223.26,,,,HOLD,0.0,223.26,0.0,0.0,0.0,LOW,False,OTB saturation 100.0%; pace vs historical 0.0% at ~30d horizon; ADR 223.26 vs historical high nan; expected remaining demand 0.00 rooms; 35 days to arrival.,HOLD,0.0,223.26,0.0,0.0,0.5,0.0
2026-09-04,22380,OTA Camera Standard,3,3,0,100.0,35,30,,,,0.0,231.0533333333333,,,,HOLD,0.0,231.0533333333333,0.0,0.0,0.0,LOW,False,OTB saturation 100.0%; pace vs historical nan% at ~30d horizon; ADR 231.05 vs historical high nan; expected remaining demand 0.00 rooms; 35 days to arrival.,HOLD,0.0,231.0533333333333,0.0,0.0,0.5,0.0
2026-09-04,2762,Camera Superior,8,5,3,62.5,35,30,4.0,7.0,25.0,2.5,221.08199999999997,141.5725,141.5725,-35.96380528491691,HOLD_HIGH,0.0,221.08199999999997,0.0,0.0,0.0,HIGH,False,OTB saturation 62.5%; pace vs historical 25.0% at ~30d horizon; ADR 221.08 vs historical high 141.57; expected remaining demand 2.50 rooms; 35 days to arrival.,HOLD_HIGH,0.0,221.08199999999997,0.0,0.0,1.0,0.0
2026-09-04,2761,Camera  Standard,14,5,9,35.714285714285715,35,30,3.0,13.0,66.66666666666667,7.0,185.934,120.1426729467177,130.2687984496124,-29.938150930108314,HOLD_HIGH,0.0,185.934,0.0,0.0,0.0,HIGH,False,OTB saturation 35.7%; pace vs historical 66.7% at ~30d horizon; ADR 185.93 vs historical high 130.27; expected remaining demand 7.00 rooms; 35 days to arrival.,HOLD_HIGH,0.0,185.934,0.0,0.0,1.0,0.0
2026-09-03,5376,Villino Double,1,1,0,100.0,34,30,1.0,1.0,0.0,0.0,244.66,,,,HOLD,0.0,244.66,0.0,0.0,0.0,MEDIUM,False,OTB saturation 100.0%; pace vs historical 0.0% at ~30d horizon; ADR 244.66 vs historical high nan; expected remaining demand 0.00 rooms; 34 days to arrival.,HOLD,0.0,244.66,0.0,0.0,0.75,0.0
2026-09-03,5375,Villino 2Ten,1,1,0,100.0,34,30,1.0,1.0,0.0,0.0,223.26,,,,HOLD,0.0,223.26,0.0,0.0,0.0,LOW,False,OTB saturation 100.0%; pace vs historical 0.0% at ~30d horizon; ADR 223.26 vs historical high nan; expected remaining demand 0.00 rooms; 34 days to arrival.,HOLD,0.0,223.26,0.0,0.0,0.5,0.0
2026-09-03,2762,Camera Superior,8,6,2,75.0,34,30,4.0,7.0,50.0,2.0,216.61833333333334,141.5725,141.5725,-34.64426679797802,HOLD_HIGH,0.0,216.61833333333334,0.0,0.0,0.0,HIGH,False,OTB saturation 75.0%; pace vs historical 50.0% at ~30d horizon; ADR 216.62 vs historical high 141.57; expected remaining demand 2.00 rooms; 34 days to arrival.,HOLD_HIGH,0.0,216.61833333333334,0.0,0.0,1.0,0.0
2026-09-03,2761,Camera  Standard,14,6,8,42.857142857142854,34,30,3.0,13.0,100.0,7.0,181.53833333333333,120.1426729467177,130.2687984496124,-28.241712889135034,HOLD_HIGH,0.0,181.53833333333333,0.0,0.0,0.0,HIGH,False,OTB saturation 42.9%; pace vs historical 100.0% at ~30d horizon; ADR 181.54 vs historical high 130.27; expected remaining demand 7.00 rooms; 34 days to arrival.,HOLD_HIGH,0.0,181.53833333333333,0.0,0.0,1.0,0.0
2026-09-02,5376,Villino Double,1,1,0,100.0,33,30,1.0,1.0,0.0,0.0,244.66,,,,HOLD,0.0,244.66,0.0,0.0,0.0,MEDIUM,False,OTB saturation 100.0%; pace vs historical 0.0% at ~30d horizon; ADR 244.66 vs historical high nan; expected remaining demand 0.00 rooms; 33 days to arrival.,HOLD,0.0,244.66,0.0,0.0,0.75,0.0
2026-09-02,5375,Villino 2Ten,1,1,0,100.0,33,30,1.0,1.0,0.0,0.0,223.26,,,,HOLD,0.0,223.26,0.0,0.0,0.0,LOW,False,OTB saturation 100.0%; pace vs historical 0.0% at ~30d horizon; ADR 223.26 vs historical high nan; expected remaining demand 0.00 rooms; 33 days to arrival.,HOLD,0.0,223.26,0.0,0.0,0.5,0.0
2026-09-02,2762,Camera Superior,8,6,2,75.0,33,30,4.0,7.0,50.0,2.0,216.62166666666667,141.5725,141.5725,-34.64527247966886,HOLD_HIGH,0.0,216.62166666666667,0.0,0.0,0.0,HIGH,False,OTB saturation 75.0%; pace vs historical 50.0% at ~30d horizon; ADR 216.62 vs historical high 141.57; expected remaining demand 2.00 rooms; 33 days to arrival.,HOLD_HIGH,0.0,216.62166666666667,0.0,0.0,1.0,0.0
2026-09-08,2764,Appartamento Area Giardino,28,10,18,35.714285714285715,39,30,10.0,24.0,0.0,13.0,200.277,176.53672875615763,189.36120920566503,-5.450346667033635,HOLD_HIGH,0.0,200.277,0.0,0.0,0.0,HIGH,False,OTB saturation 35.7%; pace vs historical 0.0% at ~30d horizon; ADR 200.28 vs historical high 189.36; expected remaining demand 13.00 rooms; 39 days to arrival.,HOLD_HIGH,0.0,200.277,0.0,0.0,1.0,0.0
2026-09-07,5376,Villino Double,1,1,0,100.0,38,30,1.0,1.0,0.0,0.0,257.31,,,,HOLD,0.0,257.31,0.0,0.0,0.0,MEDIUM,False,OTB saturation 100.0%; pace vs historical 0.0% at ~30d horizon; ADR 257.31 vs historical high nan; expected remaining demand 0.00 rooms; 38 days to arrival.,HOLD,0.0,257.31,0.0,0.0,0.75,0.0
2026-09-07,3231,Suite Familiare,1,1,0,100.0,38,30,0.5,1.0,100.0,0.0,282.19,,,,HOLD,0.0,282.19,0.0,0.0,0.0,LOW,False,OTB saturation 100.0%; pace vs historical 100.0% at ~30d horizon; ADR 282.19 vs historical high nan; expected remaining demand 0.00 rooms; 38 days to arrival.,HOLD,0.0,282.19,0.0,0.0,0.5,0.0
2026-09-07,2762,Camera Superior,8,5,3,62.5,38,30,4.0,7.0,25.0,2.5,181.296,141.5725,141.5725,-21.910852969729063,HOLD_HIGH,0.0,181.296,0.0,0.0,0.0,HIGH,False,OTB saturation 62.5%; pace vs historical 25.0% at ~30d horizon; ADR 181.30 vs historical high 141.57; expected remaining demand 2.50 rooms; 38 days to arrival.,HOLD_HIGH,0.0,181.296,0.0,0.0,1.0,0.0
2026-09-07,2761,Camera  Standard,14,10,4,71.42857142857143,38,30,3.0,13.0,233.33333333333334,4.0,164.618,120.1426729467177,130.2687984496124,-20.866005874441186,HOLD_HIGH,0.0,164.618,0.0,0.0,0.0,HIGH,False,OTB saturation 71.4%; pace vs historical 233.3% at ~30d horizon; ADR 164.62 vs historical high 130.27; expected remaining demand 4.00 rooms; 38 days to arrival.,HOLD_HIGH,0.0,164.618,0.0,0.0,1.0,0.0
2026-09-07,2765,Appartamento Area Piscina,18,6,12,33.333333333333336,38,30,4.0,12.5,50.0,7.699999999999999,231.17333333333332,177.86176923076923,187.8418846153846,-18.744138042716312,HOLD_HIGH,0.0,231.17333333333332,0.0,0.0,0.0,HIGH,False,OTB saturation 33.3%; pace vs historical 50.0% at ~30d horizon; ADR 231.17 vs historical high 187.84; expected remaining demand 7.70 rooms; 38 days to arrival.,HOLD_HIGH,0.0,231.17333333333332,0.0,0.0,1.0,0.0
2026-09-07,2764,Appartamento Area Giardino,28,8,20,28.571428571428573,38,30,10.0,24.0,-20.0,10.4,220.62875,176.53672875615763,189.36120920566503,-14.17201556657279,HOLD_HIGH,0.0,220.62875,0.0,0.0,0.0,HIGH,False,OTB saturation 28.6%; pace vs historical -20.0% at ~30d horizon; ADR 220.63 vs historical high 189.36; expected remaining demand 10.40 rooms; 38 days to arrival.,HOLD_HIGH,0.0,220.62875,0.0,0.0,1.0,0.0
2026-09-06,5376,Villino Double,1,1,0,100.0,37,30,1.0,1.0,0.0,0.0,257.31,,,,HOLD,0.0,257.31,0.0,0.0,0.0,MEDIUM,False,OTB saturation 100.0%; pace vs historical 0.0% at ~30d horizon; ADR 257.31 vs historical high nan; expected remaining demand 0.00 rooms; 37 days to arrival.,HOLD,0.0,257.31,0.0,0.0,0.75,0.0
2026-09-06,3231,Suite Familiare,1,1,0,100.0,37,30,0.5,1.0,100.0,0.0,306.83,,,,HOLD,0.0,306.83,0.0,0.0,0.0,LOW,False,OTB saturation 100.0%; pace vs historical 100.0% at ~30d horizon; ADR 306.83 vs historical high nan; expected remaining demand 0.00 rooms; 37 days to arrival.,HOLD,0.0,306.83,0.0,0.0,0.5,0.0
2026-09-06,2762,Camera Superior,8,3,5,37.5,37,30,4.0,7.0,-25.0,1.5,197.22333333333336,141.5725,141.5725,-28.21716497371847,HOLD_HIGH,0.0,197.22333333333336,0.0,0.0,0.0,HIGH,False,OTB saturation 37.5%; pace vs historical -25.0% at ~30d horizon; ADR 197.22 vs historical high 141.57; expected remaining demand 1.50 rooms; 37 days to arrival.,HOLD_HIGH,0.0,197.22333333333336,0.0,0.0,1.0,0.0
2026-09-06,2761,Camera  Standard,14,8,6,57.142857142857146,37,30,3.0,13.0,166.66666666666666,6.0,174.4625,120.1426729467177,130.2687984496124,-25.331347166518647,HOLD_HIGH,0.0,174.4625,0.0,0.0,0.0,HIGH,False,OTB saturation 57.1%; pace vs historical 166.7% at ~30d horizon; ADR 174.46 vs historical high 130.27; expected remaining demand 6.00 rooms; 37 days to arrival.,HOLD_HIGH,0.0,174.4625,0.0,0.0,1.0,0.0
2026-09-06,2765,Appartamento Area Piscina,18,7,11,38.888888888888886,37,30,4.0,12.5,75.0,7.699999999999999,226.49714285714285,177.86176923076923,187.8418846153846,-17.066554462516574,HOLD_HIGH,0.0,226.49714285714285,0.0,0.0,0.0,HIGH,False,OTB saturation 38.9%; pace vs historical 75.0% at ~30d horizon; ADR 226.50 vs historical high 187.84; expected remaining demand 7.70 rooms; 37 days to arrival.,HOLD_HIGH,0.0,226.49714285714285,0.0,0.0,1.0,0.0
2026-09-06,2764,Appartamento Area Giardino,28,7,21,25.0,37,30,10.0,24.0,-30.0,9.1,224.0957142857143,176.53672875615763,189.36120920566503,-15.49985245847405,HOLD_HIGH,0.0,224.0957142857143,0.0,0.0,0.0,HIGH,False,OTB saturation 25.0%; pace vs historical -30.0% at ~30d horizon; ADR 224.10 vs historical high 189.36; expected remaining demand 9.10 rooms; 37 days to arrival.,HOLD_HIGH,0.0,224.0957142857143,0.0,0.0,1.0,0.0
2026-09-05,5376,Villino Double,1,1,0,100.0,36,30,1.0,1.0,0.0,0.0,244.66,,,,HOLD,0.0,244.66,0.0,0.0,0.0,MEDIUM,False,OTB saturation 100.0%; pace vs historical 0.0% at ~30d horizon; ADR 244.66 vs historical high nan; expected remaining demand 0.00 rooms; 36 days to arrival.,HOLD,0.0,244.66,0.0,0.0,0.75,0.0
2026-09-05,5375,Villino 2Ten,1,1,0,100.0,36,30,1.0,1.0,0.0,0.0,223.27,,,,HOLD,0.0,223.27,0.0,0.0,0.0,LOW,False,OTB saturation 100.0%; pace vs historical 0.0% at ~30d horizon; ADR 223.27 vs historical high nan; expected remaining demand 0.00 rooms; 36 days to arrival.,HOLD,0.0,223.27,0.0,0.0,0.5,0.0
2026-09-05,22380,OTA Camera Standard,3,3,0,100.0,36,30,,,,0.0,231.0533333333333,,,,HOLD,0.0,231.0533333333333,0.0,0.0,0.0,LOW,False,OTB saturation 100.0%; pace vs historical nan% at ~30d horizon; ADR 231.05 vs historical high nan; expected remaining demand 0.00 rooms; 36 days to arrival.,HOLD,0.0,231.0533333333333,0.0,0.0,0.5,0.0
2026-09-10,3231,Suite Familiare,1,1,0,100.0,41,30,0.5,1.0,100.0,0.0,282.19,,,,HOLD,0.0,282.19,0.0,0.0,0.0,LOW,False,OTB saturation 100.0%; pace vs historical 100.0% at ~30d horizon; ADR 282.19 vs historical high nan; expected remaining demand 0.00 rooms; 41 days to arrival.,HOLD,0.0,282.19,0.0,0.0,0.5,0.0
2026-09-10,2762,Camera Superior,8,4,4,50.0,41,30,4.0,7.0,0.0,2.0,158.4925,141.5725,141.5725,-10.675584018171216,HOLD_HIGH,0.0,158.4925,0.0,0.0,0.0,HIGH,False,OTB saturation 50.0%; pace vs historical 0.0% at ~30d horizon; ADR 158.49 vs historical high 141.57; expected remaining demand 2.00 rooms; 41 days to arrival.,HOLD_HIGH,0.0,158.4925,0.0,0.0,1.0,0.0
2026-09-10,2761,Camera  Standard,14,12,2,85.71428571428571,41,30,3.0,13.0,300.0,2.0,154.19083333333333,120.1426729467177,130.2687984496124,-15.514563587580927,HOLD_HIGH,0.0,154.19083333333333,0.0,0.0,0.0,HIGH,False,OTB saturation 85.7%; pace vs historical 300.0% at ~30d horizon; ADR 154.19 vs historical high 130.27; expected remaining demand 2.00 rooms; 41 days to arrival.,HOLD_HIGH,0.0,154.19083333333333,0.0,0.0,1.0,0.0
2026-09-10,2765,Appartamento Area Piscina,18,5,13,27.77777777777778,41,30,4.0,12.5,25.0,6.875,217.782,177.86176923076923,187.8418846153846,-13.747745628479585,HOLD_HIGH,0.0,217.782,0.0,0.0,0.0,HIGH,False,OTB saturation 27.8%; pace vs historical 25.0% at ~30d horizon; ADR 217.78 vs historical high 187.84; expected remaining demand 6.88 rooms; 41 days to arrival.,HOLD_HIGH,0.0,217.782,0.0,0.0,1.0,0.0
2026-09-10,2764,Appartamento Area Giardino,28,8,20,28.571428571428573,41,30,10.0,24.0,-20.0,10.4,165.10125,176.53672875615763,189.36120920566503,14.69398881332821,HOLD,0.0,165.10125,0.0,0.0,0.0,HIGH,False,OTB saturation 28.6%; pace vs historical -20.0% at ~30d horizon; ADR 165.10 vs historical high 189.36; expected remaining demand 10.40 rooms; 41 days to arrival.,HOLD,0.0,165.10125,0.0,0.0,1.0,0.0
2026-09-09,5376,Villino Double,1,1,0,100.0,40,30,1.0,1.0,0.0,0.0,257.3,,,,HOLD,0.0,257.3,0.0,0.0,0.0,MEDIUM,False,OTB saturation 100.0%; pace vs historical 0.0% at ~30d horizon; ADR 257.30 vs historical high nan; expected remaining demand 0.00 rooms; 40 days to arrival.,HOLD,0.0,257.3,0.0,0.0,0.75,0.0
2026-09-09,3231,Suite Familiare,1,1,0,100.0,40,30,0.5,1.0,100.0,0.0,282.19,,,,HOLD,0.0,282.19,0.0,0.0,0.0,LOW,False,OTB saturation 100.0%; pace vs historical 100.0% at ~30d horizon; ADR 282.19 vs historical high nan; expected remaining demand 0.00 rooms; 40 days to arrival.,HOLD,0.0,282.19,0.0,0.0,0.5,0.0
2026-09-09,2762,Camera Superior,8,4,4,50.0,40,30,4.0,7.0,0.0,2.0,158.4875,141.5725,141.5725,-10.672765991008767,HOLD_HIGH,0.0,158.4875,0.0,0.0,0.0,HIGH,False,OTB saturation 50.0%; pace vs historical 0.0% at ~30d horizon; ADR 158.49 vs historical high 141.57; expected remaining demand 2.00 rooms; 40 days to arrival.,HOLD_HIGH,0.0,158.4875,0.0,0.0,1.0,0.0
2026-09-09,2761,Camera  Standard,14,11,3,78.57142857142857,40,30,3.0,13.0,266.6666666666667,3.0,157.99,120.1426729467177,130.2687984496124,-17.546174789788978,HOLD_HIGH,0.0,157.99,0.0,0.0,0.0,HIGH,False,OTB saturation 78.6%; pace vs historical 266.7% at ~30d horizon; ADR 157.99 vs historical high 130.27; expected remaining demand 3.00 rooms; 40 days to arrival.,HOLD_HIGH,0.0,157.99,0.0,0.0,1.0,0.0
2026-09-09,2765,Appartamento Area Piscina,18,5,13,27.77777777777778,40,30,4.0,12.5,25.0,6.875,217.786,177.86176923076923,187.8418846153846,-13.749329793749554,HOLD_HIGH,0.0,217.786,0.0,0.0,0.0,HIGH,False,OTB saturation 27.8%; pace vs historical 25.0% at ~30d horizon; ADR 217.79 vs historical high 187.84; expected remaining demand 6.88 rooms; 40 days to arrival.,HOLD_HIGH,0.0,217.786,0.0,0.0,1.0,0.0
2026-09-09,2764,Appartamento Area Giardino,28,9,19,32.142857142857146,40,30,10.0,24.0,-10.0,11.700000000000001,183.85777777777778,176.53672875615763,189.36120920566503,2.9933090100431037,HOLD,0.0,183.85777777777778,0.0,0.0,0.0,HIGH,False,OTB saturation 32.1%; pace vs historical -10.0% at ~30d horizon; ADR 183.86 vs historical high 189.36; expected remaining demand 11.70 rooms; 40 days to arrival.,HOLD,0.0,183.85777777777778,0.0,0.0,1.0,0.0
2026-09-08,5376,Villino Double,1,1,0,100.0,39,30,1.0,1.0,0.0,0.0,257.31,,,,HOLD,0.0,257.31,0.0,0.0,0.0,MEDIUM,False,OTB saturation 100.0%; pace vs historical 0.0% at ~30d horizon; ADR 257.31 vs historical high nan; expected remaining demand 0.00 rooms; 39 days to arrival.,HOLD,0.0,257.31,0.0,0.0,0.75,0.0
2026-09-08,3231,Suite Familiare,1,1,0,100.0,39,30,0.5,1.0,100.0,0.0,282.19,,,,HOLD,0.0,282.19,0.0,0.0,0.0,LOW,False,OTB saturation 100.0%; pace vs historical 100.0% at ~30d horizon; ADR 282.19 vs historical high nan; expected remaining demand 0.00 rooms; 39 days to arrival.,HOLD,0.0,282.19,0.0,0.0,0.5,0.0
2026-09-08,2762,Camera Superior,8,4,4,50.0,39,30,4.0,7.0,0.0,2.0,158.49,141.5725,141.5725,-10.674175026815583,HOLD_HIGH,0.0,158.49,0.0,0.0,0.0,HIGH,False,OTB saturation 50.0%; pace vs historical 0.0% at ~30d horizon; ADR 158.49 vs historical high 141.57; expected remaining demand 2.00 rooms; 39 days to arrival.,HOLD_HIGH,0.0,158.49,0.0,0.0,1.0,0.0
2026-09-08,2761,Camera  Standard,14,12,2,85.71428571428571,39,30,3.0,13.0,300.0,2.0,160.20916666666668,120.1426729467177,130.2687984496124,-18.68829907801006,HOLD_HIGH,0.0,160.20916666666668,0.0,0.0,0.0,HIGH,False,OTB saturation 85.7%; pace vs historical 300.0% at ~30d horizon; ADR 160.21 vs historical high 130.27; expected remaining demand 2.00 rooms; 39 days to arrival.,HOLD_HIGH,0.0,160.20916666666668,0.0,0.0,1.0,0.0
2026-09-08,2765,Appartamento Area Piscina,18,5,13,27.77777777777778,39,30,4.0,12.5,25.0,6.875,238.01400000000004,177.86176923076923,187.8418846153846,-21.079480780380745,HOLD_HIGH,0.0,238.01400000000004,0.0,0.0,0.0,HIGH,False,OTB saturation 27.8%; pace vs historical 25.0% at ~30d horizon; ADR 238.01 vs historical high 187.84; expected remaining demand 6.88 rooms; 39 days to arrival.,HOLD_HIGH,0.0,238.01400000000004,0.0,0.0,1.0,0.0
2026-08-05,2764,Appartamento Area Giardino,28,28,0,100.0,5,7,28.0,29.0,0.0,0.0,138.27714285714288,173.68628159445407,244.59286925925926,76.88597276843755,TEST_INCREASE,15.0,159.0187142857143,20.741571428571433,0.0,13.043478260869568,HIGH,False,OTB saturation 100.0%; pace vs historical 0.0% at ~7d horizon; ADR 138.28 vs historical high 244.59; expected remaining demand 0.00 rooms; 5 days to arrival.,TEST_INCREASE,15.0,159.0187142857143,20.741571428571433,0.0,1.0,0.0
2026-08-04,5376,Villino Double,1,1,0,100.0,4,7,1.0,1.0,0.0,0.0,411.43,,,,HOLD,0.0,411.43,0.0,0.0,0.0,MEDIUM,False,OTB saturation 100.0%; pace vs historical 0.0% at ~7d horizon; ADR 411.43 vs historical high nan; expected remaining demand 0.00 rooms; 4 days to arrival.,HOLD,0.0,411.43,0.0,0.0,0.75,0.0
2026-08-04,2767,Suite Familiare Vista Piscina,1,1,0,100.0,4,7,1.0,1.0,0.0,0.0,602.85,,,,HOLD,0.0,602.85,0.0,0.0,0.0,MEDIUM,False,OTB saturation 100.0%; pace vs historical 0.0% at ~7d horizon; ADR 602.85 vs historical high nan; expected remaining demand 0.00 rooms; 4 days to arrival.,HOLD,0.0,602.85,0.0,0.0,0.75,0.0
2026-08-04,2762,Camera Superior,8,7,1,87.5,4,7,7.0,9.0,0.0,1.0,292.21,270.1359016393443,275.0167213114754,-5.883877584108885,HOLD_HIGH,0.0,292.21,0.0,0.0,0.0,HIGH,False,OTB saturation 87.5%; pace vs historical 0.0% at ~7d horizon; ADR 292.21 vs historical high 275.02; expected remaining demand 1.00 rooms; 4 days to arrival.,HOLD_HIGH,0.0,292.21,0.0,0.0,1.0,0.0
2026-08-04,2763,Camera Deluxe,5,4,1,80.0,4,7,4.5,5.0,-11.11111111111111,0.0,295.3525,296.5486111111111,296.5486111111111,0.40497747982870136,HOLD,0.0,295.3525,0.0,0.0,0.0,MEDIUM,False,OTB saturation 80.0%; pace vs historical -11.1% at ~7d horizon; ADR 295.35 vs historical high 296.55; expected remaining demand 0.00 rooms; 4 days to arrival.,HOLD,0.0,295.3525,0.0,0.0,0.75,0.0
2026-08-04,2765,Appartamento Area Piscina,18,13,5,72.22222222222223,4,7,16.0,16.0,-18.75,0.0,317.8646153846154,258.28173163709926,286.63732878151257,-9.824083931241567,HOLD_HIGH,0.0,317.8646153846154,0.0,0.0,0.0,MEDIUM,False,OTB saturation 72.2%; pace vs historical -18.8% at ~7d horizon; ADR 317.86 vs historical high 286.64; expected remaining demand 0.00 rooms; 4 days to arrival.,HOLD_HIGH,0.0,317.8646153846154,0.0,0.0,0.75,0.0
2026-08-03,5376,Villino Double,1,1,0,100.0,3,0,1.0,1.0,0.0,0.0,411.43,,,,HOLD,0.0,411.43,0.0,0.0,0.0,MEDIUM,False,OTB saturation 100.0%; pace vs historical 0.0% at ~0d horizon; ADR 411.43 vs historical high nan; expected remaining demand 0.00 rooms; 3 days to arrival.,HOLD,0.0,411.43,0.0,0.0,0.75,0.0
2026-09-12,2764,Appartamento Area Giardino,28,7,21,25.0,43,30,10.0,24.0,-30.0,9.1,179.97285714285712,176.53672875615763,189.36120920566503,5.216537766778751,HOLD,0.0,179.97285714285712,0.0,0.0,0.0,HIGH,False,OTB saturation 25.0%; pace vs historical -30.0% at ~30d horizon; ADR 179.97 vs historical high 189.36; expected remaining demand 9.10 rooms; 43 days to arrival.,HOLD,0.0,179.97285714285712,0.0,0.0,1.0,0.0
2026-09-11,5376,Villino Double,1,1,0,100.0,42,30,1.0,1.0,0.0,0.0,252.14,,,,HOLD,0.0,252.14,0.0,0.0,0.0,MEDIUM,False,OTB saturation 100.0%; pace vs historical 0.0% at ~30d horizon; ADR 252.14 vs historical high nan; expected remaining demand 0.00 rooms; 42 days to arrival.,HOLD,0.0,252.14,0.0,0.0,0.75,0.0
2026-09-11,2767,Suite Familiare Vista Piscina,1,1,0,100.0,42,30,0.0,1.0,,0.0,170.08,,,,HOLD,0.0,170.08,0.0,0.0,0.0,MEDIUM,False,OTB saturation 100.0%; pace vs historical nan% at ~30d horizon; ADR 170.08 vs historical high nan; expected remaining demand 0.00 rooms; 42 days to arrival.,HOLD,0.0,170.08,0.0,0.0,0.75,0.0
2026-09-11,3231,Suite Familiare,1,1,0,100.0,42,30,0.5,1.0,100.0,0.0,282.19,,,,HOLD,0.0,282.19,0.0,0.0,0.0,LOW,False,OTB saturation 100.0%; pace vs historical 100.0% at ~30d horizon; ADR 282.19 vs historical high nan; expected remaining demand 0.00 rooms; 42 days to arrival.,HOLD,0.0,282.19,0.0,0.0,0.5,0.0
2026-09-11,2762,Camera Superior,8,3,5,37.5,42,30,4.0,7.0,-25.0,1.5,162.72333333333333,141.5725,141.5725,-12.998033471946252,HOLD_HIGH,0.0,162.72333333333333,0.0,0.0,0.0,HIGH,False,OTB saturation 37.5%; pace vs historical -25.0% at ~30d horizon; ADR 162.72 vs historical high 141.57; expected remaining demand 1.50 rooms; 42 days to arrival.,HOLD_HIGH,0.0,162.72333333333333,0.0,0.0,1.0,0.0
2026-09-11,2761,Camera  Standard,14,12,2,85.71428571428571,42,30,3.0,13.0,300.0,2.0,153.08083333333335,120.1426729467177,130.2687984496124,-14.901953684853385,HOLD_HIGH,0.0,153.08083333333335,0.0,0.0,0.0,HIGH,False,OTB saturation 85.7%; pace vs historical 300.0% at ~30d horizon; ADR 153.08 vs historical high 130.27; expected remaining demand 2.00 rooms; 42 days to arrival.,HOLD_HIGH,0.0,153.08083333333335,0.0,0.0,1.0,0.0
2026-09-11,2765,Appartamento Area Piscina,18,4,14,22.22222222222222,42,30,4.0,12.5,0.0,5.5,204.57,177.86176923076923,187.8418846153846,-8.17720847857232,HOLD_HIGH,0.0,204.57,0.0,0.0,0.0,HIGH,False,OTB saturation 22.2%; pace vs historical 0.0% at ~30d horizon; ADR 204.57 vs historical high 187.84; expected remaining demand 5.50 rooms; 42 days to arrival.,HOLD_HIGH,0.0,204.57,0.0,0.0,1.0,0.0
2026-09-11,2764,Appartamento Area Giardino,28,8,20,28.571428571428573,42,30,10.0,24.0,-20.0,10.4,165.10125,176.53672875615763,189.36120920566503,14.69398881332821,HOLD,0.0,165.10125,0.0,0.0,0.0,HIGH,False,OTB saturation 28.6%; pace vs historical -20.0% at ~30d horizon; ADR 165.10 vs historical high 189.36; expected remaining demand 10.40 rooms; 42 days to arrival.,HOLD,0.0,165.10125,0.0,0.0,1.0,0.0
2026-09-10,2767,Suite Familiare Vista Piscina,1,1,0,100.0,41,30,0.0,1.0,,0.0,189.0,,,,HOLD,0.0,189.0,0.0,0.0,0.0,MEDIUM,False,OTB saturation 100.0%; pace vs historical nan% at ~30d horizon; ADR 189.00 vs historical high nan; expected remaining demand 0.00 rooms; 41 days to arrival.,HOLD,0.0,189.0,0.0,0.0,0.75,0.0
2026-09-17,2761,Camera  Standard,14,1,13,7.142857142857143,48,60,2.0,13.0,-50.0,4.2,99.04,120.1426729467177,130.2687984496124,31.531500857847732,HOLD,0.0,99.04,0.0,0.0,0.0,HIGH,False,OTB saturation 7.1%; pace vs historical -50.0% at ~60d horizon; ADR 99.04 vs historical high 130.27; expected remaining demand 4.20 rooms; 48 days to arrival.,HOLD,0.0,99.04,0.0,0.0,1.0,0.0
2026-09-13,2765,Appartamento Area Piscina,18,2,16,11.11111111111111,44,30,4.0,12.5,-50.0,3.3,184.575,177.86176923076923,187.8418846153846,1.7699496764917309,HOLD,0.0,184.575,0.0,0.0,0.0,HIGH,False,OTB saturation 11.1%; pace vs historical -50.0% at ~30d horizon; ADR 184.57 vs historical high 187.84; expected remaining demand 3.30 rooms; 44 days to arrival.,HOLD,0.0,184.575,0.0,0.0,1.0,0.0
2026-09-13,2764,Appartamento Area Giardino,28,4,24,14.285714285714286,44,30,10.0,24.0,-60.0,7.8,183.47500000000002,176.53672875615763,189.36120920566503,3.208180518144167,HOLD,0.0,183.47500000000002,0.0,0.0,0.0,HIGH,False,OTB saturation 14.3%; pace vs historical -60.0% at ~30d horizon; ADR 183.48 vs historical high 189.36; expected remaining demand 7.80 rooms; 44 days to arrival.,HOLD,0.0,183.47500000000002,0.0,0.0,1.0,0.0
2026-09-12,5376,Villino Double,1,1,0,100.0,43,30,1.0,1.0,0.0,0.0,252.14,,,,HOLD,0.0,252.14,0.0,0.0,0.0,MEDIUM,False,OTB saturation 100.0%; pace vs historical 0.0% at ~30d horizon; ADR 252.14 vs historical high nan; expected remaining demand 0.00 rooms; 43 days to arrival.,HOLD,0.0,252.14,0.0,0.0,0.75,0.0
2026-09-12,2767,Suite Familiare Vista Piscina,1,1,0,100.0,43,30,0.0,1.0,,0.0,170.08,,,,HOLD,0.0,170.08,0.0,0.0,0.0,MEDIUM,False,OTB saturation 100.0%; pace vs historical nan% at ~30d horizon; ADR 170.08 vs historical high nan; expected remaining demand 0.00 rooms; 43 days to arrival.,HOLD,0.0,170.08,0.0,0.0,0.75,0.0
2026-09-12,3231,Suite Familiare,1,1,0,100.0,43,30,0.5,1.0,100.0,0.0,282.22,,,,HOLD,0.0,282.22,0.0,0.0,0.0,LOW,False,OTB saturation 100.0%; pace vs historical 100.0% at ~30d horizon; ADR 282.22 vs historical high nan; expected remaining demand 0.00 rooms; 43 days to arrival.,HOLD,0.0,282.22,0.0,0.0,0.5,0.0
2026-09-12,2762,Camera Superior,8,3,5,37.5,43,30,4.0,7.0,-25.0,1.5,162.72666666666666,141.5725,141.5725,-12.999815641771479,HOLD_HIGH,0.0,162.72666666666666,0.0,0.0,0.0,HIGH,False,OTB saturation 37.5%; pace vs historical -25.0% at ~30d horizon; ADR 162.73 vs historical high 141.57; expected remaining demand 1.50 rooms; 43 days to arrival.,HOLD_HIGH,0.0,162.72666666666666,0.0,0.0,1.0,0.0
2026-09-12,2761,Camera  Standard,14,10,4,71.42857142857143,43,30,3.0,13.0,233.33333333333334,4.0,159.752,120.1426729467177,130.2687984496124,-18.45560716009039,HOLD_HIGH,0.0,159.752,0.0,0.0,0.0,HIGH,False,OTB saturation 71.4%; pace vs historical 233.3% at ~30d horizon; ADR 159.75 vs historical high 130.27; expected remaining demand 4.00 rooms; 43 days to arrival.,HOLD_HIGH,0.0,159.752,0.0,0.0,1.0,0.0
2026-09-12,2765,Appartamento Area Piscina,18,3,15,16.666666666666668,43,30,4.0,12.5,-25.0,4.125,210.0,177.86176923076923,187.8418846153846,-10.551483516483524,HOLD_HIGH,0.0,210.0,0.0,0.0,0.0,HIGH,False,OTB saturation 16.7%; pace vs historical -25.0% at ~30d horizon; ADR 210.00 vs historical high 187.84; expected remaining demand 4.12 rooms; 43 days to arrival.,HOLD_HIGH,0.0,210.0,0.0,0.0,1.0,0.0
2026-08-06,2765,Appartamento Area Piscina,18,11,7,61.111111111111114,6,7,16.0,16.0,-31.25,0.0,318.09909090909093,258.28173163709926,286.63732878151257,-9.890553926974214,HOLD_HIGH,0.0,318.09909090909093,0.0,0.0,0.0,MEDIUM,False,OTB saturation 61.1%; pace vs historical -31.2% at ~7d horizon; ADR 318.10 vs historical high 286.64; expected remaining demand 0.00 rooms; 6 days to arrival.,HOLD_HIGH,0.0,318.09909090909093,0.0,0.0,0.75,0.0
2026-08-06,2764,Appartamento Area Giardino,28,28,0,100.0,6,7,28.0,29.0,0.0,0.0,138.27714285714288,173.68628159445407,244.59286925925926,76.88597276843755,TEST_INCREASE,15.0,159.0187142857143,20.741571428571433,0.0,13.043478260869568,HIGH,False,OTB saturation 100.0%; pace vs historical 0.0% at ~7d horizon; ADR 138.28 vs historical high 244.59; expected remaining demand 0.00 rooms; 6 days to arrival.,TEST_INCREASE,15.0,159.0187142857143,20.741571428571433,0.0,1.0,0.0
2026-08-05,5376,Villino Double,1,1,0,100.0,5,7,1.0,1.0,0.0,0.0,411.43,,,,HOLD,0.0,411.43,0.0,0.0,0.0,MEDIUM,False,OTB saturation 100.0%; pace vs historical 0.0% at ~7d horizon; ADR 411.43 vs historical high nan; expected remaining demand 0.00 rooms; 5 days to arrival.,HOLD,0.0,411.43,0.0,0.0,0.75,0.0
2026-08-05,2767,Suite Familiare Vista Piscina,1,1,0,100.0,5,7,1.0,1.0,0.0,0.0,602.85,,,,HOLD,0.0,602.85,0.0,0.0,0.0,MEDIUM,False,OTB saturation 100.0%; pace vs historical 0.0% at ~7d horizon; ADR 602.85 vs historical high nan; expected remaining demand 0.00 rooms; 5 days to arrival.,HOLD,0.0,602.85,0.0,0.0,0.75,0.0
2026-08-05,2763,Camera Deluxe,5,4,1,80.0,5,7,4.5,5.0,-11.11111111111111,0.0,296.2825,296.5486111111111,296.5486111111111,0.08981668208924204,HOLD,0.0,296.2825,0.0,0.0,0.0,MEDIUM,False,OTB saturation 80.0%; pace vs historical -11.1% at ~7d horizon; ADR 296.28 vs historical high 296.55; expected remaining demand 0.00 rooms; 5 days to arrival.,HOLD,0.0,296.2825,0.0,0.0,0.75,0.0
2026-08-02,2765,Appartamento Area Piscina,18,12,6,66.66666666666667,2,0,16.0,16.0,-25.0,0.0,313.95666666666665,258.28173163709926,286.63732878151257,-8.70162693954179,HOLD_HIGH,0.0,313.95666666666665,0.0,0.0,0.0,MEDIUM,False,OTB saturation 66.7%; pace vs historical -25.0% at ~0d horizon; ADR 313.96 vs historical high 286.64; expected remaining demand 0.00 rooms; 2 days to arrival.,HOLD_HIGH,0.0,313.95666666666665,0.0,0.0,0.75,0.0
2026-09-23,2767,Suite Familiare Vista Piscina,1,1,0,100.0,54,60,0.0,1.0,,0.0,170.08,,,,HOLD,0.0,170.08,0.0,0.0,0.0,MEDIUM,False,OTB saturation 100.0%; pace vs historical nan% at ~60d horizon; ADR 170.08 vs historical high nan; expected remaining demand 0.00 rooms; 54 days to arrival.,HOLD,0.0,170.08,0.0,0.0,0.75,0.0
2026-08-02,5376,Villino Double,1,1,0,100.0,2,0,1.0,1.0,0.0,0.0,267.43,,,,HOLD,0.0,267.43,0.0,0.0,0.0,MEDIUM,False,OTB saturation 100.0%; pace vs historical 0.0% at ~0d horizon; ADR 267.43 vs historical high nan; expected remaining demand 0.00 rooms; 2 days to arrival.,HOLD,0.0,267.43,0.0,0.0,0.75,0.0
2026-09-23,2761,Camera  Standard,14,1,13,7.142857142857143,54,60,2.0,13.0,-50.0,4.2,99.06,120.1426729467177,130.2687984496124,31.504944931972943,HOLD,0.0,99.06,0.0,0.0,0.0,HIGH,False,OTB saturation 7.1%; pace vs historical -50.0% at ~60d horizon; ADR 99.06 vs historical high 130.27; expected remaining demand 4.20 rooms; 54 days to arrival.,HOLD,0.0,99.06,0.0,0.0,1.0,0.0
2026-09-22,2767,Suite Familiare Vista Piscina,1,1,0,100.0,53,60,0.0,1.0,,0.0,170.08,,,,HOLD,0.0,170.08,0.0,0.0,0.0,MEDIUM,False,OTB saturation 100.0%; pace vs historical nan% at ~60d horizon; ADR 170.08 vs historical high nan; expected remaining demand 0.00 rooms; 53 days to arrival.,HOLD,0.0,170.08,0.0,0.0,0.75,0.0
2026-09-22,2761,Camera  Standard,14,1,13,7.142857142857143,53,60,2.0,13.0,-50.0,4.2,99.04,120.1426729467177,130.2687984496124,31.531500857847732,HOLD,0.0,99.04,0.0,0.0,0.0,HIGH,False,OTB saturation 7.1%; pace vs historical -50.0% at ~60d horizon; ADR 99.04 vs historical high 130.27; expected remaining demand 4.20 rooms; 53 days to arrival.,HOLD,0.0,99.04,0.0,0.0,1.0,0.0
2026-09-21,2767,Suite Familiare Vista Piscina,1,1,0,100.0,52,60,0.0,1.0,,0.0,170.08,,,,HOLD,0.0,170.08,0.0,0.0,0.0,MEDIUM,False,OTB saturation 100.0%; pace vs historical nan% at ~60d horizon; ADR 170.08 vs historical high nan; expected remaining demand 0.00 rooms; 52 days to arrival.,HOLD,0.0,170.08,0.0,0.0,0.75,0.0
2026-09-21,2761,Camera  Standard,14,1,13,7.142857142857143,52,60,2.0,13.0,-50.0,4.2,99.04,120.1426729467177,130.2687984496124,31.531500857847732,HOLD,0.0,99.04,0.0,0.0,0.0,HIGH,False,OTB saturation 7.1%; pace vs historical -50.0% at ~60d horizon; ADR 99.04 vs historical high 130.27; expected remaining demand 4.20 rooms; 52 days to arrival.,HOLD,0.0,99.04,0.0,0.0,1.0,0.0
2026-09-20,2767,Suite Familiare Vista Piscina,1,1,0,100.0,51,60,0.0,1.0,,0.0,170.08,,,,HOLD,0.0,170.08,0.0,0.0,0.0,MEDIUM,False,OTB saturation 100.0%; pace vs historical nan% at ~60d horizon; ADR 170.08 vs historical high nan; expected remaining demand 0.00 rooms; 51 days to arrival.,HOLD,0.0,170.08,0.0,0.0,0.75,0.0
2026-09-20,2761,Camera  Standard,14,1,13,7.142857142857143,51,60,2.0,13.0,-50.0,4.2,99.04,120.1426729467177,130.2687984496124,31.531500857847732,HOLD,0.0,99.04,0.0,0.0,0.0,HIGH,False,OTB saturation 7.1%; pace vs historical -50.0% at ~60d horizon; ADR 99.04 vs historical high 130.27; expected remaining demand 4.20 rooms; 51 days to arrival.,HOLD,0.0,99.04,0.0,0.0,1.0,0.0
2026-09-19,2767,Suite Familiare Vista Piscina,1,1,0,100.0,50,60,0.0,1.0,,0.0,170.08,,,,HOLD,0.0,170.08,0.0,0.0,0.0,MEDIUM,False,OTB saturation 100.0%; pace vs historical nan% at ~60d horizon; ADR 170.08 vs historical high nan; expected remaining demand 0.00 rooms; 50 days to arrival.,HOLD,0.0,170.08,0.0,0.0,0.75,0.0
2026-09-19,2761,Camera  Standard,14,1,13,7.142857142857143,50,60,2.0,13.0,-50.0,4.2,99.04,120.1426729467177,130.2687984496124,31.531500857847732,HOLD,0.0,99.04,0.0,0.0,0.0,HIGH,False,OTB saturation 7.1%; pace vs historical -50.0% at ~60d horizon; ADR 99.04 vs historical high 130.27; expected remaining demand 4.20 rooms; 50 days to arrival.,HOLD,0.0,99.04,0.0,0.0,1.0,0.0
2026-09-14,2762,Camera Superior,8,1,7,12.5,45,60,2.0,7.0,-50.0,2.4,191.32,141.5725,141.5725,-26.00224754338282,HOLD_HIGH,0.0,191.32,0.0,0.0,0.0,HIGH,False,OTB saturation 12.5%; pace vs historical -50.0% at ~60d horizon; ADR 191.32 vs historical high 141.57; expected remaining demand 2.40 rooms; 45 days to arrival.,HOLD_HIGH,0.0,191.32,0.0,0.0,1.0,0.0
2026-08-25,5375,Villino 2Ten,1,1,0,100.0,25,30,1.0,1.0,0.0,0.0,228.57,,,,HOLD,0.0,228.57,0.0,0.0,0.0,MEDIUM,False,OTB saturation 100.0%; pace vs historical 0.0% at ~30d horizon; ADR 228.57 vs historical high nan; expected remaining demand 0.00 rooms; 25 days to arrival.,HOLD,0.0,228.57,0.0,0.0,0.75,0.0
2026-09-13,5376,Villino Double,1,1,0,100.0,44,30,1.0,1.0,0.0,0.0,252.14,,,,HOLD,0.0,252.14,0.0,0.0,0.0,MEDIUM,False,OTB saturation 100.0%; pace vs historical 0.0% at ~30d horizon; ADR 252.14 vs historical high nan; expected remaining demand 0.00 rooms; 44 days to arrival.,HOLD,0.0,252.14,0.0,0.0,0.75,0.0
2026-08-25,2762,Camera Superior,8,5,3,62.5,25,30,5.0,9.0,0.0,3.0,309.11800000000005,270.1359016393443,275.0167213114754,-11.031799729722836,HOLD_HIGH,0.0,309.11800000000005,0.0,0.0,0.0,HIGH,False,OTB saturation 62.5%; pace vs historical 0.0% at ~30d horizon; ADR 309.12 vs historical high 275.02; expected remaining demand 3.00 rooms; 25 days to arrival.,HOLD_HIGH,0.0,309.11800000000005,0.0,0.0,1.0,0.0
2026-08-01,2765,Appartamento Area Piscina,18,14,4,77.77777777777777,1,0,16.0,16.0,-12.5,0.0,334.5671428571428,258.28173163709926,286.63732878151257,-14.325917861006406,HOLD_HIGH,0.0,334.5671428571428,0.0,0.0,0.0,MEDIUM,False,OTB saturation 77.8%; pace vs historical -12.5% at ~0d horizon; ADR 334.57 vs historical high 286.64; expected remaining demand 0.00 rooms; 1 days to arrival.,HOLD_HIGH,0.0,334.5671428571428,0.0,0.0,0.75,0.0
2026-08-25,2763,Camera Deluxe,5,2,3,40.0,25,30,3.0,5.0,-33.333333333333336,1.3333333333333333,228.57,296.5486111111111,296.5486111111111,29.740828241287616,HOLD,0.0,228.57,0.0,0.0,0.0,HIGH,False,OTB saturation 40.0%; pace vs historical -33.3% at ~30d horizon; ADR 228.57 vs historical high 296.55; expected remaining demand 1.33 rooms; 25 days to arrival.,HOLD,0.0,228.57,0.0,0.0,1.0,0.0
2026-08-02,2764,Appartamento Area Giardino,28,29,0,103.57142857142857,2,0,29.0,29.0,0.0,0.0,142.10689655172416,173.68628159445407,244.59286925925926,72.11892961875512,CAPACITY_EXCEPTION,0.0,142.10689655172416,0.0,,0.0,MEDIUM,True,Capacity exception: 29 OTB rooms vs 28 current catalog capacity. Pricing impact suppressed.,CAPACITY_EXCEPTION,0.0,142.10689655172416,0.0,,0.75,
2026-08-03,2764,Appartamento Area Giardino,28,29,0,103.57142857142857,3,0,29.0,29.0,0.0,0.0,142.10689655172416,173.68628159445407,244.59286925925926,72.11892961875512,CAPACITY_EXCEPTION,0.0,142.10689655172416,0.0,,0.0,MEDIUM,True,Capacity exception: 29 OTB rooms vs 28 current catalog capacity. Pricing impact suppressed.,CAPACITY_EXCEPTION,0.0,142.10689655172416,0.0,,0.75,
2026-08-04,2764,Appartamento Area Giardino,28,30,0,107.14285714285714,4,7,28.0,29.0,7.142857142857143,0.0,151.07833333333335,173.68628159445407,244.59286925925926,61.89804577708644,CAPACITY_EXCEPTION,0.0,151.07833333333335,0.0,,0.0,MEDIUM,True,Capacity exception: 30 OTB rooms vs 28 current catalog capacity. Pricing impact suppressed.,CAPACITY_EXCEPTION,0.0,151.07833333333335,0.0,,0.75,
2026-08-08,5376,Villino Double,1,2,0,200.0,8,7,1.0,1.0,100.0,0.0,418.49,,,,CAPACITY_EXCEPTION,0.0,418.49,0.0,,0.0,LOW,True,Capacity exception: 2 OTB rooms vs 1 current catalog capacity. Pricing impact suppressed.,CAPACITY_EXCEPTION,0.0,418.49,0.0,,0.5,
2026-08-09,2764,Appartamento Area Giardino,28,29,0,103.57142857142857,9,7,28.0,29.0,3.5714285714285716,0.0,225.24344827586205,173.68628159445407,244.59286925925926,8.590447860529743,CAPACITY_EXCEPTION,0.0,225.24344827586205,0.0,,0.0,MEDIUM,True,Capacity exception: 29 OTB rooms vs 28 current catalog capacity. Pricing impact suppressed.,CAPACITY_EXCEPTION,0.0,225.24344827586205,0.0,,0.75,
2026-08-10,2764,Appartamento Area Giardino,28,29,0,103.57142857142857,10,7,28.0,29.0,3.5714285714285716,0.0,183.8641379310345,173.68628159445407,244.59286925925926,33.029133365313186,CAPACITY_EXCEPTION,0.0,183.8641379310345,0.0,,0.0,MEDIUM,True,Capacity exception: 29 OTB rooms vs 28 current catalog capacity. Pricing impact suppressed.,CAPACITY_EXCEPTION,0.0,183.8641379310345,0.0,,0.75,
2026-08-10,2762,Camera Superior,8,10,0,125.0,10,7,7.0,9.0,42.857142857142854,0.0,326.121,270.1359016393443,275.0167213114754,-15.67034281402442,CAPACITY_EXCEPTION,0.0,326.121,0.0,,0.0,LOW,True,Capacity exception: 10 OTB rooms vs 8 current catalog capacity. Pricing impact suppressed.,CAPACITY_EXCEPTION,0.0,326.121,0.0,,0.5,
2026-08-11,2764,Appartamento Area Giardino,28,29,0,103.57142857142857,11,14,28.0,29.0,3.5714285714285716,0.0,183.8641379310345,173.68628159445407,244.59286925925926,33.029133365313186,CAPACITY_EXCEPTION,0.0,183.8641379310345,0.0,,0.0,MEDIUM,True,Capacity exception: 29 OTB rooms vs 28 current catalog capacity. Pricing impact suppressed.,CAPACITY_EXCEPTION,0.0,183.8641379310345,0.0,,0.75,
2026-08-11,2762,Camera Superior,8,10,0,125.0,11,14,6.0,9.0,66.66666666666667,0.0,326.119,270.1359016393443,275.0167213114754,-15.669825642947702,CAPACITY_EXCEPTION,0.0,326.119,0.0,,0.0,LOW,True,Capacity exception: 10 OTB rooms vs 8 current catalog capacity. Pricing impact suppressed.,CAPACITY_EXCEPTION,0.0,326.119,0.0,,0.5,
2026-08-12,2764,Appartamento Area Giardino,28,29,0,103.57142857142857,12,14,28.0,29.0,3.5714285714285716,0.0,183.8641379310345,173.68628159445407,244.59286925925926,33.029133365313186,CAPACITY_EXCEPTION,0.0,183.8641379310345,0.0,,0.0,MEDIUM,True,Capacity exception: 29 OTB rooms vs 28 current catalog capacity. Pricing impact suppressed.,CAPACITY_EXCEPTION,0.0,183.8641379310345,0.0,,0.75,
2026-08-14,2764,Appartamento Area Giardino,28,29,0,103.57142857142857,14,14,28.0,29.0,3.5714285714285716,0.0,186.6962068965517,173.68628159445407,244.59286925925926,31.011161568369772,CAPACITY_EXCEPTION,0.0,186.6962068965517,0.0,,0.0,MEDIUM,True,Capacity exception: 29 OTB rooms vs 28 current catalog capacity. Pricing impact suppressed.,CAPACITY_EXCEPTION,0.0,186.6962068965517,0.0,,0.75,
2026-08-14,2762,Camera Superior,8,9,0,112.5,14,14,6.0,9.0,50.0,0.0,227.00666666666666,270.1359016393443,275.0167213114754,21.149182686914664,CAPACITY_EXCEPTION,0.0,227.00666666666666,0.0,,0.0,MEDIUM,True,Capacity exception: 9 OTB rooms vs 8 current catalog capacity. Pricing impact suppressed.,CAPACITY_EXCEPTION,0.0,227.00666666666666,0.0,,0.75,
2026-08-15,2764,Appartamento Area Giardino,28,30,0,107.14285714285714,15,14,28.0,29.0,7.142857142857143,0.0,196.43733333333333,173.68628159445407,244.59286925925926,24.514452069154846,CAPACITY_EXCEPTION,0.0,196.43733333333333,0.0,,0.0,MEDIUM,True,Capacity exception: 30 OTB rooms vs 28 current catalog capacity. Pricing impact suppressed.,CAPACITY_EXCEPTION,0.0,196.43733333333333,0.0,,0.75,
2026-08-15,2763,Camera Deluxe,5,6,0,120.0,15,14,4.0,5.0,50.0,0.0,342.7083333333333,296.5486111111111,296.5486111111111,-13.469098277608918,CAPACITY_EXCEPTION,0.0,342.7083333333333,0.0,,0.0,LOW,True,Capacity exception: 6 OTB rooms vs 5 current catalog capacity. Pricing impact suppressed.,CAPACITY_EXCEPTION,0.0,342.7083333333333,0.0,,0.5,
2026-08-16,2764,Appartamento Area Giardino,28,31,0,110.71428571428571,16,14,28.0,29.0,10.714285714285714,0.0,181.37645161290322,173.68628159445407,244.59286925925926,34.853707349658386,CAPACITY_EXCEPTION,0.0,181.37645161290322,0.0,,0.0,MEDIUM,True,Capacity exception: 31 OTB rooms vs 28 current catalog capacity. Pricing impact suppressed.,CAPACITY_EXCEPTION,0.0,181.37645161290322,0.0,,0.75,
2026-08-16,2765,Appartamento Area Piscina,18,20,0,111.11111111111111,16,14,14.0,16.0,42.857142857142854,0.0,332.62350000000004,258.28173163709926,286.63732878151257,-13.825292325553507,CAPACITY_EXCEPTION,0.0,332.62350000000004,0.0,,0.0,LOW,True,Capacity exception: 20 OTB rooms vs 18 current catalog capacity. Pricing impact suppressed.,CAPACITY_EXCEPTION,0.0,332.62350000000004,0.0,,0.5,
2026-08-16,2763,Camera Deluxe,5,6,0,120.0,16,14,4.0,5.0,50.0,0.0,338.0783333333333,296.5486111111111,296.5486111111111,-12.284053169794644,CAPACITY_EXCEPTION,0.0,338.0783333333333,0.0,,0.0,LOW,True,Capacity exception: 6 OTB rooms vs 5 current catalog capacity. Pricing impact suppressed.,CAPACITY_EXCEPTION,0.0,338.0783333333333,0.0,,0.5,
2026-08-16,2762,Camera Superior,8,9,0,112.5,16,14,6.0,9.0,50.0,0.0,282.22444444444443,270.1359016393443,275.0167213114754,-2.553897536110787,CAPACITY_EXCEPTION,0.0,282.22444444444443,0.0,,0.0,LOW,True,Capacity exception: 9 OTB rooms vs 8 current catalog capacity. Pricing impact suppressed.,CAPACITY_EXCEPTION,0.0,282.22444444444443,0.0,,0.5,
2026-08-17,2764,Appartamento Area Giardino,28,31,0,110.71428571428571,17,14,28.0,29.0,10.714285714285714,0.0,181.37645161290322,173.68628159445407,244.59286925925926,34.853707349658386,CAPACITY_EXCEPTION,0.0,181.37645161290322,0.0,,0.0,MEDIUM,True,Capacity exception: 31 OTB rooms vs 28 current catalog capacity. Pricing impact suppressed.,CAPACITY_EXCEPTION,0.0,181.37645161290322,0.0,,0.75,
2026-08-17,2765,Appartamento Area Piscina,18,20,0,111.11111111111111,17,14,14.0,16.0,42.857142857142854,0.0,332.62350000000004,258.28173163709926,286.63732878151257,-13.825292325553507,CAPACITY_EXCEPTION,0.0,332.62350000000004,0.0,,0.0,LOW,True,Capacity exception: 20 OTB rooms vs 18 current catalog capacity. Pricing impact suppressed.,CAPACITY_EXCEPTION,0.0,332.62350000000004,0.0,,0.5,
2026-08-18,2764,Appartamento Area Giardino,28,31,0,110.71428571428571,18,14,28.0,29.0,10.714285714285714,0.0,181.37645161290322,173.68628159445407,244.59286925925926,34.853707349658386,CAPACITY_EXCEPTION,0.0,181.37645161290322,0.0,,0.0,MEDIUM,True,Capacity exception: 31 OTB rooms vs 28 current catalog capacity. Pricing impact suppressed.,CAPACITY_EXCEPTION,0.0,181.37645161290322,0.0,,0.75,
2026-08-18,2765,Appartamento Area Piscina,18,20,0,111.11111111111111,18,14,14.0,16.0,42.857142857142854,0.0,332.62350000000004,258.28173163709926,286.63732878151257,-13.825292325553507,CAPACITY_EXCEPTION,0.0,332.62350000000004,0.0,,0.0,LOW,True,Capacity exception: 20 OTB rooms vs 18 current catalog capacity. Pricing impact suppressed.,CAPACITY_EXCEPTION,0.0,332.62350000000004,0.0,,0.5,
2026-08-18,2762,Camera Superior,8,9,0,112.5,18,14,6.0,9.0,50.0,0.0,271.65333333333336,270.1359016393443,275.0167213114754,1.2381176909819045,CAPACITY_EXCEPTION,0.0,271.65333333333336,0.0,,0.0,LOW,True,Capacity exception: 9 OTB rooms vs 8 current catalog capacity. Pricing impact suppressed.,CAPACITY_EXCEPTION,0.0,271.65333333333336,0.0,,0.5,
2026-08-19,2764,Appartamento Area Giardino,28,31,0,110.71428571428571,19,14,28.0,29.0,10.714285714285714,0.0,181.37645161290322,173.68628159445407,244.59286925925926,34.853707349658386,CAPACITY_EXCEPTION,0.0,181.37645161290322,0.0,,0.0,MEDIUM,True,Capacity exception: 31 OTB rooms vs 28 current catalog capacity. Pricing impact suppressed.,CAPACITY_EXCEPTION,0.0,181.37645161290322,0.0,,0.75,
2026-08-19,2765,Appartamento Area Piscina,18,20,0,111.11111111111111,19,14,14.0,16.0,42.857142857142854,0.0,332.62350000000004,258.28173163709926,286.63732878151257,-13.825292325553507,CAPACITY_EXCEPTION,0.0,332.62350000000004,0.0,,0.0,LOW,True,Capacity exception: 20 OTB rooms vs 18 current catalog capacity. Pricing impact suppressed.,CAPACITY_EXCEPTION,0.0,332.62350000000004,0.0,,0.5,
2026-08-19,2762,Camera Superior,8,9,0,112.5,19,14,6.0,9.0,50.0,0.0,271.65333333333336,270.1359016393443,275.0167213114754,1.2381176909819045,CAPACITY_EXCEPTION,0.0,271.65333333333336,0.0,,0.0,LOW,True,Capacity exception: 9 OTB rooms vs 8 current catalog capacity. Pricing impact suppressed.,CAPACITY_EXCEPTION,0.0,271.65333333333336,0.0,,0.5,
2026-08-20,2764,Appartamento Area Giardino,28,31,0,110.71428571428571,20,14,28.0,29.0,10.714285714285714,0.0,181.37645161290322,173.68628159445407,244.59286925925926,34.853707349658386,CAPACITY_EXCEPTION,0.0,181.37645161290322,0.0,,0.0,MEDIUM,True,Capacity exception: 31 OTB rooms vs 28 current catalog capacity. Pricing impact suppressed.,CAPACITY_EXCEPTION,0.0,181.37645161290322,0.0,,0.75,
2026-08-20,2765,Appartamento Area Piscina,18,20,0,111.11111111111111,20,14,14.0,16.0,42.857142857142854,0.0,336.559,258.28173163709926,286.63732878151257,-14.8329627846789,CAPACITY_EXCEPTION,0.0,336.559,0.0,,0.0,LOW,True,Capacity exception: 20 OTB rooms vs 18 current catalog capacity. Pricing impact suppressed.,CAPACITY_EXCEPTION,0.0,336.559,0.0,,0.5,
2026-08-21,2764,Appartamento Area Giardino,28,31,0,110.71428571428571,21,14,28.0,29.0,10.714285714285714,0.0,181.37612903225806,173.68628159445407,244.59286925925926,34.85394718935588,CAPACITY_EXCEPTION,0.0,181.37612903225806,0.0,,0.0,MEDIUM,True,Capacity exception: 31 OTB rooms vs 28 current catalog capacity. Pricing impact suppressed.,CAPACITY_EXCEPTION,0.0,181.37612903225806,0.0,,0.75,
2026-08-21,2765,Appartamento Area Piscina,18,20,0,111.11111111111111,21,14,14.0,16.0,42.857142857142854,0.0,336.56,258.28173163709926,286.63732878151257,-14.833215836251318,CAPACITY_EXCEPTION,0.0,336.56,0.0,,0.0,LOW,True,Capacity exception: 20 OTB rooms vs 18 current catalog capacity. Pricing impact suppressed.,CAPACITY_EXCEPTION,0.0,336.56,0.0,,0.5,
