booking_code,customer_code,guest_seq,guest_code,age_at_checkin,sex
B-F4E181301321,C-8DFAFCDC0A13,1,GU-321EF24FC689,,
B-F4E181301321,C-8DFAFCDC0A13,2,GU-95628D3890D4,,
B-DAE321ED8649,C-437D04034FFE,1,GU-C6D276B2F605,52,M
B-DAE321ED8649,C-437D04034FFE,2,GU-33AFE4D8E6D8,42,F
B-DAE321ED8649,C-437D04034FFE,3,GU-D2E87D0FADA4,14,M
B-DAE321ED8649,C-437D04034FFE,4,GU-3F5E799F9ED5,10,F
B-A86755ADEA03,C-C793DA7E6070,1,GU-CC54F5866754,50,M
B-A86755ADEA03,C-C793DA7E6070,2,GU-361153AFC693,43,F
B-A86755ADEA03,C-C793DA7E6070,3,GU-5E266FA6E5AC,11,F
B-A86755ADEA03,C-C793DA7E6070,4,GU-DADD6FC85B96,8,M
B-A86755ADEA03,C-C793DA7E6070,5,GU-135511B31B50,7,M
B-4569AB368000,C-E21E9733C117,1,GU-98D76B6DDA19,47,M
B-4569AB368000,C-E21E9733C117,2,GU-053ADE1FE4A2,44,F
B-4569AB368000,C-E21E9733C117,3,GU-4794D179E4AA,13,M
B-4569AB368000,C-E21E9733C117,4,GU-CC362A912ACD,8,M
B-D13A84C28FB9,C-5EE86274C4B0,1,GU-ABD6DD5D8D69,39,M
B-D13A84C28FB9,C-5EE86274C4B0,2,GU-FD1D2E5ED79D,39,F
B-D13A84C28FB9,C-5EE86274C4B0,3,GU-D5B65BF388E1,8,M
B-D13A84C28FB9,C-5EE86274C4B0,4,GU-EAB890B94F09,5,M
B-DC59163954BA,C-0967CB071F4F,1,GU-CF51A3918A08,59,M
B-DC59163954BA,C-0967CB071F4F,2,GU-9F70122B3E13,51,F
B-DC59163954BA,C-0967CB071F4F,3,GU-8A83AF4F877C,11,M
B-DC59163954BA,C-0967CB071F4F,4,GU-49AED26FF096,14,F
B-6E883F2C9F29,C-7889B4BF1C0F,1,GU-733D92F35696,45,M
B-6E883F2C9F29,C-7889B4BF1C0F,2,GU-580EB87F6D40,43,F
B-6E883F2C9F29,C-7889B4BF1C0F,3,GU-BBC325478D08,12,F
B-6E883F2C9F29,C-7889B4BF1C0F,4,GU-1A93E529E684,4,M
B-6E883F2C9F29,C-7889B4BF1C0F,5,GU-7C63AF6408C0,4,F
B-6B2B09A85C91,C-43064B6F4592,1,GU-08E77C086607,54,M
B-6B2B09A85C91,C-43064B6F4592,2,GU-CF7AC56CBA49,54,F
B-6B2B09A85C91,C-43064B6F4592,3,GU-B78A2C79B035,14,F
B-6B2B09A85C91,C-43064B6F4592,4,GU-1571DDF91CE6,14,F
B-12B3BA255E25,C-1731A4E11C5D,1,GU-75687BAE2BE9,64,F
B-12B3BA255E25,C-1731A4E11C5D,2,GU-A0609DE86962,39,F
B-12B3BA255E25,C-1731A4E11C5D,3,GU-8763CD1855D8,65,M
B-12B3BA255E25,C-1731A4E11C5D,4,GU-226FC7C55A57,9,F
B-12B3BA255E25,C-1731A4E11C5D,5,GU-FF772873220B,6,M
B-5C3F3C28BADD,C-D448759E6798,1,GU-E2E21AE84C36,51,M
B-5C3F3C28BADD,C-D448759E6798,2,GU-469497FD18C0,47,F
B-5C3F3C28BADD,C-D448759E6798,3,GU-5CD309798EC5,17,M
B-5C3F3C28BADD,C-D448759E6798,4,GU-350887EA6A26,17,M
B-CA020C721892,C-EDE893C8416E,1,GU-01794496732C,47,M
B-CA020C721892,C-EDE893C8416E,2,GU-369A04A8D987,47,F
B-CA020C721892,C-EDE893C8416E,3,GU-726CC9D15980,9,M
B-CA020C721892,C-EDE893C8416E,4,GU-DC547B1C2B93,6,M
B-F01752C860F0,C-AB60A4117596,1,GU-D106A97BA710,61,F
B-F01752C860F0,C-AB60A4117596,2,GU-C78DF29BD4ED,65,M
B-50436C75D175,C-642E40B2CF5A,1,GU-35FF434DFD1A,67,F
B-50436C75D175,C-642E40B2CF5A,2,GU-64B72C6C4007,71,M
B-E0A6117A65E5,C-95258A1DE55F,1,GU-228A09352BB9,39,M
B-E0A6117A65E5,C-95258A1DE55F,2,GU-EC69CB0905F2,28,F
B-E0A6117A65E5,C-95258A1DE55F,3,GU-0E368F09A88A,2,F
B-B45B35C6BDF8,C-8546FF320EF1,1,GU-46235C46A5F3,,
B-B45B35C6BDF8,C-8546FF320EF1,2,GU-783B7EFC0B1D,,
B-B45B35C6BDF8,C-8546FF320EF1,3,GU-2C8205D5CA9D,,
B-B45B35C6BDF8,C-8546FF320EF1,4,GU-6E4DE35861C7,,
B-B45B35C6BDF8,C-8546FF320EF1,5,GU-0E13C0548940,,
B-E8C4861E9D0C,C-7ED0AA4A8209,1,GU-CDD1B96C68B4,44,F
B-E8C4861E9D0C,C-7ED0AA4A8209,2,GU-1FA6D7C62437,45,M
B-E8C4861E9D0C,C-7ED0AA4A8209,3,GU-3EAC319CED44,14,M
B-E8C4861E9D0C,C-7ED0AA4A8209,4,GU-C5986811BC6F,11,M
B-1043B1897A94,C-3CA1EA7D56F2,1,GU-D0A62D58608C,,
B-1043B1897A94,C-3CA1EA7D56F2,2,GU-E672573B2300,,
B-1043B1897A94,C-3CA1EA7D56F2,3,GU-A95F969D5D2C,,
B-1043B1897A94,C-3CA1EA7D56F2,4,GU-04B49B455622,,
B-F4D95B152C1F,C-88F99C1837E3,1,GU-65D008BCCFA7,46,F
B-F4D95B152C1F,C-88F99C1837E3,2,GU-F31334F1DD5F,16,M
B-F4D95B152C1F,C-88F99C1837E3,3,GU-5909BEB60201,14,M
B-F4D95B152C1F,C-88F99C1837E3,4,GU-CEE82BB02485,51,M
B-4593563A04F0,C-206853E1C6C0,1,GU-790C2D03CBFE,50,M
B-4593563A04F0,C-206853E1C6C0,2,GU-FFD1DB7071A7,45,F
B-4593563A04F0,C-206853E1C6C0,3,GU-E53D022223F1,16,M
B-4593563A04F0,C-206853E1C6C0,4,GU-58B487802008,13,M
B-484A82DFF384,C-3833BECE7114,1,GU-AF83A0DAA983,,
B-484A82DFF384,C-3833BECE7114,2,GU-DBCC3278D9BB,,
B-484A82DFF384,C-3833BECE7114,3,GU-F10378D7BB97,,
B-F6198E0BF39E,C-0E4FA6A8C6E2,1,GU-76187F4AF671,66,M
B-F6198E0BF39E,C-0E4FA6A8C6E2,2,GU-47DFD94DE7C2,49,F
B-F6198E0BF39E,C-0E4FA6A8C6E2,3,GU-89A111DD1EF7,8,M
B-F6198E0BF39E,C-0E4FA6A8C6E2,4,GU-BF9102702719,60,F
B-5CE31C37132A,C-4C62740EE002,1,GU-6262874A4637,,
B-5CE31C37132A,C-4C62740EE002,2,GU-733DE2C562CC,,
B-5CE31C37132A,C-4C62740EE002,3,GU-4D31FFDBC382,,
B-7AA56E5691BC,C-5DD14EB7DD39,1,GU-A2045472D786,49,M
B-7AA56E5691BC,C-5DD14EB7DD39,2,GU-C138C1DFCDCE,46,F
B-7AA56E5691BC,C-5DD14EB7DD39,3,GU-649069D4C9C9,10,M
B-7AA56E5691BC,C-5DD14EB7DD39,4,GU-9703A30253DC,68,F
B-7AA56E5691BC,C-5DD14EB7DD39,5,GU-1E12D40E59AD,33,F
B-F7174AB67867,C-A68C8D199126,1,GU-9F22EA25BC2E,,
B-F7174AB67867,C-A68C8D199126,2,GU-7C82602E46EA,,
B-F7174AB67867,C-A68C8D199126,3,GU-2B2EFD560D95,,
B-67A1C1A83C07,C-31ACB07D9F76,1,GU-BDA38C824971,,
B-67A1C1A83C07,C-31ACB07D9F76,2,GU-A85D2F5B7BA6,,
B-67A1C1A83C07,C-31ACB07D9F76,3,GU-8EFFF321FC65,,
B-A4921115ECDD,C-53A300FEEF0C,1,GU-3B1B37A0724F,,
B-A4921115ECDD,C-53A300FEEF0C,2,GU-6451F2D5CFA7,,
B-D3CF71ABB3E4,C-9A991370489E,1,GU-4C98D3126ACF,27,M
B-D3CF71ABB3E4,C-9A991370489E,2,GU-F265A929332F,25,F
B-88CCBEA5E792,C-55E809A5F8C0,1,GU-1ECFA80EFB8A,,
B-88CCBEA5E792,C-55E809A5F8C0,2,GU-81D81DB081C1,,
B-88CCBEA5E792,C-55E809A5F8C0,3,GU-6DAADA4D6F44,,
B-88CCBEA5E792,C-55E809A5F8C0,4,GU-8E689B1EE1B5,,
B-88CCBEA5E792,C-55E809A5F8C0,5,GU-F28CE70A9457,,
B-88CCBEA5E792,C-55E809A5F8C0,6,GU-A000FF3D4699,,
B-A9EDEBC9C902,C-D4FAD987F90C,1,GU-2A5735800F57,41,
B-A9EDEBC9C902,C-D4FAD987F90C,2,GU-2953EFFB9F76,8,
B-A9EDEBC9C902,C-D4FAD987F90C,3,GU-E43425C11C27,6,
B-A9EDEBC9C902,C-D4FAD987F90C,4,GU-15F08502BAA8,41,
B-1AE1FDCFABD6,C-ECF83A3F5519,1,GU-A649097B8C65,52,F
B-1AE1FDCFABD6,C-ECF83A3F5519,2,GU-D9B6A88950FF,57,M
B-1AE1FDCFABD6,C-ECF83A3F5519,3,GU-D9B6B0F92BE3,16,M
B-9534314F8AC4,C-7B2C20CA7B3C,1,GU-42210C9ECEA7,40,F
B-9534314F8AC4,C-7B2C20CA7B3C,2,GU-9E835D451FE7,50,M
B-9534314F8AC4,C-7B2C20CA7B3C,3,GU-27DC5B116110,13,F
B-9534314F8AC4,C-7B2C20CA7B3C,4,GU-C64F8C808267,10,M
B-476E1A528570,C-A6AEF1D3A1FA,1,GU-C5371627C2D7,44,M
B-476E1A528570,C-A6AEF1D3A1FA,2,GU-7808E9C0E1B5,45,F
B-476E1A528570,C-A6AEF1D3A1FA,3,GU-A48327BF2245,9,M
B-74FB11368EDF,C-A97AEB542671,1,GU-DDA66F955063,61,M
B-74FB11368EDF,C-A97AEB542671,2,GU-56E355E74CB6,49,F
B-74FB11368EDF,C-A97AEB542671,3,GU-204B1EF08321,8,M
B-A3CFBD3E02F6,C-3DEF737310E2,1,GU-86F19B3AADF7,41,F
B-A3CFBD3E02F6,C-3DEF737310E2,2,GU-69426C5C3050,50,M
B-65B5F3962921,C-C378F2DD6654,1,GU-CAF4FD8D2B7C,47,M
B-65B5F3962921,C-C378F2DD6654,2,GU-3313FBF0F6E5,48,F
B-65B5F3962921,C-C378F2DD6654,3,GU-6688A1E54011,16,M
B-65B5F3962921,C-C378F2DD6654,4,GU-F42208F4177F,16,M
B-BEDE08C13F2B,C-9DC348BA9315,1,GU-82F872059CBC,,
B-BEDE08C13F2B,C-9DC348BA9315,2,GU-6D0324F0E4D7,,
B-BEDE08C13F2B,C-9DC348BA9315,3,GU-A2C387396DF8,,
B-BEDE08C13F2B,C-9DC348BA9315,4,GU-0EE07EC76885,,
B-B0DDD61C175B,C-7C072C409234,1,GU-F8FE9F076588,41,M
B-B0DDD61C175B,C-7C072C409234,2,GU-8E55C4BF4626,43,F
B-B0DDD61C175B,C-7C072C409234,3,GU-6767C69E8FF7,12,M
B-B0DDD61C175B,C-7C072C409234,4,GU-21A15F2F92DC,9,M
B-81D856BA3DFC,C-6A39951BB56B,1,GU-30E0D35A4CEF,42,F
B-81D856BA3DFC,C-6A39951BB56B,2,GU-3923F22CCA4E,48,M
B-81D856BA3DFC,C-6A39951BB56B,3,GU-CFDF944BADE4,9,M
B-81D856BA3DFC,C-6A39951BB56B,4,GU-00FEC8B48E6A,5,M
B-5313FD6AE722,C-B811E4AE9C65,1,GU-28777F8986EE,41,M
B-5313FD6AE722,C-B811E4AE9C65,2,GU-903B71FE7702,39,M
B-5313FD6AE722,C-B811E4AE9C65,3,GU-DD8DB52DC599,48,M
B-5313FD6AE722,C-B811E4AE9C65,4,GU-904FCB58D52E,1,M
B-1DD98E090C36,C-99FED6A1B9C2,1,GU-DD3CFEDEBF01,42,M
B-1DD98E090C36,C-99FED6A1B9C2,2,GU-5B3E8DFBE75B,40,F
B-1DD98E090C36,C-99FED6A1B9C2,3,GU-087DC1DD60D4,10,F
B-1DD98E090C36,C-99FED6A1B9C2,4,GU-FBA09F6FB157,7,M
B-29386B2D755A,C-99FED6A1B9C2,1,GU-B09D30A3C235,43,M
B-29386B2D755A,C-99FED6A1B9C2,2,GU-6DAC80E22E80,39,F
B-29386B2D755A,C-99FED6A1B9C2,3,GU-B514006463A3,9,F
B-29386B2D755A,C-99FED6A1B9C2,4,GU-48419BA66CFA,6,M
B-63DA9D1B9537,C-5EF7C8F98E75,1,GU-10AE9409D3EA,38,F
B-63DA9D1B9537,C-5EF7C8F98E75,2,GU-D4538160D185,42,M
B-63DA9D1B9537,C-5EF7C8F98E75,3,GU-19C458237443,5,F
B-63DA9D1B9537,C-5EF7C8F98E75,4,GU-AD8E1EF0DD04,9,F
B-CB56674F4581,C-BDCDC10B61AF,1,GU-F529093AB6DE,44,F
B-CB56674F4581,C-BDCDC10B61AF,2,GU-3B1E9F334C96,47,M
B-CB56674F4581,C-BDCDC10B61AF,3,GU-02E03081BE34,6,F
B-CB56674F4581,C-BDCDC10B61AF,4,GU-5FD4754B18F4,9,M
B-63753F30C0D1,C-2D63A54C265F,1,GU-4C733AF781EC,42,M
B-63753F30C0D1,C-2D63A54C265F,2,GU-8C3047C3DBF4,40,F
B-63753F30C0D1,C-2D63A54C265F,3,GU-C3B4B2622B2E,7,M
B-63753F30C0D1,C-2D63A54C265F,4,GU-13F4273721CD,5,F
B-63753F30C0D1,C-2D63A54C265F,5,GU-47BEB272839B,3,M
B-E19CBEB0C5C1,C-4A080123A60B,1,GU-1CF5943CAECA,,
B-E19CBEB0C5C1,C-4A080123A60B,2,GU-AD2EB5193668,,
B-E19CBEB0C5C1,C-4A080123A60B,3,GU-A0DF1275AF4A,,
B-E19CBEB0C5C1,C-4A080123A60B,4,GU-A0B95E668B20,,
B-9357B17D470B,C-BB3969FD63E0,1,GU-13EB61370461,38,M
B-9357B17D470B,C-BB3969FD63E0,2,GU-862A15D37C9C,34,M
B-9357B17D470B,C-BB3969FD63E0,3,GU-1BE4D7541541,4,M
B-E3D542D633FE,C-DE19D6E89F34,1,GU-6295E1556D72,48,F
B-E3D542D633FE,C-DE19D6E89F34,2,GU-E8C2D35E3D14,11,M
B-E3D542D633FE,C-DE19D6E89F34,3,GU-9E4FB26C972C,7,F
B-32A3E37A425E,C-DE5C2BA5A556,1,GU-9558F050AB96,64,M
B-32A3E37A425E,C-DE5C2BA5A556,2,GU-EB40A1BB724F,64,F
B-6F9EE62D1167,C-0BB8D59B55BA,1,GU-4BAD441B84A5,,
B-6F9EE62D1167,C-0BB8D59B55BA,2,GU-16B653DE9DD1,,
B-6F9EE62D1167,C-0BB8D59B55BA,3,GU-B4EC7770174A,,
B-6F9EE62D1167,C-0BB8D59B55BA,4,GU-D303BA701BA5,,
B-5FD503F85F4F,C-282C95B9B1A0,1,GU-617EF6FD51F1,,
B-5FD503F85F4F,C-282C95B9B1A0,2,GU-DEB3ECB8260B,,
B-C095D79DC82D,C-FEB566D48A2B,1,GU-4491233E5D77,43,M
B-C095D79DC82D,C-FEB566D48A2B,2,GU-08B4B5EC0F43,42,F
B-C095D79DC82D,C-FEB566D48A2B,3,GU-19AD8C7D31B7,10,F
B-C095D79DC82D,C-FEB566D48A2B,4,GU-2D82E84B80A6,9,F
B-651A7603E40A,C-36BC544861B1,1,GU-1D4A53686C51,,
B-651A7603E40A,C-36BC544861B1,2,GU-C4BD537BD54C,,
B-651A7603E40A,C-36BC544861B1,3,GU-6996237F6705,,
B-EFEFB68F4BED,C-F960A429B54B,1,GU-D7660C54E72A,,
B-EFEFB68F4BED,C-F960A429B54B,2,GU-74850920CE61,,
B-EFEFB68F4BED,C-F960A429B54B,3,GU-06348009BC96,,
B-EFEFB68F4BED,C-F960A429B54B,4,GU-A92E5142E664,,
B-30393614B917,C-8029763FB349,1,GU-2952D9E17CAD,50,M
B-30393614B917,C-8029763FB349,2,GU-40D9F02B044B,46,F
B-30393614B917,C-8029763FB349,3,GU-9EA16671188C,14,F
B-30393614B917,C-8029763FB349,4,GU-603CA128DD6E,10,M
B-30393614B917,C-8029763FB349,5,GU-8028585EC3DA,7,F
B-1933D44434BD,C-6258BED0C615,1,GU-CBBC920698BC,44,M
B-1933D44434BD,C-6258BED0C615,2,GU-6E4C947C0B8D,38,F
B-1933D44434BD,C-6258BED0C615,3,GU-760F86621CE3,10,M
B-1933D44434BD,C-6258BED0C615,4,GU-8924782AC0F6,5,F
B-693283BA504F,C-FFA96C57DC48,1,GU-A7D22DCE900E,43,F
B-693283BA504F,C-FFA96C57DC48,2,GU-60DD14A08D7B,42,M
B-693283BA504F,C-FFA96C57DC48,3,GU-EE6937D0F697,7,F
B-693283BA504F,C-FFA96C57DC48,4,GU-D3885F7E1320,3,M
B-4844679FEE1B,C-380EB9CA150D,1,GU-AE49379BF898,43,M
B-4844679FEE1B,C-380EB9CA150D,2,GU-020EADBD600E,41,F
B-4844679FEE1B,C-380EB9CA150D,3,GU-E33ED17656AC,8,M
B-4844679FEE1B,C-380EB9CA150D,4,GU-2217821C19AF,4,F
B-4844679FEE1B,C-380EB9CA150D,5,GU-788B034B73D7,1,F
B-DC41A8B2EFE0,C-9CFA322D310D,1,GU-53E9687571FC,36,F
B-DC41A8B2EFE0,C-9CFA322D310D,2,GU-A3DE838E47AC,40,M
B-DC41A8B2EFE0,C-9CFA322D310D,3,GU-113B9EB9B8E1,12,F
B-DC41A8B2EFE0,C-9CFA322D310D,4,GU-2F5BA080591D,8,F
B-D04A4F53CFA1,C-5EF7C8F98E75,1,GU-D080C1A1D88B,37,M
B-D04A4F53CFA1,C-5EF7C8F98E75,2,GU-A64A8D4E8569,38,F
B-D04A4F53CFA1,C-5EF7C8F98E75,3,GU-E133B8638073,4,M
B-D04A4F53CFA1,C-5EF7C8F98E75,4,GU-841FF53670E6,7,M
B-80BAF2C27389,C-618ECCE9704C,1,GU-434DDFE24312,44,F
B-80BAF2C27389,C-618ECCE9704C,2,GU-C7DBDDCF2A6B,46,M
B-80BAF2C27389,C-618ECCE9704C,3,GU-C76914A202AB,6,F
B-1D37CF870DD2,C-BC54F65C7421,1,GU-F70D7A5EF6CC,47,M
B-1D37CF870DD2,C-BC54F65C7421,2,GU-ACEF456C2C74,41,F
B-1D37CF870DD2,C-BC54F65C7421,3,GU-B17B401FB19E,9,M
B-1D37CF870DD2,C-BC54F65C7421,4,GU-0B2D70F6915F,5,F
B-9B6ECEA6A8C1,C-6B45E9B7FC33,1,GU-A7CF98983FB5,42,M
B-9B6ECEA6A8C1,C-6B45E9B7FC33,2,GU-3D13322C78DA,42,F
B-D7DCF1B7FE27,C-08C634C7A23F,1,GU-EAE01A5F1636,38,F
B-D7DCF1B7FE27,C-08C634C7A23F,2,GU-6AAFC76922DD,11,F
B-D7DCF1B7FE27,C-08C634C7A23F,3,GU-44B7CC7B9CD3,7,F
B-D7DCF1B7FE27,C-08C634C7A23F,4,GU-6571A2CC8C06,46,M
B-40CA213F5FD8,C-E064F981DA7B,1,GU-DDF61ACF35A4,68,M
B-40CA213F5FD8,C-E064F981DA7B,2,GU-B853C5666CD8,69,F
B-400931EF4D0F,C-711FB4B69F37,1,GU-7BDC155E28B3,35,M
B-400931EF4D0F,C-711FB4B69F37,2,GU-5A3EB1719760,3,F
B-400931EF4D0F,C-711FB4B69F37,3,GU-45F55E5CCB57,33,F
B-758B067D7F89,C-53A300FEEF0C,1,GU-0AE983FC2D0D,69,M
B-758B067D7F89,C-53A300FEEF0C,2,GU-A4A3F82C558E,66,F
B-758B067D7F89,C-53A300FEEF0C,3,GU-70AFD656A8F6,38,F
B-758B067D7F89,C-53A300FEEF0C,4,GU-96961261A963,6,M
B-758B067D7F89,C-53A300FEEF0C,5,GU-C1B2903E461F,3,F
B-0FABA4537770,C-53507B6D08ED,1,GU-55FCC3813916,44,F
B-0FABA4537770,C-53507B6D08ED,2,GU-58D622F17B70,50,M
B-0FABA4537770,C-53507B6D08ED,3,GU-D6F203DB1AE3,15,M
B-5FB429BC45D1,C-60C1175AD256,1,GU-DA748EA8736C,42,M
B-5FB429BC45D1,C-60C1175AD256,2,GU-7ED9F235A436,38,F
B-5FB429BC45D1,C-60C1175AD256,3,GU-FCEAD187F018,7,F
B-5FB429BC45D1,C-60C1175AD256,4,GU-5B5B98CE89EC,3,F
B-F2323573B7DE,C-9F65C675C669,1,GU-1E2AC58A525C,,
B-F2323573B7DE,C-9F65C675C669,2,GU-0881EA75661D,,
B-F2323573B7DE,C-9F65C675C669,3,GU-8CAAF9BFC5EC,,
B-F2323573B7DE,C-9F65C675C669,4,GU-475E96703869,,
B-16976B007842,C-C12E4E31E6BD,1,GU-BE4B913E26D9,39,M
B-16976B007842,C-C12E4E31E6BD,2,GU-A9C5DC60A7C2,34,F
B-16976B007842,C-C12E4E31E6BD,3,GU-D9256CE5A652,3,F
B-C46C2DCE910A,C-BA7B5B007EF7,1,GU-DDF612AB6163,,
B-C46C2DCE910A,C-BA7B5B007EF7,2,GU-37DC1CA40AD1,,
B-176ADB103EBB,C-0DB5EB89DB6F,1,GU-78F7B1059470,50,M
B-176ADB103EBB,C-0DB5EB89DB6F,2,GU-7958B4B03165,3,F
B-176ADB103EBB,C-0DB5EB89DB6F,3,GU-4DAFC0C8B1A4,12,M
B-176ADB103EBB,C-0DB5EB89DB6F,4,GU-B7CCCFA5DD38,47,F
B-0818CF95379A,C-22465B87DD04,1,GU-EB619426A1A5,43,M
B-0818CF95379A,C-22465B87DD04,2,GU-7FFE3FF25122,44,F
B-0818CF95379A,C-22465B87DD04,3,GU-FD92E32566EC,10,F
B-00262C36CE11,C-36D3287A02E4,1,GU-257F4A73F135,41,F
B-00262C36CE11,C-36D3287A02E4,2,GU-A7D56469A4E5,43,M
B-00262C36CE11,C-36D3287A02E4,3,GU-6A8A009FF303,6,M
B-9B66406A6D71,C-9A015ECE3DD9,1,GU-970767376DA5,,
B-9B66406A6D71,C-9A015ECE3DD9,2,GU-B61D557F0FC9,,
B-9B66406A6D71,C-9A015ECE3DD9,3,GU-678FFFB31D60,,
B-9B66406A6D71,C-9A015ECE3DD9,4,GU-95666158340B,,
B-5347B1FE06E0,C-1E2553E6AA01,1,GU-CF6B9A26B8FA,42,M
B-5347B1FE06E0,C-1E2553E6AA01,2,GU-1984084D2CB4,39,F
B-FFB12B49CC1E,C-E7B49890A152,1,GU-34DF62497CC7,46,F
B-FFB12B49CC1E,C-E7B49890A152,2,GU-EA9C6020E294,13,F
B-FFB12B49CC1E,C-E7B49890A152,3,GU-B3ABAB1EF5A2,44,M
B-FFB12B49CC1E,C-E7B49890A152,4,GU-456E72203243,16,F
B-FFB12B49CC1E,C-E7B49890A152,5,GU-902D72CEBE3D,6,M
B-359E3A3B7BC3,C-E7B49890A152,1,GU-F9F41099D44B,42,M
B-359E3A3B7BC3,C-E7B49890A152,2,GU-279A8FEE2EEF,44,F
B-359E3A3B7BC3,C-E7B49890A152,3,GU-4239E0586676,13,F
B-359E3A3B7BC3,C-E7B49890A152,4,GU-E00624D2EFEA,8,F
B-6436456A3B3F,C-E7B49890A152,1,GU-C144FD911BC1,43,M
B-6436456A3B3F,C-E7B49890A152,2,GU-20F63C5947C9,43,F
B-6436456A3B3F,C-E7B49890A152,3,GU-D8BF1DF8A132,16,M
B-6436456A3B3F,C-E7B49890A152,4,GU-F3B51846804E,13,M
B-9E66A227FFD6,C-B474CF16F95F,1,GU-92F93A7ABB72,52,M
B-9E66A227FFD6,C-B474CF16F95F,2,GU-DE994CD16E96,47,F
B-9E66A227FFD6,C-B474CF16F95F,3,GU-1DA15D5202C0,14,M
B-9E66A227FFD6,C-B474CF16F95F,4,GU-D1643E6593E5,9,F
B-EC4CBAEAFF8B,C-B474CF16F95F,1,GU-77DDC1DA2239,50,M
B-EC4CBAEAFF8B,C-B474CF16F95F,2,GU-55AFD3DE673C,48,F
B-EC4CBAEAFF8B,C-B474CF16F95F,3,GU-42092D0A6E8B,13,M
B-EC4CBAEAFF8B,C-B474CF16F95F,4,GU-CAD3E7E65969,12,F
B-4797291CF16F,C-B474CF16F95F,1,GU-06DC72013FE8,48,M
B-4797291CF16F,C-B474CF16F95F,2,GU-48C10E7A2AB4,46,F
B-4797291CF16F,C-B474CF16F95F,3,GU-7AF95182E8FC,13,M
B-4797291CF16F,C-B474CF16F95F,4,GU-571A6B2F87E8,9,F
B-5CB5976805D5,C-550875285790,1,GU-104601F87044,69,M
B-5CB5976805D5,C-550875285790,2,GU-EDB059FAF0C2,60,F
B-158E85D712DA,C-550875285790,1,GU-962A9D150C66,,
B-158E85D712DA,C-550875285790,2,GU-18FB509EF96D,,
B-41186C2AF0AE,C-BACE261217FE,1,GU-59F23756F7DF,41,F
B-41186C2AF0AE,C-BACE261217FE,2,GU-1DE9655B7A7A,44,M
B-41186C2AF0AE,C-BACE261217FE,3,GU-C7E780BDC5E1,14,F
B-41186C2AF0AE,C-BACE261217FE,4,GU-D3E5769BED07,10,M
B-10C304FA0436,C-534066549FBA,1,GU-F021FF18DD3F,42,M
B-10C304FA0436,C-534066549FBA,2,GU-3DAD9768C274,44,F
B-10C304FA0436,C-534066549FBA,3,GU-154B7EB9E03A,3,F
B-10C304FA0436,C-534066549FBA,4,GU-34BEDABAFB57,0,F
B-95B5DE5A24C7,C-CCD6163408DE,1,GU-BAB21ABE9538,38,M
B-95B5DE5A24C7,C-CCD6163408DE,2,GU-CAA887788CE7,37,F
B-95B5DE5A24C7,C-CCD6163408DE,3,GU-B762167B3C1B,6,M
B-A2E8850236DD,C-5841EE9BA506,1,GU-CC0A6FC7F55E,39,F
B-A2E8850236DD,C-5841EE9BA506,2,GU-5B94929FE122,40,M
B-A2E8850236DD,C-5841EE9BA506,3,GU-11310E643F8D,1,M
B-A2E8850236DD,C-5841EE9BA506,4,GU-9F1027060AFF,3,F
B-B423B0346862,C-8873A1DCBCA4,1,GU-901E582738C4,61,M
B-B423B0346862,C-8873A1DCBCA4,2,GU-96EC74B5C76F,48,F
B-B423B0346862,C-8873A1DCBCA4,3,GU-3FCDF936FDCC,11,M
B-B423B0346862,C-8873A1DCBCA4,4,GU-6123EB89B2E6,7,M
B-751028A33FEE,C-229183CAE16C,1,GU-E1F822C8A974,46,M
B-751028A33FEE,C-229183CAE16C,2,GU-21B726B6CF94,42,F
B-751028A33FEE,C-229183CAE16C,3,GU-25C929FEDD90,11,F
B-751028A33FEE,C-229183CAE16C,4,GU-6558C0E16D53,6,M
B-FF0D2A98A806,C-229183CAE16C,1,GU-C4E00F480110,48,F
B-FF0D2A98A806,C-229183CAE16C,2,GU-5B225C9E965C,5,M
B-9E80399DC8F3,C-229183CAE16C,1,GU-03BB9F70A194,50,F
B-9E80399DC8F3,C-229183CAE16C,2,GU-E8179ED0265F,54,M
B-9E80399DC8F3,C-229183CAE16C,3,GU-25D800F05C00,11,F
B-9E80399DC8F3,C-229183CAE16C,4,GU-5D1EF4083372,7,F
B-D0C59340B307,C-87453443F1A0,1,GU-A1501033CF28,,
B-D0C59340B307,C-87453443F1A0,2,GU-EE4A8445203D,,
B-921B4B6B6F4D,C-72C6408CF076,1,GU-EF23363E03B6,,
B-921B4B6B6F4D,C-72C6408CF076,2,GU-ACC6B28C22F1,,
B-3F4B86422E5D,C-C5F867C5B7DC,1,GU-910C4AA1D949,69,M
B-3F4B86422E5D,C-C5F867C5B7DC,2,GU-A5D3A1B39CF9,72,F
B-FE1D9DF68873,C-08C634C7A23F,1,GU-8230C004CFF4,71,M
B-FE1D9DF68873,C-08C634C7A23F,2,GU-1158BFEF1177,61,F
B-13CECAA94D5F,C-FEBF0B774755,1,GU-05E7AF8E03C0,45,F
B-13CECAA94D5F,C-FEBF0B774755,2,GU-DB037071DCD9,40,M
B-13CECAA94D5F,C-FEBF0B774755,3,GU-C0C5EDC107E3,72,F
B-13CECAA94D5F,C-FEBF0B774755,4,GU-D1C9A1618F53,12,M
B-13CECAA94D5F,C-FEBF0B774755,5,GU-199AF639BAC2,9,F
B-13CECAA94D5F,C-FEBF0B774755,6,GU-081F6649AFCF,3,F
B-DB71B41833A2,C-C65051F82B53,1,GU-0C8ACF534ECE,50,M
B-DB71B41833A2,C-C65051F82B53,2,GU-4CC2358E6732,49,F
B-DB71B41833A2,C-C65051F82B53,3,GU-25547782993D,8,M
B-DB71B41833A2,C-C65051F82B53,4,GU-56C9B6899A5F,8,M
B-FE7F1295CC7C,C-D44A27F56F14,1,GU-55FDF974B476,43,M
B-FE7F1295CC7C,C-D44A27F56F14,2,GU-FB1BC3DDDC22,34,F
B-FE7F1295CC7C,C-D44A27F56F14,3,GU-B20F24862BF2,0,M
B-7FE844E8147B,C-EB002C58E854,1,GU-DCFD94351AC6,49,M
B-7FE844E8147B,C-EB002C58E854,2,GU-FDCC5C69038E,42,F
B-7FE844E8147B,C-EB002C58E854,3,GU-57219A1E1CFF,11,M
B-7FE844E8147B,C-EB002C58E854,4,GU-87ABE68AB990,9,M
B-7043262130A1,C-87B4156B7FD7,1,GU-6D2980D06795,75,M
B-7043262130A1,C-87B4156B7FD7,2,GU-DDE83678EB9D,71,F
B-444AA0609C80,C-D327BC77E15E,1,GU-CF892B68AD35,61,M
B-444AA0609C80,C-D327BC77E15E,2,GU-278713D1663D,53,F
B-444AA0609C80,C-D327BC77E15E,3,GU-64FEE25C9CB4,14,M
B-444AA0609C80,C-D327BC77E15E,4,GU-CE576D91ECA0,14,M
B-9B62DF5E1C76,C-82D454693505,1,GU-98D1A6C03FA0,51,M
B-9B62DF5E1C76,C-82D454693505,2,GU-A5B8010EA55D,49,F
B-9B62DF5E1C76,C-82D454693505,3,GU-350EA3ADD9B3,21,M
B-9B62DF5E1C76,C-82D454693505,4,GU-CA5B3489BB8C,16,F
B-9B62DF5E1C76,C-82D454693505,5,GU-ED34CB373E40,9,M
B-DCFA61ACA077,C-2C30702042A2,1,GU-14640E10E800,57,F
B-DCFA61ACA077,C-2C30702042A2,2,GU-12DC7F82E60A,56,M
B-1CE17D1471D3,C-9C48121655A2,1,GU-7E1A8E313991,,
B-1CE17D1471D3,C-9C48121655A2,2,GU-9270138D05AC,,
B-1CE17D1471D3,C-9C48121655A2,3,GU-5582DA68C5AD,,
B-BA87A6CA0F0B,C-AB6558073CF8,1,GU-807EF94D3920,58,M
B-BA87A6CA0F0B,C-AB6558073CF8,2,GU-B56D71B882E7,59,F
B-848C0BD61A73,C-EC88B7EEE51D,1,GU-74B8B032D363,43,M
B-848C0BD61A73,C-EC88B7EEE51D,2,GU-47E222B433C4,37,F
B-848C0BD61A73,C-EC88B7EEE51D,3,GU-4DD97A3EEF7A,15,M
B-848C0BD61A73,C-EC88B7EEE51D,4,GU-717A1DEAA978,17,F
B-848C0BD61A73,C-EC88B7EEE51D,5,GU-3C9B6E4B9BCA,3,M
B-FED1990F49F1,C-FAA19AE7C0B6,1,GU-BB20E63073D0,47,F
B-FED1990F49F1,C-FAA19AE7C0B6,2,GU-8EFA0C2F2A3A,49,M
B-FED1990F49F1,C-FAA19AE7C0B6,3,GU-88CC2C6B7ACB,14,F
B-FED1990F49F1,C-FAA19AE7C0B6,4,GU-0746800ED4B3,11,F
B-C58AC36D0872,C-E76CB54E10AF,1,GU-386F726938D3,59,M
B-C58AC36D0872,C-E76CB54E10AF,2,GU-2361F169A929,59,F
B-C58AC36D0872,C-E76CB54E10AF,3,GU-A6223DD7C308,15,F
B-C58AC36D0872,C-E76CB54E10AF,4,GU-98F7B858E932,12,F
B-F6B9F62D8D5B,C-BA627203B720,1,GU-DFC634E84637,,
B-F6B9F62D8D5B,C-BA627203B720,2,GU-08290B288FEE,,
B-F6B9F62D8D5B,C-BA627203B720,3,GU-17346356CBF6,,
B-F6B9F62D8D5B,C-BA627203B720,4,GU-58EA1CF50B19,,
B-896BAE1ABAA9,C-76D3F2B74712,1,GU-1E6605A29198,36,F
B-896BAE1ABAA9,C-76D3F2B74712,2,GU-E2BA4F6B954E,10,M
B-896BAE1ABAA9,C-76D3F2B74712,3,GU-1B41C0A1230E,42,M
B-896BAE1ABAA9,C-76D3F2B74712,4,GU-DF77A931DC40,9,M
B-F878A9927AEC,C-3C97D4F22B92,1,GU-7D681833DF0D,46,F
B-F878A9927AEC,C-3C97D4F22B92,2,GU-0A68CB8804EF,49,M
B-F878A9927AEC,C-3C97D4F22B92,3,GU-09502924C7C1,12,F
B-F878A9927AEC,C-3C97D4F22B92,4,GU-6302BB0FE57A,9,M
B-B8D1A73C8B9C,C-67CFD0B667A3,1,GU-2B0E5E2728D3,76,M
B-B8D1A73C8B9C,C-67CFD0B667A3,2,GU-9EF62AF5AC48,71,F
B-B8D1A73C8B9C,C-67CFD0B667A3,3,GU-107C128FC860,76,M
B-B8D1A73C8B9C,C-67CFD0B667A3,4,GU-3CD30296F202,73,F
B-B8D1A73C8B9C,C-67CFD0B667A3,5,GU-650EA8D68F55,15,F
B-0A4B776DABD1,C-CFBE73CA0F2E,1,GU-2E30FF5E76EF,54,M
B-0A4B776DABD1,C-CFBE73CA0F2E,2,GU-FFFE34D4F609,47,F
B-0A4B776DABD1,C-CFBE73CA0F2E,3,GU-361F44FC3FCF,16,M
B-0A4B776DABD1,C-CFBE73CA0F2E,4,GU-DE7F8AA319D1,13,M
B-0A4B776DABD1,C-CFBE73CA0F2E,5,GU-CD56D52E6355,15,M
B-626C05E36CCD,C-E46A9FAC6EC6,1,GU-42BD6267CC50,,
B-626C05E36CCD,C-E46A9FAC6EC6,2,GU-F590CB74479D,,
B-626C05E36CCD,C-E46A9FAC6EC6,3,GU-2F7EA3285BA0,,
B-626C05E36CCD,C-E46A9FAC6EC6,4,GU-B43D78D4F264,,
B-E699FC095BA7,C-E46A9FAC6EC6,1,GU-133E1DC484BA,42,F
B-E699FC095BA7,C-E46A9FAC6EC6,2,GU-84600B403134,44,M
B-E699FC095BA7,C-E46A9FAC6EC6,3,GU-A396D4129B25,9,M
B-E699FC095BA7,C-E46A9FAC6EC6,4,GU-E454E86B15BE,6,F
B-495F242AEF35,C-6B6D49C92CC8,1,GU-6240A3EE6D73,44,F
B-495F242AEF35,C-6B6D49C92CC8,2,GU-0756903817D6,9,F
B-495F242AEF35,C-6B6D49C92CC8,3,GU-23F426D5BCE6,42,M
B-C7AAB06DEAFA,C-09A361F2420B,1,GU-BF036E0C8CA8,43,M
B-C7AAB06DEAFA,C-09A361F2420B,2,GU-5A422E48EE8D,42,F
B-C7AAB06DEAFA,C-09A361F2420B,3,GU-EA8AD426AA28,8,M
B-C7AAB06DEAFA,C-09A361F2420B,4,GU-8016DB110E44,14,F
B-6238700FD9D7,C-FAEA291E7862,1,GU-44292A7432F8,55,F
B-6238700FD9D7,C-FAEA291E7862,2,GU-EB5A50C47A09,54,M
B-6238700FD9D7,C-FAEA291E7862,3,GU-C3D27422857F,18,F
B-DE544BBA46B1,C-3467942FD1AC,1,GU-05AA0E337899,50,M
B-DE544BBA46B1,C-3467942FD1AC,2,GU-30017EAD112B,48,F
B-DE544BBA46B1,C-3467942FD1AC,3,GU-9D6915E70930,16,M
B-DE544BBA46B1,C-3467942FD1AC,4,GU-953EFA989C2D,12,F
B-41771FFB62B2,C-E46A9FAC6EC6,1,GU-01AC4F570796,,
B-41771FFB62B2,C-E46A9FAC6EC6,2,GU-40F36469F128,,
B-41771FFB62B2,C-E46A9FAC6EC6,3,GU-48F9319B585A,,
B-A8E9C037DB4C,C-F452F6F989D1,1,GU-F23DD629531F,40,F
B-A8E9C037DB4C,C-F452F6F989D1,2,GU-B2DBBE7F2EC7,56,M
B-A8E9C037DB4C,C-F452F6F989D1,3,GU-6A654800B20D,2,F
B-A8E9C037DB4C,C-F452F6F989D1,4,GU-BA54C2FA9E63,3,F
B-DC0A8A350895,C-856B4E3E4161,1,GU-992232354A98,31,F
B-DC0A8A350895,C-856B4E3E4161,2,GU-5D951CBF9E85,3,F
B-DC0A8A350895,C-856B4E3E4161,3,GU-B54EDC1ED162,1,M
B-DC0A8A350895,C-856B4E3E4161,4,GU-89790990E634,32,M
B-E923771A3D3B,C-7E5604C2AF18,1,GU-FE583426BA65,40,M
B-E923771A3D3B,C-7E5604C2AF18,2,GU-4AB1675073FF,13,M
B-E923771A3D3B,C-7E5604C2AF18,3,GU-7F22409FCB93,10,M
B-E923771A3D3B,C-7E5604C2AF18,4,GU-ECA828AB0D1F,44,F
B-188D5EDEDEAC,C-7E5604C2AF18,1,GU-E66EF7553B8F,52,M
B-188D5EDEDEAC,C-7E5604C2AF18,2,GU-87F35D640AD3,44,F
B-188D5EDEDEAC,C-7E5604C2AF18,3,GU-778AB5107F8A,4,M
B-79AA585AC21A,C-F8C9E5640C6B,1,GU-5C23320191A2,54,M
B-79AA585AC21A,C-F8C9E5640C6B,2,GU-4240D55EC4D6,54,F
B-79AA585AC21A,C-F8C9E5640C6B,3,GU-277903A90A01,18,F
B-79AA585AC21A,C-F8C9E5640C6B,4,GU-E5E8E28DC64D,13,F
B-F75A82CFF10D,C-D8AB2241DB29,1,GU-A18631FB419C,61,F
B-F75A82CFF10D,C-D8AB2241DB29,2,GU-6C42DC4D7E27,63,M
B-184E49DAAC56,C-D8AB2241DB29,1,GU-995391081627,61,F
B-184E49DAAC56,C-D8AB2241DB29,2,GU-EDFF365A008E,65,M
B-3F2815E5FA6E,C-0C396ABA42E8,1,GU-98ADE8056782,68,F
B-3F2815E5FA6E,C-0C396ABA42E8,2,GU-173CAD12445A,74,M
B-239C3638AE05,C-C999FEDFD738,1,GU-60B9DD0EE7B7,,
B-239C3638AE05,C-C999FEDFD738,2,GU-6EFE2B890E46,,
B-239C3638AE05,C-C999FEDFD738,3,GU-B2E05965C074,,
B-F5D380DD5C89,C-E9E11AC0B2A0,1,GU-C503FC6C45C3,47,F
B-F5D380DD5C89,C-E9E11AC0B2A0,2,GU-916D91632AF7,48,M
B-F5D380DD5C89,C-E9E11AC0B2A0,3,GU-06F0B26D6DCC,11,M
B-F5D380DD5C89,C-E9E11AC0B2A0,4,GU-9791DCA35CC5,13,F
B-F5D380DD5C89,C-E9E11AC0B2A0,5,GU-8E3E78828319,15,F
B-37F8A2B767C2,C-A98EAE623F77,1,GU-F6A07C3FE196,42,M
B-37F8A2B767C2,C-A98EAE623F77,2,GU-82E07FD14CCF,34,F
B-37F8A2B767C2,C-A98EAE623F77,3,GU-EC77425FC9F1,3,M
B-37F8A2B767C2,C-A98EAE623F77,4,GU-A5304E88DC85,0,M
B-B29DD70D39F4,C-0C396ABA42E8,1,GU-4543C08E582A,69,F
B-B29DD70D39F4,C-0C396ABA42E8,2,GU-E7234E244F29,68,M
B-EF823E3CF269,C-56AE617858B6,1,GU-5A7B96DB2853,57,M
B-EF823E3CF269,C-56AE617858B6,2,GU-540EE4C94D82,47,F
B-EF823E3CF269,C-56AE617858B6,3,GU-D45B92C1A706,15,M
B-50A7B305698E,C-E46A9FAC6EC6,1,GU-57D343B58DE1,,
B-50A7B305698E,C-E46A9FAC6EC6,2,GU-D57EEA40F47D,,
B-642198AB9A5F,C-E46A9FAC6EC6,1,GU-B385F1B8BD31,69,M
B-642198AB9A5F,C-E46A9FAC6EC6,2,GU-D1282299C179,68,F
B-642198AB9A5F,C-E46A9FAC6EC6,3,GU-E61AD5099DB3,18,M
B-642198AB9A5F,C-E46A9FAC6EC6,4,GU-929455678EE2,15,M
B-9A764E7320B2,C-9F80993AB357,1,GU-5466E6C75E17,52,M
B-9A764E7320B2,C-9F80993AB357,2,GU-E25C509A4241,47,F
B-9A764E7320B2,C-9F80993AB357,3,GU-F03C1E6DF0CA,17,M
B-9A764E7320B2,C-9F80993AB357,4,GU-C6581DE83B02,15,M
B-ACC5BCE6D709,C-82889864CEDE,1,GU-01EC6A70889B,51,M
B-ACC5BCE6D709,C-82889864CEDE,2,GU-286F150F5A6D,12,M
B-ACC5BCE6D709,C-82889864CEDE,3,GU-372C108CE7FF,8,F
B-67CE9449ECBE,C-75AB90AC5D51,1,GU-EE8343D177CD,54,F
B-67CE9449ECBE,C-75AB90AC5D51,2,GU-1A5E75164B14,58,M
B-CCF2B39D8279,C-75AB90AC5D51,1,GU-26D3883BBBD3,55,F
B-CCF2B39D8279,C-75AB90AC5D51,2,GU-B6C63530E5C1,59,M
B-417267BECE70,C-75AB90AC5D51,1,GU-9D504014B531,56,F
B-417267BECE70,C-75AB90AC5D51,2,GU-654738E215A9,59,M
B-92DDD7DF36C2,C-50C0310C51A9,1,GU-08F7A59D9AEC,59,M
B-92DDD7DF36C2,C-50C0310C51A9,2,GU-723B894F66A2,59,F
B-201CF0E92716,C-D0E3E2D1DE59,1,GU-717D2C89E8DC,48,F
B-201CF0E92716,C-D0E3E2D1DE59,2,GU-D5FD7AFA7403,78,F
B-201CF0E92716,C-D0E3E2D1DE59,3,GU-B8416774B2D7,59,F
B-201CF0E92716,C-D0E3E2D1DE59,4,GU-0417311F957D,55,M
B-BF068EE24F5F,C-BA627203B720,1,GU-B397CFC2B644,,
B-BF068EE24F5F,C-BA627203B720,2,GU-8C1D12E94738,,
B-BF068EE24F5F,C-BA627203B720,3,GU-D1FF45A05700,,
B-BF068EE24F5F,C-BA627203B720,4,GU-FF75BB19A45A,,
B-A7B2FE3B26A4,C-07C9786F3227,1,GU-CDE9242FFEC6,47,M
B-A7B2FE3B26A4,C-07C9786F3227,2,GU-AD842750C2A9,46,F
B-A7B2FE3B26A4,C-07C9786F3227,3,GU-5EA7D3CFD3D4,13,F
B-A7B2FE3B26A4,C-07C9786F3227,4,GU-A2CB7A07267A,13,F
B-DE90090AE1A2,C-722691A91494,1,GU-FAD93E2CB241,46,M
B-DE90090AE1A2,C-722691A91494,2,GU-DED3D523DB77,47,F
B-DE90090AE1A2,C-722691A91494,3,GU-8423441B1419,9,F
B-69F964585FFE,C-518D28E36C13,1,GU-B1BB6042771E,47,M
B-69F964585FFE,C-518D28E36C13,2,GU-663B2FA1AE69,49,M
B-69F964585FFE,C-518D28E36C13,3,GU-F7B6ACFCA333,9,F
B-CD88B3FAE73B,C-3DAAF1A442DC,1,GU-8C26ACFE4EDF,52,M
B-CD88B3FAE73B,C-3DAAF1A442DC,2,GU-EFB3E45FFACB,34,M
B-CD88B3FAE73B,C-3DAAF1A442DC,3,GU-5BDEBA675477,18,M
B-CD88B3FAE73B,C-3DAAF1A442DC,4,GU-11634E76F462,18,M
B-3AB5239ECF5B,C-AA22CA55E7EC,1,GU-0E1E063D8345,56,M
B-3AB5239ECF5B,C-AA22CA55E7EC,2,GU-C4D4A93F09D7,52,F
B-3AB5239ECF5B,C-AA22CA55E7EC,3,GU-84D210D49043,11,F
B-3AB5239ECF5B,C-AA22CA55E7EC,4,GU-25C0C01FCED3,81,F
B-3AB5239ECF5B,C-AA22CA55E7EC,5,GU-990FBB5C4DF4,51,F
B-8A72C3428AB8,C-2A9626332A6A,1,GU-5215AE3255DC,36,M
B-8A72C3428AB8,C-2A9626332A6A,2,GU-80CC407B4374,34,F
B-8A72C3428AB8,C-2A9626332A6A,3,GU-F75031AB4D57,2,F
B-7B7CC4FD92E2,C-0E2DE39A8719,1,GU-3CBFD047ADBB,42,M
B-7B7CC4FD92E2,C-0E2DE39A8719,2,GU-2519286E9E7C,39,F
B-7B7CC4FD92E2,C-0E2DE39A8719,3,GU-2607B9D6F3EC,4,M
B-7B7CC4FD92E2,C-0E2DE39A8719,4,GU-BFEEC6AABAB0,2,F
B-3FD3461E601E,C-E4A733FC5383,1,GU-D39B6253AA2E,51,M
B-3FD3461E601E,C-E4A733FC5383,2,GU-61B57212778B,50,F
B-3FD3461E601E,C-E4A733FC5383,3,GU-049A3267B995,12,F
B-76560975950E,C-25EF660D945C,1,GU-4EC074684370,0,
B-76560975950E,C-25EF660D945C,2,GU-A3323451D69E,0,
B-76560975950E,C-25EF660D945C,3,GU-B2B8F4C5EACF,56,
B-76560975950E,C-25EF660D945C,4,GU-CE73B79EFD74,52,
B-F6F3028D0F76,C-681452A878D7,1,GU-7BCBCCEC31A9,46,F
B-F6F3028D0F76,C-681452A878D7,2,GU-42D7E03D7184,53,M
B-F6F3028D0F76,C-681452A878D7,3,GU-BEF0247C3592,13,F
B-F6F3028D0F76,C-681452A878D7,4,GU-FF4441CA40FE,6,F
B-63E768123CD8,C-93987F94E908,1,GU-7F147041D9C7,39,F
B-63E768123CD8,C-93987F94E908,2,GU-A5045F2B9B3E,47,M
B-63E768123CD8,C-93987F94E908,3,GU-0310831CE871,3,M
B-63E768123CD8,C-93987F94E908,4,GU-3A4F80136F85,11,F
B-17E61DE0B2F8,C-BE59247F4BC7,1,GU-F434636410AA,48,M
B-17E61DE0B2F8,C-BE59247F4BC7,2,GU-D0A774E9D37A,47,F
B-17E61DE0B2F8,C-BE59247F4BC7,3,GU-E2E7ECCA6955,9,M
B-2965E8546512,C-2EC89ACD70E9,1,GU-99C66AAC7552,63,F
B-2965E8546512,C-2EC89ACD70E9,2,GU-03655BA4B8C2,69,M
B-092CB4C55B72,C-2EC89ACD70E9,1,GU-602565451E2C,71,M
B-092CB4C55B72,C-2EC89ACD70E9,2,GU-C5ECE3E3977D,61,F
B-2A5BF6FC4D68,C-E284CEEDFE26,1,GU-7B8AC235F3B9,,
B-2A5BF6FC4D68,C-E284CEEDFE26,2,GU-F89D184DBA95,,
B-4064DCC52C5B,C-E284CEEDFE26,1,GU-6BF394DB4437,,
B-4064DCC52C5B,C-E284CEEDFE26,2,GU-011A13DCDCD3,,
B-4064DCC52C5B,C-E284CEEDFE26,3,GU-E61E957A0657,,
B-CBB3C3500B36,C-E284CEEDFE26,1,GU-2E3F0C2BC166,64,M
B-CBB3C3500B36,C-E284CEEDFE26,2,GU-BF8B9572C38D,62,F
B-CBB3C3500B36,C-E284CEEDFE26,3,GU-15BBCAB2566D,9,F
B-CBB3C3500B36,C-E284CEEDFE26,4,GU-28F168CCA64B,37,F
B-5CD7A41EC99A,C-378FA12FB1C8,1,GU-F652EA1C1293,41,F
B-5CD7A41EC99A,C-378FA12FB1C8,2,GU-0534B81919B1,41,M
B-5CD7A41EC99A,C-378FA12FB1C8,3,GU-FA89F6DF72B0,11,M
B-5CD7A41EC99A,C-378FA12FB1C8,4,GU-0202DFD135E6,6,M
B-B2EF730DFC3D,C-5499107D8DB2,1,GU-C8CAEE18E6AB,51,M
B-B2EF730DFC3D,C-5499107D8DB2,2,GU-EEE96366D190,51,F
B-B2EF730DFC3D,C-5499107D8DB2,3,GU-650A493F37AF,18,F
B-B2EF730DFC3D,C-5499107D8DB2,4,GU-15CB0D299FDA,13,M
B-29502D99D806,C-380B156E9CE9,1,GU-A46C485C73DC,61,F
B-29502D99D806,C-380B156E9CE9,2,GU-4F02D2769788,62,M
B-29502D99D806,C-380B156E9CE9,3,GU-ADDDFFAD06EE,20,F
B-F8CF0FF7DA7E,C-247969C7AE2E,1,GU-1AA4747BF3EF,39,F
B-F8CF0FF7DA7E,C-247969C7AE2E,2,GU-D29890D07925,43,M
B-F8CF0FF7DA7E,C-247969C7AE2E,3,GU-55A95F8D3B96,2,F
B-F8CF0FF7DA7E,C-247969C7AE2E,4,GU-B31F81944C93,0,M
B-649ED9185FAC,C-0992ACFB7043,1,GU-73FA6008C684,47,F
B-649ED9185FAC,C-0992ACFB7043,2,GU-31D27DC1278A,50,M
B-5629DDB900ED,C-08B60AD2A67A,1,GU-F0F5205B55A1,56,M
B-5629DDB900ED,C-08B60AD2A67A,2,GU-4C7237C4CD22,56,F
B-BD58183E6E87,C-3C529274FD3A,1,GU-DD92D80D1F2C,31,F
B-BD58183E6E87,C-3C529274FD3A,2,GU-887086CF0EB1,37,M
B-BD58183E6E87,C-3C529274FD3A,3,GU-042F066ED1AE,1,F
B-2A1D295A9626,C-DE122153B13D,1,GU-A0C2D8DEECA8,44,F
B-2A1D295A9626,C-DE122153B13D,2,GU-3B01118B4EA5,48,M
B-2A1D295A9626,C-DE122153B13D,3,GU-CC1ECA6CF3FB,14,F
B-2A1D295A9626,C-DE122153B13D,4,GU-BBFB73D68AA6,10,F
B-2A1D295A9626,C-DE122153B13D,5,GU-A932763B9734,6,F
B-7512E93888ED,C-8B6B2CB5F3AE,1,GU-58CA6DB04851,51,M
B-7512E93888ED,C-8B6B2CB5F3AE,2,GU-394B11A6FCDB,52,F
B-7512E93888ED,C-8B6B2CB5F3AE,3,GU-11A2D302C329,14,F
B-7512E93888ED,C-8B6B2CB5F3AE,4,GU-F902A14706F5,12,M
B-8D4D779D729E,C-7E132A3FC6A8,1,GU-D491A96FA4D5,47,M
B-8D4D779D729E,C-7E132A3FC6A8,2,GU-BCAE788517C7,41,F
B-8D4D779D729E,C-7E132A3FC6A8,3,GU-A62296C30AF4,14,M
B-8D4D779D729E,C-7E132A3FC6A8,4,GU-793354FE415C,0,F
B-C74611DADC52,C-7E0C7B0F3967,1,GU-FEED584446CD,51,M
B-C74611DADC52,C-7E0C7B0F3967,2,GU-37A2F961A8B8,50,F
B-C74611DADC52,C-7E0C7B0F3967,3,GU-2C07088B51A6,21,F
B-C74611DADC52,C-7E0C7B0F3967,4,GU-95D879C615C8,11,M
B-100FD28721A8,C-8B3ACF7ACEAE,1,GU-0FE083C18201,52,M
B-100FD28721A8,C-8B3ACF7ACEAE,2,GU-685AC86A2D13,49,F
B-100FD28721A8,C-8B3ACF7ACEAE,3,GU-13F42BE103C0,18,F
B-100FD28721A8,C-8B3ACF7ACEAE,4,GU-268460D2CE5E,13,F
B-BFC1341728B8,C-4905AE86E991,1,GU-0F61B49474B8,60,M
B-BFC1341728B8,C-4905AE86E991,2,GU-AAA28907041C,55,F
B-BFC1341728B8,C-4905AE86E991,3,GU-AF37D3A59275,35,F
B-BFC1341728B8,C-4905AE86E991,4,GU-012A34C87E1B,39,M
B-BFC1341728B8,C-4905AE86E991,5,GU-EB2AB60B07EA,32,M
B-BFC1341728B8,C-4905AE86E991,6,GU-F91AB5E2128F,33,F
B-BFC1341728B8,C-4905AE86E991,7,GU-E63AFA795D4C,4,M
B-BFC1341728B8,C-4905AE86E991,8,GU-B13278B46FC0,0,M
B-A2A1A554001E,C-A5949F759FF0,1,GU-9D5B0DB12EDC,46,M
B-A2A1A554001E,C-A5949F759FF0,2,GU-3ABD982918D6,42,F
B-A2A1A554001E,C-A5949F759FF0,3,GU-DDBB273FB408,11,M
B-A2A1A554001E,C-A5949F759FF0,4,GU-31F8916858A2,8,M
B-A2A1A554001E,C-A5949F759FF0,5,GU-0AB5D9DD60CA,10,M
B-DE385D3E9777,C-700898DB072C,1,GU-7971439CAC2A,53,M
B-DE385D3E9777,C-700898DB072C,2,GU-D48477748923,49,F
B-DE385D3E9777,C-700898DB072C,3,GU-C379A739C8FF,14,F
B-DE385D3E9777,C-700898DB072C,4,GU-BF70FEFAC158,56,F
B-DE385D3E9777,C-700898DB072C,5,GU-034980B0F1D2,20,F
B-DE385D3E9777,C-700898DB072C,6,GU-FFAFFD364C0B,57,M
B-AEDCC258BCF9,C-CB5BFF39469D,1,GU-BF2AD26F2940,43,M
B-AEDCC258BCF9,C-CB5BFF39469D,2,GU-AFB9A52F781D,44,F
B-AEDCC258BCF9,C-CB5BFF39469D,3,GU-0D0C84C3C987,9,F
B-AEDCC258BCF9,C-CB5BFF39469D,4,GU-B0F2771E85AC,4,F
B-21104A2F594E,C-AF8F66D1A8FC,1,GU-D262F90E9F41,42,M
B-21104A2F594E,C-AF8F66D1A8FC,2,GU-5D9FB33CCEBE,41,F
B-21104A2F594E,C-AF8F66D1A8FC,3,GU-E18F69577FCD,7,M
B-21104A2F594E,C-AF8F66D1A8FC,4,GU-4FD27A41C3AC,2,M
B-4DC1BC1E08C0,C-CC00F5EDE852,1,GU-849E661F969A,56,F
B-4DC1BC1E08C0,C-CC00F5EDE852,2,GU-82098FC9F3AA,22,F
B-4DC1BC1E08C0,C-CC00F5EDE852,3,GU-312CD839FA4C,23,M
B-2CD0684528B0,C-15A88FE017AF,1,GU-9F5A098873CC,56,M
B-2CD0684528B0,C-15A88FE017AF,2,GU-8A4EBB7AFD11,46,F
B-2CD0684528B0,C-15A88FE017AF,3,GU-36F266EC4492,15,F
B-2CD0684528B0,C-15A88FE017AF,4,GU-B1027C70C97D,10,M
B-2CD0684528B0,C-15A88FE017AF,5,GU-895F74E83F26,13,F
B-42B5EE8F1F70,C-5EF7C8F98E75,1,GU-1B3282EEDD52,,
B-42B5EE8F1F70,C-5EF7C8F98E75,2,GU-F8D17EE6FB4D,,
B-42B5EE8F1F70,C-5EF7C8F98E75,3,GU-0143B141E83C,,
B-15E7271DE717,C-7B02BDD1530E,1,GU-79C44B992D37,44,M
B-15E7271DE717,C-7B02BDD1530E,2,GU-E0B00D911CF6,42,F
B-15E7271DE717,C-7B02BDD1530E,3,GU-E0DCC9FFC9D0,16,M
B-15E7271DE717,C-7B02BDD1530E,4,GU-50B8968ED325,10,F
B-FC119A39A522,C-7B02BDD1530E,1,GU-CF9FAFCCBC1A,41,M
B-FC119A39A522,C-7B02BDD1530E,2,GU-E3A4E06A9A83,39,F
B-FC119A39A522,C-7B02BDD1530E,3,GU-FFFB461A65AA,13,M
B-224BB3A09343,C-2CD80EA9AC89,1,GU-3EF4B4C9A4C4,,
B-224BB3A09343,C-2CD80EA9AC89,2,GU-3B0AEA1A1F27,,
B-C9E07A4F17ED,C-7B02BDD1530E,1,GU-D860DEBE0BF8,61,M
B-C9E07A4F17ED,C-7B02BDD1530E,2,GU-10C718C98829,54,F
B-C11ABDDEDB73,C-36B2F6BD1A51,1,GU-0461CFC34DBE,39,M
B-C11ABDDEDB73,C-36B2F6BD1A51,2,GU-69983DBA7036,34,F
B-C11ABDDEDB73,C-36B2F6BD1A51,3,GU-7FB1B0AA7D34,6,M
B-C11ABDDEDB73,C-36B2F6BD1A51,4,GU-630DCED38277,0,M
B-076032B2E19F,C-D225E8D6CC06,1,GU-0DE1325A3992,,
B-076032B2E19F,C-D225E8D6CC06,2,GU-D14CEF2E8FD5,,
B-076032B2E19F,C-D225E8D6CC06,3,GU-48B4CC323BCE,,
B-076032B2E19F,C-D225E8D6CC06,4,GU-44E6DBA2283E,,
B-9D7F65A68FDA,C-5EF7C8F98E75,1,GU-7FC8E636CD4C,,
B-9D7F65A68FDA,C-5EF7C8F98E75,2,GU-4B3DE6085CDF,,
B-4FF658444F98,C-F0900F372BCF,1,GU-C9851DED300C,49,M
B-4FF658444F98,C-F0900F372BCF,2,GU-A3E6DF0336D8,50,F
B-4FF658444F98,C-F0900F372BCF,3,GU-CC4D9EB3AFA8,14,M
B-4FF658444F98,C-F0900F372BCF,4,GU-84B11DC1D42E,12,M
B-69D310AFC741,,1,GU-F6B8251632CC,,
B-69D310AFC741,,2,GU-57A6F320A14A,,
B-4A1CD1FE2B26,C-F86FF8A294DA,1,GU-A32E72FEB2C4,,
B-4A1CD1FE2B26,C-F86FF8A294DA,2,GU-9DC5B6E03289,,
B-F8C167A8DE2F,,1,GU-1B405FC9CD11,,
B-F8C167A8DE2F,,2,GU-D7D5E70112D1,,
B-C6D5107BF325,,1,GU-DC238F80D08C,,
B-C6D5107BF325,,2,GU-6E1CF0736336,,
B-0750942E1C5A,,1,GU-13F9FB09BE08,,
B-0750942E1C5A,,2,GU-9B445EB4E8D1,,
B-E716C5D5E7E5,,1,GU-20F46181F5E7,,
B-E716C5D5E7E5,,2,GU-7A635380DB33,,
B-FA8489BD9B94,,1,GU-1D3FF3F4D187,,
B-FA8489BD9B94,,2,GU-9D88C2D05589,,
B-A034F3931BB8,,1,GU-985DC42CD33B,,
B-A034F3931BB8,,2,GU-36133B90CED4,,
B-F4D02B57A473,,1,GU-9C8534BDD810,,
B-F4D02B57A473,,2,GU-A7F32EC4E203,,
B-3B72C839995A,,1,GU-BCA37B026AF9,,
B-3B72C839995A,,2,GU-1C7F81264DDF,,
B-3B72C839995A,,3,GU-3AE02DBFDBD0,,
B-52289BCA7D8D,,1,GU-3B3B8F061C17,64,M
B-52289BCA7D8D,,2,GU-AAE95DA0858F,60,F
B-A18088230EC5,C-F86FF8A294DA,1,GU-35EF7011EE56,,
B-A18088230EC5,C-F86FF8A294DA,2,GU-906318F1B23F,,
B-E6935294F1E0,,1,GU-71D8CC808EBB,73,M
B-E6935294F1E0,,2,GU-FD1C414FF1FF,69,F
B-C37121D217CB,,1,GU-35280C9AC12C,75,M
B-C37121D217CB,,2,GU-55255106C91A,72,F
B-08F9FA7EE980,,1,GU-9286DB2D03F1,,
B-08F9FA7EE980,,2,GU-52CEF3D01ADA,,
B-FFB42590DD41,,1,GU-B421B3711D76,,
B-FFB42590DD41,,2,GU-47CC5F05503B,,
B-53F5DAD87DEF,,1,GU-9BE51C568EBB,,
B-53F5DAD87DEF,,2,GU-5858EA29D46C,,
B-53F5DAD87DEF,,3,GU-7F43E6941D5B,,
B-EFCDE1F87B1D,,1,GU-A583CF87275E,,
B-EFCDE1F87B1D,,2,GU-0BB97277829F,,
B-13B13B84B07C,,1,GU-7C4CF5F0F7BF,66,M
B-13B13B84B07C,,2,GU-24B01AF6C396,61,F
B-9B722D2D7263,,1,GU-E0B2BD891AFF,67,M
B-9B722D2D7263,,2,GU-EA149A7DDE93,64,F
B-819314824324,,1,GU-D64118B25A94,69,M
B-819314824324,,2,GU-70DDDF335FAC,71,F
B-8DC79C6B4A64,C-F86FF8A294DA,1,GU-87CC3E5CAE07,,
B-8DC79C6B4A64,C-F86FF8A294DA,2,GU-99266BD5BDFF,,
B-E0067B168D01,C-F86FF8A294DA,1,GU-67DF8B33D4F3,,
B-E0067B168D01,C-F86FF8A294DA,2,GU-771CFE4DECCE,,
B-04D3635C0DCC,C-F86FF8A294DA,1,GU-DB61C92DB69B,48,M
B-04D3635C0DCC,C-F86FF8A294DA,2,GU-C89D6C53E02C,48,F
B-04D3635C0DCC,C-F86FF8A294DA,3,GU-B53D8C934538,3,F
B-04D3635C0DCC,C-F86FF8A294DA,4,GU-2195A2E87EDD,,
B-D901BA476366,C-F86FF8A294DA,1,GU-9BB98F19A172,73,F
B-D901BA476366,C-F86FF8A294DA,2,GU-D5A4912F8681,75,M
B-D901BA476366,C-F86FF8A294DA,3,GU-CB2041C3BAE1,,
B-D901BA476366,C-F86FF8A294DA,4,GU-88F78C4CAF91,,
B-031FC7F8AEA0,,1,GU-528817256E51,,
B-031FC7F8AEA0,,2,GU-E5544CDFC37F,,
B-7C0E1F51629F,C-F86FF8A294DA,1,GU-84B9F6D6D3E4,,
B-7C0E1F51629F,C-F86FF8A294DA,2,GU-DABE3058A05A,,
B-3C65F2C50A91,,1,GU-6FA45FD68A90,,
B-3C65F2C50A91,,2,GU-C7D7DE8927DF,,
B-01541769920A,,1,GU-9921C85FF73A,,
B-01541769920A,,2,GU-C67D278AF23E,,
B-5268A6666C93,C-F86FF8A294DA,1,GU-338B6EF8FD28,,
B-5268A6666C93,C-F86FF8A294DA,2,GU-5418FA40EFC2,,
B-9E47C3D4AB20,C-F86FF8A294DA,1,GU-FCFD99EF3D2C,,
B-9E47C3D4AB20,C-F86FF8A294DA,2,GU-79643597CD76,,
B-99EF1E93681F,C-F86FF8A294DA,1,GU-2B0BF119CF3C,61,
B-99EF1E93681F,C-F86FF8A294DA,2,GU-4FDD100960F9,58,
B-99EF1E93681F,C-F86FF8A294DA,3,GU-0BD69B3166DD,7,
B-97432828E2BE,C-F86FF8A294DA,1,GU-7383EE7D0978,,
B-97432828E2BE,C-F86FF8A294DA,2,GU-17AB68BFFF31,,
B-3FA6968EB65A,C-DE2D0B9F6321,1,GU-3537FD8F31CC,,
B-3FA6968EB65A,C-DE2D0B9F6321,2,GU-F565F4B1059B,,
B-3FA6968EB65A,C-DE2D0B9F6321,3,GU-6AAC542490BD,,
B-3FA6968EB65A,C-DE2D0B9F6321,4,GU-58373A5A846E,,
B-F96C4BD0A1C9,C-4A81303F4A05,1,GU-90CB08BF031A,26,M
B-F96C4BD0A1C9,C-4A81303F4A05,2,GU-B5FF985E0CE7,25,F
B-4A6F47CEAA32,C-F86FF8A294DA,1,GU-CD93FB496A1F,59,M
B-4A6F47CEAA32,C-F86FF8A294DA,2,GU-04D52909DA0F,59,F
B-600C2AAEAEC9,C-F86FF8A294DA,1,GU-EDF29A1E2DA5,82,M
B-600C2AAEAEC9,C-F86FF8A294DA,2,GU-19DA653B9D18,79,F
B-4615D2FD17A0,C-7B02BDD1530E,1,GU-FE6771407590,46,M
B-4615D2FD17A0,C-7B02BDD1530E,2,GU-A36F9A5A9727,46,F
B-4615D2FD17A0,C-7B02BDD1530E,3,GU-E39758D13B22,14,M
B-4615D2FD17A0,C-7B02BDD1530E,4,GU-23B34C23E48D,9,M
B-2CB8DD544C7C,C-A42B663719BC,1,GU-0A31D4A5AE23,53,F
B-2CB8DD544C7C,C-A42B663719BC,2,GU-1599AA464090,50,M
B-CF713CAD763B,C-FE68EAB38A6B,1,GU-D95FAFCA7DA9,38,F
B-CF713CAD763B,C-FE68EAB38A6B,2,GU-3D148D918F8D,43,M
B-CF713CAD763B,C-FE68EAB38A6B,3,GU-151C7C521BE1,5,F
B-CF713CAD763B,C-FE68EAB38A6B,4,GU-EA94BC8FACF9,66,M
B-CF713CAD763B,C-FE68EAB38A6B,5,GU-8424EC8BCFD2,61,F
B-88D3A2038019,C-FA4B6793B287,1,GU-00A2C7B067EB,38,F
B-88D3A2038019,C-FA4B6793B287,2,GU-4969FAEC5DCD,42,M
B-88D3A2038019,C-FA4B6793B287,3,GU-5508CBBBA065,15,M
B-88D3A2038019,C-FA4B6793B287,4,GU-3421627F7AA3,12,F
B-77D74B410130,C-053AECC013FD,1,GU-B0E5BA879196,45,F
B-77D74B410130,C-053AECC013FD,2,GU-22EDA02286F1,46,M
B-77D74B410130,C-053AECC013FD,3,GU-3CFD9AB76504,17,M
B-77D74B410130,C-053AECC013FD,4,GU-10CD546B6654,15,M
B-5D3ACFA66CA9,C-0FDC44A9BCC3,1,GU-2F9E31645748,55,F
B-5D3ACFA66CA9,C-0FDC44A9BCC3,2,GU-B5BBB4AE00FC,25,
B-379429ECCACE,C-F79A19B47D4E,1,GU-BF903463B457,61,M
B-379429ECCACE,C-F79A19B47D4E,2,GU-869EAB6C6BF8,58,F
B-88DA148A0527,C-F79A19B47D4E,1,GU-1B508B3A375E,61,M
B-88DA148A0527,C-F79A19B47D4E,2,GU-3F7E5A7EAD1A,56,F
B-88DA148A0527,C-F79A19B47D4E,3,GU-497F09D610B9,18,M
B-6105C76836EF,C-F79A19B47D4E,1,GU-13378060E105,46,F
B-6105C76836EF,C-F79A19B47D4E,2,GU-D3E33A773A12,47,M
B-6105C76836EF,C-F79A19B47D4E,3,GU-AE1647165E64,12,M
B-6105C76836EF,C-F79A19B47D4E,4,GU-14343581CD3A,11,F
B-574F1DC92BDE,C-DBC823BEE262,1,GU-48DB03B35F03,51,M
B-574F1DC92BDE,C-DBC823BEE262,2,GU-1FCBE58D9901,43,F
B-574F1DC92BDE,C-DBC823BEE262,3,GU-82B7DA973EFF,17,M
B-574F1DC92BDE,C-DBC823BEE262,4,GU-81DFAFE6933B,10,F
B-AE44664D2592,C-95DD6409013C,1,GU-2D8FAB8C1B2A,,
B-AE44664D2592,C-95DD6409013C,2,GU-9A43A2F655B9,,
B-AE44664D2592,C-95DD6409013C,3,GU-56E81F523789,,
B-AE44664D2592,C-95DD6409013C,4,GU-AF3D26AB71CC,,
B-01B01524DDEF,C-84CBAEA31FE4,1,GU-62453D0921AD,39,F
B-01B01524DDEF,C-84CBAEA31FE4,2,GU-426888CFBE59,42,M
B-01B01524DDEF,C-84CBAEA31FE4,3,GU-5B3A5C7A1B03,8,F
B-00FD1A4850DB,C-8571630919AF,1,GU-5AEBC3105636,43,M
B-00FD1A4850DB,C-8571630919AF,2,GU-E81D045E2087,9,M
B-00FD1A4850DB,C-8571630919AF,3,GU-0902BB96E459,43,F
B-64DA72CEB5D4,C-4E52A9F609F0,1,GU-C8D4E729F4DC,52,M
B-64DA72CEB5D4,C-4E52A9F609F0,2,GU-DA0E2D2FC535,52,F
B-935FBA21981A,C-C6E7F7181F2E,1,GU-B42876B4BC40,34,F
B-935FBA21981A,C-C6E7F7181F2E,2,GU-3835B1B88337,41,M
B-935FBA21981A,C-C6E7F7181F2E,3,GU-EE21B92A85DB,3,M
B-1FF9517843B0,C-95966323DF24,1,GU-81FE2B1356DC,34,F
B-1FF9517843B0,C-95966323DF24,2,GU-D9B24CBE797B,38,M
B-1FF9517843B0,C-95966323DF24,3,GU-F657EB6BE4D9,61,F
B-1FF9517843B0,C-95966323DF24,4,GU-C34427CE97CC,4,M
B-4FA43D5D6E81,C-6746136B0956,1,GU-03FCDC62511B,59,M
B-4FA43D5D6E81,C-6746136B0956,2,GU-2730F85D7B6F,54,F
B-4FA43D5D6E81,C-6746136B0956,3,GU-1792B7E7B7D7,21,F
B-599BB7EDB7B0,C-5044C639A7E9,1,GU-98714BC85B1E,58,F
B-599BB7EDB7B0,C-5044C639A7E9,2,GU-8081D3EBE642,62,M
B-BBC433FD85F6,C-FADC7DEEEFC1,1,GU-399D61DF75F8,53,M
B-BBC433FD85F6,C-FADC7DEEEFC1,2,GU-056CCFE7AF57,47,F
B-BBC433FD85F6,C-FADC7DEEEFC1,3,GU-067B81B8732F,16,F
B-BBC433FD85F6,C-FADC7DEEEFC1,4,GU-32BE86C17517,11,M
B-2ADCC305C4F6,C-941FF34E6773,1,GU-D878770467EF,62,M
B-2ADCC305C4F6,C-941FF34E6773,2,GU-D5570757D85D,61,F
B-0A8EB365C90D,C-2BD7CF3A105E,1,GU-6A28D965BA4A,43,M
B-0A8EB365C90D,C-2BD7CF3A105E,2,GU-71C58C10CE9C,40,F
B-0A8EB365C90D,C-2BD7CF3A105E,3,GU-2498D12A2295,4,F
B-F1A3EE07EDDF,C-8681848AF574,1,GU-59478A71156D,50,
B-F1A3EE07EDDF,C-8681848AF574,2,GU-DFFEBACC0D8F,55,
B-44E150CE95DB,C-7DA0B6C2A29C,1,GU-AFFDCA9AB57F,54,M
B-44E150CE95DB,C-7DA0B6C2A29C,2,GU-3A110489148F,20,F
B-44E150CE95DB,C-7DA0B6C2A29C,3,GU-492255EAA05B,23,M
B-750F9C4C2172,C-0C203C3211BC,1,GU-A5A447B2D40A,49,M
B-750F9C4C2172,C-0C203C3211BC,2,GU-051373840BBB,48,F
B-750F9C4C2172,C-0C203C3211BC,3,GU-21C152B1F249,13,F
B-E31387C1C10A,C-0C203C3211BC,1,GU-FCDE959DEE18,,
B-E31387C1C10A,C-0C203C3211BC,2,GU-8BB0A7FA382E,,
B-2B3BF46B6750,C-0C203C3211BC,1,GU-36F912644B7F,,
B-2B3BF46B6750,C-0C203C3211BC,2,GU-A4EA4D4E2E80,,
B-5DCF860CCE32,C-0C203C3211BC,1,GU-FD49AB919892,43,M
B-5DCF860CCE32,C-0C203C3211BC,2,GU-8F7A08B25BB2,41,F
B-5DCF860CCE32,C-0C203C3211BC,3,GU-756922752AFE,13,F
B-5DCF860CCE32,C-0C203C3211BC,4,GU-A7CDA0D8C46E,11,F
B-5DCF860CCE32,C-0C203C3211BC,5,GU-75176BFDA4AC,8,F
B-C40534605378,C-0C203C3211BC,1,GU-57B4B53F13B3,42,M
B-C40534605378,C-0C203C3211BC,2,GU-A358681C74D8,,
B-C40534605378,C-0C203C3211BC,3,GU-9D08F71D3393,,
B-C40534605378,C-0C203C3211BC,4,GU-EBF39D32A47C,,
B-8BBBDC5C8685,C-0C203C3211BC,1,GU-35C0EC3ECAF6,,
B-8BBBDC5C8685,C-0C203C3211BC,2,GU-CD80DD251C6B,,
B-36704518C98D,C-0C203C3211BC,1,GU-BE8E42C646FD,,
B-36704518C98D,C-0C203C3211BC,2,GU-9FBA3BBDB972,,
B-36704518C98D,C-0C203C3211BC,3,GU-EC56CA91ECA9,,
B-36704518C98D,C-0C203C3211BC,4,GU-D8C5BF1CC03B,,
B-89A86DB917E6,C-0C203C3211BC,1,GU-E460F806081A,50,M
B-89A86DB917E6,C-0C203C3211BC,2,GU-85C5FCFCA228,48,F
B-89A86DB917E6,C-0C203C3211BC,3,GU-A5AF0F8DA5AD,17,F
B-89A86DB917E6,C-0C203C3211BC,4,GU-A4B8845D6C8D,17,F
B-A0B9D481EEE8,C-0C203C3211BC,1,GU-49C7E4A2C87D,,
B-A0B9D481EEE8,C-0C203C3211BC,2,GU-92C10094C0A3,,
B-1C165B88CE74,C-0C203C3211BC,1,GU-F5CA0DFF9014,,
B-1C165B88CE74,C-0C203C3211BC,2,GU-3905951A382B,,
B-AA3594084171,C-0C203C3211BC,1,GU-98206CBA2900,48,M
B-AA3594084171,C-0C203C3211BC,2,GU-33E35F006232,43,F
B-AA3594084171,C-0C203C3211BC,3,GU-CEF2111C2A2C,11,F
B-AA3594084171,C-0C203C3211BC,4,GU-D06C43A2C9A2,5,F
B-314A29880AC6,C-0C203C3211BC,1,GU-39D93E45A31E,,
B-314A29880AC6,C-0C203C3211BC,2,GU-FBD9B7CAE6C6,,
B-07AEAAAF6C25,C-0C203C3211BC,1,GU-AF4B2644887E,48,M
B-07AEAAAF6C25,C-0C203C3211BC,2,GU-0533B270A351,44,F
B-0F64A185253B,C-0C203C3211BC,1,GU-399CECE3B56B,62,M
B-0F64A185253B,C-0C203C3211BC,2,GU-A8351DB6656E,63,F
B-11C92F1ECB2D,C-0C203C3211BC,1,GU-88C16DC6DBE1,59,M
B-11C92F1ECB2D,C-0C203C3211BC,2,GU-E23685563E92,56,F
B-EF1A69824916,C-0C203C3211BC,1,GU-CD1379963088,,
B-EF1A69824916,C-0C203C3211BC,2,GU-E71C1575BAAD,,
B-EF1A69824916,C-0C203C3211BC,3,GU-2CFCD2ACA46C,,
B-EF1A69824916,C-0C203C3211BC,4,GU-125A4C9D80CC,,
B-8CAEE27D1F06,C-0C203C3211BC,1,GU-174478869CAC,,
B-8CAEE27D1F06,C-0C203C3211BC,2,GU-63C078E2188E,,
B-4279D78B6D14,C-0C203C3211BC,1,GU-8971D6881B28,53,M
B-4279D78B6D14,C-0C203C3211BC,2,GU-88E795BB878D,14,F
B-4279D78B6D14,C-0C203C3211BC,3,GU-73B3819D59AC,50,F
B-41E61BFCFB33,C-0C203C3211BC,1,GU-A51B0205D683,,
B-41E61BFCFB33,C-0C203C3211BC,2,GU-BCEDCA0D2B59,,
B-E2108B1A4357,C-0C203C3211BC,1,GU-58D00C2D2672,,
B-E2108B1A4357,C-0C203C3211BC,2,GU-8B4D129D323A,,
B-3480CB73FDB8,C-0C203C3211BC,1,GU-DC885FD1021F,,
B-3480CB73FDB8,C-0C203C3211BC,2,GU-618DA1186BF5,,
B-804FADDCFA74,C-0C203C3211BC,1,GU-364CB7857EE2,51,F
B-804FADDCFA74,C-0C203C3211BC,2,GU-8FF267A599E7,55,M
B-50DE63640293,C-0C203C3211BC,1,GU-3BD83E59F5E2,,
B-50DE63640293,C-0C203C3211BC,2,GU-C210D3113909,,
B-70D3C24E07BF,C-0C203C3211BC,1,GU-8102206FB2D4,,
B-70D3C24E07BF,C-0C203C3211BC,2,GU-BAA7EF9F1DC5,,
B-70D3C24E07BF,C-0C203C3211BC,3,GU-39B04312A81A,,
B-527D324354EC,C-0C203C3211BC,1,GU-605D0A31BE80,,
B-527D324354EC,C-0C203C3211BC,2,GU-A14E7017C906,,
B-9295A5077934,C-0C203C3211BC,1,GU-7354639B8D8B,,
B-9295A5077934,C-0C203C3211BC,2,GU-EB72E0EF1133,,
B-9295A5077934,C-0C203C3211BC,3,GU-7A16BA3F547C,,
B-190558B586C0,,1,GU-A6B2B9335FD5,66,M
B-190558B586C0,,2,GU-50C6BAE017D8,62,F
B-B63291D8CA52,,1,GU-439B2CCB8E6D,63,F
B-B63291D8CA52,,2,GU-383C0E89502B,67,M
B-8E731A86A8A3,,1,GU-E4303C7B3DCE,65,F
B-8E731A86A8A3,,2,GU-41B493D62DEF,67,M
B-AD66CE337C57,,1,GU-5E46DC1B83E2,58,F
B-AD66CE337C57,,2,GU-B30475A201F9,60,M
B-F55576BCFA4E,,1,GU-BA3D28A2EDE8,72,M
B-F55576BCFA4E,,2,GU-D883962D86F8,69,F
B-5F7BCAEB7E76,,1,GU-0F0DDECD2EDC,,
B-5F7BCAEB7E76,,2,GU-DE680165E0A3,,
B-8D11BB3F31A3,,1,GU-5F99ED090141,60,F
B-8D11BB3F31A3,,2,GU-FF223E60A354,72,M
B-8EA62B003B63,,1,GU-3EDD30BFACD5,61,F
B-8EA62B003B63,,2,GU-93EDB42ED1FD,66,M
B-A31A56530EC5,,1,GU-A730BF57FE10,67,M
B-A31A56530EC5,,2,GU-996C391AA42D,61,F
B-56D3E326C1C7,C-0C203C3211BC,1,GU-CCAAAC0517FB,74,M
B-56D3E326C1C7,C-0C203C3211BC,2,GU-0F8B9F8F36B3,69,F
B-A1049976E454,C-0C203C3211BC,1,GU-0F6D96B1ACF0,64,F
B-A1049976E454,C-0C203C3211BC,2,GU-3630E522FF01,70,M
B-601E9CD31604,C-0C203C3211BC,1,GU-21C9958A7B60,53,M
B-601E9CD31604,C-0C203C3211BC,2,GU-ECB9F3B32EC1,50,M
B-C9D97BB1605D,C-0C203C3211BC,1,GU-B7A282375AA1,37,F
B-C9D97BB1605D,C-0C203C3211BC,2,GU-EEEB8445C47F,39,M
B-C9D97BB1605D,C-0C203C3211BC,3,GU-0FA6150D9BC9,9,F
B-C9D97BB1605D,C-0C203C3211BC,4,GU-24164172F064,,
B-4C6466AC7655,C-0C203C3211BC,1,GU-E239350DB5D4,68,M
B-4C6466AC7655,C-0C203C3211BC,2,GU-97ABF28D46EF,18,M
B-4C6466AC7655,C-0C203C3211BC,3,GU-AA95CA99E3E9,10,F
B-4C6466AC7655,C-0C203C3211BC,4,GU-8C1613472156,39,F
B-4C6466AC7655,C-0C203C3211BC,5,GU-83B8F9505FA2,61,F
B-4C6466AC7655,C-0C203C3211BC,6,GU-2661EB85E45B,43,F
B-7E25206E335B,C-0C203C3211BC,1,GU-88786BBCEE60,75,F
B-7E25206E335B,C-0C203C3211BC,2,GU-BEFD5615DDC8,80,M
B-C15413C7CFF0,C-056F072FBB87,1,GU-C5E3A72C6845,19,M
B-C15413C7CFF0,C-056F072FBB87,2,GU-29C74818E47C,55,M
B-C15413C7CFF0,C-056F072FBB87,3,GU-4FA19EDB7A27,48,F
B-C15413C7CFF0,C-056F072FBB87,4,GU-E16FD9AC3BFF,70,M
B-C15413C7CFF0,C-056F072FBB87,5,GU-A25372F8431F,65,F
B-C15413C7CFF0,C-056F072FBB87,6,GU-81CA72FEFA33,11,M
B-B2B02A45D49A,C-2297331505AE,1,GU-F6D45AEEEBF0,41,F
B-B2B02A45D49A,C-2297331505AE,2,GU-58E6E3BE785C,47,M
B-B2B02A45D49A,C-2297331505AE,3,GU-38F3E1A10E85,9,F
B-CCA5CCC4690E,C-725B0062F5DA,1,GU-72C4F434A07E,66,M
B-CCA5CCC4690E,C-725B0062F5DA,2,GU-3C386E9D1B37,67,F
B-949765D461EE,C-C65B1BA0409F,1,GU-E7AFB049149B,61,M
B-949765D461EE,C-C65B1BA0409F,2,GU-025C21D19103,36,M
B-949765D461EE,C-C65B1BA0409F,3,GU-9203817C77FC,42,F
B-949765D461EE,C-C65B1BA0409F,4,GU-5FC98F5879FF,2,M
B-949765D461EE,C-C65B1BA0409F,5,GU-0FC0A9DD0F2A,60,F
B-79CA013DF65F,C-EA95A1135CDD,1,GU-B5BE6889B0E1,,
B-79CA013DF65F,C-EA95A1135CDD,2,GU-C08F5360C2EC,,
B-79CA013DF65F,C-EA95A1135CDD,3,GU-78C45088E124,,
B-8BCE1A12C6F5,C-9CDE209BD712,1,GU-65B85183E0DF,67,F
B-8BCE1A12C6F5,C-9CDE209BD712,2,GU-15B228529061,37,F
B-8BCE1A12C6F5,C-9CDE209BD712,3,GU-E4F31C61B8A6,34,F
B-8BCE1A12C6F5,C-9CDE209BD712,4,GU-1DDE04788BB5,7,M
B-17485053D176,C-4C3FC4B46CB7,1,GU-ECAC77B6C578,48,F
B-17485053D176,C-4C3FC4B46CB7,2,GU-5FF5C394B488,44,F
B-17485053D176,C-4C3FC4B46CB7,3,GU-18CFB79FF505,10,M
B-17485053D176,C-4C3FC4B46CB7,4,GU-64F9078F0C54,17,M
B-555A702099FE,C-F89D717C3187,1,GU-D75D1ADEBB71,50,M
B-555A702099FE,C-F89D717C3187,2,GU-F2BD4B93AE69,49,F
B-555A702099FE,C-F89D717C3187,3,GU-0BAF1E26D554,14,M
B-555A702099FE,C-F89D717C3187,4,GU-8461E1EA9B89,12,M
B-5FAC1B4D3F37,C-D680FB35CD50,1,GU-76173EE50C07,45,M
B-5FAC1B4D3F37,C-D680FB35CD50,2,GU-BFDBA9443993,43,F
B-5FAC1B4D3F37,C-D680FB35CD50,3,GU-95941A124537,11,M
B-5FAC1B4D3F37,C-D680FB35CD50,4,GU-554E06472B95,8,M
B-5D99C3900690,C-E80C23B0AA01,1,GU-6677925E221A,56,M
B-5D99C3900690,C-E80C23B0AA01,2,GU-5ABD02E9D336,62,F
B-8D893F65FD8A,C-43C81E486B03,1,GU-4D6638544F76,39,M
B-8D893F65FD8A,C-43C81E486B03,2,GU-D74F3611608A,35,F
B-8D893F65FD8A,C-43C81E486B03,3,GU-73BF1E763162,4,M
B-4D328EE5924A,C-43C81E486B03,1,GU-38DD876E8105,35,M
B-4D328EE5924A,C-43C81E486B03,2,GU-6C4CC5948F0A,31,F
B-4D328EE5924A,C-43C81E486B03,3,GU-9C9C45F32718,13,F
B-4D328EE5924A,C-43C81E486B03,4,GU-3387794B2BDE,3,M
B-A2BEA5F678A8,C-B8E54FB0274B,1,GU-828613654A62,36,F
B-A2BEA5F678A8,C-B8E54FB0274B,2,GU-BEFCE8E5A0DF,1,F
B-A2BEA5F678A8,C-B8E54FB0274B,3,GU-CC97AEE5E9F0,41,M
B-0D177C8F27E1,C-378EBAB59C7F,1,GU-8F40E5265519,40,F
B-0D177C8F27E1,C-378EBAB59C7F,2,GU-843CF1A72D76,45,M
B-0D177C8F27E1,C-378EBAB59C7F,3,GU-5D680CF02F6A,4,F
B-0D177C8F27E1,C-378EBAB59C7F,4,GU-A66560E6E272,3,M
B-03973B3BBA32,C-D25A37A98BAC,1,GU-43970AEF3EE9,51,M
B-03973B3BBA32,C-D25A37A98BAC,2,GU-4AEF0062A49E,44,F
B-03973B3BBA32,C-D25A37A98BAC,3,GU-B066F0A2FBAD,8,F
B-03973B3BBA32,C-D25A37A98BAC,4,GU-357F88765581,6,M
B-03973B3BBA32,C-D25A37A98BAC,5,GU-CC9FDFE1C0DD,3,M
B-9FBF8565D692,C-0C203C3211BC,1,GU-8A1E8C5D68FB,52,M
B-9FBF8565D692,C-0C203C3211BC,2,GU-D9C8F6A0CAEC,51,F
B-9FBF8565D692,C-0C203C3211BC,3,GU-05AAADC96A63,18,F
B-9FBF8565D692,C-0C203C3211BC,4,GU-285DF42A98BC,39,F
B-9FBF8565D692,C-0C203C3211BC,5,GU-BF6CC38E529F,49,M
B-6B77ECE24166,,1,GU-F7B026A283FD,74,F
B-6B77ECE24166,,2,GU-916186BAC9D9,87,M
B-FE969CF16510,,1,GU-A7BC66C36AC9,83,M
B-FE969CF16510,,2,GU-A74A06D668BD,,
B-68EEDC28CBD9,C-D601DC44E420,1,GU-56494193CE0B,38,M
B-68EEDC28CBD9,C-D601DC44E420,2,GU-E34E106F3161,35,F
B-68EEDC28CBD9,C-D601DC44E420,3,GU-D9B5591E44EF,7,M
B-68EEDC28CBD9,C-D601DC44E420,4,GU-C44D17B6B0BC,3,F
B-DB58751E5B94,,1,GU-33FDDD22E265,59,M
B-DB58751E5B94,,2,GU-A35190E15DC2,67,F
B-9E00631F7234,,1,GU-5E2C19F26453,,
B-9E00631F7234,,2,GU-B08B82387A69,,
B-EE166014FC8E,,1,GU-48AD513C4CD9,,
B-EE166014FC8E,,2,GU-6C34D99A9196,,
B-E017A30EE125,C-F86FF8A294DA,1,GU-A426B4E172BC,,
B-E017A30EE125,C-F86FF8A294DA,2,GU-8CA333F51DAE,,
B-02AAA1D916DB,,1,GU-6C5D532F8BB2,,
B-02AAA1D916DB,,2,GU-B24B60BA9D32,,
B-02AAA1D916DB,,3,GU-DA15E5066BD1,,
B-02AAA1D916DB,,4,GU-E23E7312402D,,
B-E137D079327B,C-F86FF8A294DA,1,GU-3A04F1E48BC1,60,F
B-E137D079327B,C-F86FF8A294DA,2,GU-495993309047,62,M
B-937548E88319,C-F86FF8A294DA,1,GU-A1B640762B75,,
B-937548E88319,C-F86FF8A294DA,2,GU-6D832AE8A990,,
B-74AC0C923EDD,C-F86FF8A294DA,1,GU-79AA21DBF95E,67,F
B-74AC0C923EDD,C-F86FF8A294DA,2,GU-6B795B91A1EA,70,M
B-46F623AB9A5F,C-F9A523212043,1,GU-D10F89A73C5B,51,M
B-46F623AB9A5F,C-F9A523212043,2,GU-87F3D7C0F36F,46,F
B-46F623AB9A5F,C-F9A523212043,3,GU-02E6C9FFA215,14,F
B-46F623AB9A5F,C-F9A523212043,4,GU-D95FD4D0B017,12,F
B-64B508B60397,,1,GU-7746F52C33C9,59,F
B-64B508B60397,,2,GU-4C12FD6AA7E3,66,M
B-2ECAC64E1EE3,C-F86FF8A294DA,1,GU-E8CBAA3BAD0D,62,F
B-2ECAC64E1EE3,C-F86FF8A294DA,2,GU-D9E55F7FD081,,
B-A3251E439E96,,1,GU-886ECBAFAC32,67,M
B-A3251E439E96,,2,GU-458F1C426888,62,F
B-A36429406F33,,1,GU-C33822C60C09,72,M
B-A36429406F33,,2,GU-21DE4B220126,62,F
B-FE48DD9A717B,C-F86FF8A294DA,1,GU-FB3B406EF452,,
B-FE48DD9A717B,C-F86FF8A294DA,2,GU-47E135702CD7,,
B-FE48DD9A717B,C-F86FF8A294DA,3,GU-AB8F33449E9B,,
B-D7E1D9178135,,1,GU-2F2223FA23C2,,
B-D7E1D9178135,,2,GU-AD7FA3C416E8,,
B-FDF535F8E851,,1,GU-9BFF33302498,,
B-FDF535F8E851,,2,GU-EE0E780D9F70,,
B-5736C7202251,,1,GU-16A39CE4966A,66,M
B-5736C7202251,,2,GU-89307B91CB5E,61,F
B-5736C7202251,,3,GU-9158195652CA,84,F
B-54D6A37ECD81,C-F86FF8A294DA,1,GU-D1B41AC35C82,63,F
B-54D6A37ECD81,C-F86FF8A294DA,2,GU-5D093B09E25A,69,M
B-05FEDE3ADE0B,,1,GU-3CF397CE803A,74,M
B-05FEDE3ADE0B,,2,GU-0470362E7E85,72,F
B-14F9C9E494A3,C-F86FF8A294DA,1,GU-5E072E1518F0,,
B-14F9C9E494A3,C-F86FF8A294DA,2,GU-FA29F44038AD,,
B-CB7116636E18,,1,GU-17FEFF2E0834,62,M
B-CB7116636E18,,2,GU-B575D04A3FEA,57,F
B-A006034EEC95,,1,GU-533D29BD4268,,
B-A006034EEC95,,2,GU-FDC54DA8D467,,
B-885B3D62E6A6,,1,GU-CB804C3FBDA2,38,F
B-885B3D62E6A6,,2,GU-BD7DDD53C76A,37,M
B-885B3D62E6A6,,3,GU-166CEE0F9D2C,1,
B-72DE63518384,C-288BBB02873F,1,GU-FFA5EDB3C065,50,
B-72DE63518384,C-288BBB02873F,2,GU-51B9D0C4168F,4,
B-72DE63518384,C-288BBB02873F,3,GU-32AFE5EEE88C,4,
B-72DE63518384,C-288BBB02873F,4,GU-BED7E6E65316,59,
B-A6B46D8D325A,C-5C5E620EFD93,1,GU-155B46A315A1,32,F
B-A6B46D8D325A,C-5C5E620EFD93,2,GU-49BA617DBC19,33,M
B-A6B46D8D325A,C-5C5E620EFD93,3,GU-E5F0D93A4E53,2,F
B-A6B46D8D325A,C-5C5E620EFD93,4,GU-FD56CF9C94B4,0,F
B-578105E8A429,C-6F0C23168CF3,1,GU-9A7692D25CF1,40,F
B-578105E8A429,C-6F0C23168CF3,2,GU-6E2657282AB2,44,M
B-578105E8A429,C-6F0C23168CF3,3,GU-E825316D0FE8,10,F
B-578105E8A429,C-6F0C23168CF3,4,GU-139B296AEEAE,7,F
B-578105E8A429,C-6F0C23168CF3,5,GU-FBD32ABB98C9,4,M
B-D6930DAB678B,C-4B9EDCA77C1D,1,GU-7A8FA77CC44C,50,
B-D6930DAB678B,C-4B9EDCA77C1D,2,GU-FC312C0CF295,48,
B-D6930DAB678B,C-4B9EDCA77C1D,3,GU-48E68DE4C644,12,
B-D6930DAB678B,C-4B9EDCA77C1D,4,GU-1866C4F56148,17,
B-4453C0CBC713,C-420829E2EDDA,1,GU-D973D5B3DB22,46,F
B-4453C0CBC713,C-420829E2EDDA,2,GU-27BB076BA587,51,M
B-4453C0CBC713,C-420829E2EDDA,3,GU-340BB03B01D8,8,F
B-ECF82D37C7B6,C-AB658459AF47,1,GU-F5601F17DD74,81,M
B-ECF82D37C7B6,C-AB658459AF47,2,GU-74022AD73683,56,F
B-6DFE353A4F0D,C-61649A561B05,1,GU-4E8B430AC597,37,F
B-6DFE353A4F0D,C-61649A561B05,2,GU-500417F47649,30,M
B-6DFE353A4F0D,C-61649A561B05,3,GU-C5A2135830DA,3,M
B-79E2C1166089,C-A85BED715D05,1,GU-385B57DD3368,27,M
B-79E2C1166089,C-A85BED715D05,2,GU-F7BC006AF1B9,28,F
B-79E2C1166089,C-A85BED715D05,3,GU-CAAAF710D25B,23,F
B-79E2C1166089,C-A85BED715D05,4,GU-EFF75FC32DB8,27,M
B-1D365FB8CF29,C-1687DA803C25,1,GU-C1DEBB52593A,,
B-1D365FB8CF29,C-1687DA803C25,2,GU-C639DFF3E231,,
B-1D365FB8CF29,C-1687DA803C25,3,GU-BFC528644CF8,,
B-1D365FB8CF29,C-1687DA803C25,4,GU-56A31F0BE5A8,,
B-1D365FB8CF29,C-1687DA803C25,5,GU-7D149B4CC059,,
B-4CD3BECF2429,,1,GU-772FC23F621B,,
B-5541DC934D45,,1,GU-08F52220DE81,,
B-5541DC934D45,,2,GU-AD93FB149EF7,,
B-5541DC934D45,,3,GU-A637D3EEC3EB,,
B-5541DC934D45,,4,GU-36835DCE22B4,,
B-5541DC934D45,,5,GU-B2EC86E37D0A,,
B-5541DC934D45,,6,GU-DCB2EE3517AB,,
B-D029A3F15F58,,1,GU-8E267DED498B,,
B-AE7CE0165868,,1,GU-1D4CDFB6CA6F,22,M
B-AE7CE0165868,,2,GU-3A8598ACB824,22,M
B-AE7CE0165868,,3,GU-36577D999920,22,M
B-FEC79B9BFAAE,,1,GU-C3930C2D06E4,32,M
B-FEC79B9BFAAE,,2,GU-4EE4410C6322,34,F
B-FEC79B9BFAAE,,3,GU-522BC218CEFA,2,F
B-538B8A32103D,,1,GU-11D22B79A65B,50,F
B-538B8A32103D,,2,GU-3B5E823F8CDF,50,F
B-538B8A32103D,,3,GU-9AC4C7E026C1,,
B-538B8A32103D,,4,GU-A3837045D478,,
B-538B8A32103D,,5,GU-FDB63F291A42,,
B-CD5EB4BF5D91,,1,GU-C26F2F977947,58,M
B-CD5EB4BF5D91,,2,GU-556EF68E4E9E,50,F
B-B5FE10728AA3,,1,GU-235D40D094ED,,
B-B5FE10728AA3,,2,GU-48948FC7C041,,
B-7EDC7321D09B,,1,GU-E7B3DF6EF56F,46,F
B-7EDC7321D09B,,2,GU-DFA2BB3A1B41,17,F
B-7EDC7321D09B,,3,GU-5359EB11A9D8,18,F
B-7EDC7321D09B,,4,GU-4A0443BF9151,53,M
B-7EDC7321D09B,,5,GU-75117E0A28BE,14,M
B-7EDC7321D09B,,6,GU-19ADCA769E9B,,
B-83313DF8D416,,1,GU-A8657ADF0200,,
B-83313DF8D416,,2,GU-4D8039C05D19,,
B-618FBB9B8953,,1,GU-BCBC0FD2CB79,46,F
B-618FBB9B8953,,2,GU-64DE3841AF6E,50,M
B-618FBB9B8953,,3,GU-1EF37AA5E998,18,F
B-618FBB9B8953,,4,GU-8BB55CCD55DB,14,M
B-3022FC2768D4,,1,GU-732F6AC32546,70,F
B-3022FC2768D4,,2,GU-2CC00F67A484,58,F
B-3022FC2768D4,,3,GU-E4B55383AE01,,
B-3022FC2768D4,,4,GU-D0064DB22F5A,,
B-9CBA564A299E,C-F9A523212043,1,GU-976A40FAF905,80,M
B-9CBA564A299E,C-F9A523212043,2,GU-3744C28B9711,69,F
B-46134C172453,,1,GU-2746DA61939A,,
B-46134C172453,,2,GU-67E16FF79DD7,,
B-B6AA6627FD18,,1,GU-A29D53DB38E7,64,F
B-B6AA6627FD18,,2,GU-D271AB6B4F08,10,F
B-B6AA6627FD18,,3,GU-646BDF252277,11,F
B-B6AA6627FD18,,4,GU-D1CA6E7BDF01,69,M
B-B6AA6627FD18,,5,GU-A6F653847D0B,72,F
B-B6AA6627FD18,,6,GU-C80DD3B9AD2D,75,M
B-80CB1CEEA5E3,C-5B2058692B82,1,GU-25B9446B13FF,45,F
B-80CB1CEEA5E3,C-5B2058692B82,2,GU-B52D7D0C92D5,47,M
B-80CB1CEEA5E3,C-5B2058692B82,3,GU-07B5A7C0CFD4,18,F
B-80CB1CEEA5E3,C-5B2058692B82,4,GU-B9B6AF503E6E,13,F
B-ED364B3C2DAF,,1,GU-73D77702E1BA,44,F
B-ED364B3C2DAF,,2,GU-EB095429DA5B,47,M
B-ED364B3C2DAF,,3,GU-C1E8AEF8D9CF,6,F
B-ED364B3C2DAF,,4,GU-0CD9EC752F5C,8,M
B-791420294A8B,,1,GU-DE03A99BD8DF,45,M
B-791420294A8B,,2,GU-FD8090887B06,42,F
B-791420294A8B,,3,GU-28006AA0BD48,11,M
B-791420294A8B,,4,GU-9AC3B107F6F9,14,M
B-791420294A8B,,5,GU-85D6FAAD87E6,,
B-791420294A8B,,6,GU-85D76DE20592,,
B-9C7E16337686,,1,GU-2863F85586D9,52,F
B-9C7E16337686,,2,GU-2F9CA3B22811,53,M
B-9C7E16337686,,3,GU-D916887723F1,25,
B-9C7E16337686,,4,GU-632470D04214,25,
B-71E6CA77D50A,,1,GU-7533267189B7,,
B-71E6CA77D50A,,2,GU-BCA095296E1D,,
B-71E6CA77D50A,,3,GU-E666106673A0,,
B-71E6CA77D50A,,4,GU-CD3D7932F898,,
B-71E6CA77D50A,,5,GU-7D92A5354874,,
B-936EF0A7B598,,1,GU-77F5EA25AA35,,
B-936EF0A7B598,,2,GU-AB000E51780F,,
B-936EF0A7B598,,3,GU-226BFF80A9D1,,
B-936EF0A7B598,,4,GU-0EFAEB7DE283,,
B-936EF0A7B598,,5,GU-8DFFF07B74AB,,
B-2A1F08F54D04,,1,GU-CFF0C1020EE5,53,M
B-2A1F08F54D04,,2,GU-73976FC05160,50,F
B-9C197AB16462,,1,GU-7453AB0DEFEB,,
B-9C197AB16462,,2,GU-E1F1EC48755D,,
B-9C197AB16462,,3,GU-6681F7C24790,,
B-3423F995C4FD,,1,GU-009B2D2D529A,49,M
B-3423F995C4FD,,2,GU-739405BECE3D,45,F
B-3423F995C4FD,,3,GU-D71AB0E1C9A2,11,M
B-3423F995C4FD,,4,GU-D9B0F21C45A3,14,F
B-DDAC97BD52DA,,1,GU-4BEB74C508F7,44,M
B-DDAC97BD52DA,,2,GU-2DE83DA3175B,49,F
B-DDAC97BD52DA,,3,GU-98EA7D31A37C,14,F
B-DDAC97BD52DA,,4,GU-3C1CBD08E0BF,13,F
B-DDAC97BD52DA,,5,GU-229A3A7A117C,14,F
B-DDAC97BD52DA,,6,GU-9915827CDA10,,
B-BDA64C1BF881,,1,GU-C2F1D690101F,,
B-BDA64C1BF881,,2,GU-EEC5E7EFE8EE,,
B-BDA64C1BF881,,3,GU-6A3D1664C3EE,,
B-BDA64C1BF881,,4,GU-B7D170D7C17A,,
B-BDA64C1BF881,,5,GU-21B2326CEC0D,,
B-BDA64C1BF881,,6,GU-E85AF1FCA0F8,,
B-9DC091A7222A,,1,GU-BF1FDDEC44F0,45,F
B-9DC091A7222A,,2,GU-FC47C98F995E,15,F
B-9DC091A7222A,,3,GU-507491BBE78B,45,M
B-2071BC9C1746,,1,GU-C75BD7500487,85,F
B-2071BC9C1746,,2,GU-9B594AF3A944,46,F
B-2071BC9C1746,,3,GU-32C33D8651D3,18,M
B-2071BC9C1746,,4,GU-EC86367464A1,14,F
B-2071BC9C1746,,5,GU-29FEF890B4D0,,
B-6B21A08D7F52,C-B9AC0EC154A6,1,GU-C7AF3D42228D,38,F
B-6B21A08D7F52,C-B9AC0EC154A6,2,GU-38FB8E9524F9,39,M
B-6B21A08D7F52,C-B9AC0EC154A6,3,GU-F220DB693B2C,7,M
B-6B21A08D7F52,C-B9AC0EC154A6,4,GU-D128A9242188,3,F
B-4702C4999DBA,C-B9AC0EC154A6,1,GU-D57257686435,39,M
B-4702C4999DBA,C-B9AC0EC154A6,2,GU-9984C4CDA630,37,F
B-4702C4999DBA,C-B9AC0EC154A6,3,GU-EB59FDD53D70,3,F
B-4702C4999DBA,C-B9AC0EC154A6,4,GU-63314A906A3B,1,F
B-657B56F9D9F7,,1,GU-AEAFA5D46E37,28,F
B-657B56F9D9F7,,2,GU-19E05D4A0917,0,M
B-657B56F9D9F7,,3,GU-885715D8C158,36,M
B-657B56F9D9F7,,4,GU-D5878246B89D,2,F
B-1E89F4548F8F,,1,GU-E7B7478ED334,,
B-1E89F4548F8F,,2,GU-FE929E2CFD08,,
B-F46A99AE1622,,1,GU-09B1E83247B5,49,F
B-F46A99AE1622,,2,GU-F0E08FE37533,55,M
B-F46A99AE1622,,3,GU-ACD86807A85C,,
B-F46A99AE1622,,4,GU-867D0A1CDE05,,
B-F46A99AE1622,,5,GU-DFABDE3211C0,,
B-F46A99AE1622,,6,GU-EEB8AE6DDE9A,,
B-188E17D63A3B,C-E4C2368A6A3B,1,GU-E86253668D3F,56,M
B-188E17D63A3B,C-E4C2368A6A3B,2,GU-74033AE410E0,53,F
B-54A9C71D58C7,C-0C203C3211BC,1,GU-23A720E0C695,43,M
B-54A9C71D58C7,C-0C203C3211BC,2,GU-5F8FB6150AC2,15,F
B-54A9C71D58C7,C-0C203C3211BC,3,GU-4BCE00B846DA,12,F
B-54A9C71D58C7,C-0C203C3211BC,4,GU-819F64D85E16,45,M
B-54A9C71D58C7,C-0C203C3211BC,5,GU-B069C86C54E5,8,M
B-DC1846A72402,C-DF9CC5331BAF,1,GU-9CEF5CF00AA4,60,M
B-DC1846A72402,C-DF9CC5331BAF,2,GU-DCB4BB97D497,42,F
B-DC1846A72402,C-DF9CC5331BAF,3,GU-A7C98FDB31E8,8,M
B-EDAAC287B259,C-0DDF5F3FED69,1,GU-F56733F69A82,37,F
B-EDAAC287B259,C-0DDF5F3FED69,2,GU-B0A5883EFC1C,42,M
B-EDAAC287B259,C-0DDF5F3FED69,3,GU-167DC2C37F7E,6,M
B-1602B5445A58,C-5C7C98BD5088,1,GU-2868F50758EF,42,F
B-1602B5445A58,C-5C7C98BD5088,2,GU-B3F67B1D695F,5,M
B-1602B5445A58,C-5C7C98BD5088,3,GU-54A745A42538,40,M
B-1602B5445A58,C-5C7C98BD5088,4,GU-8831F519F895,,
B-F98FEE04310B,,1,GU-6D762AB10F76,61,M
B-F98FEE04310B,,2,GU-9AF24B123D19,61,F
B-FA5FEA7E5FB0,C-25AE82E2E0D9,1,GU-4BC43E06E60B,44,F
B-FA5FEA7E5FB0,C-25AE82E2E0D9,2,GU-D43F7F8DF8AD,43,M
B-FA5FEA7E5FB0,C-25AE82E2E0D9,3,GU-73CC365DD3E7,9,F
B-FA5FEA7E5FB0,C-25AE82E2E0D9,4,GU-C775C787101D,19,F
B-FA5FEA7E5FB0,C-25AE82E2E0D9,5,GU-3724F4A188D8,17,M
B-444FCC0374E9,C-29E7F606B889,1,GU-D00C2F78F514,,
B-444FCC0374E9,C-29E7F606B889,2,GU-816AEE00EF71,,
B-444FCC0374E9,C-29E7F606B889,3,GU-12292A5FB312,,
B-444FCC0374E9,C-29E7F606B889,4,GU-F260B608A9D5,,
B-444FCC0374E9,C-29E7F606B889,5,GU-6DD266A27526,,
B-67DE1B3AF81F,C-29E7F606B889,1,GU-EBB119C356CF,,
B-67DE1B3AF81F,C-29E7F606B889,2,GU-C91EDEDBC978,,
B-67DE1B3AF81F,C-29E7F606B889,3,GU-30C7411D3B4E,,
B-67DE1B3AF81F,C-29E7F606B889,4,GU-E456DD5C98DF,,
B-7FD8D8296337,C-29E7F606B889,1,GU-059C7C3501FD,,
B-7FD8D8296337,C-29E7F606B889,2,GU-676B922F3AF0,,
B-7FD8D8296337,C-29E7F606B889,3,GU-5010C61FBE91,,
B-7FD8D8296337,C-29E7F606B889,4,GU-E6E97AA349DA,,
B-E3CAA60DF46D,C-8962C82E1BF2,1,GU-EDF3AB2E68F9,,
B-E3CAA60DF46D,C-8962C82E1BF2,2,GU-E2F54EE802CC,,
B-E3CAA60DF46D,C-8962C82E1BF2,3,GU-997EDD7AEAF0,,
B-E3CAA60DF46D,C-8962C82E1BF2,4,GU-5026323E0E6C,,
B-9D6BD7C8106C,,1,GU-F62C8CF92404,49,F
B-9D6BD7C8106C,,2,GU-75E76BBB4867,53,M
B-9D6BD7C8106C,,3,GU-00B92D464C87,22,F
B-9D6BD7C8106C,,4,GU-D32F5E962E2D,19,M
B-9D6BD7C8106C,,5,GU-743DDA90B626,,
B-9D6BD7C8106C,,6,GU-21763EA5A84E,,
B-4A62BF42CBC8,,1,GU-A4A716D6242B,74,M
B-4A62BF42CBC8,,2,GU-825C234BA7E1,50,M
B-4A62BF42CBC8,,3,GU-E0F4B4D89D1A,44,F
B-4A62BF42CBC8,,4,GU-A3B629902004,39,M
B-4A62BF42CBC8,,5,GU-C243342F005D,37,F
B-4A62BF42CBC8,,6,GU-000D2FFD85E5,17,F
B-9451B64E8087,,1,GU-8481D2A4E277,69,F
B-9451B64E8087,,2,GU-6914BC797D91,9,F
B-9451B64E8087,,3,GU-FE5C638BC1D9,11,M
B-9451B64E8087,,4,GU-FC07D42A99B0,64,M
B-9451B64E8087,,5,GU-482703505BD4,31,F
B-70AAF11663C3,,1,GU-88F3474B08C6,,
B-70AAF11663C3,,2,GU-44A640652B54,,
B-70AAF11663C3,,3,GU-E3EBC0A62CEC,,
B-70AAF11663C3,,4,GU-904D9EA725AF,,
B-70AAF11663C3,,5,GU-4EADF73F5A5F,,
B-70AAF11663C3,,6,GU-7F49771AE6B6,,
B-19CEB2FA5F92,,1,GU-C6A4312646B5,56,F
B-19CEB2FA5F92,,2,GU-25C474C42B23,59,F
B-19CEB2FA5F92,,3,GU-4053D3B0DCC9,22,F
B-AACBAE723BF6,,1,GU-C148CA5F56F8,58,M
B-AACBAE723BF6,,2,GU-9A7BD37AA8B7,56,F
B-01B3E5554A4A,,1,GU-5D29897CE9A2,19,M
B-01B3E5554A4A,,2,GU-14B99203E49C,18,F
B-01B3E5554A4A,,3,GU-784BE8260AEF,53,F
B-01B3E5554A4A,,4,GU-2877D96EA0D0,56,M
B-BE490FB4EC0B,,1,GU-39975316CBC7,52,F
B-BE490FB4EC0B,,2,GU-39D484D3223E,55,F
B-BE490FB4EC0B,,3,GU-93B6E2C57F56,16,F
B-BE490FB4EC0B,,4,GU-54C86D19E376,15,F
B-BE490FB4EC0B,,5,GU-DC8D275C1AB2,,
B-BE490FB4EC0B,,6,GU-52209C84CBAA,,
B-CA93A4C1A7CD,,1,GU-1A13CCBB18DA,,
B-CA93A4C1A7CD,,2,GU-1E4B9BD62B3F,,
B-CA93A4C1A7CD,,3,GU-D3A5CFFA4139,,
B-CA93A4C1A7CD,,4,GU-F12215E7F322,,
B-CA93A4C1A7CD,,5,GU-2D65C8D3D458,,
B-C245DB178A37,,1,GU-AE309417A626,,
B-C245DB178A37,,2,GU-05FB37CB8AE9,,
B-C245DB178A37,,3,GU-D19E9375F430,,
B-C245DB178A37,,4,GU-D805DC5F7EBE,,
B-C245DB178A37,,5,GU-642295AA0EB1,,
B-C245DB178A37,,6,GU-9D9D8D9B07E4,,
B-F09CC23BD5B1,,1,GU-D24AF29B9346,57,M
B-F09CC23BD5B1,,2,GU-32C4C95FA128,25,F
B-F09CC23BD5B1,,3,GU-3F8E2FAB5BE9,25,M
B-F09CC23BD5B1,,4,GU-A1A6BBA965FD,55,F
B-F09CC23BD5B1,,5,GU-488436335484,,
B-F09CC23BD5B1,,6,GU-E720A1043159,,
B-59F2A0E02EA4,,1,GU-494B5AA427D3,52,M
B-59F2A0E02EA4,,2,GU-6E4AA05444BC,51,F
B-59F2A0E02EA4,,3,GU-B238AC45B195,17,M
B-59F2A0E02EA4,,4,GU-D5733552645C,20,F
B-59F2A0E02EA4,,5,GU-67A46A2C5832,,
B-83DCB931A669,,1,GU-294C852B4F44,76,F
B-83DCB931A669,,2,GU-0CA26CCEC4BB,74,F
B-DA867080EF97,,1,GU-3161184F179F,50,F
B-DA867080EF97,,2,GU-F66FA7901E29,52,M
B-DA867080EF97,,3,GU-7EF158671A7C,41,F
B-6DC7E94E228A,,1,GU-E1536E78D55A,54,M
B-6DC7E94E228A,,2,GU-65C65BAB78C2,16,M
B-6DC7E94E228A,,3,GU-E1E09A0FF8A8,8,F
B-6DC7E94E228A,,4,GU-084B03C25737,47,F
B-62D6C2AD2A69,,1,GU-F35F07F2116A,55,M
B-62D6C2AD2A69,,2,GU-955B7BBA27A2,15,F
B-62D6C2AD2A69,,3,GU-8C6EA906E984,54,F
B-62D6C2AD2A69,,4,GU-F3B2246FC24B,,
B-E44E85C2103E,C-7E5604C2AF18,1,GU-CB447B9A85FF,58,F
B-E44E85C2103E,C-7E5604C2AF18,2,GU-31DE9A243945,85,M
B-E44E85C2103E,C-7E5604C2AF18,3,GU-BF9571B65748,30,F
B-E44E85C2103E,C-7E5604C2AF18,4,GU-8F25DD3F279D,83,F
B-E44E85C2103E,C-7E5604C2AF18,5,GU-96CAB84A3890,59,M
B-E44E85C2103E,C-7E5604C2AF18,6,GU-F03DA8D0C180,0,F
B-35137B519ACE,,1,GU-881C400D2330,,
B-35137B519ACE,,2,GU-035856AD8A9E,,
B-35137B519ACE,,3,GU-9611823DADE4,,
B-35137B519ACE,,4,GU-7B4B6686C8B8,,
B-35137B519ACE,,5,GU-4A4F3E7ADE04,,
B-35137B519ACE,,6,GU-62E8229A158F,,
B-37A6036457F6,,1,GU-6F3A96675D98,72,M
B-37A6036457F6,,2,GU-5B70EC0CD2F3,69,F
B-37A6036457F6,,3,GU-0389E59C82E9,5,F
B-37A6036457F6,,4,GU-8B8E762CA6AC,0,M
B-37A6036457F6,,5,GU-EEA92D232F72,36,F
B-37A6036457F6,,6,GU-0508121FAB8B,11,F
B-E54509B6C894,,1,GU-B0857F297196,32,F
B-E54509B6C894,,2,GU-96A43F7D25D0,39,F
B-6F2EFE7A5629,,1,GU-A37480E3B24A,,
B-6F2EFE7A5629,,2,GU-A1B8725FC098,,
B-6F2EFE7A5629,,3,GU-5507603EC91A,,
B-6F2EFE7A5629,,4,GU-3DFDC63D9D84,,
B-6F2EFE7A5629,,5,GU-981283AC2F6D,,
B-6F2EFE7A5629,,6,GU-F492018F678C,,
B-24BA34DE9DE3,C-5E7C2A34C57D,1,GU-32D3D6E3EA05,44,M
B-24BA34DE9DE3,C-5E7C2A34C57D,2,GU-B4E5ABEBDC8E,41,F
B-24BA34DE9DE3,C-5E7C2A34C57D,3,GU-2BAD7D080CAA,9,M
B-24BA34DE9DE3,C-5E7C2A34C57D,4,GU-88DA481815B3,12,F
B-ED36D7573A4E,C-5D54057DA2A5,1,GU-160B004E4D34,49,M
B-ED36D7573A4E,C-5D54057DA2A5,2,GU-8C98FA591E0D,46,F
B-ED36D7573A4E,C-5D54057DA2A5,3,GU-2AA0BE2D558A,2,F
B-11F25D90ABA6,C-5D54057DA2A5,1,GU-2E59BA1BD3D3,46,M
B-11F25D90ABA6,C-5D54057DA2A5,2,GU-32EDC1C09AF9,46,F
B-11F25D90ABA6,C-5D54057DA2A5,3,GU-2A4E26490003,6,M
B-11F25D90ABA6,C-5D54057DA2A5,4,GU-53E0828BC2DE,0,F
B-A4BB16E21A9C,C-F4B222AAA331,1,GU-5EC31373FCE7,52,F
B-A4BB16E21A9C,C-F4B222AAA331,2,GU-C9340E2B34F7,18,F
B-A4BB16E21A9C,C-F4B222AAA331,3,GU-1F8FB9D4C978,55,M
B-A4BB16E21A9C,C-F4B222AAA331,4,GU-081FE934BFDA,17,M
B-40D9447F2CD6,C-677EA54452A3,1,GU-780159D9C3CD,,
B-40D9447F2CD6,C-677EA54452A3,2,GU-503DFC50711A,,
B-40D9447F2CD6,C-677EA54452A3,3,GU-41EA2E4E75A9,,
B-40D9447F2CD6,C-677EA54452A3,4,GU-6DD757954810,,
B-49DFC3C789EC,C-677EA54452A3,1,GU-39E87890D932,,
B-49DFC3C789EC,C-677EA54452A3,2,GU-8951BBC9E4F1,,
B-50E8129A910E,C-B2643998F350,1,GU-3A535780EE75,51,M
B-50E8129A910E,C-B2643998F350,2,GU-5817A1915009,47,F
B-50E8129A910E,C-B2643998F350,3,GU-A8324BCAFDC7,7,M
B-50E8129A910E,C-B2643998F350,4,GU-4D0FD644AF87,7,M
B-F6127062E20A,C-BCDCDAE47173,1,GU-D501C4AB17CC,44,M
B-F6127062E20A,C-BCDCDAE47173,2,GU-68E9193CAC3C,37,F
B-F6127062E20A,C-BCDCDAE47173,3,GU-222E918E1893,1,M
B-FA114C98E6BB,,1,GU-E9EEB5400351,60,F
B-FA114C98E6BB,,2,GU-F1E407D44A1E,17,F
B-FA114C98E6BB,,3,GU-86DDFB2C0890,,
B-FA114C98E6BB,,4,GU-36C728AECB68,,
B-FA114C98E6BB,,5,GU-5AF91F4C181C,,
B-FA114C98E6BB,,6,GU-6CAB41865A2F,,
B-7EBCFF18DB59,,1,GU-2FBEDA8C657A,,
B-7EBCFF18DB59,,2,GU-A7231C7900ED,,
B-7EBCFF18DB59,,3,GU-EBE29120DC04,,
B-7EBCFF18DB59,,4,GU-98D711AC3ABC,,
B-B9D44CF40082,,1,GU-A78200278C66,,
B-5A784116E24D,,1,GU-0CB1AA731D2A,,
B-5A784116E24D,,2,GU-820EDC915527,,
B-5A784116E24D,,3,GU-85F11F243CB9,,
B-44737BFA701C,,1,GU-E3FCAD87174F,,
B-44737BFA701C,,2,GU-046CE406D220,,
B-44737BFA701C,,3,GU-2BEAD64BC703,,
B-44737BFA701C,,4,GU-D68B88FDEE85,,
B-44737BFA701C,,5,GU-7E83248585C8,,
B-44737BFA701C,,6,GU-344A9B16CF07,,
B-4FCB9C7BDC10,,1,GU-E1F895F223DB,,
B-4FCB9C7BDC10,,2,GU-5BDE8B08A7BF,,
B-4FCB9C7BDC10,,3,GU-A237E13FD0C2,,
B-4FCB9C7BDC10,,4,GU-F78E0559B01C,,
B-4FCB9C7BDC10,,5,GU-C9F909F3795A,,
B-4FCB9C7BDC10,,6,GU-43BC71C48CAF,,
B-2DF2EFEBFE97,,1,GU-5A93DECD308B,,
B-2DF2EFEBFE97,,2,GU-1E19D7ABEAF9,,
B-2DF2EFEBFE97,,3,GU-9D6F867B4E0C,,
B-2DF2EFEBFE97,,4,GU-EC7D57576222,,
B-2DF2EFEBFE97,,5,GU-B4636A27D791,,
B-2DF2EFEBFE97,,6,GU-77FB59628A38,,
B-FC3B64CD8F2E,,1,GU-1D98B8DA6988,,
B-FC3B64CD8F2E,,2,GU-CC725EB70083,,
B-FC3B64CD8F2E,,3,GU-3DB630D8A184,,
B-FC3B64CD8F2E,,4,GU-130C8308FA88,,
B-FC3B64CD8F2E,,5,GU-9BB75052F8E8,,
B-FC3B64CD8F2E,,6,GU-BD3EA32F4CBA,,
B-29A788F61BD3,,1,GU-6E98B1BA2232,,
B-29A788F61BD3,,2,GU-59482C373AD1,,
B-FA537B8064A0,,1,GU-73536C69B4AD,44,F
B-FA537B8064A0,,2,GU-4D183F10497D,79,F
B-FA537B8064A0,,3,GU-E4D330F9B1B6,37,M
B-FA537B8064A0,,4,GU-110FEF7D3773,,
B-3A997231EFC9,,1,GU-37FEAF5D625B,53,F
B-3A997231EFC9,,2,GU-3A97DAC755B8,,
B-3A997231EFC9,,3,GU-FD4684D4DD7C,,
B-3A997231EFC9,,4,GU-A6254EB74EBA,,
B-4CAB027CF37A,,1,GU-DE274982037E,,
B-4CAB027CF37A,,2,GU-F3DC7B3710D1,,
B-903C0C76A8C3,,1,GU-763C6B459DFA,67,F
B-903C0C76A8C3,,2,GU-B0C9AB30CFFC,70,M
B-903C0C76A8C3,,3,GU-B5B5D28A2E13,,
B-903C0C76A8C3,,4,GU-58598C0DD41F,,
B-5361BCBE4C04,,1,GU-FDE3E4304030,,
B-5361BCBE4C04,,2,GU-8D79F6378B56,,
B-5361BCBE4C04,,3,GU-BE6B5B2DCCED,,
B-5361BCBE4C04,,4,GU-0187AE2653F0,,
B-5361BCBE4C04,,5,GU-803C3C6B9F68,,
B-5361BCBE4C04,,6,GU-A56A29FEB707,,
B-685A6C94C8AE,,1,GU-7E18E7F12FCC,,
B-685A6C94C8AE,,2,GU-FD1FFCC57E9B,,
B-685A6C94C8AE,,3,GU-5E8A51BC73C0,,
B-685A6C94C8AE,,4,GU-E14238EF4B24,,
B-685A6C94C8AE,,5,GU-ADCB39EDF876,,
B-685A6C94C8AE,,6,GU-1CA64C13F67B,,
B-F93108C3343D,,1,GU-471C89F52EAA,85,M
B-F93108C3343D,,2,GU-A781788D2A6B,12,F
B-F93108C3343D,,3,GU-010851198F9F,4,F
B-F93108C3343D,,4,GU-064FF9134E5D,7,F
B-F93108C3343D,,5,GU-B4AB8F7A0085,36,F
B-AC970A3AE00C,,1,GU-65DDCB37489E,43,F
B-AC970A3AE00C,,2,GU-DADC29BAA5B6,47,M
B-7E1F78C8EE5E,,1,GU-3F93E1630092,,
B-7E1F78C8EE5E,,2,GU-1BC610C43590,,
B-7E1F78C8EE5E,,3,GU-A0AB3AD85D46,,
B-7E1F78C8EE5E,,4,GU-1ED285923A4F,,
B-B27286557183,,1,GU-8309E15F32A0,66,M
B-B27286557183,,2,GU-E24B9C88EC0A,,
B-9DCFCF1A5559,,1,GU-DE13EDBCC0A0,,
B-9DCFCF1A5559,,2,GU-F69EC4551513,,
B-9DCFCF1A5559,,3,GU-D7D31E627FD5,,
B-9DCFCF1A5559,,4,GU-6D3A31AEF4AB,,
B-311FE1D8CB20,,1,GU-B440537FC605,44,F
B-311FE1D8CB20,,2,GU-EA3044DC9B5A,5,M
B-311FE1D8CB20,,3,GU-532EDBC083E8,44,M
B-311FE1D8CB20,,4,GU-71EFD434B584,9,F
B-311FE1D8CB20,,5,GU-853C7DD2B8A7,12,F
B-86D875FEBEFF,,1,GU-5DDDE1A75A06,52,F
B-86D875FEBEFF,,2,GU-686B96F9492F,57,M
B-86D875FEBEFF,,3,GU-DBB8EAB7EF00,16,F
B-86D875FEBEFF,,4,GU-7E143FC2B110,13,M
B-E17FA0AA8A24,C-16452BA3020E,1,GU-2065036A31EB,48,F
B-E17FA0AA8A24,C-16452BA3020E,2,GU-BA74CCF48A3F,57,F
B-E17FA0AA8A24,C-16452BA3020E,3,GU-98AAF82CE976,66,F
B-E17FA0AA8A24,C-16452BA3020E,4,GU-4634715DF010,21,F
B-E17FA0AA8A24,C-16452BA3020E,5,GU-7E73BF3FB1EE,12,F
B-E17FA0AA8A24,C-16452BA3020E,6,GU-B20613DDA6C1,20,M
B-A01269E2E884,,1,GU-828F720CA760,46,M
B-A01269E2E884,,2,GU-94B8BA359B35,50,F
B-A01269E2E884,,3,GU-A6099E13EFE6,9,M
B-8F9509959319,,1,GU-BACF223234BB,,
B-8F9509959319,,2,GU-DA2626C68A22,,
B-8F9509959319,,3,GU-86D0AA1B36AE,,
B-8F9509959319,,4,GU-17499AFA523B,,
B-979612227169,,1,GU-3A2CC3E8A4FB,81,M
B-979612227169,,2,GU-C3F3513DEE6E,78,F
B-A0A373BF0585,,1,GU-693BB9D6780C,60,F
B-A0A373BF0585,,2,GU-6E99F71C4C5A,33,M
B-A0A373BF0585,,3,GU-6D8817BF7A21,28,M
B-A0A373BF0585,,4,GU-587C95503EC1,28,F
B-6977D086641B,,1,GU-EF676F82B712,,
B-6977D086641B,,2,GU-841DD72A585D,,
B-6977D086641B,,3,GU-337C47A10B1C,,
B-6977D086641B,,4,GU-27ECB3F82204,,
B-E4083D74E372,,1,GU-9338671700BE,65,F
B-E4083D74E372,,2,GU-D6D61EAF1784,67,M
B-E4083D74E372,,3,GU-9B0B09881767,66,F
B-E4083D74E372,,4,GU-55EEA480E684,37,F
B-E4083D74E372,,5,GU-D0737D2D7CCB,40,F
B-E4083D74E372,,6,GU-93C2915B3794,67,M
B-37E154722AF7,,1,GU-05D3C78433CD,52,F
B-37E154722AF7,,2,GU-74F6A2FC4173,56,F
B-37E154722AF7,,3,GU-8E0B597B1196,,
B-37E154722AF7,,4,GU-96F67D0BCA3E,,
B-1D0129956E06,,1,GU-38ECBF6145EB,,
B-1D0129956E06,,2,GU-62B2B2609F70,,
B-1D0129956E06,,3,GU-203E26162EAF,,
B-1D0129956E06,,4,GU-C798CFE6E7C0,,
B-C5AA3FC40FB9,,1,GU-FB7CB6697EF4,36,M
B-C5AA3FC40FB9,,2,GU-A6C41CA063F4,,
B-C5AA3FC40FB9,,3,GU-16E9C01B0D3A,,
B-4B33FBFFC375,,1,GU-F9BF8B37C5EE,,
B-4B33FBFFC375,,2,GU-E9CE0B1BD8F3,,
B-D61EC78B51DB,,1,GU-ACD1A31AA902,52,M
B-D61EC78B51DB,,2,GU-0E89D5F28AAE,46,F
B-D61EC78B51DB,,3,GU-B1FA59747173,14,F
B-D61EC78B51DB,,4,GU-FD0E233250FE,,
B-022D021DA110,,1,GU-5335F1AEA446,66,F
B-022D021DA110,,2,GU-AF99EC7BD511,61,F
B-022D021DA110,,3,GU-5E0D375D3423,,
B-022D021DA110,,4,GU-4AAB8C77C1FB,,
B-022D021DA110,,5,GU-6634894F2B7C,,
B-022D021DA110,,6,GU-0B3530610793,,
B-12970A7FAE56,,1,GU-6C09BDD8F39F,45,M
B-12970A7FAE56,,2,GU-BB2D2B2AD2DA,47,F
B-12970A7FAE56,,3,GU-E129DE510A91,7,M
B-12970A7FAE56,,4,GU-6D2023A0BA69,14,F
B-BB49323942B1,,1,GU-C647FD3485AB,46,F
B-BB49323942B1,,2,GU-243119A5BFB0,49,M
B-BB49323942B1,,3,GU-89A15AE0CA4B,14,F
B-BB49323942B1,,4,GU-4222F4D299DB,13,M
B-3A3E83038A82,,1,GU-2AC10DDC1406,56,M
B-3A3E83038A82,,2,GU-318750524FFB,55,F
B-4E88CA392746,,1,GU-00ED472984C2,53,M
B-4E88CA392746,,2,GU-308943B28092,,
B-4E88CA392746,,3,GU-9F799EFB3596,,
B-4E88CA392746,,4,GU-0EED3DADE193,,
B-4E88CA392746,,5,GU-6FEDE064E6C9,,
B-4E88CA392746,,6,GU-F961A39FB9D5,,
B-C8B74FF60A81,,1,GU-2D721A0A4C65,,
B-15E9F5505EEB,,1,GU-7B04DAF0A169,47,M
B-15E9F5505EEB,,2,GU-A918B65635BE,8,M
B-15E9F5505EEB,,3,GU-6635F08A5A72,41,F
B-31CB709A0CBD,,1,GU-511E3B485CE9,68,M
B-31CB709A0CBD,,2,GU-F6636B896463,65,F
B-31CB709A0CBD,,3,GU-DF63A8690624,70,F
B-31CB709A0CBD,,4,GU-94406E4548B4,69,M
B-8EA7A258E3DB,,1,GU-A336B6E0CCAA,,
B-8EA7A258E3DB,,2,GU-ACA33190AD8B,,
B-B934F55CFB7A,,1,GU-669F7239FA0A,,
B-B934F55CFB7A,,2,GU-9A254CE64C2E,,
B-B934F55CFB7A,,3,GU-93DAB83181E3,,
B-B934F55CFB7A,,4,GU-12D116C2636F,,
B-66738F6DCE0B,,1,GU-0F7CAE15A4E6,64,F
B-66738F6DCE0B,,2,GU-54E83748DE2D,,
B-F9BB00D0B457,,1,GU-6191C5CCB598,39,F
B-F9BB00D0B457,,2,GU-F412CCC5CFE8,10,M
B-F9BB00D0B457,,3,GU-FFB369FE9056,46,M
B-F9BB00D0B457,,4,GU-5E2A4D13BE40,11,F
B-ACD5BF8C6EED,,1,GU-823F9A80C85A,50,F
B-ACD5BF8C6EED,,2,GU-978BD1DEFE59,51,M
B-ACD5BF8C6EED,,3,GU-7CF3D772E22F,17,M
B-ACD5BF8C6EED,,4,GU-C1CE5AE6BBA9,14,F
B-FBE49749E659,,1,GU-C3C924703489,55,M
B-FBE49749E659,,2,GU-807D848647BC,54,F
B-FBE49749E659,,3,GU-30A3072528E1,26,F
B-FBE49749E659,,4,GU-024C91A89A30,22,M
B-FBE49749E659,,5,GU-C7D33BEC9BEB,,
B-FBE49749E659,,6,GU-B70AF87C7EDB,,
B-049D9A7AED56,,1,GU-DE125668B1BB,62,F
B-049D9A7AED56,,2,GU-CE024650B705,64,M
B-049D9A7AED56,,3,GU-22FCC371E262,30,M
B-049D9A7AED56,,4,GU-F66CC07EFB5E,27,M
B-9BA8DE249CDC,,1,GU-CFB04488D623,,
B-9BA8DE249CDC,,2,GU-B8BCD14E9009,,
B-9BA8DE249CDC,,3,GU-7F5CC9768F91,,
B-9BA8DE249CDC,,4,GU-12BF060B48B2,,
B-9BA8DE249CDC,,5,GU-F65471D61E69,,
B-9BA8DE249CDC,,6,GU-3AC2C4381CA3,,
B-26002D01B51D,,1,GU-5EFA4CE3EFC3,,
B-26002D01B51D,,2,GU-C0F3591A9E16,,
B-26002D01B51D,,3,GU-BA56D8D9941F,,
B-26002D01B51D,,4,GU-BF011BC3AC16,,
B-A348D6EA5602,,1,GU-AE5B604A4834,,
B-A348D6EA5602,,2,GU-C167C5AD0731,,
B-A348D6EA5602,,3,GU-D2C340CF76FD,,
B-A348D6EA5602,,4,GU-BE9DFDAF5042,,
B-A348D6EA5602,,5,GU-A7883D30A575,,
B-A348D6EA5602,,6,GU-F4DDA9E20310,,
B-235A7ADD5966,,1,GU-40E9C5B4A26A,,
B-235A7ADD5966,,2,GU-DD997BD0A995,,
B-D36D114B4436,,1,GU-829E0A614CCE,47,F
B-D36D114B4436,,2,GU-D471F92AEF1A,18,F
B-D36D114B4436,,3,GU-97D383ED96AC,15,M
B-D36D114B4436,,4,GU-DB060FE78EFA,46,M
B-D36D114B4436,,5,GU-5651D91FF831,,
B-D36D114B4436,,6,GU-CE9B207F5836,,
B-085CEFC1B0DE,,1,GU-1E6B0E2EE993,,
B-085CEFC1B0DE,,2,GU-87145B61DEC3,,
B-179E880FEFEC,,1,GU-81DC012AC0F5,54,M
B-179E880FEFEC,,2,GU-CF634BBD688F,47,F
B-179E880FEFEC,,3,GU-B993E51530DD,19,M
B-179E880FEFEC,,4,GU-D365DD13C4DC,22,M
B-99B68440DB81,,1,GU-04FE272736DF,,
B-99B68440DB81,,2,GU-3ABCAC5BA321,,
B-8A7F3CC2E676,,1,GU-98B4FF7C8D4F,55,M
B-8A7F3CC2E676,,2,GU-57D2D1AB2AF7,53,F
B-8A7F3CC2E676,,3,GU-7E04AAF0EDDD,,
B-8A7F3CC2E676,,4,GU-01B60DFD9A50,,
B-8A7F3CC2E676,,5,GU-B78764072302,,
B-8A7F3CC2E676,,6,GU-EAF181397583,,
B-481EABA8A001,,1,GU-F5DAD15D7181,,
B-819CD3E87184,,1,GU-B0075728E13C,63,F
B-819CD3E87184,,2,GU-77DEB2CD8B58,67,F
B-819CD3E87184,,3,GU-594681A8A827,23,M
B-819CD3E87184,,4,GU-C9E6E6D3183C,21,M
B-819CD3E87184,,5,GU-AF5300863CDB,,
B-819CD3E87184,,6,GU-65836BF42F16,,
B-42A3137A097B,,1,GU-0D2A37F888FC,81,F
B-42A3137A097B,,2,GU-023D9BF74A1F,57,M
B-42A3137A097B,,3,GU-9450712BC8A1,36,F
B-51482F41537D,,1,GU-896408D94529,54,F
B-51482F41537D,,2,GU-4C57588BD31B,,
B-51482F41537D,,3,GU-E846F4065E98,,
B-51482F41537D,,4,GU-29ED0C4DF815,,
B-51482F41537D,,5,GU-2C00691D45C2,,
B-51482F41537D,,6,GU-CE7597868C1C,,
B-EC1B008BB028,,1,GU-A1B834416CCC,,
B-EC1B008BB028,,2,GU-CA720C8C1A9B,,
B-EC1B008BB028,,3,GU-A22813ECD9FF,,
B-EC1B008BB028,,4,GU-8F6368DBC069,,
B-EC1B008BB028,,5,GU-AED959BFE246,,
B-EC1B008BB028,,6,GU-D274AF37F2F2,,
B-38BA63DCC416,C-1E631C3F0FE8,1,GU-651002421772,45,
B-38BA63DCC416,C-1E631C3F0FE8,2,GU-07CA6F8DCB05,18,
B-38BA63DCC416,C-1E631C3F0FE8,3,GU-1C5FC2146758,16,
B-38BA63DCC416,C-1E631C3F0FE8,4,GU-42EF4E6271B7,47,
B-9448FF110B06,,1,GU-780EBF56167E,58,F
B-9448FF110B06,,2,GU-59EFCABF3EBC,,
B-9448FF110B06,,3,GU-20C2DE9E4E65,,
B-9448FF110B06,,4,GU-61B18322DFC2,,
B-9448FF110B06,,5,GU-D663C6F0D41F,,
B-9448FF110B06,,6,GU-E2B2E2FD5E49,,
B-6B2B367F1AA6,,1,GU-0CDA257C46C0,,
B-6B2B367F1AA6,,2,GU-900B4FF7CE22,,
B-96DFEE07C2BD,,1,GU-EA8BF977D886,56,M
B-96DFEE07C2BD,,2,GU-3333557A31F0,48,F
B-96DFEE07C2BD,,3,GU-681670C364C8,14,M
B-96DFEE07C2BD,,4,GU-63A939081873,7,M
B-96DFEE07C2BD,,5,GU-604F117ADEE9,19,F
B-96DFEE07C2BD,,6,GU-792B34F70A3E,,
B-DDF345A1BFDB,,1,GU-F232F16D8D2E,62,F
B-DDF345A1BFDB,,2,GU-CA51A0F31AC1,58,M
B-B0341049CF2D,,1,GU-F7CE2758B050,65,M
B-B0341049CF2D,,2,GU-04EAB9236C3A,66,F
B-B0341049CF2D,,3,GU-AC288F2AD460,,
B-B0341049CF2D,,4,GU-CCA357608EF9,,
B-B0341049CF2D,,5,GU-D1442684D498,,
B-B0341049CF2D,,6,GU-1C58D94851B8,,
B-F9BB645F549D,,1,GU-7639BA2C01AC,,
B-F9BB645F549D,,2,GU-E1CE6A2C87B4,,
B-F9BB645F549D,,3,GU-63498A66A396,,
B-F9BB645F549D,,4,GU-FEF35F06E38C,,
B-F9BB645F549D,,5,GU-7938E4F92B16,,
B-F723446FB114,,1,GU-67A49203319D,54,M
B-F723446FB114,,2,GU-693AB119639F,17,M
B-F723446FB114,,3,GU-AD8DFA04D639,56,F
B-F723446FB114,,4,GU-B8E93E8D7219,16,M
B-F723446FB114,,5,GU-3834BCC6CAE3,17,M
B-9C00841DAB1F,,1,GU-8B4F2AECAFC1,53,
B-9C00841DAB1F,,2,GU-B1F9F28D766E,18,
B-9C00841DAB1F,,3,GU-B2C054ECA2F2,53,
B-9C00841DAB1F,,4,GU-F05B52851028,,
B-2AFF35D7C29D,,1,GU-0B5E47FD1985,40,F
B-2AFF35D7C29D,,2,GU-229BFA54C546,,
B-DE78991BBF27,,1,GU-BC2B4CDB4EC4,50,F
B-DE78991BBF27,,2,GU-C60ACE1633B0,17,F
B-DE78991BBF27,,3,GU-F187956406AA,50,M
B-DE78991BBF27,,4,GU-136C106EEAE9,10,M
B-DE78991BBF27,,5,GU-4FDD8F1189D0,14,M
B-DE78991BBF27,,6,GU-1EC895CFB443,,
B-09324B50765F,,1,GU-A6F3F4EF62B6,39,M
B-09324B50765F,,2,GU-33E796B8B6AA,8,M
B-09324B50765F,,3,GU-996FFE46D1C8,36,F
B-09324B50765F,,4,GU-3995D1E10666,6,M
B-09324B50765F,,5,GU-5CC84F74B837,9,M
B-09324B50765F,,6,GU-04A532572926,6,F
B-853F3145A5D9,,1,GU-C00004B32BEB,47,M
B-853F3145A5D9,,2,GU-2C1EAC97E1FD,16,F
B-853F3145A5D9,,3,GU-E93084A92D68,13,M
B-853F3145A5D9,,4,GU-C94CC5CE2D0B,45,F
B-853F3145A5D9,,5,GU-08FED9BB8A8A,,
B-853F3145A5D9,,6,GU-634602698194,,
B-514B2589A58D,C-416EAE5FD7F8,1,GU-B085C9A4D4D2,47,F
B-514B2589A58D,C-416EAE5FD7F8,2,GU-9FE2B074D137,46,M
B-514B2589A58D,C-416EAE5FD7F8,3,GU-00913524870E,10,M
B-514B2589A58D,C-416EAE5FD7F8,4,GU-AE44F7E5F851,8,F
B-17B2C065EA18,,1,GU-A1BB80E3788D,64,F
B-17B2C065EA18,,2,GU-6CADE949A29A,63,M
B-0C13F49F2A9D,C-07FB09D0BC6C,1,GU-E3E410D6A0D2,48,M
B-0C13F49F2A9D,C-07FB09D0BC6C,2,GU-11D29858B684,11,M
B-0C13F49F2A9D,C-07FB09D0BC6C,3,GU-4A2DCB5CD9D8,9,F
B-0C13F49F2A9D,C-07FB09D0BC6C,4,GU-EB43DEA73E99,43,F
B-417815F58A14,C-F858113571ED,1,GU-07F1F79EF3D2,50,M
B-417815F58A14,C-F858113571ED,2,GU-CDCD0628BEAF,40,F
B-417815F58A14,C-F858113571ED,3,GU-EA87EAB7B065,9,F
B-417815F58A14,C-F858113571ED,4,GU-2A9343610135,12,F
B-4BD7EFAEEB66,,1,GU-83686A405F28,,
B-4BD7EFAEEB66,,2,GU-F9654B6BB4D1,,
B-4BD7EFAEEB66,,3,GU-9D50FBA81C5A,,
B-18A12B2EAB5B,,1,GU-53F0D053C61B,45,M
B-18A12B2EAB5B,,2,GU-C1746FDCFBD3,46,F
B-18A12B2EAB5B,,3,GU-C80E1D3454DA,9,M
B-22B186D6163A,,1,GU-B2BE6284FB99,49,F
B-22B186D6163A,,2,GU-2EA677329F60,55,M
B-22B186D6163A,,3,GU-F4696EDFFEEC,49,F
B-9F175C31D745,,1,GU-169BA90344A6,52,M
B-9F175C31D745,,2,GU-B192AA9D52F0,49,F
B-9F175C31D745,,3,GU-6150DB6EF9D3,10,M
B-8BC5C6B5C4C2,,1,GU-A3252335F4EB,,
B-8BC5C6B5C4C2,,2,GU-BBC9F238AABD,,
B-8BC5C6B5C4C2,,3,GU-EB0F1325D732,,
B-8BC5C6B5C4C2,,4,GU-FF1889570730,,
B-C1AED1316FA3,,1,GU-0B1971304E71,,
B-C1AED1316FA3,,2,GU-E69DFE2C9194,,
B-C1AED1316FA3,,3,GU-69100E056707,,
B-C1AED1316FA3,,4,GU-1840FCF27686,,
B-625DA325B326,,1,GU-9556B0253BA5,43,F
B-625DA325B326,,2,GU-4ABD182DA9B1,46,M
B-625DA325B326,,3,GU-358B863E4C73,14,M
B-90807E27014E,,1,GU-F2532C249DB5,,
B-90807E27014E,,2,GU-0366BD7065AC,,
B-90807E27014E,,3,GU-1056BA6492B9,,
B-90807E27014E,,4,GU-156F9C6EA174,,
B-90807E27014E,,5,GU-CB1477775BC9,,
B-576E2AA80229,,1,GU-8663599AE01D,46,F
B-576E2AA80229,,2,GU-59A88C611830,49,M
B-576E2AA80229,,3,GU-A3589F06E0E7,15,M
B-576E2AA80229,,4,GU-56E97C7D5968,19,M
B-064DD0A51A60,,1,GU-589FB19F5FC0,,
B-064DD0A51A60,,2,GU-5F05C28EB61A,,
B-064DD0A51A60,,3,GU-92C91588E638,,
B-064DD0A51A60,,4,GU-6FFB0EA31931,,
B-064DD0A51A60,,5,GU-26FB8E9C7342,,
B-72FE6BD84B9C,,1,GU-6A5201E68AAB,59,M
B-72FE6BD84B9C,,2,GU-87A98983352D,55,F
B-72FE6BD84B9C,,3,GU-1350880D93A4,16,M
B-E4E24DE5672A,,1,GU-632E70677B93,,
B-E4E24DE5672A,,2,GU-EF9FFE7B18D6,,
B-E4E24DE5672A,,3,GU-FCAC3A34947B,,
B-E4E24DE5672A,,4,GU-3340D773BB76,,
B-679310FA17D0,,1,GU-E6A6F7CC78EA,76,M
B-679310FA17D0,,2,GU-6C2A4CF77D61,72,F
B-4937B1924B1A,,1,GU-CB39033DEFC1,51,F
B-4937B1924B1A,,2,GU-840DB1530AA3,51,M
B-4937B1924B1A,,3,GU-E7AAF44901F9,,
B-4937B1924B1A,,4,GU-0009F63F7FA7,,
B-4937B1924B1A,,5,GU-0C43E977B868,,
B-4937B1924B1A,,6,GU-443DC71186DD,,
B-957894F5DE75,,1,GU-9B09BA32DFCF,53,M
B-957894F5DE75,,2,GU-DB41ADDFBBB6,52,F
B-957894F5DE75,,3,GU-6A37E6FCD776,19,F
B-957894F5DE75,,4,GU-430278AE4879,16,F
B-4A0D2EC7108C,C-8E207B98E00D,1,GU-8D3B7407405E,47,M
B-4A0D2EC7108C,C-8E207B98E00D,2,GU-68B747EE6309,46,F
B-4A0D2EC7108C,C-8E207B98E00D,3,GU-BCE0C989682F,11,F
B-4A0D2EC7108C,C-8E207B98E00D,4,GU-83257ADFE62D,9,F
B-AF65EF5B737F,,1,GU-B99CD3665618,34,M
B-AF65EF5B737F,,2,GU-93F1C9EA44C7,36,F
B-AF65EF5B737F,,3,GU-197AC35DC52A,5,M
B-F2AB5B07854A,,1,GU-B6EB6DE3F3CC,,
B-F2AB5B07854A,,2,GU-3654BD4612FC,,
B-6F0CAD7A1EB5,,1,GU-50BAD979D721,,
B-6F0CAD7A1EB5,,2,GU-CA0868EAAAB4,,
B-6F0CAD7A1EB5,,3,GU-D3F036D8E193,,
B-6E465158D7C4,,1,GU-2E3AE982CB5E,,
B-6E465158D7C4,,2,GU-E2951CF60768,,
B-F9D6A7021E7A,,1,GU-9BD0600CF3AE,,
B-F9D6A7021E7A,,2,GU-CB80606330D8,,
B-6BB1F4F68F31,,1,GU-F31F59DF5A20,67,M
B-6BB1F4F68F31,,2,GU-FBE34D30AB05,68,F
B-8E8B026B62D2,,1,GU-D14DF2835870,47,F
B-8E8B026B62D2,,2,GU-475E8D4EECF6,51,M
B-A2E72B28654A,,1,GU-5E728DBABFDE,,
B-A2E72B28654A,,2,GU-B16FAD35BDBA,,
B-A2E72B28654A,,3,GU-2FB7D67D412E,,
B-BA621B4ACB0F,,1,GU-4500033B8622,,
B-BA621B4ACB0F,,2,GU-48FA72D5AAD7,,
B-73F311BA1AB7,,1,GU-1D226F0088D7,,
B-73F311BA1AB7,,2,GU-E3D7805E3F76,,
B-24EF4F9B0E2F,,1,GU-8590B3E270BB,,
B-24EF4F9B0E2F,,2,GU-ADB4F332F819,,
B-744947BCB55D,,1,GU-78D6CF9EEEFD,41,M
B-744947BCB55D,,2,GU-77F02C215AAF,39,F
B-744947BCB55D,,3,GU-A5AD8EB8C4FF,0,M
B-744947BCB55D,,4,GU-91BD67376805,7,F
B-450FAE0DBE8D,,1,GU-DB3762DE6639,,
B-450FAE0DBE8D,,2,GU-F73FAD4E74C2,,
B-450FAE0DBE8D,,3,GU-A62092EDE78D,,
B-450FAE0DBE8D,,4,GU-8C252F981397,,
B-450FAE0DBE8D,,5,GU-3E2CAE685B69,,
B-450FAE0DBE8D,,6,GU-2221C5F4630A,,
B-0E551087F873,,1,GU-A3101CB4CF63,,
B-0E551087F873,,2,GU-1B8A3C9F59FD,,
B-3553547FF9FC,,1,GU-05E17B6AB62E,,
B-3553547FF9FC,,2,GU-990E0F0DB5B6,,
B-3553547FF9FC,,3,GU-A58ED4AA9C76,,
B-8AD662C0D0D5,C-E439AA148C53,1,GU-ED59B17DCA79,,
B-8AD662C0D0D5,C-E439AA148C53,2,GU-1A6ECBBC0BAE,,
B-8AD662C0D0D5,C-E439AA148C53,3,GU-43E50BBB8B86,,
B-C6D035177E7B,,1,GU-560C1D209468,48,M
B-C6D035177E7B,,2,GU-E4EFB5A02A59,44,F
B-C6D035177E7B,,3,GU-9B2305124190,14,F
B-C6D035177E7B,,4,GU-C18A8E5CD9A8,11,F
B-C6D035177E7B,,5,GU-53B1341A5DD3,8,F
B-28EEBFA3BF51,,1,GU-A68A6AB59BF3,,
B-28EEBFA3BF51,,2,GU-B7AB2FAC35D5,,
B-28EEBFA3BF51,,3,GU-D01EAAE53ECF,,
B-28EEBFA3BF51,,4,GU-FEDBDC26A5FE,,
B-28EEBFA3BF51,,5,GU-EF9D1CC8EBAC,,
B-28EEBFA3BF51,,6,GU-6BCEF24E08B5,,
B-A6C698981CF5,C-BF518EE12497,1,GU-732E087C4F87,42,F
B-A6C698981CF5,C-BF518EE12497,2,GU-DACB2B166FAE,49,M
B-A6C698981CF5,C-BF518EE12497,3,GU-D292C12BD5B8,9,M
B-7129D33FF0BC,C-8565E7E69687,1,GU-B01BDF8D572C,69,F
B-7129D33FF0BC,C-8565E7E69687,2,GU-218755B54521,73,M
B-59803F57C102,,1,GU-8F202133A0AD,74,M
B-59803F57C102,,2,GU-A7195656D078,69,F
B-1393E4D1969C,C-07AECD7BD505,1,GU-81E800B472B5,62,M
B-1393E4D1969C,C-07AECD7BD505,2,GU-33034FB9C95F,60,F
B-FC693480BC80,,1,GU-5870C1F4FC3B,50,
B-FC693480BC80,,2,GU-39FBC0ED1BAD,51,
B-FC693480BC80,,3,GU-90352EAC79C1,11,
B-F57A0A470A04,,1,GU-9B6FC6E13E4D,,
B-F57A0A470A04,,2,GU-ADA5B8B664CD,,
B-1C489D5C415A,,1,GU-D03B2F12CFDD,,
B-1C489D5C415A,,2,GU-F601EE3B1818,,
B-1C489D5C415A,,3,GU-818B6D70E95D,,
B-1C489D5C415A,,4,GU-E4C9C17EBB32,,
B-1C489D5C415A,,5,GU-994243151E52,,
B-1C489D5C415A,,6,GU-56F2BB068271,,
B-66F1D2BDB929,,1,GU-520598683E93,,
B-66F1D2BDB929,,2,GU-8969BA7B1B2D,,
B-5AE4F680242E,,1,GU-F4A011B019D5,,
B-5AE4F680242E,,2,GU-9F2689ED50B7,,
B-0E1352658FD0,,1,GU-14AC3C2CB1CA,,
B-0E1352658FD0,,2,GU-7374E9A438DF,,
B-0E1352658FD0,,3,GU-AEBAD6C187BA,,
B-0E1352658FD0,,4,GU-B0EB39D1F39D,,
B-0E1352658FD0,,5,GU-149DA4D04BF1,,
B-0E1352658FD0,,6,GU-E9C37A0F8E12,,
B-FD1514D06A3D,,1,GU-0937E379A9AA,,
B-FD1514D06A3D,,2,GU-FCEC02E33418,,
B-FD1514D06A3D,,3,GU-83C19428AFA1,,
B-FD1514D06A3D,,4,GU-0C07EC86FC6C,,
B-FD1514D06A3D,,5,GU-84793C141E94,,
B-FD1514D06A3D,,6,GU-D3C88A72BDE7,,
B-395D541D9C6C,,1,GU-B45DB1436CE4,33,M
B-395D541D9C6C,,2,GU-E2C8C3C874E9,29,F
B-395D541D9C6C,,3,GU-C5271E45C292,10,M
B-395D541D9C6C,,4,GU-92C704FC7583,7,M
B-4E58F8876F15,C-5010EE060CA5,1,GU-15F952B2A790,26,F
B-4E58F8876F15,C-5010EE060CA5,2,GU-AACF56D2A4E8,40,M
B-F252FF89E1FA,C-47A8C5CCAA8F,1,GU-75DB34031023,49,F
B-F252FF89E1FA,C-47A8C5CCAA8F,2,GU-133413480B7D,46,M
B-A8A3714D2791,,1,GU-1BCD8207066B,56,F
B-A8A3714D2791,,2,GU-099B65ABFCE3,62,M
B-A8A3714D2791,,3,GU-C89D87AB733E,33,F
B-AEA5D8440327,,1,GU-BA68D7D6BA4A,55,F
B-AEA5D8440327,,2,GU-EED51D7E1743,19,F
B-AEA5D8440327,,3,GU-03B8378B2C12,21,M
B-7847B81486E5,C-C1CA02A87337,1,GU-EB864DA7D939,54,M
B-7847B81486E5,C-C1CA02A87337,2,GU-FB01A11551BC,51,F
B-7847B81486E5,C-C1CA02A87337,3,GU-ED5305B652CC,11,M
B-D621A86CB1A5,C-D0A7E8E765F3,1,GU-FF2F37A6A303,36,F
B-D621A86CB1A5,C-D0A7E8E765F3,2,GU-419872B8AA46,55,M
B-D621A86CB1A5,C-D0A7E8E765F3,3,GU-65775823073A,4,F
B-A93139531837,,1,GU-A07CE876060A,,
B-A93139531837,,2,GU-8276563091F7,,
B-A93139531837,,3,GU-70BC5D45DEF3,,
B-BE9E1A8FFEB7,,1,GU-0470FDAF58C0,,
B-BE9E1A8FFEB7,,2,GU-EF9DAEAFAA09,,
B-BE9E1A8FFEB7,,3,GU-9F86580B5300,,
B-BE9E1A8FFEB7,,4,GU-293B5F1B0FC9,,
B-7227383F00E2,C-CE02DCA6892A,1,GU-D3DD43A224BE,49,
B-7227383F00E2,C-CE02DCA6892A,2,GU-C3698C57DB2A,24,
B-7227383F00E2,C-CE02DCA6892A,3,GU-1F3F8D2139A1,21,
B-7227383F00E2,C-CE02DCA6892A,4,GU-2EFD35801B25,16,
B-7227383F00E2,C-CE02DCA6892A,5,GU-3716001BE822,53,
B-199B74089037,,1,GU-5FBE1B978824,,
B-199B74089037,,2,GU-1366BFAFD79E,,
B-199B74089037,,3,GU-A0D3F3C784DE,,
B-199B74089037,,4,GU-7255FD3D3A8C,,
B-199B74089037,,5,GU-D4BCBE01695E,,
B-199B74089037,,6,GU-EB085FAB35C3,,
B-27E784787353,,1,GU-8C6865A34522,35,M
B-27E784787353,,2,GU-EFF5521B06B4,34,F
B-27E784787353,,3,GU-2016D4FBAF74,3,F
B-D439E3A0A3BD,,1,GU-796F47AC01BA,41,F
B-D439E3A0A3BD,,2,GU-496C59A00822,45,M
B-D439E3A0A3BD,,3,GU-529EA2CE2619,10,F
B-D439E3A0A3BD,,4,GU-391313B9A18C,7,F
B-6AF31EC25104,C-CF8B0B847136,1,GU-215663D20018,56,M
B-6AF31EC25104,C-CF8B0B847136,2,GU-924FF191A794,50,F
B-6AF31EC25104,C-CF8B0B847136,3,GU-EA25DF2B134C,24,F
B-6AF31EC25104,C-CF8B0B847136,4,GU-CD410678CC94,12,M
B-9330DB77DD7D,,1,GU-157F56BC7D5E,42,M
B-9330DB77DD7D,,2,GU-F248CD157CDE,5,M
B-9330DB77DD7D,,3,GU-AF15A56A5457,8,M
B-9330DB77DD7D,,4,GU-415572B95D12,38,F
B-06C706DF7309,,1,GU-1016FC6F2337,,
B-06C706DF7309,,2,GU-F497AC8EC603,,
B-06C706DF7309,,3,GU-5943B44E9275,,
B-06C706DF7309,,4,GU-698D0427DDED,,
B-06C706DF7309,,5,GU-498D274FBCFA,,
B-06C706DF7309,,6,GU-4FAA9F37F5CB,,
B-EE3E8B7AE1D3,,1,GU-B476CA73CB68,32,M
B-EE3E8B7AE1D3,,2,GU-32ABC628B8B3,29,F
B-EE3E8B7AE1D3,,3,GU-FB7E2AC766BD,6,M
B-3FFE71369DC2,,1,GU-4A93B074984D,55,F
B-3FFE71369DC2,,2,GU-B05EF3A31FA7,61,M
B-E44FADE1A8DB,,1,GU-9C58CC001CD1,,
B-E44FADE1A8DB,,2,GU-7044DDEC5926,,
B-E44FADE1A8DB,,3,GU-6BD9EDA7C549,,
B-E44FADE1A8DB,,4,GU-8941B4BBE5EA,,
B-E44FADE1A8DB,,5,GU-13F9D74FF3EB,,
B-E44FADE1A8DB,,6,GU-3F52B9CDB0FF,,
B-B6094E856907,,1,GU-DCFEFA9B291D,,
B-B6094E856907,,2,GU-DDEF92B9F317,,
B-B6094E856907,,3,GU-425E00EE1B60,,
B-B6094E856907,,4,GU-9C3C4DA94A1C,,
B-B6094E856907,,5,GU-C56C4B498F4D,,
B-B6094E856907,,6,GU-92D9632F7E64,,
B-D692D9EF0A5C,,1,GU-5DF0D1A132C2,54,M
B-D692D9EF0A5C,,2,GU-B90AF4A7E4F3,53,F
B-D692D9EF0A5C,,3,GU-E8A5CBC6833D,17,M
B-2083F26B3A72,C-8A17C721D0F3,1,GU-73480FB331DD,38,M
B-2083F26B3A72,C-8A17C721D0F3,2,GU-A7B889518A8A,33,F
B-2083F26B3A72,C-8A17C721D0F3,3,GU-8A3BFFA5506F,5,M
B-02FBA9D10643,C-1A9C04DFAB6A,1,GU-ABE92A01FF69,49,F
B-02FBA9D10643,C-1A9C04DFAB6A,2,GU-C1B7398FDF89,48,M
B-02FBA9D10643,C-1A9C04DFAB6A,3,GU-393F9C880DCF,10,M
B-02FBA9D10643,C-1A9C04DFAB6A,4,GU-B9D305AEDF11,7,F
B-0C7C0A1D562F,,1,GU-6CA0D8071D59,58,M
B-0C7C0A1D562F,,2,GU-FBC67792E33E,56,F
B-0C7C0A1D562F,,3,GU-97FB15DDE993,24,F
B-21EA67FB7B8B,,1,GU-2976C962B1E6,,
B-21EA67FB7B8B,,2,GU-27FF815670EE,,
B-DFB28C258E22,,1,GU-C64AAA420E5E,48,M
B-DFB28C258E22,,2,GU-72603C281672,45,F
B-DFB28C258E22,,3,GU-3976B279E03A,14,F
B-DFB28C258E22,,4,GU-58E34517B1B3,9,F
B-52F3AA6E5519,,1,GU-FFB5C14B4F49,51,M
B-52F3AA6E5519,,2,GU-AC6625E9D249,48,F
B-52F3AA6E5519,,3,GU-7CC75DAAF7A6,16,F
B-31C3C7B00375,,1,GU-188EF2B31999,61,M
B-31C3C7B00375,,2,GU-2A4A8C47A668,57,F
B-31C3C7B00375,,3,GU-45360C156B43,16,M
B-31C3C7B00375,,4,GU-2D5423111C22,17,M
B-62950D77CF71,,1,GU-7E8A9106848B,52,M
B-62950D77CF71,,2,GU-F58F0DB0311D,49,F
B-62950D77CF71,,3,GU-1AFAEABC84F8,11,M
B-62950D77CF71,,4,GU-879A71D46F92,16,F
B-B3EE251F4CE0,,1,GU-2600A3E7F3F0,42,M
B-B3EE251F4CE0,,2,GU-331E369370A9,36,F
B-B3EE251F4CE0,,3,GU-E6B287856D67,5,F
B-B3EE251F4CE0,,4,GU-C67CE7C5882A,6,F
B-D93BF45475E8,,1,GU-44C232FC89A4,,
B-D93BF45475E8,,2,GU-FAAC2E715D01,,
B-D93BF45475E8,,3,GU-88C3479C7B30,,
B-D93BF45475E8,,4,GU-35F20D7CE845,,
B-88F31A30D3BF,,1,GU-F74374C3AB53,30,F
B-88F31A30D3BF,,2,GU-6E1D850F7734,26,M
B-88F31A30D3BF,,3,GU-9E214008A54D,3,M
B-88F31A30D3BF,,4,GU-B330CE6FB63A,1,M
B-0A2195FC7C42,,1,GU-FAA00B176427,54,M
B-0A2195FC7C42,,2,GU-90FB5FBE828E,49,F
B-0A2195FC7C42,,3,GU-D1D46EA35B25,20,M
B-0A2195FC7C42,,4,GU-A7DEAF6B6216,17,F
B-2058D58ECE4F,,1,GU-057214B51AA6,,
B-2058D58ECE4F,,2,GU-99CEE2E91F46,,
B-2058D58ECE4F,,3,GU-53070A0A9F90,,
B-2058D58ECE4F,,4,GU-5B17FCEA4E6A,,
B-981C48C51826,C-BF6219809F6E,1,GU-E57AD1782AF3,46,F
B-981C48C51826,C-BF6219809F6E,2,GU-728B06D8C047,50,M
B-981C48C51826,C-BF6219809F6E,3,GU-929106D52749,12,M
B-981C48C51826,C-BF6219809F6E,4,GU-03554D92575C,9,M
B-453C7C378EB0,,1,GU-FAD3F4F0E341,40,M
B-453C7C378EB0,,2,GU-C940BB286300,38,F
B-453C7C378EB0,,3,GU-A00A11B81FE9,7,M
B-453C7C378EB0,,4,GU-146884477D67,3,F
B-AB5AD02A6F30,,1,GU-F451CA380D05,37,M
B-AB5AD02A6F30,,2,GU-F3458F1062FD,32,F
B-AB5AD02A6F30,,3,GU-35577FA3C265,7,M
B-AB5AD02A6F30,,4,GU-A41A462DB661,3,F
B-E393BA2D8DEF,,1,GU-538EE8354750,,
B-E393BA2D8DEF,,2,GU-9774CD39E9C8,,
B-E393BA2D8DEF,,3,GU-5D98825CD4AD,,
B-E393BA2D8DEF,,4,GU-B78C3869CCF7,,
B-93684E114827,,1,GU-46FA067CB25F,44,M
B-93684E114827,,2,GU-AF715B5058B8,43,F
B-93684E114827,,3,GU-AE5D4B02572C,22,F
B-93684E114827,,4,GU-B90FA9B377D1,7,M
B-B54EF5587E4D,,1,GU-DDFBDC2736DF,28,F
B-B54EF5587E4D,,2,GU-64A3B4C941E8,27,F
B-B54EF5587E4D,,3,GU-FB61130CFC8C,31,M
B-B54EF5587E4D,,4,GU-E2AEC3BC9F66,30,F
B-179790DB1E39,,1,GU-55695BE66E5F,47,M
B-179790DB1E39,,2,GU-C81AB5CD4250,45,F
B-179790DB1E39,,3,GU-D106E802C8DC,18,F
B-179790DB1E39,,4,GU-ABF4ED18103B,16,M
B-7695ED1E0DD6,,1,GU-9EB9B534F433,44,M
B-7695ED1E0DD6,,2,GU-E7A711E567C1,41,F
B-5AB9EEAC5D16,,1,GU-C1D62490C3FC,43,M
B-5AB9EEAC5D16,,2,GU-3DB40C49732B,40,F
B-5AB9EEAC5D16,,3,GU-C6C365B0E2F0,11,F
B-5AB9EEAC5D16,,4,GU-88DD728637A3,10,M
B-785DAB24F96C,,1,GU-BC5246587605,50,M
B-785DAB24F96C,,2,GU-1C2F921AD85B,44,F
B-785DAB24F96C,,3,GU-82A1B2C47B9E,11,
B-785DAB24F96C,,4,GU-A3112CD8B9A8,15,M
B-7A7DA2E73FE9,,1,GU-C1B162A54086,45,M
B-7A7DA2E73FE9,,2,GU-379A9F9BAF99,44,F
B-7A7DA2E73FE9,,3,GU-A82815ED964B,45,M
B-7A7DA2E73FE9,,4,GU-4512C51C9403,,
B-36DFD13DC5D1,,1,GU-0E678909D7B9,37,F
B-36DFD13DC5D1,,2,GU-281F4EEC7C79,45,F
B-36DFD13DC5D1,,3,GU-C9546063B110,,
B-1F6908EE94B2,,1,GU-FA4DB35AC3A2,59,
B-1F6908EE94B2,,2,GU-AFEC99BBE4F1,52,
B-8488CA092939,C-989322932C9D,1,GU-9D13E19054AE,50,M
B-8488CA092939,C-989322932C9D,2,GU-6A3B93BB0965,49,F
B-8488CA092939,C-989322932C9D,3,GU-DF02B251E813,8,M
B-E2F0BF1A0A56,C-5B0BA38A459C,1,GU-4B3EC74B9E00,49,M
B-E2F0BF1A0A56,C-5B0BA38A459C,2,GU-812B8087FB4B,13,M
B-E2F0BF1A0A56,C-5B0BA38A459C,3,GU-BED2379E6CA9,50,F
B-587D004BEF2D,C-E733DA72DE9C,1,GU-5F59667B4FBF,,
B-587D004BEF2D,C-E733DA72DE9C,2,GU-F2CB5A9872D2,,
B-587D004BEF2D,C-E733DA72DE9C,3,GU-A35D6385EB32,,
B-587D004BEF2D,C-E733DA72DE9C,4,GU-F3B52C721BEB,,
B-560636F8B8C9,C-C73F8AB4FB0B,1,GU-15CC815D38F4,39,F
B-560636F8B8C9,C-C73F8AB4FB0B,2,GU-32DDB6C14CFF,50,M
B-560636F8B8C9,C-C73F8AB4FB0B,3,GU-128BAA611D4C,9,M
B-560636F8B8C9,C-C73F8AB4FB0B,4,GU-29528184926D,5,M
B-3B337B9608BA,C-2F36AFB09091,1,GU-DB2BE2F1A9C8,56,M
B-3B337B9608BA,C-2F36AFB09091,2,GU-7582639DD844,60,F
B-3B337B9608BA,C-2F36AFB09091,3,GU-7D74C8933FBA,25,M
B-3B337B9608BA,C-2F36AFB09091,4,GU-B1E70C37CCBC,11,M
B-3B337B9608BA,C-2F36AFB09091,5,GU-701FE2A65EF3,9,M
B-E9D06F40E415,C-0E8E1D5714B0,1,GU-505BC0307E78,38,M
B-E9D06F40E415,C-0E8E1D5714B0,2,GU-FB7822ED4CC0,35,F
B-E9D06F40E415,C-0E8E1D5714B0,3,GU-F3CA8260B80B,6,F
B-E9D06F40E415,C-0E8E1D5714B0,4,GU-ED0C09E0B30A,4,F
B-2F8EC98C8BEF,C-AB19445F2A0A,1,GU-5CE09746B19E,53,M
B-2F8EC98C8BEF,C-AB19445F2A0A,2,GU-E9D1712332C1,43,F
B-2F8EC98C8BEF,C-AB19445F2A0A,3,GU-8A656FFDF972,11,M
B-2F8EC98C8BEF,C-AB19445F2A0A,4,GU-DD732D4A8827,15,M
B-2F8EC98C8BEF,C-AB19445F2A0A,5,GU-D4B767CA8AF5,5,F
B-6787CB2D14A9,C-AB19445F2A0A,1,GU-238B7F0DA7C0,48,M
B-6787CB2D14A9,C-AB19445F2A0A,2,GU-1589CCCDB34C,47,F
B-6787CB2D14A9,C-AB19445F2A0A,3,GU-315D64C8CE66,14,M
B-6787CB2D14A9,C-AB19445F2A0A,4,GU-F1879B0A324C,12,M
B-E957029EF176,C-646768CB8C6A,1,GU-B1782B084181,,
B-E957029EF176,C-646768CB8C6A,2,GU-777540B150E9,,
B-35DB2639F37A,C-A59D73E5D6D9,1,GU-1836B8C9D239,53,M
B-35DB2639F37A,C-A59D73E5D6D9,2,GU-9FCD5E99268E,50,F
B-35DB2639F37A,C-A59D73E5D6D9,3,GU-A2F8FE7F55F5,17,M
B-35DB2639F37A,C-A59D73E5D6D9,4,GU-962C9004381E,13,F
B-69A619487581,C-416EAE5FD7F8,1,GU-75BB1B5204CE,59,F
B-69A619487581,C-416EAE5FD7F8,2,GU-07005B2CD77E,78,F
B-B39D0C2B4BFB,C-73572C1CEB1E,1,GU-67329CFD8B7D,,
B-B39D0C2B4BFB,C-73572C1CEB1E,2,GU-4F10EA595215,,
B-B39D0C2B4BFB,C-73572C1CEB1E,3,GU-CBDB01ECA207,,
B-B39D0C2B4BFB,C-73572C1CEB1E,4,GU-643EC0B4813F,,
B-B39D0C2B4BFB,C-73572C1CEB1E,5,GU-9DC82FFA6940,,
B-FDD1A3BB664A,C-18B513A48C28,1,GU-399B9F0BE26B,64,F
B-FDD1A3BB664A,C-18B513A48C28,2,GU-AFC0775D3058,68,M
B-FDD1A3BB664A,C-18B513A48C28,3,GU-AFEBCD8FED79,15,M
B-FA0857E175F4,C-A68878619B9C,1,GU-232F23C95A3D,43,F
B-FA0857E175F4,C-A68878619B9C,2,GU-F83A0F79C59B,36,M
B-FA0857E175F4,C-A68878619B9C,3,GU-FA97796C7211,5,F
B-FA0857E175F4,C-A68878619B9C,4,GU-1CAD8ED3A084,15,M
B-E30C0FC8A09A,C-A2DB93C10326,1,GU-A242FB4BFF52,51,F
B-E30C0FC8A09A,C-A2DB93C10326,2,GU-31D6AEEFDAE4,49,M
B-E30C0FC8A09A,C-A2DB93C10326,3,GU-DA18072729E0,16,F
B-6777A0E6D2CD,C-7E5604C2AF18,1,GU-3C8E1AC10526,51,F
B-6777A0E6D2CD,C-7E5604C2AF18,2,GU-A8BEFD58C5A4,14,M
B-6777A0E6D2CD,C-7E5604C2AF18,3,GU-33A604275F55,52,M
B-6777A0E6D2CD,C-7E5604C2AF18,4,GU-6DC6D97C8557,16,M
B-6777A0E6D2CD,C-7E5604C2AF18,5,GU-FA8A0E872B85,45,M
B-6777A0E6D2CD,C-7E5604C2AF18,6,GU-44DFDCDA3D20,,
B-6777A0E6D2CD,C-7E5604C2AF18,7,GU-50CA9F721CC7,,
B-005D6ACFEBC7,C-127F0D632632,1,GU-63A797C9E12E,,
B-005D6ACFEBC7,C-127F0D632632,2,GU-2C15E58AE5B9,,
B-005D6ACFEBC7,C-127F0D632632,3,GU-A910600E5B3C,,
B-319418A0E4AE,C-B6C20C1EE88F,1,GU-C2FCC73A1458,55,M
B-319418A0E4AE,C-B6C20C1EE88F,2,GU-E851FECF4677,52,F
B-319418A0E4AE,C-B6C20C1EE88F,3,GU-3A22A806690F,20,M
B-319418A0E4AE,C-B6C20C1EE88F,4,GU-72B28D33FEF7,16,F
B-4F1FEE9120DB,C-04724DD6D9D0,1,GU-F4848CF73105,43,F
B-4F1FEE9120DB,C-04724DD6D9D0,2,GU-D1328764A4CC,51,M
B-4F1FEE9120DB,C-04724DD6D9D0,3,GU-30BD5AFE7F88,7,M
B-4F1FEE9120DB,C-04724DD6D9D0,4,GU-55481FEB0D12,4,M
B-106CE4EDBFEE,,1,GU-7D019A3C774D,,
B-106CE4EDBFEE,,2,GU-22451F13DE3E,,
B-106CE4EDBFEE,,3,GU-E8E7D166DEE8,,
B-106CE4EDBFEE,,4,GU-A16EE6815ED8,,
B-C3EAE72FB5BE,,1,GU-29AF3CFDCBE3,53,M
B-C3EAE72FB5BE,,2,GU-35B8E204201C,47,M
B-C3EAE72FB5BE,,3,GU-D22E4EF32733,12,M
B-A7161230D51D,C-98C57989676A,1,GU-84C77B69EF8B,,
B-A7161230D51D,C-98C57989676A,2,GU-0AA407531816,,
B-A7161230D51D,C-98C57989676A,3,GU-2A57627BBD77,,
B-A7161230D51D,C-98C57989676A,4,GU-3D0F54AC3DD6,,
B-A7161230D51D,C-98C57989676A,5,GU-38EB8E4C541A,,
B-FFD1C30404A4,C-12B42E8FB2C7,1,GU-6813B20125AC,33,F
B-FFD1C30404A4,C-12B42E8FB2C7,2,GU-4F5DF3B140A7,29,F
B-FFD1C30404A4,C-12B42E8FB2C7,3,GU-45671AD99F93,20,M
B-FFD1C30404A4,C-12B42E8FB2C7,4,GU-FD4BBCF6204F,31,M
B-FFD1C30404A4,C-12B42E8FB2C7,5,GU-F9024E8A089E,29,M
B-2D352F24DC5F,,1,GU-B5B83832544E,,
B-2D352F24DC5F,,2,GU-387A4C330E69,,
B-90C44FF63E5A,C-880603196EC3,1,GU-825CF666CEE0,44,M
B-90C44FF63E5A,C-880603196EC3,2,GU-403DC8D90121,45,F
B-90C44FF63E5A,C-880603196EC3,3,GU-D7DEA51B5D56,11,M
B-90C44FF63E5A,C-880603196EC3,4,GU-2A17B8E2861D,11,M
B-0FD87183C652,C-56292A117F3D,1,GU-55B28CA1763D,,
B-0FD87183C652,C-56292A117F3D,2,GU-54814626FC11,,
B-05CAC0B4B06C,C-0C203C3211BC,1,GU-43971E77B826,46,M
B-05CAC0B4B06C,C-0C203C3211BC,2,GU-3D86AA3A5DD1,12,M
B-05CAC0B4B06C,C-0C203C3211BC,3,GU-D83DB43C50DE,44,F
B-A1EAEF2812C4,,1,GU-139F5FB25822,41,M
B-A1EAEF2812C4,,2,GU-8BCE106EDFE6,38,F
B-A1EAEF2812C4,,3,GU-2F5A06D1AF6A,8,M
B-A1EAEF2812C4,,4,GU-278E0AC2C9F2,7,F
B-7873F4EB81E2,,1,GU-FEA0C96502A7,37,M
B-7873F4EB81E2,,2,GU-FDA34057E504,34,F
B-7873F4EB81E2,,3,GU-2ABE2734A5BE,5,F
B-D6186DB4CFDC,,1,GU-C05E83F72012,41,M
B-D6186DB4CFDC,,2,GU-DFFC821C0031,38,F
B-D6186DB4CFDC,,3,GU-2B5761513FEB,9,M
B-5B0627401FB5,,1,GU-3EFD961C3136,11,F
B-5B0627401FB5,,2,GU-20D8F021D54F,64,M
B-5B0627401FB5,,3,GU-EFFB5CAC399A,61,F
B-21C3B205CA94,,1,GU-4AA8508E8E1B,,
B-21C3B205CA94,,2,GU-3C712BB670BC,,
B-B9B047B755D6,,1,GU-031B3C5CC9BB,,
B-B9B047B755D6,,2,GU-B64603D6F7D7,,
B-FDF76C779124,,1,GU-E22104A1422B,,
B-FDF76C779124,,2,GU-3B6443DDADBB,,
B-DE60C3E04F94,,1,GU-E4FBDA35D155,,
B-DE60C3E04F94,,2,GU-1A7793AEC5CB,,
B-DE60C3E04F94,,3,GU-EA882BAD190D,,
B-DE60C3E04F94,,4,GU-CFEFE2A0E173,,
B-DE60C3E04F94,,5,GU-2CED31D2C0AC,,
B-DE60C3E04F94,,6,GU-62AFD7BEEF33,,
B-6E676BDCD477,C-B10F075E4FB2,1,GU-1688EB544C51,,
B-6E676BDCD477,C-B10F075E4FB2,2,GU-0730C5547A77,,
B-0A26B90B0C15,,1,GU-EAAE2E3AC17C,,
B-0A26B90B0C15,,2,GU-902D27091E4C,,
B-0A26B90B0C15,,3,GU-2E5B7F935AD0,,
B-0A26B90B0C15,,4,GU-58373A47A7D7,,
B-0A26B90B0C15,,5,GU-022B638BAF52,,
B-EFC50A99F39A,,1,GU-40EF4901E24A,,
B-EFC50A99F39A,,2,GU-858DD88C7133,,
B-EFC50A99F39A,,3,GU-1B66BE06318B,,
B-EFC50A99F39A,,4,GU-E136090E305F,,
B-EFC50A99F39A,,5,GU-159F97DDD33F,,
B-3FE47B8C98C3,,1,GU-D56955D56FC5,,
B-3FE47B8C98C3,,2,GU-3F105471AAD9,,
B-3FE47B8C98C3,,3,GU-5DAE812BD9CB,,
B-3FE47B8C98C3,,4,GU-C640F5169020,,
B-D475961227B1,,1,GU-AF674E1B38C9,44,M
B-D475961227B1,,2,GU-9309783E89D4,1,M
B-D475961227B1,,3,GU-35ECDB83028A,18,M
B-D475961227B1,,4,GU-CE1DBDE54EBB,39,F
B-0B6B46FBD9F5,,1,GU-194E47CCD459,47,M
B-0B6B46FBD9F5,,2,GU-1C5D9727FE5E,47,F
B-0B6B46FBD9F5,,3,GU-6AAE24857569,8,M
B-AFC6BC826D04,,1,GU-2B15A0E11B15,41,M
B-AFC6BC826D04,,2,GU-1DFAC2000D3E,36,F
B-AFC6BC826D04,,3,GU-64131F198238,3,F
B-AFFBC1CB2DFF,,1,GU-16EE447BB4DE,51,F
B-AFFBC1CB2DFF,,2,GU-88250328E30B,55,M
B-677BC31F2B3F,,1,GU-E783CC0B1AB0,44,M
B-677BC31F2B3F,,2,GU-8E398AA1EF1D,46,F
B-677BC31F2B3F,,3,GU-5552794743E8,7,M
B-A468BBBC3AC8,,1,GU-1D9C6FAF4C40,,
B-A468BBBC3AC8,,2,GU-96490234B9E1,,
B-A468BBBC3AC8,,3,GU-E80708CAF0E3,,
B-A468BBBC3AC8,,4,GU-AC789E795910,,
B-1E4D4CA0CEC6,,1,GU-22A41E5A94F2,,
B-1E4D4CA0CEC6,,2,GU-4619FD2697F3,,
B-1E4D4CA0CEC6,,3,GU-DCB44E2C58A7,,
B-1E4D4CA0CEC6,,4,GU-E951649B5FC0,,
B-DDC7195EDA4A,,1,GU-B8FCF56760FC,51,M
B-DDC7195EDA4A,,2,GU-C6F4F6FABBE7,17,F
B-DDC7195EDA4A,,3,GU-D6229ECA6399,17,F
B-DDC7195EDA4A,,4,GU-CA4CE21E7456,53,F
B-3AFCAFCDA443,,1,GU-0DF4856BF36E,49,M
B-3AFCAFCDA443,,2,GU-EF79B608217E,43,F
B-3AFCAFCDA443,,3,GU-E2DAF2D14C28,15,M
B-3AFCAFCDA443,,4,GU-1B9EF449E4E1,,
B-1FE6E6426A46,C-880603196EC3,1,GU-FBE2E16C1594,26,F
B-1FE6E6426A46,C-880603196EC3,2,GU-D790BD1A0C96,47,F
B-1FE6E6426A46,C-880603196EC3,3,GU-3A916A0FBD05,26,M
B-A60A39ABB146,C-64717D383E03,1,GU-9DB6E0572234,41,F
B-A60A39ABB146,C-64717D383E03,2,GU-1B6C1449C5D2,44,M
B-A60A39ABB146,C-64717D383E03,3,GU-74279ED89E9A,14,F
B-A60A39ABB146,C-64717D383E03,4,GU-86CE03677DE4,12,M
B-7E62A8A9773B,C-5C79F0C13516,1,GU-174A5FA93AE9,48,M
B-7E62A8A9773B,C-5C79F0C13516,2,GU-5CEDC8E638F3,42,F
B-5818F2AF6022,C-0E2FD28C16E2,1,GU-33DF7346E851,47,M
B-5818F2AF6022,C-0E2FD28C16E2,2,GU-0B0C2EED0F84,44,F
B-5818F2AF6022,C-0E2FD28C16E2,3,GU-892ADFEBD12D,17,F
B-5818F2AF6022,C-0E2FD28C16E2,4,GU-EFE138779F3A,15,F
B-FDD10D263671,C-0E2FD28C16E2,1,GU-6CC4FAD508A2,50,M
B-FDD10D263671,C-0E2FD28C16E2,2,GU-0D26B5488F07,48,F
B-FDD10D263671,C-0E2FD28C16E2,3,GU-064718EB69D4,15,F
B-FDD10D263671,C-0E2FD28C16E2,4,GU-EDEA936A5EE5,11,F
B-019AE60A64B2,C-3AADCC4A7346,1,GU-5451D24A185F,,
B-019AE60A64B2,C-3AADCC4A7346,2,GU-35518150951B,,
B-019AE60A64B2,C-3AADCC4A7346,3,GU-DAE3E492F45F,,
B-019AE60A64B2,C-3AADCC4A7346,4,GU-4997E82F12AE,,
B-019AE60A64B2,C-3AADCC4A7346,5,GU-45DAD8DCE2E7,,
B-F4A16B21FCD9,C-0F2D274BB2CF,1,GU-1E197B4AD78A,39,M
B-F4A16B21FCD9,C-0F2D274BB2CF,2,GU-E9195AE5C758,36,F
B-F4A16B21FCD9,C-0F2D274BB2CF,3,GU-324515144834,8,F
B-F4A16B21FCD9,C-0F2D274BB2CF,4,GU-DCEECE20CDDE,5,M
B-A8D49DA7ED2C,,1,GU-7F67595FEB22,,
B-A8D49DA7ED2C,,2,GU-4A7F76F0CC97,,
B-A8D49DA7ED2C,,3,GU-F5CE86D87A43,,
B-A8D49DA7ED2C,,4,GU-868C12420782,,
B-C28AA090C349,,1,GU-D2A77546E710,34,M
B-C28AA090C349,,2,GU-B7D44E0CD11B,1,F
B-C28AA090C349,,3,GU-90B946E16460,37,F
B-448A4BE5FB44,,1,GU-A44EDBECC4C6,56,M
B-448A4BE5FB44,,2,GU-77BBE2714C17,57,F
B-448A4BE5FB44,,3,GU-74EFB8ABD789,16,M
B-72239E999293,,1,GU-BE6AE9D046E4,29,M
B-72239E999293,,2,GU-A919972060AF,27,F
B-FDC701E585E0,,1,GU-C14771814722,29,M
B-FDC701E585E0,,2,GU-B8D2CEE0F44D,29,F
B-FDC701E585E0,,3,GU-6EDB7024A60D,3,F
B-DF6B6A1A2163,,1,GU-3E19CC3F09EE,31,M
B-DF6B6A1A2163,,2,GU-38CB9D645EE7,29,F
B-DF6B6A1A2163,,3,GU-5E1E31BEFC8C,1,F
B-629CEB5A2B3F,,1,GU-5D9E08D24D03,20,M
B-629CEB5A2B3F,,2,GU-EDC23F4E4654,22,F
B-3C52209D31EA,C-F0CA912EC22D,1,GU-FEA65294BC04,54,F
B-3C52209D31EA,C-F0CA912EC22D,2,GU-B3125DC87EE3,54,M
B-3C52209D31EA,C-F0CA912EC22D,3,GU-CF790ACC41D5,11,F
B-CADDBF29E3ED,C-7E5604C2AF18,1,GU-375C24285688,33,M
B-CADDBF29E3ED,C-7E5604C2AF18,2,GU-05208526FE93,,
B-CADDBF29E3ED,C-7E5604C2AF18,3,GU-7CDD5CEA8909,,
B-CADDBF29E3ED,C-7E5604C2AF18,4,GU-375008D63218,,
B-CADDBF29E3ED,C-7E5604C2AF18,5,GU-96E9981FE4C5,,
B-31265B8CC32A,,1,GU-27088BDADFB6,,
B-31265B8CC32A,,2,GU-4793E61C88AF,,
B-31265B8CC32A,,3,GU-13CD2B34BEAE,,
B-31265B8CC32A,,4,GU-F5C023BF8CE2,,
B-31265B8CC32A,,5,GU-F7353C696DEA,,
B-31265B8CC32A,,6,GU-7529C3E838DC,,
B-05C17EAE1DCD,C-10A3A4DBE210,1,GU-8BFEE4A6D4C9,47,F
B-05C17EAE1DCD,C-10A3A4DBE210,2,GU-868656E00D8D,57,M
B-05C17EAE1DCD,C-10A3A4DBE210,3,GU-878B9DE70DE3,13,M
B-814927D2A409,,1,GU-72979496DFF5,45,M
B-814927D2A409,,2,GU-80D57D1172C7,35,F
B-814927D2A409,,3,GU-1DE1BD65BA19,8,F
B-1A7BF844B325,,1,GU-0FFDAE39F02E,40,M
B-1A7BF844B325,,2,GU-30804235B890,36,F
B-1A7BF844B325,,3,GU-A42C5EABFF87,3,M
B-CE2747F900F6,,1,GU-10F98B185D7E,54,F
B-CE2747F900F6,,2,GU-23AD5BDEA6C6,61,M
B-F5C7FB78E7AB,,1,GU-29E46D4FE88C,,
B-F5C7FB78E7AB,,2,GU-1F73BA019B45,,
B-F5C7FB78E7AB,,3,GU-895ADFBB18B1,,
B-B64542771079,,1,GU-1B18493CA5F2,,
B-B64542771079,,2,GU-BD51DEF97D21,,
B-B64542771079,,3,GU-A307B72A08EA,,
B-FA1DF5C8DFF2,,1,GU-C847A6029B1C,44,M
B-FA1DF5C8DFF2,,2,GU-27CA1322C074,42,F
B-FA1DF5C8DFF2,,3,GU-CEC275228AE4,11,F
B-B665A6F3257D,C-495538EEFF66,1,GU-79705A97E9DF,42,M
B-B665A6F3257D,C-495538EEFF66,2,GU-A644C7C9A7E3,58,F
B-95B14ECB3FE7,C-B2CDB474B4CC,1,GU-ACCC52F5F3B9,40,F
B-95B14ECB3FE7,C-B2CDB474B4CC,2,GU-8DC60D45B4E7,48,M
B-CDB258B7322B,,1,GU-8C19222F464E,,
B-CDB258B7322B,,2,GU-25ACAEDFC813,,
B-E060BC02EAED,C-EFA98FB8FB7A,1,GU-EA35DBEEBB8F,46,M
B-E060BC02EAED,C-EFA98FB8FB7A,2,GU-CFC63ACBC25E,46,F
B-E060BC02EAED,C-EFA98FB8FB7A,3,GU-91D597790F22,19,F
B-E060BC02EAED,C-EFA98FB8FB7A,4,GU-ED0318829038,15,M
B-2201DCE7B5F4,C-C65CD34A167B,1,GU-6D8E44D2808B,28,F
B-2201DCE7B5F4,C-C65CD34A167B,2,GU-0B3E135F063E,5,M
B-2201DCE7B5F4,C-C65CD34A167B,3,GU-1BC63CC07DC9,30,M
B-7889D3E004F5,C-3BC119A50819,1,GU-2CE0A1BBDEA0,,
B-7889D3E004F5,C-3BC119A50819,2,GU-9C5BCB22C3CE,,
B-7889D3E004F5,C-3BC119A50819,3,GU-2091B00D44C6,,
B-7889D3E004F5,C-3BC119A50819,4,GU-D90EE9FFE0EC,,
B-A3B4AC3A4E6C,,1,GU-DFC979A7AAE9,67,M
B-A3B4AC3A4E6C,,2,GU-69987B348698,68,F
B-29D4387FE6DA,C-4A170A3C2239,1,GU-0E9398E3F055,70,M
B-29D4387FE6DA,C-4A170A3C2239,2,GU-9B7951C43BF9,50,F
B-952015C9D67A,,1,GU-6041A89A53F1,48,M
B-952015C9D67A,,2,GU-18EA8A88EE43,45,F
B-952015C9D67A,,3,GU-7B999934A33B,5,F
B-952015C9D67A,,4,GU-C7A0C4C73B34,9,M
B-B870874B5E3F,,1,GU-8ADB01CC993E,34,M
B-B870874B5E3F,,2,GU-3A13794E6B2D,32,F
B-B870874B5E3F,,3,GU-A8CA59AD3F1A,3,M
B-A8C611B35DBC,,1,GU-672F461CBEA4,34,F
B-A8C611B35DBC,,2,GU-250CE78E3904,3,F
B-A8C611B35DBC,,3,GU-43746BA29BC2,,
B-A961936935EE,C-02118241EBD9,1,GU-90CC888E7C2E,44,F
B-A961936935EE,C-02118241EBD9,2,GU-4C9045795524,41,M
B-A961936935EE,C-02118241EBD9,3,GU-37D90DC37064,10,F
B-A961936935EE,C-02118241EBD9,4,GU-94B82E199530,6,F
B-75D0F524D971,C-98C57989676A,1,GU-347ADDAB7B26,34,M
B-75D0F524D971,C-98C57989676A,2,GU-3C2F235264D4,37,
B-75D0F524D971,C-98C57989676A,3,GU-C5050407337A,28,
B-75D0F524D971,C-98C57989676A,4,GU-625A55B7050B,32,
B-75D0F524D971,C-98C57989676A,5,GU-70EE3AF4963F,1,
B-4B47E306D0D1,C-7E5604C2AF18,1,GU-2917C53E63AE,26,M
B-4B47E306D0D1,C-7E5604C2AF18,2,GU-DD2B0E914817,24,F
B-F4979D459453,C-01EA3A38134B,1,GU-93B99506DF4A,78,M
B-F4979D459453,C-01EA3A38134B,2,GU-4E98C2113485,77,F
B-3DEEF376D91B,,1,GU-B582D91D8523,,
B-3DEEF376D91B,,2,GU-ED397060F1E2,,
B-3DEEF376D91B,,3,GU-0A83DC246608,,
B-812CB83CB7EC,,1,GU-E8AE1247B815,38,M
B-812CB83CB7EC,,2,GU-8DBE5B4AD6A4,35,F
B-812CB83CB7EC,,3,GU-D83CB784AC0E,5,M
B-CAFFCE381EF4,,1,GU-14360CE8EF39,43,M
B-CAFFCE381EF4,,2,GU-346A3F6C560F,,
B-CAFFCE381EF4,,3,GU-3EBA801CDACC,,
B-222BAE93D37D,,1,GU-08F0BA9B5390,,
B-222BAE93D37D,,2,GU-E4F1E2CF7AE1,,
B-4326612C245A,,1,GU-5BE43AAEC10C,41,M
B-4326612C245A,,2,GU-A4932FEA00D1,37,F
B-4326612C245A,,3,GU-C962504FFE2E,5,M
B-9727A63F2B4D,,1,GU-072F053EEF4D,22,F
B-9727A63F2B4D,,2,GU-3AB7F6824C68,28,M
B-46D5365EE805,,1,GU-A7F2783BD03E,,
B-46D5365EE805,,2,GU-843FE9406188,,
B-46D5365EE805,,3,GU-0510B479A7EB,,
B-A4F2527BFC5C,C-124EC5C2745E,1,GU-D1664C04AFDA,,
B-A4F2527BFC5C,C-124EC5C2745E,2,GU-29054569DAB5,,
B-A4F2527BFC5C,C-124EC5C2745E,3,GU-5918D4140DDE,,
B-A4F2527BFC5C,C-124EC5C2745E,4,GU-C737C84E0682,,
B-A4F2527BFC5C,C-124EC5C2745E,5,GU-B3EADD38AE69,,
B-F7A71D5F0B8B,C-85CEE0E13EC3,1,GU-748FBE067126,37,F
B-F7A71D5F0B8B,C-85CEE0E13EC3,2,GU-3681997D84E1,49,M
B-F7A71D5F0B8B,C-85CEE0E13EC3,3,GU-648350A50517,8,M
B-F7A71D5F0B8B,C-85CEE0E13EC3,4,GU-702D4964E18B,5,F
B-5AA71E3C764D,C-0502CE315C17,1,GU-E739B6487BFA,30,F
B-5AA71E3C764D,C-0502CE315C17,2,GU-EA9CBEAADD49,0,M
B-5AA71E3C764D,C-0502CE315C17,3,GU-9D8260F37489,30,M
B-83D00C9283C7,C-769534AE8535,1,GU-A818AAC0EB51,57,M
B-83D00C9283C7,C-769534AE8535,2,GU-EC7C27B372E9,48,F
B-83D00C9283C7,C-769534AE8535,3,GU-AF56E7D9F89E,10,F
B-E58C96E95B5C,C-08A48F9CAAF8,1,GU-CC021ABF9DE1,52,F
B-E58C96E95B5C,C-08A48F9CAAF8,2,GU-88F7BD782B1A,55,M
B-E58C96E95B5C,C-08A48F9CAAF8,3,GU-2DAF3E470AB0,12,F
B-E58C96E95B5C,C-08A48F9CAAF8,4,GU-69C2977B9652,12,F
B-48BF6C9CA8D7,C-849E67EBD3A6,1,GU-BAA07810CD88,,
B-48BF6C9CA8D7,C-849E67EBD3A6,2,GU-6A5454257D20,,
B-48BF6C9CA8D7,C-849E67EBD3A6,3,GU-682602F2E42B,,
B-7461B72884DC,C-92DB8EBE9299,1,GU-5745445C521F,37,F
B-7461B72884DC,C-92DB8EBE9299,2,GU-759FF5C148D5,44,M
B-7461B72884DC,C-92DB8EBE9299,3,GU-AF1A39227A10,11,M
B-7461B72884DC,C-92DB8EBE9299,4,GU-7E5C4F2AF54B,5,F
B-7461B72884DC,C-92DB8EBE9299,5,GU-F0D5E4C17DA8,8,M
B-F4FEAA4323A3,C-F3E15567FFDA,1,GU-83DF1F8CFCD4,49,F
B-F4FEAA4323A3,C-F3E15567FFDA,2,GU-0C957CDA5DB4,39,F
B-F4FEAA4323A3,C-F3E15567FFDA,3,GU-D899449A5D3B,52,F
B-C2A0800EA536,C-129B0506ED73,1,GU-7DA014C6612C,42,F
B-C2A0800EA536,C-129B0506ED73,2,GU-A4BF000ED853,37,M
B-B5D2C539611D,C-CC47A1EE11BC,1,GU-07FD51AFDACE,,
B-B5D2C539611D,C-CC47A1EE11BC,2,GU-EC92144CD56A,,
B-B5D2C539611D,C-CC47A1EE11BC,3,GU-E23CE7CAABC0,,
B-B5D2C539611D,C-CC47A1EE11BC,4,GU-B5E650D8B861,,
B-B5D2C539611D,C-CC47A1EE11BC,5,GU-1AE25AFA8BAF,,
B-B5D2C539611D,C-CC47A1EE11BC,6,GU-EA2B1F312281,,
B-E30A3D2AA48D,C-CC47A1EE11BC,1,GU-2F3F28D94971,,
B-E30A3D2AA48D,C-CC47A1EE11BC,2,GU-29723C652350,,
B-83F1FDBDF048,C-B20A30F39E28,1,GU-20FB15AFA773,47,F
B-83F1FDBDF048,C-B20A30F39E28,2,GU-8874FD3F4208,17,M
B-83F1FDBDF048,C-B20A30F39E28,3,GU-025E308F2861,11,F
B-83F1FDBDF048,C-B20A30F39E28,4,GU-FBBE7C62FCCF,48,M
B-DC6F4C1544EF,C-9F5B400A8B51,1,GU-4D2730DA56B2,35,F
B-DC6F4C1544EF,C-9F5B400A8B51,2,GU-C8D6E2564604,42,M
B-DC6F4C1544EF,C-9F5B400A8B51,3,GU-7695C45AE863,9,M
B-DC6F4C1544EF,C-9F5B400A8B51,4,GU-3D679DE4831F,1,F
B-FBB618D7B26A,C-0C203C3211BC,1,GU-61D4208BC831,44,M
B-FBB618D7B26A,C-0C203C3211BC,2,GU-7CEB9EA1F349,36,F
B-FBB618D7B26A,C-0C203C3211BC,3,GU-AF292B6D370C,14,F
B-FBB618D7B26A,C-0C203C3211BC,4,GU-628FDB2639CE,12,F
B-FBB618D7B26A,C-0C203C3211BC,5,GU-6CD02FE5846F,52,M
B-FBB618D7B26A,C-0C203C3211BC,6,GU-0BA8B2836280,,
B-FBB618D7B26A,C-0C203C3211BC,7,GU-C224823A0384,,
B-28F6F45D9D20,C-B35A36497F14,1,GU-C391264EC6DA,,
B-28F6F45D9D20,C-B35A36497F14,2,GU-A1821A68C0D5,,
B-B53F1A1A7566,,1,GU-2219E86EB5AC,,
B-B53F1A1A7566,,2,GU-D7249F5DF157,,
B-5DAD6EED8C34,,1,GU-BB1F4ECC3B45,37,M
B-5DAD6EED8C34,,2,GU-462AA7E9B3E1,36,F
B-5DAD6EED8C34,,3,GU-8ABBBBFFE004,4,F
B-6F17E8F2336B,,1,GU-6277090B26E1,43,M
B-6F17E8F2336B,,2,GU-30193928A951,38,F
B-6F17E8F2336B,,3,GU-E1F91559EBB1,5,M
B-6F17E8F2336B,,4,GU-778BB4DB3907,9,M
B-6F17E8F2336B,,5,GU-4F08DB4AEFA3,4,F
B-EC7A9ACE4B96,C-7E5604C2AF18,1,GU-22DC9AB1DBF5,,
B-EC7A9ACE4B96,C-7E5604C2AF18,2,GU-F15123DD453F,,
B-EC7A9ACE4B96,C-7E5604C2AF18,3,GU-A98C4018C54A,,
B-EC7A9ACE4B96,C-7E5604C2AF18,4,GU-680DCA06E59D,,
B-C801F97E8D8F,,1,GU-A56A89F1F350,45,M
B-C801F97E8D8F,,2,GU-810A8739D10E,46,F
B-C801F97E8D8F,,3,GU-DF444B926C37,6,M
B-F9355CDF28D1,C-655A6A47FCA0,1,GU-26E00F1147F0,,
B-F9355CDF28D1,C-655A6A47FCA0,2,GU-0D4B565D2CDC,,
B-F9355CDF28D1,C-655A6A47FCA0,3,GU-8ACF091A766E,,
B-F9355CDF28D1,C-655A6A47FCA0,4,GU-C0E3E1B39292,,
B-0B1FDADFE4FF,C-A34D37432E0A,1,GU-55E5FDB4B576,49,M
B-0B1FDADFE4FF,C-A34D37432E0A,2,GU-4DEB3F477B09,50,F
B-0B1FDADFE4FF,C-A34D37432E0A,3,GU-4EDA24363C4B,11,F
B-213116C6A0BA,C-D5B93011846F,1,GU-5AEE2C20657E,48,M
B-213116C6A0BA,C-D5B93011846F,2,GU-ED3AE192CBB6,48,F
B-213116C6A0BA,C-D5B93011846F,3,GU-AE7BC64D66B4,15,F
B-213116C6A0BA,C-D5B93011846F,4,GU-921783B13F9C,13,F
B-213116C6A0BA,C-D5B93011846F,5,GU-34BB457F6F73,9,M
B-FE70370591DA,C-C80CC994ACAA,1,GU-073A8BC33EC1,40,F
B-FE70370591DA,C-C80CC994ACAA,2,GU-C3DA517D69AD,43,M
B-FE70370591DA,C-C80CC994ACAA,3,GU-AFADF86FDA34,3,M
B-5798336A9508,C-F356D4592CA8,1,GU-7121C93EA903,43,M
B-5798336A9508,C-F356D4592CA8,2,GU-42D87D967075,7,F
B-5798336A9508,C-F356D4592CA8,3,GU-102B56304F6D,45,F
B-5798336A9508,C-F356D4592CA8,4,GU-703E8F421E76,9,M
B-6D80142CC49E,C-9D1B2CB8AC3D,1,GU-C0564F19EA41,43,F
B-6D80142CC49E,C-9D1B2CB8AC3D,2,GU-FA4195FFA825,51,M
B-6D80142CC49E,C-9D1B2CB8AC3D,3,GU-4AED0F96BD42,7,M
B-6D80142CC49E,C-9D1B2CB8AC3D,4,GU-D2F15B728D3A,9,M
B-3C6A190607DC,C-7E5604C2AF18,1,GU-F894F36F7927,48,M
B-3C6A190607DC,C-7E5604C2AF18,2,GU-46697103917B,51,F
B-3C6A190607DC,C-7E5604C2AF18,3,GU-08627FEC00BF,16,F
B-3C6A190607DC,C-7E5604C2AF18,4,GU-64499157943A,15,F
B-22548FA37B58,C-F1A95923D3F6,1,GU-ECE219ACF0D6,43,M
B-22548FA37B58,C-F1A95923D3F6,2,GU-4872A678BF85,26,F
B-22548FA37B58,C-F1A95923D3F6,3,GU-577701973774,1,F
B-FC1E3777B2B1,C-E8A24FC9BB09,1,GU-7A96BF2DC64F,41,M
B-FC1E3777B2B1,C-E8A24FC9BB09,2,GU-8E6176E8FD93,36,F
B-FC1E3777B2B1,C-E8A24FC9BB09,3,GU-E445D8A3A98D,9,F
B-FC1E3777B2B1,C-E8A24FC9BB09,4,GU-229C72495D61,5,F
B-FC1E3777B2B1,C-E8A24FC9BB09,5,GU-E698FDE8EE1A,3,M
B-2CB71D4DC8A3,,1,GU-4173FAD3FECD,53,M
B-2CB71D4DC8A3,,2,GU-BED566772C76,50,F
B-2CB71D4DC8A3,,3,GU-3A9E6C82949F,22,M
B-2CB71D4DC8A3,,4,GU-C746DA3A9F7E,22,M
B-2CB71D4DC8A3,,5,GU-F211AB3DF786,16,F
B-5A524DB597EB,,1,GU-458B7BA77355,,
B-5A524DB597EB,,2,GU-12B5C50C8763,,
B-5A524DB597EB,,3,GU-6188DB741F50,,
B-5A524DB597EB,,4,GU-A89E7919BFCE,,
B-A08184DB80D6,C-1382BA255B1C,1,GU-291BE04EC48F,45,F
B-A08184DB80D6,C-1382BA255B1C,2,GU-C5D75FBF60F4,12,M
B-A08184DB80D6,C-1382BA255B1C,3,GU-FEBCE87BB97B,10,M
B-A08184DB80D6,C-1382BA255B1C,4,GU-2028D88B0CB3,48,M
B-61E5A734E45F,,1,GU-22C05B9802FA,45,F
B-61E5A734E45F,,2,GU-9185FD0C6C96,64,F
B-61E5A734E45F,,3,GU-CDBD9FAA7663,10,F
B-04DE0E2DEAC8,,1,GU-6EBB37587710,,
B-04DE0E2DEAC8,,2,GU-2B2889901860,,
B-1C078A4FB20A,C-580E57D1D3C0,1,GU-0ED027ACB60F,,
B-1C078A4FB20A,C-580E57D1D3C0,2,GU-441C4A3B5648,,
B-1C078A4FB20A,C-580E57D1D3C0,3,GU-75C8396B72E6,,
B-1C078A4FB20A,C-580E57D1D3C0,4,GU-F0100D984EE5,,
B-7119E45EA503,,1,GU-56AE56FEB968,,
B-7119E45EA503,,2,GU-559B31003885,,
B-7119E45EA503,,3,GU-8B49F3EBC0B5,,
B-7119E45EA503,,4,GU-F4EF36F0AD5F,,
B-479A7215D1A8,C-D150E276C27E,1,GU-9FAF1960E2FB,40,F
B-479A7215D1A8,C-D150E276C27E,2,GU-BD5C64738AA1,46,M
B-479A7215D1A8,C-D150E276C27E,3,GU-B905CEAC4284,10,M
B-479A7215D1A8,C-D150E276C27E,4,GU-B9509015704E,7,M
B-C67AA01EAF75,,1,GU-AD9E76359383,54,M
B-C67AA01EAF75,,2,GU-C0B61662745E,13,M
B-C67AA01EAF75,,3,GU-3C0549CAFBE7,55,F
B-57C414F8F679,C-A696F6D6F2FC,1,GU-9688E25B7712,,
B-57C414F8F679,C-A696F6D6F2FC,2,GU-9F1FB9BD3489,,
B-57C414F8F679,C-A696F6D6F2FC,3,GU-4E6F6E8EEB92,,
B-F07AE9CD90A6,C-580E57D1D3C0,1,GU-EF77600A9037,51,M
B-F07AE9CD90A6,C-580E57D1D3C0,2,GU-9D20A61038BA,46,F
B-F07AE9CD90A6,C-580E57D1D3C0,3,GU-120CAB677B74,15,F
B-F07AE9CD90A6,C-580E57D1D3C0,4,GU-AC4814E9918F,8,M
B-4ACCD927761A,C-7E5604C2AF18,1,GU-0F90F5CECC9A,7,M
B-4ACCD927761A,C-7E5604C2AF18,2,GU-3893AA829141,51,F
B-4ACCD927761A,C-7E5604C2AF18,3,GU-BE0433DBAA03,12,F
B-8C74D9A9DF56,C-0EE2971209C7,1,GU-4AC41A45D866,43,F
B-8C74D9A9DF56,C-0EE2971209C7,2,GU-D2EF98C91BD9,7,M
B-8C74D9A9DF56,C-0EE2971209C7,3,GU-DF54B91B594E,44,M
B-0E02565F3564,C-95B9AD475852,1,GU-24FC753A60D4,,
B-0E02565F3564,C-95B9AD475852,2,GU-3D87C9D61B64,,
B-0E02565F3564,C-95B9AD475852,3,GU-AC85C09DE3DA,,
B-0E02565F3564,C-95B9AD475852,4,GU-5D0759AF0B85,,
B-A84C4F79D74A,C-0D557F9E94C5,1,GU-9BC7217F5D1F,39,F
B-A84C4F79D74A,C-0D557F9E94C5,2,GU-84842DE20F54,6,F
B-A84C4F79D74A,C-0D557F9E94C5,3,GU-50C033CE2980,48,M
B-A84C4F79D74A,C-0D557F9E94C5,4,GU-3E2215934F9C,0,M
B-625750E1AC19,,1,GU-A2F5371747FD,,
B-625750E1AC19,,2,GU-640E9C90BC48,,
B-30691E2A6472,,1,GU-581ADB9DF544,65,F
B-30691E2A6472,,2,GU-52DA79C62B30,73,M
B-02DE352BA85F,,1,GU-92DECAF6A3FE,56,M
B-02DE352BA85F,,2,GU-D8B8B304F40E,61,F
B-02DE352BA85F,,3,GU-3A98C41F9C0A,19,F
B-1ECC97534881,,1,GU-7DC7E244171E,62,F
B-1ECC97534881,,2,GU-0954212114F5,57,F
B-AAFBE485F441,C-F86FF8A294DA,1,GU-6D5D408511FA,,
B-AAFBE485F441,C-F86FF8A294DA,2,GU-B2AFD2EE287A,,
B-756C20D6BB32,,1,GU-D35C11627E3A,59,M
B-756C20D6BB32,,2,GU-628D7E5D470E,58,F
B-07B57673DA44,,1,GU-020800F3CDBA,,
B-07B57673DA44,,2,GU-1D2FAB0FEFC6,,
B-81DD724710CA,C-AA3EFB762B71,1,GU-D315E4843E94,61,M
B-81DD724710CA,C-AA3EFB762B71,2,GU-5AA0FBAD0418,55,F
B-AAF27B7E1317,C-9576DB8747F2,1,GU-498A11B1F3A3,22,F
B-AAF27B7E1317,C-9576DB8747F2,2,GU-EA1442F6C02E,27,M
B-1995E7798FDD,C-821C69A2CD1F,1,GU-7374316B1303,56,F
B-1995E7798FDD,C-821C69A2CD1F,2,GU-0C712C25CE13,49,M
B-1995E7798FDD,C-821C69A2CD1F,3,GU-7CDAC370D17A,14,F
B-DC0734BFD044,,1,GU-2EDD7F46BA52,,
B-DC0734BFD044,,2,GU-8F178FDAD881,,
B-EDBFC00AFFFE,C-3313154A88DA,1,GU-30D713889B27,,
B-EDBFC00AFFFE,C-3313154A88DA,2,GU-DAC7F70960DD,,
B-EDBFC00AFFFE,C-3313154A88DA,3,GU-45E61F24DD14,,
B-EDBFC00AFFFE,C-3313154A88DA,4,GU-D23C534C314D,,
B-68F0ADCE9958,C-DF58E8A3A69D,1,GU-3A9BA8EECCA8,54,M
B-68F0ADCE9958,C-DF58E8A3A69D,2,GU-F742910F3A5E,53,F
B-68F0ADCE9958,C-DF58E8A3A69D,3,GU-63583F9CE72B,62,F
B-68F0ADCE9958,C-DF58E8A3A69D,4,GU-1D526B51C512,12,F
B-68F0ADCE9958,C-DF58E8A3A69D,5,GU-C54C57EFDBD0,,
B-F249F22E935C,,1,GU-3EEF9D2F9FB5,,
B-F249F22E935C,,2,GU-B0D36A5F1008,,
B-C2820E4FC3F5,C-2736E756DF25,1,GU-1EAFAD713304,34,M
B-C2820E4FC3F5,C-2736E756DF25,2,GU-B39CAE456EB1,31,F
B-C2820E4FC3F5,C-2736E756DF25,3,GU-BD48C66FB9A9,1,M
B-F82BD5A81FB8,C-A181E5EC6DFE,1,GU-E3B13FFBD5C4,,
B-F82BD5A81FB8,C-A181E5EC6DFE,2,GU-81EDF5495518,,
B-F82BD5A81FB8,C-A181E5EC6DFE,3,GU-38833EFD4532,,
B-F82BD5A81FB8,C-A181E5EC6DFE,4,GU-0E7A1197AFAC,,
B-4EF66ABDD619,,1,GU-376A72C33368,,
B-4EF66ABDD619,,2,GU-EE3CEC063C63,,
B-DD7D462906C3,C-46BB5607203F,1,GU-4D0DA03C4E37,,
B-DD7D462906C3,C-46BB5607203F,2,GU-AD9F7D8584FF,,
B-DD7D462906C3,C-46BB5607203F,3,GU-4E912268768E,,
B-DD7D462906C3,C-46BB5607203F,4,GU-A9F80BFFA145,,
B-DD7D462906C3,C-46BB5607203F,5,GU-7659ADF57816,,
B-EFB2375EED42,,1,GU-913F5A383477,,
B-EFB2375EED42,,2,GU-70A271084304,,
B-EFB2375EED42,,3,GU-C05B61641FB3,,
B-EFB2375EED42,,4,GU-ADFB72BADAF5,,
B-EFB2375EED42,,5,GU-AD8A9820FF6B,,
B-132CC7A151D2,,1,GU-75D869FAC663,,
B-132CC7A151D2,,2,GU-3CB0F040AA4B,,
B-132CC7A151D2,,3,GU-A3F0C373E2D9,,
B-132CC7A151D2,,4,GU-17DDFC60623D,,
B-132CC7A151D2,,5,GU-E36B8E1DB7DA,,
B-132CC7A151D2,,6,GU-BB7B7E4DF439,,
B-8D41988AAB30,C-3417BFAB333A,1,GU-A3D0D9DC60D6,48,F
B-8D41988AAB30,C-3417BFAB333A,2,GU-BF04B38E0A88,59,M
B-8D41988AAB30,C-3417BFAB333A,3,GU-46C271AAAE93,11,M
B-B5844C4D85E8,C-7E778BEDEE56,1,GU-4934B1E52265,53,M
B-B5844C4D85E8,C-7E778BEDEE56,2,GU-088F32D51B90,48,F
B-B5844C4D85E8,C-7E778BEDEE56,3,GU-4CE16D9F2371,9,M
B-FD98DF12E994,C-92D9BBED005C,1,GU-D60D869F9F89,,
B-FD98DF12E994,C-92D9BBED005C,2,GU-6052042C640E,,
B-E4E0FE32CCA6,,1,GU-E0F6DE7EE6CF,40,F
B-E4E0FE32CCA6,,2,GU-C4D0DA5224C8,52,M
B-E4E0FE32CCA6,,3,GU-84A3EE396566,3,F
B-E4E0FE32CCA6,,4,GU-F3F98EE25034,2,F
B-0D355669E6A5,,1,GU-979FEC651D96,,
B-0D355669E6A5,,2,GU-1F2F6696D3B1,,
B-6BE87D452D12,,1,GU-112732C7D011,,
B-6BE87D452D12,,2,GU-D219B6DBE537,,
B-6BE87D452D12,,3,GU-9072C55F0FAC,,
B-634B0B25BEDB,C-66A7268C6436,1,GU-BBF05257678E,,
B-634B0B25BEDB,C-66A7268C6436,2,GU-24D5D82F70F8,,
B-634B0B25BEDB,C-66A7268C6436,3,GU-7CCE3D497130,,
B-634B0B25BEDB,C-66A7268C6436,4,GU-E8BD5E99C3DC,,
B-634B0B25BEDB,C-66A7268C6436,5,GU-0279CE72226C,,
B-39321B8FE007,C-70CAD53FA460,1,GU-2C505C8BA26D,49,
B-39321B8FE007,C-70CAD53FA460,2,GU-4088A71AE783,49,
B-39321B8FE007,C-70CAD53FA460,3,GU-9084AEB9B303,17,
B-3A469371EF37,C-70CAD53FA460,1,GU-D67A7DB62CD5,,
B-3A469371EF37,C-70CAD53FA460,2,GU-7C6FE5577607,13,
B-7A8CE3D91BC1,C-98C7D3E3F083,1,GU-612AB7C14773,41,F
B-7A8CE3D91BC1,C-98C7D3E3F083,2,GU-0732DAEDE40C,8,F
B-7A8CE3D91BC1,C-98C7D3E3F083,3,GU-4BCDE2CC6537,52,M
B-DB6F9D0EC638,,1,GU-B9E079F57C9F,,
B-DB6F9D0EC638,,2,GU-DE2B990A3B1E,,
B-DB6F9D0EC638,,3,GU-EC36B78724D4,,
B-F744CAE6387F,C-F2DD41A9FF0D,1,GU-67E4AFE8AFA5,,
B-F744CAE6387F,C-F2DD41A9FF0D,2,GU-6FFD51F47B66,,
B-F744CAE6387F,C-F2DD41A9FF0D,3,GU-6E9BF333D44E,,
B-F744CAE6387F,C-F2DD41A9FF0D,4,GU-EBD113334D9F,,
B-F7910A0F89AE,C-4151F8A3D530,1,GU-0A5FB6BBE377,35,M
B-F7910A0F89AE,C-4151F8A3D530,2,GU-7F70FEDDA2EB,34,F
B-F7910A0F89AE,C-4151F8A3D530,3,GU-6BE290DC6FA3,1,F
B-F37A0CD18F97,,1,GU-074B630F8738,,
B-F37A0CD18F97,,2,GU-0D3B65F6D372,,
B-F37A0CD18F97,,3,GU-65783DE54CF4,,
B-10E85E77EBF1,C-6A92FA403870,1,GU-2586D2F538C8,42,M
B-10E85E77EBF1,C-6A92FA403870,2,GU-7ACCE1EA0685,37,F
B-10E85E77EBF1,C-6A92FA403870,3,GU-99D0536C411F,14,M
B-10E85E77EBF1,C-6A92FA403870,4,GU-73A4741BF008,4,M
B-10E85E77EBF1,C-6A92FA403870,5,GU-6FADC0ECEEDC,2,M
B-6FD8231089E7,C-0E3E64B50CFF,1,GU-4A62B57CEF6D,,
B-6FD8231089E7,C-0E3E64B50CFF,2,GU-B07D75B50EA9,,
B-6FD8231089E7,C-0E3E64B50CFF,3,GU-A005AAECCA28,,
B-6FD8231089E7,C-0E3E64B50CFF,4,GU-E31ADDBBDABC,,
B-48BA026333FA,C-649200BA9E94,1,GU-666781511258,40,M
B-48BA026333FA,C-649200BA9E94,2,GU-B42DCAA70510,37,F
B-48BA026333FA,C-649200BA9E94,3,GU-368CA3B0E7E2,10,F
B-48BA026333FA,C-649200BA9E94,4,GU-4E5A64F2D55A,8,M
B-48BA026333FA,C-649200BA9E94,5,GU-E1FF48121BEE,2,F
B-7BF51BD4C08F,,1,GU-7D1009397AFF,51,M
B-7BF51BD4C08F,,2,GU-25FC747C2A52,48,F
B-7BF51BD4C08F,,3,GU-BBACF290C3AD,17,F
B-7BF51BD4C08F,,4,GU-71B06AFCEC9E,16,M
B-8B4AA3FCB95A,C-963FE7D7D100,1,GU-935B57324467,52,M
B-8B4AA3FCB95A,C-963FE7D7D100,2,GU-B9CE8DDBBA5A,50,F
B-8B4AA3FCB95A,C-963FE7D7D100,3,GU-7F0485971DC0,19,F
B-0E158616D7DE,,1,GU-2000CDF5CF92,,
B-0E158616D7DE,,2,GU-7F34D1922AAB,,
B-E519FCB51984,,1,GU-063D6E899885,64,M
B-E519FCB51984,,2,GU-CE26E48496DF,61,F
B-686CF07CD5D6,C-E7DCF74ECCF4,1,GU-812DC00C14E6,54,M
B-686CF07CD5D6,C-E7DCF74ECCF4,2,GU-B75AD429A52F,39,F
B-686CF07CD5D6,C-E7DCF74ECCF4,3,GU-71DCAE3070F8,12,M
B-686CF07CD5D6,C-E7DCF74ECCF4,4,GU-96467FE50546,9,F
B-0EF8BFA1DF5F,C-7B0CBAD881FF,1,GU-6BE52FEDE0E1,48,M
B-0EF8BFA1DF5F,C-7B0CBAD881FF,2,GU-B70C4563F476,43,F
B-0EF8BFA1DF5F,C-7B0CBAD881FF,3,GU-89849383E21D,6,M
B-0EF8BFA1DF5F,C-7B0CBAD881FF,4,GU-F1402D5D1DE3,,
B-A4ABDE4750D4,,1,GU-22B12084E426,,
B-A4ABDE4750D4,,2,GU-80D3141F4720,,
B-6D3EB0D4F299,C-A9E606F22998,1,GU-ECFC8CEB440B,43,F
B-6D3EB0D4F299,C-A9E606F22998,2,GU-A826EABFC619,73,F
B-6D3EB0D4F299,C-A9E606F22998,3,GU-A16D4D66F468,51,F
B-6D3EB0D4F299,C-A9E606F22998,4,GU-BC150B8DC6D6,11,M
B-09A58902A73A,C-CB71E7547FD8,1,GU-283EFFCFE3D2,42,M
B-09A58902A73A,C-CB71E7547FD8,2,GU-E2CAAE0FD52F,39,F
B-09A58902A73A,C-CB71E7547FD8,3,GU-8A392380D035,11,F
B-09A58902A73A,C-CB71E7547FD8,4,GU-B5650B112DA6,8,F
B-3F7868FC302C,C-98A38DBD309B,1,GU-BB625B5F60C6,41,M
B-3F7868FC302C,C-98A38DBD309B,2,GU-E9FB0D7408AF,37,F
B-3F7868FC302C,C-98A38DBD309B,3,GU-59A462296814,21,M
B-3F7868FC302C,C-98A38DBD309B,4,GU-CC1306AD349D,16,M
B-3F7868FC302C,C-98A38DBD309B,5,GU-8CA1C6078491,12,M
B-1F127D7BD6D5,,1,GU-76BCF628B1B9,,
B-1F127D7BD6D5,,2,GU-D3C7D770258D,,
B-1F127D7BD6D5,,3,GU-6B606865DCBD,,
B-1F127D7BD6D5,,4,GU-EADE9163F3EF,,
B-2508818C6AB5,C-90A65F7666EF,1,GU-0C3298FA351D,34,M
B-2508818C6AB5,C-90A65F7666EF,2,GU-297EBA60AA95,59,M
B-2508818C6AB5,C-90A65F7666EF,3,GU-4C4A19C4AFB5,35,F
B-2508818C6AB5,C-90A65F7666EF,4,GU-27562592627D,63,F
B-B21F35BE0035,C-6670166DF5F3,1,GU-ED855310260C,51,M
B-B21F35BE0035,C-6670166DF5F3,2,GU-3918753E8E41,48,F
B-B21F35BE0035,C-6670166DF5F3,3,GU-7C115F6D0AC3,9,F
B-B21F35BE0035,C-6670166DF5F3,4,GU-897A43FE7225,5,F
B-B21F35BE0035,C-6670166DF5F3,5,GU-6D93F4C3D262,88,M
B-E63E6497F2C8,,1,GU-34831104F4C7,,
B-E63E6497F2C8,,2,GU-A7BF70CD2EB4,,
B-E63E6497F2C8,,3,GU-B0531ADCC608,,
B-E63E6497F2C8,,4,GU-A6021FA904C2,,
B-E63E6497F2C8,,5,GU-223EEB45B5CF,,
B-ED925B26A20D,,1,GU-51E29B5AE739,,
B-ED925B26A20D,,2,GU-07FA6F1B1BE3,,
B-ED925B26A20D,,3,GU-71EBD71FBCAD,,
B-ED925B26A20D,,4,GU-0D3ED9D6C4D1,,
B-FB1A7AA5ED92,C-1DC0EEB279F7,1,GU-C9DAAA66A476,44,M
B-FB1A7AA5ED92,C-1DC0EEB279F7,2,GU-8C09561337F3,41,F
B-FB1A7AA5ED92,C-1DC0EEB279F7,3,GU-499DBBB79821,11,F
B-FB1A7AA5ED92,C-1DC0EEB279F7,4,GU-FEFDA67A7292,11,F
B-88CCD1913A8B,C-6FB4A3A7BE35,1,GU-F17592C4E415,51,M
B-88CCD1913A8B,C-6FB4A3A7BE35,2,GU-FCB24449479B,52,F
B-B19B62BE3183,C-6FB4A3A7BE35,1,GU-D7D7E2DF41BE,50,M
B-B19B62BE3183,C-6FB4A3A7BE35,2,GU-9207F5C9A583,50,F
B-93BBDD5332BC,,1,GU-A5666C9D92A4,,
B-93BBDD5332BC,,2,GU-BA260F367586,,
B-93BBDD5332BC,,3,GU-7F4BBC9B4181,,
B-93BBDD5332BC,,4,GU-8B151FF3AA7B,,
B-E2E9A72A7C53,,1,GU-09D5314E2175,39,M
B-E2E9A72A7C53,,2,GU-D453D3CCF67B,33,F
B-E2E9A72A7C53,,3,GU-48C2716ADBE4,8,F
B-E2E9A72A7C53,,4,GU-6F38DEE818CB,10,M
B-CD5A7A72D686,,1,GU-976462F26D84,55,M
B-CD5A7A72D686,,2,GU-E14B01E51CE5,47,F
B-CD5A7A72D686,,3,GU-6FA421CD7FD8,14,F
B-CD5A7A72D686,,4,GU-42E9E8BFFFEE,16,F
B-A984C49D813C,C-7E5604C2AF18,1,GU-C5C21D15121C,39,F
B-A984C49D813C,C-7E5604C2AF18,2,GU-1BAF049C5077,45,M
B-6831EF6548EF,,1,GU-17A1539256C1,,
B-6831EF6548EF,,2,GU-790EC4915322,,
B-CD4A27482E76,C-EE2DC0ABC883,1,GU-86F551FB1B59,43,M
B-CD4A27482E76,C-EE2DC0ABC883,2,GU-884819447B69,38,F
B-CD4A27482E76,C-EE2DC0ABC883,3,GU-2A33C0DD6515,3,F
B-CD4A27482E76,C-EE2DC0ABC883,4,GU-DAF174C622FE,0,F
B-41DF7BA0FD90,C-5B055696D4ED,1,GU-1B5768BD37E7,42,F
B-41DF7BA0FD90,C-5B055696D4ED,2,GU-5D7C67402B71,47,M
B-41DF7BA0FD90,C-5B055696D4ED,3,GU-C9B1C802EE5A,6,M
B-B4516C6BAA22,,1,GU-09C247BABD53,,
B-B4516C6BAA22,,2,GU-BAFE1B6FDB4B,,
B-B1159A8B0290,,1,GU-9D9410F15652,,
B-B1159A8B0290,,2,GU-F3F0DC100CC0,,
B-06B6E51CCA08,,1,GU-1DE4BF4A9BCE,54,M
B-06B6E51CCA08,,2,GU-D91862B68791,57,F
B-06B6E51CCA08,,3,GU-E708350418ED,53,F
B-06B6E51CCA08,,4,GU-44EA57412677,48,F
B-888E1A6392DC,,1,GU-4C3110BD412E,58,M
B-888E1A6392DC,,2,GU-87D9B406B4C8,22,M
B-888E1A6392DC,,3,GU-3D8071541F90,48,F
B-888E1A6392DC,,4,GU-2BE09C13B9ED,14,F
B-7CDC37C850CC,C-F86FF8A294DA,1,GU-D31C83C4CA8C,71,M
B-7CDC37C850CC,C-F86FF8A294DA,2,GU-36F4E6A932B1,67,F
B-7C6F268D9325,C-4863D49C3FE6,1,GU-6A569F34086C,28,F
B-7C6F268D9325,C-4863D49C3FE6,2,GU-DFB15BB40709,29,M
B-7C6F268D9325,C-4863D49C3FE6,3,GU-CE385AC02658,0,F
B-EAEEC981B76C,C-BC8B644F50A6,1,GU-9E884E2A0CBA,59,F
B-EAEEC981B76C,C-BC8B644F50A6,2,GU-CAAD9039A3E8,34,F
B-EAEEC981B76C,C-BC8B644F50A6,3,GU-DC7299DA4AA2,32,M
B-EAEEC981B76C,C-BC8B644F50A6,4,GU-E4439D4F7A37,60,M
B-D52016E7CF29,C-7E5604C2AF18,1,GU-3C4407A47A20,37,F
B-D52016E7CF29,C-7E5604C2AF18,2,GU-58C9C6503E27,40,M
B-D52016E7CF29,C-7E5604C2AF18,3,GU-8374F4AB9FC2,1,M
B-72633723E03D,,1,GU-BD591FB2A7A9,54,M
B-72633723E03D,,2,GU-BFDC414A4013,60,F
B-ECAFD50C619F,,1,GU-77CB62CD5705,43,M
B-ECAFD50C619F,,2,GU-BCC4EA3A62D0,43,F
B-ECAFD50C619F,,3,GU-C4AC068EA16D,10,M
B-ECAFD50C619F,,4,GU-EA7C623E4EEF,,
B-55AD9D89B406,C-0C203C3211BC,1,GU-94867E082B5C,46,M
B-55AD9D89B406,C-0C203C3211BC,2,GU-DE968DE11BA3,36,F
B-7D180179917D,,1,GU-1DA42D0B15C9,51,M
B-7D180179917D,,2,GU-2B99F831CA4B,26,F
B-7D180179917D,,3,GU-AB5E5548F5D9,21,M
B-39E187980A75,,1,GU-6B4484EEEB22,23,M
B-39E187980A75,,2,GU-92CB35BB5C32,41,F
B-39E187980A75,,3,GU-2818A9B61227,12,F
B-A7446CB1B192,C-0C203C3211BC,1,GU-F5760878BEAE,34,M
B-A7446CB1B192,C-0C203C3211BC,2,GU-5B12CCFC600B,36,F
B-A7446CB1B192,C-0C203C3211BC,3,GU-8BD1D2ADFFD2,0,M
B-18357267502E,,1,GU-C672C9660499,,
B-18357267502E,,2,GU-8901FD1DF155,,
B-18357267502E,,3,GU-CBC2632EC2E1,,
B-18357267502E,,4,GU-E24A2FFBD93E,,
B-18357267502E,,5,GU-43F56251D405,,
B-4A02908BF7BF,,1,GU-CB3367250ECC,,
B-4A02908BF7BF,,2,GU-09B548E0F829,,
B-4A02908BF7BF,,3,GU-07981E4F9EC0,,
B-4A02908BF7BF,,4,GU-C042B03195DF,,
B-4A02908BF7BF,,5,GU-CAA9C8C4219F,,
B-DDC656D83EBF,C-396E976CCF62,1,GU-EAB519D7554B,,
B-DDC656D83EBF,C-396E976CCF62,2,GU-7CA9EC96E041,,
B-DDC656D83EBF,C-396E976CCF62,3,GU-07B7C8AB3EDD,,
B-DDC656D83EBF,C-396E976CCF62,4,GU-89F4FA3BB807,,
B-C8889AE4675A,C-1DC0EEB279F7,1,GU-8684F655DDF6,53,M
B-C8889AE4675A,C-1DC0EEB279F7,2,GU-EEB87FEB69A5,48,F
B-A9885F94593C,C-50503A7D3C36,1,GU-CFA98167D9C0,41,F
B-A9885F94593C,C-50503A7D3C36,2,GU-DE352D82A953,9,M
B-A9885F94593C,C-50503A7D3C36,3,GU-5FDA38C5803B,44,M
B-A6350E647752,C-36CBC9B57D5B,1,GU-1616FED3F281,60,M
B-A6350E647752,C-36CBC9B57D5B,2,GU-98B49DE20DBF,52,F
B-A6350E647752,C-36CBC9B57D5B,3,GU-CF2C947F67F2,15,F
B-DAB959D80DED,C-0E4FA6A8C6E2,1,GU-1F07E55435B9,37,
B-DAB959D80DED,C-0E4FA6A8C6E2,2,GU-0A1602960251,,
B-DAB959D80DED,C-0E4FA6A8C6E2,3,GU-13F78E9748B9,,
B-CA76AD780B7E,C-8A8EF3AE1863,1,GU-9027B3F2136D,,
B-CA76AD780B7E,C-8A8EF3AE1863,2,GU-48884BCA9506,,
B-430153BE3FA4,,1,GU-45F894D8254F,,
B-430153BE3FA4,,2,GU-DF127127A531,,
B-430153BE3FA4,,3,GU-7214E4702EBC,,
B-430153BE3FA4,,4,GU-E755078ADB93,,
B-21861AC7BB9C,,1,GU-7B5C76F9C5AC,,
B-21861AC7BB9C,,2,GU-353192127E15,,
B-21861AC7BB9C,,3,GU-84D0B90F6749,,
B-21861AC7BB9C,,4,GU-34C7B6B31B5C,,
B-2F42C05A2701,C-0C203C3211BC,1,GU-4D6EC131A9E3,63,M
B-2F42C05A2701,C-0C203C3211BC,2,GU-E9C5236C5B12,58,F
B-66B3A326F238,,1,GU-6CEB0EA6AA6B,,
B-66B3A326F238,,2,GU-3E742E3B688F,,
B-40A69D049606,,1,GU-8ECA23E8A4DA,32,M
B-40A69D049606,,2,GU-BF9EE997135C,30,F
B-40A69D049606,,3,GU-EE9366E92DBA,1,F
B-C0BB704FAE0A,,1,GU-529F4FFF136A,62,M
B-C0BB704FAE0A,,2,GU-6157F6574B1C,4,F
B-2AEBEA110586,,1,GU-3604B6ED88F7,,
B-2AEBEA110586,,2,GU-92285E635779,,
B-2AEBEA110586,,3,GU-B2B7DA3DE26C,,
B-2AEBEA110586,,4,GU-CB8E603ED6FD,,
B-2DDAB8F35090,,1,GU-D1F8939C7D12,,
B-2DDAB8F35090,,2,GU-83EAC6B1AC0E,,
B-5D1C5D15CD46,,1,GU-61F9F8B0C941,,
B-5D1C5D15CD46,,2,GU-C82D0BD04F76,,
B-78176C2D21C0,C-9AADB97FC6EC,1,GU-AAB51F60FACA,44,M
B-78176C2D21C0,C-9AADB97FC6EC,2,GU-9DC5C6B4B564,39,F
B-78176C2D21C0,C-9AADB97FC6EC,3,GU-B9F0E172F03E,13,F
B-78176C2D21C0,C-9AADB97FC6EC,4,GU-B7ABEBFC54E8,10,M
B-CB0C10D961D4,C-7E5604C2AF18,1,GU-C4D486FAE14E,43,M
B-CB0C10D961D4,C-7E5604C2AF18,2,GU-3401D1ABBB80,39,F
B-CB0C10D961D4,C-7E5604C2AF18,3,GU-3F4367F6ED7E,11,M
B-D3E33D8E6B1F,C-02998321EB22,1,GU-2019192241B1,53,
B-D3E33D8E6B1F,C-02998321EB22,2,GU-3BE3FBFAA717,53,
B-52BF35D623F9,,1,GU-85847243E067,46,M
B-52BF35D623F9,,2,GU-D72D156B4754,43,F
B-52BF35D623F9,,3,GU-FDFB3401DA84,14,F
B-52BF35D623F9,,4,GU-BD85DB2B81AB,7,M
B-2910D6BC05A3,,1,GU-B8C983D506EB,53,M
B-2910D6BC05A3,,2,GU-1F3D1B91AC61,53,F
B-F2085C38E010,,1,GU-A675706488A9,,
B-F2085C38E010,,2,GU-9F1631B7A361,,
B-48D84F4A9E7F,,1,GU-FAE1FEF978DD,64,F
B-48D84F4A9E7F,,2,GU-D2C3A24C2BBE,68,M
B-242F3850C999,C-4D6A1ECDE89E,1,GU-120E245C2ED9,,
B-242F3850C999,C-4D6A1ECDE89E,2,GU-956BEBCFFCB1,,
B-242F3850C999,C-4D6A1ECDE89E,3,GU-71C9D060A8E0,,
B-F07FC8D97C82,,1,GU-1F45A323F62F,,
B-F07FC8D97C82,,2,GU-72D0B4CA29D0,,
B-F07FC8D97C82,,3,GU-4697F86BED3C,,
B-63FD0DDDE31F,,1,GU-F0A7FCA3B56F,,
B-63FD0DDDE31F,,2,GU-5E6D0FBBAB28,,
B-63FD0DDDE31F,,3,GU-3CFF1503E822,,
B-63FD0DDDE31F,,4,GU-FB42C6E72725,,
B-63FD0DDDE31F,,5,GU-9C70B9948720,,
B-F898127BB89F,,1,GU-AEA5514F4D2F,,
B-F898127BB89F,,2,GU-FE0E6D7F480B,,
B-F898127BB89F,,3,GU-9CE1C8CC8146,,
B-F898127BB89F,,4,GU-507910479F7C,,
B-F898127BB89F,,5,GU-E93056E657E1,,
B-9C572E11D381,C-39010FE1ED61,1,GU-7B8E2F151E51,,
B-9C572E11D381,C-39010FE1ED61,2,GU-E159E0D65A25,,
B-9C572E11D381,C-39010FE1ED61,3,GU-F29558F0B276,,
B-9C572E11D381,C-39010FE1ED61,4,GU-119EDFBEE0E0,,
B-655EE7C23BDB,,1,GU-1790E6F66F6F,,
B-655EE7C23BDB,,2,GU-D626C374ABF3,,
B-7A4E69084FD9,,1,GU-AC79DCE2B1BC,,
B-7A4E69084FD9,,2,GU-F18911D3944A,,
B-764F52B9FECE,C-785AC7FD4ABB,1,GU-B9E90F486943,50,M
B-764F52B9FECE,C-785AC7FD4ABB,2,GU-E6BD6EEB32B8,43,F
B-764F52B9FECE,C-785AC7FD4ABB,3,GU-1AC98636DAE7,5,M
B-A825CC407FB9,,1,GU-94629E01B934,34,M
B-A825CC407FB9,,2,GU-160EE706F5E9,31,F
B-A825CC407FB9,,3,GU-52594E9D4D23,10,M
B-C3AC2D160DE7,,1,GU-009820179D05,,
B-C3AC2D160DE7,,2,GU-416FA720CD96,,
B-91A9F6085D5F,C-227CC6144712,1,GU-C9E9A03D4648,50,M
B-91A9F6085D5F,C-227CC6144712,2,GU-90B428A36EB5,49,F
B-91A9F6085D5F,C-227CC6144712,3,GU-2C856262DC95,11,F
B-EA29438EE84E,C-FC5BF5C8B139,1,GU-5AA53798950C,38,M
B-EA29438EE84E,C-FC5BF5C8B139,2,GU-48A173059F4D,36,F
B-EA29438EE84E,C-FC5BF5C8B139,3,GU-2C592B3EBAD4,3,F
B-EA29438EE84E,C-FC5BF5C8B139,4,GU-41429F473CBF,2,M
B-02CCF0D7BED5,C-B21C3C9FEFD2,1,GU-F6AA5BFBDDFA,39,M
B-02CCF0D7BED5,C-B21C3C9FEFD2,2,GU-67DD60F08D6C,37,F
B-02CCF0D7BED5,C-B21C3C9FEFD2,3,GU-1FBADB520F90,9,F
B-02CCF0D7BED5,C-B21C3C9FEFD2,4,GU-16D805CAA749,5,F
B-EB9D2DF0A6D9,,1,GU-9BD1AED42EF7,4,M
B-EB9D2DF0A6D9,,2,GU-4FDEF6FCAB6E,36,F
B-515C74D684B6,,1,GU-5AF025B897ED,,
B-515C74D684B6,,2,GU-8B629465CC83,,
B-424858B5D3BE,C-39010FE1ED61,1,GU-C8B01DBC6CC6,39,M
B-424858B5D3BE,C-39010FE1ED61,2,GU-6CC705A85C76,39,F
B-424858B5D3BE,C-39010FE1ED61,3,GU-228E4CFC6797,9,F
B-424858B5D3BE,C-39010FE1ED61,4,GU-97D5E138D71B,4,M
B-9EE4D11CAC1C,C-E07EC662DEF9,1,GU-9ACF82194B9C,48,M
B-9EE4D11CAC1C,C-E07EC662DEF9,2,GU-00AB2A61D20F,36,F
B-9EE4D11CAC1C,C-E07EC662DEF9,3,GU-872130AF925C,10,M
B-9EE4D11CAC1C,C-E07EC662DEF9,4,GU-847B2C8799BD,7,F
B-DBF30825FE2F,,1,GU-F0BDB8537E1B,,
B-DBF30825FE2F,,2,GU-868757CED3BE,,
B-DBF30825FE2F,,3,GU-704193F6D09A,,
B-DBF30825FE2F,,4,GU-E4F288B53A0B,,
B-38000998062A,C-05555570DE0F,1,GU-82CD0A366EB9,37,M
B-38000998062A,C-05555570DE0F,2,GU-6B6D8C1F330F,0,F
B-38000998062A,C-05555570DE0F,3,GU-EF79C29AE28D,35,F
B-FAB5101A3A5B,C-04B3B53CF16F,1,GU-A27C771C2D77,29,F
B-FAB5101A3A5B,C-04B3B53CF16F,2,GU-C05E99E38079,31,M
B-320003EE38CC,C-2D6D74E12664,1,GU-7373AE145A5A,45,F
B-320003EE38CC,C-2D6D74E12664,2,GU-F6413B060B0E,47,M
B-320003EE38CC,C-2D6D74E12664,3,GU-52D1AA41FD0D,13,M
B-320003EE38CC,C-2D6D74E12664,4,GU-214D642FCB50,6,M
B-4DC2C380CE24,,1,GU-8C05D6761B05,,
B-4DC2C380CE24,,2,GU-64596043BE9D,,
B-5BE8F589B1AA,C-45C3A08067CA,1,GU-3C0D9A1F4059,39,M
B-5BE8F589B1AA,C-45C3A08067CA,2,GU-5E4C2B11F081,34,F
B-5BE8F589B1AA,C-45C3A08067CA,3,GU-57DDE6813964,10,M
B-5BE8F589B1AA,C-45C3A08067CA,4,GU-D6EF60D9EB72,4,M
B-53A21F5CA266,C-6C602E9C0F9D,1,GU-EA8DEEC156D3,44,F
B-53A21F5CA266,C-6C602E9C0F9D,2,GU-F0C124945F52,4,F
B-53A21F5CA266,C-6C602E9C0F9D,3,GU-C660A997E6FE,,
B-53A21F5CA266,C-6C602E9C0F9D,4,GU-988CE5333E0C,,
B-C3C212A23665,C-8F09706347AA,1,GU-AAEC8096A61C,47,F
B-C3C212A23665,C-8F09706347AA,2,GU-0071D496D860,49,M
B-C3C212A23665,C-8F09706347AA,3,GU-E771753A0A64,11,M
B-C3C212A23665,C-8F09706347AA,4,GU-7E5B15230E6B,13,M
B-9996D6F6C9B9,C-E37C92CD2408,1,GU-4ECECA8257AC,56,M
B-9996D6F6C9B9,C-E37C92CD2408,2,GU-7798D66CEF43,56,F
B-9996D6F6C9B9,C-E37C92CD2408,3,GU-B0C58F33FCF3,16,M
B-12605527828C,,1,GU-A6F94E414687,76,M
B-12605527828C,,2,GU-E29D7DF5E74D,68,F
B-EF2A8EA69F0F,C-3F4E385E9AD8,1,GU-9A57D493420D,53,M
B-EF2A8EA69F0F,C-3F4E385E9AD8,2,GU-8B76EF281D1C,50,F
B-EF2A8EA69F0F,C-3F4E385E9AD8,3,GU-43237C03ABF5,12,F
B-EF2A8EA69F0F,C-3F4E385E9AD8,4,GU-DC62D2732441,6,M
B-5AADFFAB3D6E,,1,GU-02F309875DD4,,
B-5AADFFAB3D6E,,2,GU-AA3CC38DA399,,
B-674F47AC1B59,,1,GU-5C83294360E6,59,M
B-674F47AC1B59,,2,GU-0804BC81C88C,57,F
B-B50D05590012,,1,GU-D89A3D35CD75,,
B-B50D05590012,,2,GU-7B63B01B8746,,
B-A30C52435242,C-598A87BE5BF2,1,GU-8B185A71AB7F,36,F
B-A30C52435242,C-598A87BE5BF2,2,GU-E9F0FB10C18F,38,M
B-A30C52435242,C-598A87BE5BF2,3,GU-FE9F1D91D2FB,13,M
B-A30C52435242,C-598A87BE5BF2,4,GU-AC14C9B23DC5,3,M
B-6D5C1D894E46,,1,GU-0711E62954E5,,
B-6D5C1D894E46,,2,GU-0FE5180E394C,,
B-C14DB6F178F5,C-0E4FA6A8C6E2,1,GU-BCA8BEBDA71E,,
B-C14DB6F178F5,C-0E4FA6A8C6E2,2,GU-9A2AAEB9ED90,,
B-C14DB6F178F5,C-0E4FA6A8C6E2,3,GU-96DE39EA81A8,,
B-C14DB6F178F5,C-0E4FA6A8C6E2,4,GU-081CC5FC3C3E,,
B-99FBFDFF94D6,C-4F133F61E8F9,1,GU-412018CF2115,53,
B-99FBFDFF94D6,C-4F133F61E8F9,2,GU-1F23FB756D77,62,
B-2F2AE50188F0,,1,GU-F54C69C02CC3,57,M
B-2F2AE50188F0,,2,GU-FE8DC210BA38,52,F
B-53AB30AD2212,,1,GU-0CB5FAEC7AFE,44,M
B-53AB30AD2212,,2,GU-232C1F914AE2,40,F
B-53AB30AD2212,,3,GU-8517F956E8D3,2,F
B-1EE1F95C1E44,,1,GU-B52B8746FDEC,,
B-1EE1F95C1E44,,2,GU-5C21D0370311,,
B-1EE1F95C1E44,,3,GU-1BFE17E522C5,,
B-1EE1F95C1E44,,4,GU-AD4067FE341D,,
B-E02B2173EBDD,,1,GU-0D0C0E9A1378,56,M
B-E02B2173EBDD,,2,GU-B788A9F3B960,52,F
B-338D081B9C05,C-9AADB97FC6EC,1,GU-17609E9D934D,,
B-338D081B9C05,C-9AADB97FC6EC,2,GU-EA77E5AD3362,,
B-338D081B9C05,C-9AADB97FC6EC,3,GU-B15B0B76A1C6,,
B-338D081B9C05,C-9AADB97FC6EC,4,GU-D202AED2F1B1,,
B-3541DA60C61C,C-188C2C45D27B,1,GU-620F2380B1FE,69,M
B-3541DA60C61C,C-188C2C45D27B,2,GU-B847762ACC36,65,F
B-9A8DCE8334CE,,1,GU-7AE3DE040CD4,,
B-9A8DCE8334CE,,2,GU-576D3A389210,,
B-82400B1D7C57,C-0C203C3211BC,1,GU-8144DC453999,58,M
B-82400B1D7C57,C-0C203C3211BC,2,GU-BE4806DF2342,55,F
B-8BCD6C329ED1,C-DE44A15AE0FA,1,GU-5BCD0936FE76,,
B-8BCD6C329ED1,C-DE44A15AE0FA,2,GU-1894AB0C3FD1,,
B-8BCD6C329ED1,C-DE44A15AE0FA,3,GU-5C3166D81329,,
B-8BCD6C329ED1,C-DE44A15AE0FA,4,GU-9C89DAF1F198,,
B-77F504BF2760,C-0C203C3211BC,1,GU-08FC614B16BC,72,M
B-77F504BF2760,C-0C203C3211BC,2,GU-B862B08713A7,69,F
B-54632357140F,C-C8DDFF419A98,1,GU-2B78A838C56B,69,M
B-54632357140F,C-C8DDFF419A98,2,GU-9FB6D264FAB6,50,F
B-F353B9812764,,1,GU-7EE5AEF19947,56,M
B-F353B9812764,,2,GU-1F20740487BC,55,F
B-A90FDB960D3A,,1,GU-D9BC5AE4C55F,,
B-A90FDB960D3A,,2,GU-CE98FA8146FC,,
B-A90FDB960D3A,,3,GU-E1D9FB488871,,
B-08DCC94A006D,C-0E5E8BE0471A,1,GU-09371E194ABD,,
B-08DCC94A006D,C-0E5E8BE0471A,2,GU-8FD8D8B96610,,
B-08DCC94A006D,C-0E5E8BE0471A,3,GU-26FFCC756E3E,,
B-6EA4B3F19432,C-63EE225D95C7,1,GU-8BDE2F549989,52,M
B-6EA4B3F19432,C-63EE225D95C7,2,GU-C258CF391584,50,F
B-FA270175763C,,1,GU-45ED02BE5729,,
B-FA270175763C,,2,GU-F1AE57DD22B1,,
B-FA270175763C,,3,GU-DDB22DC2164C,,
B-FA270175763C,,4,GU-B98734D854D7,,
B-E425D63154A7,C-334274CB0965,1,GU-7AC505F391C2,39,M
B-E425D63154A7,C-334274CB0965,2,GU-917C35600D36,36,F
B-E425D63154A7,C-334274CB0965,3,GU-211F5EA9A581,2,M
B-E425D63154A7,C-334274CB0965,4,GU-A676D4FB7478,5,M
B-F81835968ABD,C-7E5604C2AF18,1,GU-FACEBE880644,43,M
B-F81835968ABD,C-7E5604C2AF18,2,GU-87BDEDF8CC8E,37,F
B-F81835968ABD,C-7E5604C2AF18,3,GU-CACB3857CD65,7,M
B-F81835968ABD,C-7E5604C2AF18,4,GU-91B29400EA77,5,M
B-BDC40893A014,C-EF4202C8EAA8,1,GU-8393E56DB368,,
B-BDC40893A014,C-EF4202C8EAA8,2,GU-B94AAB009674,,
B-BDC40893A014,C-EF4202C8EAA8,3,GU-5802D4E7E6C5,,
B-BDC40893A014,C-EF4202C8EAA8,4,GU-C677005F10F8,,
B-F78B0C478C91,,1,GU-3383E9FAB6BA,64,M
B-51E19675C126,C-DE44A15AE0FA,1,GU-72789AD1B5B7,42,F
B-51E19675C126,C-DE44A15AE0FA,2,GU-806A4D9BDF11,45,M
B-51E19675C126,C-DE44A15AE0FA,3,GU-4084969FF39E,10,M
B-51E19675C126,C-DE44A15AE0FA,4,GU-3129AC692C01,8,F
B-498AA2034AC4,C-873A59CF8536,1,GU-28DFC79E44E4,,
B-498AA2034AC4,C-873A59CF8536,2,GU-5A2C32E59364,,
B-498AA2034AC4,C-873A59CF8536,3,GU-6ABD38932700,,
B-E2D78061FF5B,C-0C203C3211BC,1,GU-F62F2E068470,,
B-E2D78061FF5B,C-0C203C3211BC,2,GU-4FC3D6422642,,
B-E2D78061FF5B,C-0C203C3211BC,3,GU-346E29C79FA0,,
B-E2D78061FF5B,C-0C203C3211BC,4,GU-0F2A45281C35,,
B-F0D3DCE177A4,,1,GU-66DBEF927A63,74,M
B-F0D3DCE177A4,,2,GU-8C2DED415448,67,F
B-5F22434E0750,,1,GU-F02F8D66B07E,,
B-5F22434E0750,,2,GU-04C3F1648367,,
B-5F22434E0750,,3,GU-60B4CC270583,,
B-5F22434E0750,,4,GU-0A58F8DAF189,,
B-543FFF2EC61E,C-03BF0085B034,1,GU-3A271BADCB3F,32,F
B-543FFF2EC61E,C-03BF0085B034,2,GU-3DA5926792BD,3,F
B-543FFF2EC61E,C-03BF0085B034,3,GU-6FFB49E2F120,9,F
B-81D0BEFED80B,,1,GU-62B01B95B334,,
B-81D0BEFED80B,,2,GU-03C588DBC154,,
B-81D0BEFED80B,,3,GU-9149CA40FD05,,
B-81D0BEFED80B,,4,GU-C05111759A1F,,
B-68F1E88CD294,,1,GU-B4F2BD695B83,,
B-68F1E88CD294,,2,GU-3DA1E801D572,,
B-EB6D94D0D08B,C-87F35D440D94,1,GU-66581D090718,31,F
B-EB6D94D0D08B,C-87F35D440D94,2,GU-8A0FCBEE8738,0,M
B-EB6D94D0D08B,C-87F35D440D94,3,GU-0009A034CB31,47,M
B-503C86EB9D39,,1,GU-BB5FF539B287,71,M
B-503C86EB9D39,,2,GU-759F8AED0D2E,67,F
B-EC7B045C3A0B,,1,GU-7E19C4D0073A,,
B-EC7B045C3A0B,,2,GU-B7D8B18487C4,,
B-E42CB7A3835F,C-EAEF3C8A72CA,1,GU-B3EBF847F09A,47,
B-E42CB7A3835F,C-EAEF3C8A72CA,2,GU-06B55128BDFB,49,
B-E42CB7A3835F,C-EAEF3C8A72CA,3,GU-AA15DC3E183E,15,
B-E42CB7A3835F,C-EAEF3C8A72CA,4,GU-2C14ABC1463C,10,
B-72766F4F2B05,C-9C71B0BD26E9,1,GU-6141E9AAB2D1,49,M
B-72766F4F2B05,C-9C71B0BD26E9,2,GU-4A207EFDA07A,48,F
B-72766F4F2B05,C-9C71B0BD26E9,3,GU-EDB435315001,13,F
B-72766F4F2B05,C-9C71B0BD26E9,4,GU-EC8B581FEEE9,7,F
B-E273FAAF129C,,1,GU-7B89A653280B,,
B-E273FAAF129C,,2,GU-6BE876AC4233,,
B-EC8E502BFC43,C-012E59C6DA31,1,GU-BFE82194ABFB,42,M
B-EC8E502BFC43,C-012E59C6DA31,2,GU-2EBCE077F458,10,F
B-EC8E502BFC43,C-012E59C6DA31,3,GU-18A9C673048B,9,F
B-EC8E502BFC43,C-012E59C6DA31,4,GU-9904B037864D,43,F
B-44928A0D3002,,1,GU-10F9088AFD2F,,
B-44928A0D3002,,2,GU-5739172D3F73,,
B-525C954A328F,C-45507F4CFBB2,1,GU-C10F3A6148BD,59,M
B-525C954A328F,C-45507F4CFBB2,2,GU-3268B42ED456,60,F
B-354A2A52AF18,C-0C203C3211BC,1,GU-F9A8781609C7,44,M
B-354A2A52AF18,C-0C203C3211BC,2,GU-C7D30DC46581,67,F
B-354A2A52AF18,C-0C203C3211BC,3,GU-7CBCAB7E0B04,38,F
B-354A2A52AF18,C-0C203C3211BC,4,GU-22EE6B608558,7,F
B-354A2A52AF18,C-0C203C3211BC,5,GU-76643AF4AAE5,5,F
B-561D4867DCCA,C-0C203C3211BC,1,GU-C2A9BC29ED60,,
B-561D4867DCCA,C-0C203C3211BC,2,GU-93B0C657594B,,
B-12406B2B4BBC,C-0C203C3211BC,1,GU-F32CE174BDCE,,
B-12406B2B4BBC,C-0C203C3211BC,2,GU-E657FFF46E4D,,
B-66267CE22881,,1,GU-8C54C87BA0D6,,
B-66267CE22881,,2,GU-066D14A63335,,
B-66267CE22881,,3,GU-0A142028A42E,,
B-66267CE22881,,4,GU-E0097DC64EDD,,
B-AB14A646B4B5,C-BEF860093D9B,1,GU-533276A829D7,53,
B-AB14A646B4B5,C-BEF860093D9B,2,GU-2691F1209992,51,
B-AB14A646B4B5,C-BEF860093D9B,3,GU-CC687C550386,14,
B-AB14A646B4B5,C-BEF860093D9B,4,GU-E81C83C6924A,13,
B-568939CF641E,,1,GU-7ABB16542238,,
B-C874C25F9C31,,1,GU-772A0D6730ED,70,M
B-C874C25F9C31,,2,GU-B985F2C633C2,63,F
B-072CD284461D,,1,GU-2CEACB3096BB,53,M
B-072CD284461D,,2,GU-886DBFF96F6B,12,F
B-072CD284461D,,3,GU-23F6E9DD80AB,14,F
B-072CD284461D,,4,GU-720606E29AE4,51,F
B-F035400C5C05,C-0C203C3211BC,1,GU-AE5360D66CE4,74,F
B-F035400C5C05,C-0C203C3211BC,2,GU-58B4E784461A,80,M
B-52765C707E9C,C-559C580D862B,1,GU-36C8C66FA248,45,F
B-52765C707E9C,C-559C580D862B,2,GU-4A2450E824F1,44,M
B-52765C707E9C,C-559C580D862B,3,GU-28F781AF2178,10,M
B-52765C707E9C,C-559C580D862B,4,GU-51154A227B66,7,M
B-58249B396823,C-4A7954CCB072,1,GU-0DE1FD83C08A,47,F
B-58249B396823,C-4A7954CCB072,2,GU-3089B0EAF2A4,46,M
B-58249B396823,C-4A7954CCB072,3,GU-1494D5A54C66,7,M
B-C86C9AD80069,C-FEC7CF0FCA7C,1,GU-911D103618B4,52,M
B-C86C9AD80069,C-FEC7CF0FCA7C,2,GU-D4C22D108F40,49,F
B-C86C9AD80069,C-FEC7CF0FCA7C,3,GU-9CDC4B851EA0,17,F
B-C86C9AD80069,C-FEC7CF0FCA7C,4,GU-4D0A7881F8CD,15,M
B-7089C5DFECAF,C-0E4FA6A8C6E2,1,GU-FFF12F9A9C26,40,M
B-7089C5DFECAF,C-0E4FA6A8C6E2,2,GU-5B816DF72094,50,F
B-7089C5DFECAF,C-0E4FA6A8C6E2,3,GU-DFFC8CA5FE02,73,F
B-7089C5DFECAF,C-0E4FA6A8C6E2,4,GU-4CA2CF2FAE4C,19,F
B-7089C5DFECAF,C-0E4FA6A8C6E2,5,GU-B59B61FA1285,,
B-99D381B298C4,C-0C203C3211BC,1,GU-E361A0D1CA07,37,M
B-99D381B298C4,C-0C203C3211BC,2,GU-1E71FD4DA940,13,F
B-99D381B298C4,C-0C203C3211BC,3,GU-C244A2B9A9E6,10,M
B-99D381B298C4,C-0C203C3211BC,4,GU-779ECD94F2F5,6,F
B-EC88161B7881,C-0C203C3211BC,1,GU-E3E64C96A263,,
B-EC88161B7881,C-0C203C3211BC,2,GU-C7F03A4F1019,,
B-EC88161B7881,C-0C203C3211BC,3,GU-1E2D4C802836,,
B-EC88161B7881,C-0C203C3211BC,4,GU-7F502E37EF8E,,
B-EC88161B7881,C-0C203C3211BC,5,GU-4AA0A05FA966,,
B-EC88161B7881,C-0C203C3211BC,6,GU-4F6C05250540,,
B-8C57EF0ED78C,C-FBB2E41EB35F,1,GU-1C08AE3E1BC3,64,F
B-8C57EF0ED78C,C-FBB2E41EB35F,2,GU-D36E7AA52CDB,64,M
B-F6B3D1CE3450,C-1C970D599BBC,1,GU-0049906A1325,57,F
B-F6B3D1CE3450,C-1C970D599BBC,2,GU-436D5B70B8D1,21,F
B-F6B3D1CE3450,C-1C970D599BBC,3,GU-CF675BFBF506,56,M
B-145C95D89903,C-70AF1EA4A2C4,1,GU-EC30453842E5,44,M
B-145C95D89903,C-70AF1EA4A2C4,2,GU-582DB9A43CE9,39,F
B-145C95D89903,C-70AF1EA4A2C4,3,GU-89A510CC5A33,9,M
B-145C95D89903,C-70AF1EA4A2C4,4,GU-5E1CA69F42D3,5,M
B-51F207150BA5,C-6554BF9DF310,1,GU-C8CCBE7C85FB,42,M
B-51F207150BA5,C-6554BF9DF310,2,GU-32B6A64395BE,40,F
B-51F207150BA5,C-6554BF9DF310,3,GU-6FA825018660,5,M
B-08B6618B8ECE,C-FA0800C2BABA,1,GU-7B6B5D83362D,44,M
B-08B6618B8ECE,C-FA0800C2BABA,2,GU-8D103B2BA504,36,F
B-08B6618B8ECE,C-FA0800C2BABA,3,GU-AE41351A1BA9,12,F
B-08B6618B8ECE,C-FA0800C2BABA,4,GU-E658886344EF,10,F
B-08B6618B8ECE,C-FA0800C2BABA,5,GU-E61A8A7DE6BC,6,M
B-D66233CB19D7,C-608C82DF2E4D,1,GU-80AE5E4174AB,45,M
B-D66233CB19D7,C-608C82DF2E4D,2,GU-9F3AE3F7B424,47,F
B-D66233CB19D7,C-608C82DF2E4D,3,GU-5DACC5A59BAF,13,M
B-D66233CB19D7,C-608C82DF2E4D,4,GU-34505FC5FE2F,10,F
B-FCA0B0D26D91,,1,GU-1DF1635D929A,59,M
B-FCA0B0D26D91,,2,GU-DFAA08F34116,58,F
B-447F76F40921,C-0C203C3211BC,1,GU-290E3D3A819B,60,M
B-447F76F40921,C-0C203C3211BC,2,GU-E3B7F552437A,55,F
B-940F28F9B0FC,C-0C203C3211BC,1,GU-5363231E616F,,
B-940F28F9B0FC,C-0C203C3211BC,2,GU-DE197B1E2190,,
B-0B8113573916,C-0C203C3211BC,1,GU-0C7AA2769040,,
B-0B8113573916,C-0C203C3211BC,2,GU-EB23CFE3F9C3,,
B-561D693A802F,,1,GU-40C528AA4CCC,49,M
B-561D693A802F,,2,GU-029637C94EAF,46,F
B-561D693A802F,,3,GU-363408C26CF9,5,M
B-561D693A802F,,4,GU-1935DBDDD5D3,15,F
B-277DC94CC42A,C-D4AB77323C45,1,GU-BA5201BBBE15,42,M
B-277DC94CC42A,C-D4AB77323C45,2,GU-57CF362320BF,39,F
B-277DC94CC42A,C-D4AB77323C45,3,GU-6DFC74DE6198,5,M
B-9893B46CAE10,C-0C203C3211BC,1,GU-1561DE78465B,45,F
B-9893B46CAE10,C-0C203C3211BC,2,GU-1EBD1F63D03B,11,F
B-9893B46CAE10,C-0C203C3211BC,3,GU-37D2852C4DAC,15,M
B-9893B46CAE10,C-0C203C3211BC,4,GU-18F9F1CEA81F,7,F
B-9893B46CAE10,C-0C203C3211BC,5,GU-51FAC849E2B9,46,M
B-DD9EF13DB38E,C-01EA3A38134B,1,GU-5D262E66F40B,78,M
B-DD9EF13DB38E,C-01EA3A38134B,2,GU-70DC83C4A847,77,F
B-1782A3D303EB,C-0E4FA6A8C6E2,1,GU-FF046A60AC09,65,F
B-1782A3D303EB,C-0E4FA6A8C6E2,2,GU-4CEA1A6066C3,24,M
B-E4C491D10B4E,C-4EEAE82557F5,1,GU-5CCD93A3A8FB,,
B-E4C491D10B4E,C-4EEAE82557F5,2,GU-81FFD688CE9D,,
B-FE7C8541EE1D,,1,GU-EB3EADE248C1,,
B-813740844CE0,,1,GU-00CFDD906699,,
B-A2DE6B56A931,,1,GU-47E0BE3EF6DE,,
B-0FE448F34D7E,,1,GU-E101D121BCF2,,
B-3B98AE15C489,C-0C203C3211BC,1,GU-0C4436E205D6,58,M
B-3B98AE15C489,C-0C203C3211BC,2,GU-534FD3D49DB2,55,F
B-EA7D9E21134C,,1,GU-6CF1F248ED1D,,
B-496D0844E66C,C-55B1C77466FD,1,GU-445D8EAAF07D,39,M
B-496D0844E66C,C-55B1C77466FD,2,GU-40E2C0CB65D3,34,F
B-496D0844E66C,C-55B1C77466FD,3,GU-C0C812C5B9D1,11,M
B-496D0844E66C,C-55B1C77466FD,4,GU-2A2B25AF7870,10,F
B-A1A92405DB38,,1,GU-0D5DEBC5CC1C,71,M
B-A1A92405DB38,,2,GU-7DA8746FB61C,63,F
B-698508C7D5D3,C-9AEEF866F2E2,1,GU-BF1C607E9E64,39,M
B-698508C7D5D3,C-9AEEF866F2E2,2,GU-DB65DC041E3C,38,F
B-698508C7D5D3,C-9AEEF866F2E2,3,GU-AF731E761658,11,F
B-698508C7D5D3,C-9AEEF866F2E2,4,GU-18168B9E4AA1,10,F
B-2714DA4663E7,C-D9833C660630,1,GU-272C4BB622CA,52,M
B-2714DA4663E7,C-D9833C660630,2,GU-BB67942D6797,52,F
B-2714DA4663E7,C-D9833C660630,3,GU-202D289761F4,19,F
B-2714DA4663E7,C-D9833C660630,4,GU-34560646A14C,15,M
B-2714DA4663E7,C-D9833C660630,5,GU-7182C7E947EA,89,M
B-FE411703A878,,1,GU-C0815B6705FE,33,M
B-FE411703A878,,2,GU-A156F38852B4,35,F
B-A8B8DA85C9AF,C-1B284FF8005E,1,GU-1CC8EF56BC2F,,
B-A8B8DA85C9AF,C-1B284FF8005E,2,GU-188AA8B7010B,,
B-A8B8DA85C9AF,C-1B284FF8005E,3,GU-F2981379FA26,,
B-A8B8DA85C9AF,C-1B284FF8005E,4,GU-FA105C03EAC2,,
B-54EFCF031ADD,C-C8CE48387448,1,GU-8645A0097CC7,51,M
B-54EFCF031ADD,C-C8CE48387448,2,GU-E2EE16161186,45,F
B-54EFCF031ADD,C-C8CE48387448,3,GU-82FA683B160F,17,F
B-54EFCF031ADD,C-C8CE48387448,4,GU-57340429BF56,15,M
B-DB16A9251F67,C-B53B187121B9,1,GU-3EB995BC328B,45,F
B-DB16A9251F67,C-B53B187121B9,2,GU-602D704635A0,44,M
B-DB16A9251F67,C-B53B187121B9,3,GU-7BDBAAC1654A,14,F
B-DB16A9251F67,C-B53B187121B9,4,GU-3FB55BE1494C,11,F
B-DB16A9251F67,C-B53B187121B9,5,GU-D51F625614B2,7,M
B-47D49FEE9C31,C-B53B187121B9,1,GU-2D72D1F154E7,44,F
B-47D49FEE9C31,C-B53B187121B9,2,GU-58D7B3493755,48,M
B-47D49FEE9C31,C-B53B187121B9,3,GU-F48D8A4EB1DB,15,M
B-A216133972ED,C-7F5DABEB2E1A,1,GU-2875C6ADE3E1,75,F
B-A216133972ED,C-7F5DABEB2E1A,2,GU-5474725DAE2C,25,F
B-A216133972ED,C-7F5DABEB2E1A,3,GU-05446970045C,24,M
B-A216133972ED,C-7F5DABEB2E1A,4,GU-CAD3CE06E6C2,15,M
B-B5197CE83B56,C-ACFB51EB58DC,1,GU-D61E46C192AA,41,M
B-B5197CE83B56,C-ACFB51EB58DC,2,GU-C7EF6B33FD6B,40,F
B-B5197CE83B56,C-ACFB51EB58DC,3,GU-9C77C1F450D5,11,M
B-B5197CE83B56,C-ACFB51EB58DC,4,GU-5E7E1CD9A34C,0,M
B-6E063AD3A87C,C-8E99EF2EC177,1,GU-7741976D37B1,59,M
B-6E063AD3A87C,C-8E99EF2EC177,2,GU-6E7CCFCFDFCF,60,F
B-6E063AD3A87C,C-8E99EF2EC177,3,GU-75F9565633FB,27,F
B-6E063AD3A87C,C-8E99EF2EC177,4,GU-687E2A28A05A,20,F
B-DEFF11CEF324,C-667022194944,1,GU-0435A5B9B5DE,43,M
B-DEFF11CEF324,C-667022194944,2,GU-4DEBDCED3BCE,49,F
B-DEFF11CEF324,C-667022194944,3,GU-68A2793AA406,8,F
B-1A4785E54291,C-8A58F95EE1D9,1,GU-FF08A8A1CCDF,50,M
B-1A4785E54291,C-8A58F95EE1D9,2,GU-074326EC90E8,53,F
B-1A4785E54291,C-8A58F95EE1D9,3,GU-5015EF9E112B,23,F
B-1A4785E54291,C-8A58F95EE1D9,4,GU-47053EB1CED4,23,F
B-1A4785E54291,C-8A58F95EE1D9,5,GU-600AB44F0C57,13,F
B-1308C22B7C7D,C-59D0E903D252,1,GU-DD948152A817,49,M
B-1308C22B7C7D,C-59D0E903D252,2,GU-E2BBFBE126AC,15,M
B-1308C22B7C7D,C-59D0E903D252,3,GU-040444A767E8,48,F
B-1308C22B7C7D,C-59D0E903D252,4,GU-77FAD4C8CA92,21,F
B-1FF6D8E2E714,C-0308194D35EA,1,GU-ECEED2A9392D,67,
B-1FF6D8E2E714,C-0308194D35EA,2,GU-4341E35A892D,72,
B-1FF6D8E2E714,C-0308194D35EA,3,GU-FE8D8E5C3DC5,32,
B-1FF6D8E2E714,C-0308194D35EA,4,GU-C61B1A0CF0CB,32,
B-D83391701AC5,C-AA81BC0CDB28,1,GU-6E635F1F7905,52,M
B-D83391701AC5,C-AA81BC0CDB28,2,GU-AF26DD1C35CF,48,F
B-D83391701AC5,C-AA81BC0CDB28,3,GU-4848B952D0E1,12,M
B-D83391701AC5,C-AA81BC0CDB28,4,GU-0AAFEC622860,14,F
B-DD5785FA13A9,C-B8CA986262DF,1,GU-F5A2E3C7C2F6,47,M
B-DD5785FA13A9,C-B8CA986262DF,2,GU-99A5014100F2,45,F
B-DD5785FA13A9,C-B8CA986262DF,3,GU-30B493C9C2F6,11,M
B-DD5785FA13A9,C-B8CA986262DF,4,GU-A2277BE063C6,2,M
B-E0071AB1D06A,C-2625970944E0,1,GU-2BCAD5168C03,37,M
B-E0071AB1D06A,C-2625970944E0,2,GU-3D47ED5EC756,34,F
B-E0071AB1D06A,C-2625970944E0,3,GU-DA4804A562BA,6,M
B-E0071AB1D06A,C-2625970944E0,4,GU-9CF222F5AC0D,3,M
B-BA785DE0D143,C-6CF19E11A595,1,GU-72DE338CA68D,16,F
B-BA785DE0D143,C-6CF19E11A595,2,GU-F052CABD8FB0,38,F
B-BA785DE0D143,C-6CF19E11A595,3,GU-64ACDD48CEB5,44,M
B-BA785DE0D143,C-6CF19E11A595,4,GU-04CF3EB9D527,10,M
B-BA785DE0D143,C-6CF19E11A595,5,GU-A57EF9D4D727,67,F
B-05F82BE19BFD,,1,GU-7D3418A33A05,,
B-05F82BE19BFD,,2,GU-5CE0768A0E64,,
B-05F82BE19BFD,,3,GU-E354E754B021,,
B-6F2F908A8D50,C-0C41B24733A8,1,GU-A70B7EDFE265,38,M
B-6F2F908A8D50,C-0C41B24733A8,2,GU-F41B3D7722D0,39,F
B-6F2F908A8D50,C-0C41B24733A8,3,GU-BB1685C132D4,4,M
B-6F2F908A8D50,C-0C41B24733A8,4,GU-4FFC04D2CE2B,7,F
B-75D3F4B0855B,C-0C203C3211BC,1,GU-F55B895B93D6,58,M
B-75D3F4B0855B,C-0C203C3211BC,2,GU-E447DBF91E49,22,F
B-75D3F4B0855B,C-0C203C3211BC,3,GU-9ED55C6BB1C8,58,F
B-75D3F4B0855B,C-0C203C3211BC,4,GU-23D583A99B16,,
B-087331478376,,1,GU-C2D023657DCD,37,M
B-087331478376,,2,GU-4FF1BD534D2F,8,M
B-087331478376,,3,GU-B56F96ED981D,36,F
B-0632A472957D,,1,GU-B86C15979443,,
B-0632A472957D,,2,GU-BD44AF682084,,
B-0632A472957D,,3,GU-716CC8163489,,
B-4DB1B6A88E24,C-34A3B74E5CA3,1,GU-EFCE19D7A400,31,F
B-4DB1B6A88E24,C-34A3B74E5CA3,2,GU-AA116FCE7A5E,8,M
B-4DB1B6A88E24,C-34A3B74E5CA3,3,GU-6037C6B2B49A,4,M
B-4DB1B6A88E24,C-34A3B74E5CA3,4,GU-752AA7CB23F0,35,M
B-8C2346E7770B,C-50A2232BA98C,1,GU-AEAE5653624D,59,M
B-8C2346E7770B,C-50A2232BA98C,2,GU-69DE792CFFA9,48,F
B-8C2346E7770B,C-50A2232BA98C,3,GU-1B6B2724AD9E,16,M
B-603DE2821612,,1,GU-AD0E35478593,,
B-603DE2821612,,2,GU-FFE4D1786A37,,
B-603DE2821612,,3,GU-FC7864662488,,
B-8758E420BC0B,C-AA94BD11B3B6,1,GU-7EA3981E410E,51,M
B-8758E420BC0B,C-AA94BD11B3B6,2,GU-634F0F7D81DE,50,F
B-8758E420BC0B,C-AA94BD11B3B6,3,GU-313856886A3E,17,M
B-8758E420BC0B,C-AA94BD11B3B6,4,GU-7F0B4D8B9044,14,F
B-233CC1771F38,C-BCAB6B5AE50C,1,GU-A5DBC1FB4010,47,M
B-233CC1771F38,C-BCAB6B5AE50C,2,GU-F9686FD424FC,45,F
B-233CC1771F38,C-BCAB6B5AE50C,3,GU-CBD2C5FA41D6,19,F
B-22055164B5C5,C-6F3D5E52E538,1,GU-34646EF07113,54,M
B-22055164B5C5,C-6F3D5E52E538,2,GU-E71428F06E9C,52,F
B-22055164B5C5,C-6F3D5E52E538,3,GU-D684E7918969,18,M
B-538C65CAEA61,C-256479EACA8C,1,GU-363B2CC34AE2,50,F
B-538C65CAEA61,C-256479EACA8C,2,GU-9A1C451F416B,8,M
B-66BFACE05830,C-221647AA9428,1,GU-8ABB7A60CDD8,49,M
B-66BFACE05830,C-221647AA9428,2,GU-3776452C5A75,43,F
B-66BFACE05830,C-221647AA9428,3,GU-081FD50E6CD3,8,M
B-66BFACE05830,C-221647AA9428,4,GU-354047CFA0AE,6,M
B-DBDE2E7E77FF,C-72DBC09A190D,1,GU-03B0C313D237,42,M
B-DBDE2E7E77FF,C-72DBC09A190D,2,GU-9DE498526984,6,M
B-DBDE2E7E77FF,C-72DBC09A190D,3,GU-9841DBC1EB98,3,F
B-DBDE2E7E77FF,C-72DBC09A190D,4,GU-33ABFD650FF6,45,F
B-DBDE2E7E77FF,C-72DBC09A190D,5,GU-08FE21449D08,4,M
B-E0025581A1AC,C-6E014955FF43,1,GU-9FD7C628D346,45,F
B-E0025581A1AC,C-6E014955FF43,2,GU-A71388B18ECC,47,M
B-E0025581A1AC,C-6E014955FF43,3,GU-F4C930B15C4A,14,M
B-DBEFAA7BD7A3,C-8858AEA8E419,1,GU-AA78EDBB45E7,38,M
B-DBEFAA7BD7A3,C-8858AEA8E419,2,GU-2E7623AFFFBB,38,F
B-DBEFAA7BD7A3,C-8858AEA8E419,3,GU-485E4CACC9F4,3,M
B-7AB8616AE201,C-8AA91F3BD8A9,1,GU-C280CDD035C6,45,M
B-7AB8616AE201,C-8AA91F3BD8A9,2,GU-48D5869CC727,43,F
B-7AB8616AE201,C-8AA91F3BD8A9,3,GU-6FD39911DDB7,7,M
B-EFBBB7DCB2B0,C-EA82E61BA273,1,GU-081BFB53F250,23,F
B-EFBBB7DCB2B0,C-EA82E61BA273,2,GU-7C607109485C,36,M
B-2C7DFFBC7DE4,,1,GU-394588541514,41,M
B-2C7DFFBC7DE4,,2,GU-CE68769509EC,16,F
B-2C7DFFBC7DE4,,3,GU-9035EFA6B2AB,41,F
B-ABC488AB14DA,C-A8EAE0B34FD9,1,GU-16AC9FD5A786,54,F
B-ABC488AB14DA,C-A8EAE0B34FD9,2,GU-06170E86D230,57,M
B-ABC488AB14DA,C-A8EAE0B34FD9,3,GU-9A86C9EF6027,14,M
B-ABC488AB14DA,C-A8EAE0B34FD9,4,GU-0F9DA4713807,13,F
B-2E53B062677B,C-4DC23A8BF96B,1,GU-D8A9B1E535D1,50,M
B-2E53B062677B,C-4DC23A8BF96B,2,GU-2E25A590FF6A,47,F
B-2E53B062677B,C-4DC23A8BF96B,3,GU-EBC4218EDE32,14,F
B-3E08992651E5,C-7E568582FB0C,1,GU-13492ADA6E6F,44,F
B-3E08992651E5,C-7E568582FB0C,2,GU-AC27DA98295B,18,F
B-3E08992651E5,C-7E568582FB0C,3,GU-182E2D57A277,12,M
B-3E08992651E5,C-7E568582FB0C,4,GU-2664F42E5BA5,50,F
B-7268D91B4E82,C-7E568582FB0C,1,GU-44F81977D068,,
B-7268D91B4E82,C-7E568582FB0C,2,GU-A750133B348F,,
B-7268D91B4E82,C-7E568582FB0C,3,GU-0BD9AC115F7E,,
B-7268D91B4E82,C-7E568582FB0C,4,GU-FF007CC2D2FA,,
B-846750FA84A7,C-7B0CBAD881FF,1,GU-41240AF6E7CC,48,M
B-846750FA84A7,C-7B0CBAD881FF,2,GU-C6DE9BF180B3,42,F
B-846750FA84A7,C-7B0CBAD881FF,3,GU-4C146A0747E8,6,M
B-846750FA84A7,C-7B0CBAD881FF,4,GU-1181A0E7E393,1,F
B-21F8420D5E09,C-677EA54452A3,1,GU-C819C48190F6,42,F
B-21F8420D5E09,C-677EA54452A3,2,GU-9F2FA40080A5,44,M
B-21F8420D5E09,C-677EA54452A3,3,GU-90E4E858CFC9,7,M
B-21F8420D5E09,C-677EA54452A3,4,GU-C3D151A617FC,1,M
B-092EEDC78BB9,,1,GU-09D951EA90D9,43,F
B-092EEDC78BB9,,2,GU-311C89D3FEA0,6,M
B-C9CF2E1C1632,C-ADA9DBAC1F72,1,GU-E26AEA96ACB7,53,M
B-C9CF2E1C1632,C-ADA9DBAC1F72,2,GU-136B8F3C91E7,48,F
B-C9CF2E1C1632,C-ADA9DBAC1F72,3,GU-95541B8AC127,10,F
B-C9CF2E1C1632,C-ADA9DBAC1F72,4,GU-DCCDE76B4D6B,14,M
B-5C236B4AD9A5,C-EEAB8B912E51,1,GU-10AFD9487425,53,F
B-5C236B4AD9A5,C-EEAB8B912E51,2,GU-AE9A77F72F2D,22,F
B-5C236B4AD9A5,C-EEAB8B912E51,3,GU-69DDB064E91C,14,M
B-5C236B4AD9A5,C-EEAB8B912E51,4,GU-04B3AA329EA6,66,M
B-EBBBF8CEF381,C-F1EA6D54748D,1,GU-B74CF587FD9F,54,F
B-EBBBF8CEF381,C-F1EA6D54748D,2,GU-08B8E1973871,59,M
B-2DAF95077F9B,,1,GU-AD410C6FE2F9,,
B-2DAF95077F9B,,2,GU-90E14EDDDC1C,,
B-305D550DFADF,C-D6C87409B14B,1,GU-E2808A585005,,
B-305D550DFADF,C-D6C87409B14B,2,GU-DD8636DBAA68,,
B-3ACA25EEC455,C-2B46CE4225E6,1,GU-C175956771B4,37,M
B-3ACA25EEC455,C-2B46CE4225E6,2,GU-11F7F13F809D,33,F
B-3ACA25EEC455,C-2B46CE4225E6,3,GU-A3DD2F2CB3D7,1,F
B-3ACA25EEC455,C-2B46CE4225E6,4,GU-C9D947ED0A84,33,F
B-6C21C2DA2E9B,C-A40BED14DDDD,1,GU-CA1B3DF010FB,53,M
B-6C21C2DA2E9B,C-A40BED14DDDD,2,GU-2CDA72F08C96,51,F
B-6C21C2DA2E9B,C-A40BED14DDDD,3,GU-06604E744B0B,19,F
B-6C21C2DA2E9B,C-A40BED14DDDD,4,GU-7A0486D39007,14,F
B-B28601FBD4FE,C-A70D98540CC1,1,GU-20412719D5D8,40,M
B-B28601FBD4FE,C-A70D98540CC1,2,GU-B10F831AFC56,43,F
B-B28601FBD4FE,C-A70D98540CC1,3,GU-2509FAF4C2F9,7,M
B-B28601FBD4FE,C-A70D98540CC1,4,GU-174B1DE6AEE1,3,F
B-3CC3323C8FE8,C-D5EFED4C5464,1,GU-C7BD0C5EFAD1,,
B-3CC3323C8FE8,C-D5EFED4C5464,2,GU-EF5519891D81,,
B-3CC3323C8FE8,C-D5EFED4C5464,3,GU-E67C11AA9292,,
B-3CC3323C8FE8,C-D5EFED4C5464,4,GU-04BE145E8DDC,,
B-3CC3323C8FE8,C-D5EFED4C5464,5,GU-2F8BBDAF111C,,
B-3CC3323C8FE8,C-D5EFED4C5464,6,GU-47ECB6B39A3A,,
B-E24EBBE95F74,C-D5EFED4C5464,1,GU-D6CFE32B2B68,46,M
B-E24EBBE95F74,C-D5EFED4C5464,2,GU-9073299FAA73,45,F
B-E24EBBE95F74,C-D5EFED4C5464,3,GU-6DD0DD9DA849,17,M
B-E24EBBE95F74,C-D5EFED4C5464,4,GU-0383DDD300E9,13,F
B-E24EBBE95F74,C-D5EFED4C5464,5,GU-2B32657D8F0B,11,M
B-E24EBBE95F74,C-D5EFED4C5464,6,GU-69B00F9A9A80,7,M
B-023C5FA148F5,C-E37760F042F1,1,GU-8DBF81F7ACDB,48,M
B-023C5FA148F5,C-E37760F042F1,2,GU-695BEDE1E2FC,42,F
B-023C5FA148F5,C-E37760F042F1,3,GU-887DD02598A0,16,M
B-023C5FA148F5,C-E37760F042F1,4,GU-50FCAE9EFC9A,14,M
B-023C5FA148F5,C-E37760F042F1,5,GU-D2155972024C,9,F
B-A04A2C7D05E7,C-303D32830C37,1,GU-D958DA77D014,71,F
B-A04A2C7D05E7,C-303D32830C37,2,GU-F2B9EDBD0BBE,71,M
B-B0E51E7ED1B0,,1,GU-5F4EAF017EAF,58,M
B-B0E51E7ED1B0,,2,GU-EC6F39E131B8,52,F
B-B0E51E7ED1B0,,3,GU-10A9934025A5,15,M
B-B17B9BDA021C,C-0C203C3211BC,1,GU-0761E64C7106,60,M
B-B17B9BDA021C,C-0C203C3211BC,2,GU-DC02F61E1CE7,60,F
B-A7859679CDD3,C-0C203C3211BC,1,GU-DC63E083628F,27,M
B-A7859679CDD3,C-0C203C3211BC,2,GU-E901304F3797,36,M
B-A7859679CDD3,C-0C203C3211BC,3,GU-2B8DFF0A21DE,38,F
B-A7859679CDD3,C-0C203C3211BC,4,GU-36850F333215,,
B-A7859679CDD3,C-0C203C3211BC,5,GU-28E2B65E75D8,,
B-A7859679CDD3,C-0C203C3211BC,6,GU-D0132CFBDF82,,
B-EB838B327A60,C-4725DD29688E,1,GU-B482DBFA2041,51,M
B-EB838B327A60,C-4725DD29688E,2,GU-D1AB2978D740,39,F
B-EB838B327A60,C-4725DD29688E,3,GU-FAC7554CAA17,11,F
B-EB838B327A60,C-4725DD29688E,4,GU-CEFDB1AD3273,6,F
B-636492F4C22C,C-5735FCEE4B34,1,GU-CC720665B2E7,37,M
B-636492F4C22C,C-5735FCEE4B34,2,GU-3BC99F694288,34,F
B-636492F4C22C,C-5735FCEE4B34,3,GU-9F127F5CB64A,7,F
B-636492F4C22C,C-5735FCEE4B34,4,GU-72E188970155,5,M
B-636492F4C22C,C-5735FCEE4B34,5,GU-02ADA3819203,2,F
B-A09F74D766DF,C-339BD7B8353D,1,GU-BED97C1FB8C5,48,M
B-A09F74D766DF,C-339BD7B8353D,2,GU-A4D6AEBB10C1,48,F
B-A09F74D766DF,C-339BD7B8353D,3,GU-6639FC15EA76,15,M
B-A09F74D766DF,C-339BD7B8353D,4,GU-CA8DB9469187,14,M
B-A09F74D766DF,C-339BD7B8353D,5,GU-928246EB4160,10,M
B-32FB08A5D5B9,C-E10C2E7910B5,1,GU-FDE77862392E,58,M
B-32FB08A5D5B9,C-E10C2E7910B5,2,GU-7FD2BE9D6B58,64,F
B-15F2A2FDC200,C-CF6B30E83985,1,GU-8C8CEB1BE858,46,F
B-15F2A2FDC200,C-CF6B30E83985,2,GU-8F5AEC26A3D1,49,M
B-15F2A2FDC200,C-CF6B30E83985,3,GU-299398897E9F,15,F
B-15F2A2FDC200,C-CF6B30E83985,4,GU-1252F455F9B3,11,F
B-D64A28BD1AAD,C-E10C2E7910B5,1,GU-0B092B044B90,64,
B-D64A28BD1AAD,C-E10C2E7910B5,2,GU-77B845CE49F1,58,
B-7D87675B9D91,C-98A3D30D3CEF,1,GU-C2128C5A1309,43,F
B-7D87675B9D91,C-98A3D30D3CEF,2,GU-85C6781BFC73,47,M
B-7D87675B9D91,C-98A3D30D3CEF,3,GU-DBC4CB71F38D,8,M
B-7D87675B9D91,C-98A3D30D3CEF,4,GU-09A402EAFEDD,11,M
B-0CBF7B08FBFF,C-67E5AA8598D1,1,GU-D6AADBD0B910,49,
B-0CBF7B08FBFF,C-67E5AA8598D1,2,GU-3772693FB267,55,
B-0CBF7B08FBFF,C-67E5AA8598D1,3,GU-9523449E783C,77,
B-0CBF7B08FBFF,C-67E5AA8598D1,4,GU-AEDC9BBCCCAE,75,
B-EA748B399575,C-07A4540E6584,1,GU-D5520DC3DC81,50,M
B-EA748B399575,C-07A4540E6584,2,GU-D6BF32F1AB16,47,F
B-EA748B399575,C-07A4540E6584,3,GU-8E41B6D913E7,14,M
B-EA748B399575,C-07A4540E6584,4,GU-9FA271BAE3C2,11,F
B-687689884F6D,C-E0E4A98947DF,1,GU-C4758E09F588,45,M
B-687689884F6D,C-E0E4A98947DF,2,GU-858BDB74FDCA,10,M
B-687689884F6D,C-E0E4A98947DF,3,GU-9A14E53F0BB8,7,M
B-687689884F6D,C-E0E4A98947DF,4,GU-4110A6CA8E1E,46,F
B-8A6828A8F0F7,,1,GU-42BEC98168AA,,
B-8A6828A8F0F7,,2,GU-69455BC28931,,
B-8A6828A8F0F7,,3,GU-78A9EA31F584,,
B-8A6828A8F0F7,,4,GU-A3DC6A9DA402,,
B-2B6EFD5685F6,C-0E4FA6A8C6E2,1,GU-75B2A79B614E,65,F
B-2B6EFD5685F6,C-0E4FA6A8C6E2,2,GU-E341965F7CF5,70,M
B-B454E4014AA5,C-6ABF4F99B876,1,GU-1790EC73960E,56,F
B-B454E4014AA5,C-6ABF4F99B876,2,GU-0D692BD7F21A,58,M
B-E68DFC93FDA7,C-CB197EA10EF4,1,GU-81AE455A5870,,
B-AC8C2C7B923D,C-677EA54452A3,1,GU-84CB35C2D857,73,F
B-AC8C2C7B923D,C-677EA54452A3,2,GU-715B94BD3F30,33,M
B-D80BE1A2ADD7,C-08D8A5ADAE82,1,GU-4D0FD97B526A,43,M
B-D80BE1A2ADD7,C-08D8A5ADAE82,2,GU-057B628541CE,62,F
B-C9D785B3A8E8,C-7BA95F9327AC,1,GU-0C9C077BA162,49,F
B-C9D785B3A8E8,C-7BA95F9327AC,2,GU-37640A8B2437,12,F
B-C9D785B3A8E8,C-7BA95F9327AC,3,GU-5B4A85F4B34D,11,F
B-47846B8F5E48,,1,GU-7EA9163789C8,,
B-47846B8F5E48,,2,GU-DBCE654B5F78,,
B-B7DC1A061A5D,C-1C55A64B3B40,1,GU-8C42276E2496,46,F
B-B7DC1A061A5D,C-1C55A64B3B40,2,GU-13D4951FE926,12,F
B-B7DC1A061A5D,C-1C55A64B3B40,3,GU-334F9E71E39D,51,M
B-A39B2EBE5E08,C-F9152400ABE8,1,GU-477321BE8F5E,48,M
B-A39B2EBE5E08,C-F9152400ABE8,2,GU-D226FE2B31ED,46,F
B-A39B2EBE5E08,C-F9152400ABE8,3,GU-4DFD1EE70E2E,19,F
B-A39B2EBE5E08,C-F9152400ABE8,4,GU-A49D72CC75BF,16,F
B-A39B2EBE5E08,C-F9152400ABE8,5,GU-3D1A5E0CB1DB,10,F
B-1D2136B9D439,,1,GU-E3C1633565CB,55,M
B-1D2136B9D439,,2,GU-1B7713193694,54,F
B-757EAA81C899,C-60861C0A99F0,1,GU-6BA658E1BB75,44,M
B-757EAA81C899,C-60861C0A99F0,2,GU-15E77A271C35,44,F
B-757EAA81C899,C-60861C0A99F0,3,GU-E0F56FCA7AA3,10,F
B-757EAA81C899,C-60861C0A99F0,4,GU-1D88B7D98534,7,M
B-9FB650F47804,,1,GU-05F8C5C064BE,,
B-9FB650F47804,,2,GU-1FA8C8169627,,
B-9FB650F47804,,3,GU-24511CB84EAA,,
B-C9C10D743076,C-0C203C3211BC,1,GU-2D678B8905A8,24,M
B-C9C10D743076,C-0C203C3211BC,2,GU-861FA66E360F,,
B-BFDE05D2ECAC,C-31B8E2B6ED43,1,GU-B5A59E8FB203,60,M
B-BFDE05D2ECAC,C-31B8E2B6ED43,2,GU-FA7BEF545304,50,F
B-786E2B1D556F,,1,GU-70A7D55585C7,,
B-786E2B1D556F,,2,GU-93F1E7AC0BD8,,
B-9830B32ABEAB,C-0C203C3211BC,1,GU-84B1945FE2EE,,
B-9830B32ABEAB,C-0C203C3211BC,2,GU-547F4541CBD5,,
B-CFBF90D7795A,,1,GU-7E7432BCE623,,
B-CFBF90D7795A,,2,GU-60EB12A48623,,
B-F979061938F3,,1,GU-518C713AA0B2,,
B-F979061938F3,,2,GU-08CB088469D1,,
B-F979061938F3,,3,GU-0A8963DC7CB5,,
B-E6969C4F07F1,C-6C466EB5A4F7,1,GU-5DC4EDAB90DE,36,F
B-E6969C4F07F1,C-6C466EB5A4F7,2,GU-6B44F6B708DF,41,M
B-E6969C4F07F1,C-6C466EB5A4F7,3,GU-8A903B9D3A51,7,M
B-E6969C4F07F1,C-6C466EB5A4F7,4,GU-EBACC9A9BE7E,26,F
B-E6969C4F07F1,C-6C466EB5A4F7,5,GU-4F1F2D0ADEA4,62,F
B-52BEB9822D3A,C-5302A3F8C9AC,1,GU-76D68B127DC9,48,M
B-52BEB9822D3A,C-5302A3F8C9AC,2,GU-045B9F34DAE6,38,F
B-52BEB9822D3A,C-5302A3F8C9AC,3,GU-E6240E0C914B,9,F
B-52BEB9822D3A,C-5302A3F8C9AC,4,GU-16DA278924D0,4,F
B-3975A4BC2319,,1,GU-08C0410A3032,,
B-3975A4BC2319,,2,GU-4C4CFADB479C,,
B-3975A4BC2319,,3,GU-9313E1B13DEF,,
B-4FC4E040EDCE,,1,GU-2636884EA51D,34,M
B-4FC4E040EDCE,,2,GU-EC30675F928D,36,F
B-4FC4E040EDCE,,3,GU-805FF48D3396,4,F
B-2D4AC2B02906,,1,GU-305D1E8C1BE4,46,M
B-2D4AC2B02906,,2,GU-748BDAEEF541,45,F
B-2D4AC2B02906,,3,GU-5CF32820377A,69,F
B-2D4AC2B02906,,4,GU-3D3563E0AD0B,14,F
B-71A710F52D13,,1,GU-D55A99D19C8E,65,F
B-71A710F52D13,,2,GU-F06A1C0EE4EC,58,M
B-71A710F52D13,,3,GU-088FE49FCC27,72,M
B-71A710F52D13,,4,GU-914606B00E6D,62,F
B-71A710F52D13,,5,GU-2CFC19F64CAC,,
B-E16639384E40,,1,GU-19B0F768701D,,
B-E16639384E40,,2,GU-C9333CCFD023,,
B-E16639384E40,,3,GU-5F1FDAF12794,,
B-E16639384E40,,4,GU-C4733DBD363A,,
B-DB5D4A931ACA,,1,GU-A550A35311C8,63,M
B-DB5D4A931ACA,,2,GU-832586B23CA2,,
B-943D19A2503C,,1,GU-E0A570B5B9E1,,
B-943D19A2503C,,2,GU-C8490BD06783,,
B-943D19A2503C,,3,GU-D4B11CD4BF05,,
B-943D19A2503C,,4,GU-BBD039F3ACF7,,
B-2CF247BF6DA4,C-55863E42C503,1,GU-E9A761B39375,62,M
B-2CF247BF6DA4,C-55863E42C503,2,GU-8FA1BEDAAF85,54,F
B-2CF247BF6DA4,C-55863E42C503,3,GU-5B3FE958FD90,18,M
B-BDCF8D639B39,,1,GU-C2143689E3EA,,
B-BDCF8D639B39,,2,GU-B8B21C118CEB,,
B-BDCF8D639B39,,3,GU-182DF7F9FFC8,,
B-BDCF8D639B39,,4,GU-E77A7874A2AC,,
B-E07968187D39,C-9535EC16C54F,1,GU-9DA3A0E592EF,35,F
B-E07968187D39,C-9535EC16C54F,2,GU-2883ADD66383,34,F
B-E07968187D39,C-9535EC16C54F,3,GU-B17C39A9061D,8,M
B-E07968187D39,C-9535EC16C54F,4,GU-E1186A587EF7,11,F
B-E653D12453F4,C-9535EC16C54F,1,GU-B468E2F615A2,41,M
B-E653D12453F4,C-9535EC16C54F,2,GU-A254A04F576C,29,F
B-E653D12453F4,C-9535EC16C54F,3,GU-17DA6B1A4531,10,M
B-E653D12453F4,C-9535EC16C54F,4,GU-C6790E9DD27F,7,M
B-4AD5FF01B368,,1,GU-FD2C375CDE16,,
B-4AD5FF01B368,,2,GU-54708BE38271,,
B-4AD5FF01B368,,3,GU-87448678617F,,
B-073810573F9E,C-8B52EF703C76,1,GU-1E3F71B8317B,,
B-073810573F9E,C-8B52EF703C76,2,GU-07A9926F794D,,
B-6CF0F5FCFF6C,C-82A5DF07D3B5,1,GU-E63A9D812E40,46,F
B-6CF0F5FCFF6C,C-82A5DF07D3B5,2,GU-A404EA34123C,14,F
B-6CF0F5FCFF6C,C-82A5DF07D3B5,3,GU-DA96DF8D7725,62,M
B-79127B7AB04B,C-215233606AB6,1,GU-0D5EB894B22D,57,M
B-79127B7AB04B,C-215233606AB6,2,GU-327300849CF8,56,M
B-F96783023C45,C-3B78EBE490C4,1,GU-7E01450B7A48,22,M
B-F96783023C45,C-3B78EBE490C4,2,GU-79E76F2EF373,21,F
B-5EA0FC89000C,C-A5A3446CF2CA,1,GU-ADC360F70602,49,M
B-5EA0FC89000C,C-A5A3446CF2CA,2,GU-66528B2A5F40,18,M
B-5EA0FC89000C,C-A5A3446CF2CA,3,GU-DD50AEF5305C,47,F
B-5EA0FC89000C,C-A5A3446CF2CA,4,GU-476B24C64467,16,F
B-5EA0FC89000C,C-A5A3446CF2CA,5,GU-2C70C4BA091A,9,M
B-8609349319B4,C-BD6EBB3AFCF7,1,GU-D61720079473,45,M
B-8609349319B4,C-BD6EBB3AFCF7,2,GU-C2830A1FCF6F,46,F
B-8609349319B4,C-BD6EBB3AFCF7,3,GU-C784D25E8A1B,13,F
B-8609349319B4,C-BD6EBB3AFCF7,4,GU-2ED1CED296DE,10,F
B-E2D4AC88E62D,,1,GU-B6F1913A8542,,
B-E2D4AC88E62D,,2,GU-6CD077434EA9,,
B-E2D4AC88E62D,,3,GU-ED4CB88663CE,,
B-E2D4AC88E62D,,4,GU-5846F9CD59E1,,
B-4932E7EDCA47,,1,GU-B85E51D291A9,,
B-4932E7EDCA47,,2,GU-358D4353C5A2,,
B-4932E7EDCA47,,3,GU-1A994C53EE22,,
B-4932E7EDCA47,,4,GU-F97084DD6CEF,,
B-C89FA525A3C3,C-AA300454213E,1,GU-FFB1415D9B17,53,M
B-C89FA525A3C3,C-AA300454213E,2,GU-24F13A702A15,47,F
B-C89FA525A3C3,C-AA300454213E,3,GU-2B4C79CA5434,15,M
B-C89FA525A3C3,C-AA300454213E,4,GU-79377B2BE29A,9,M
B-C56E8811DCBD,,1,GU-0AB02104CFDE,41,M
B-C56E8811DCBD,,2,GU-19648354EB45,42,F
B-C56E8811DCBD,,3,GU-66FEB660448C,6,F
B-C56E8811DCBD,,4,GU-12C75825B6B6,10,F
B-53763B960668,C-3CBD00A73620,1,GU-934A63F5DDC6,,
B-53763B960668,C-3CBD00A73620,2,GU-55FA65D77D13,,
B-53763B960668,C-3CBD00A73620,3,GU-24ECAAE6EC80,,
B-40BF8E8FDD7A,,1,GU-92E7C4C5EF48,61,F
B-40BF8E8FDD7A,,2,GU-676BCDA73363,21,F
B-5CC1A564F160,,1,GU-F37A73D9C9F6,,
B-5CC1A564F160,,2,GU-8CD6F3F07C75,,
B-F10295220329,C-32ED7FDCBFF5,1,GU-999D7E04277B,44,M
B-F10295220329,C-32ED7FDCBFF5,2,GU-C33ABDB0B6AD,42,F
B-F10295220329,C-32ED7FDCBFF5,3,GU-22A9ED368D3B,10,M
B-F10295220329,C-32ED7FDCBFF5,4,GU-D8038450AD5E,1,M
B-68EF94C409C8,C-DF437567D267,1,GU-250A84DE1F53,57,M
B-68EF94C409C8,C-DF437567D267,2,GU-1653EE3A91A2,48,F
B-68EF94C409C8,C-DF437567D267,3,GU-0E3BFC72B980,8,F
B-68EF94C409C8,C-DF437567D267,4,GU-8ABC8C6C3575,6,F
B-68EF94C409C8,C-DF437567D267,5,GU-D3084DC3B35F,75,F
B-AC7884DED1F0,C-B7020325272D,1,GU-2273047DBD59,52,M
B-AC7884DED1F0,C-B7020325272D,2,GU-120F0F46A945,51,F
B-AC7884DED1F0,C-B7020325272D,3,GU-073AFE6AFFFD,22,F
B-AC7884DED1F0,C-B7020325272D,4,GU-AD6865784985,19,M
B-AC7884DED1F0,C-B7020325272D,5,GU-F34BE98DF204,19,M
B-44481AEE4CC1,C-3F9E5FD2C2B9,1,GU-4972EF07B1A4,54,M
B-44481AEE4CC1,C-3F9E5FD2C2B9,2,GU-B7B266EA8E1E,14,M
B-44481AEE4CC1,C-3F9E5FD2C2B9,3,GU-259FEA85FC38,52,F
B-4E0E991D0104,C-CB828144D1B6,1,GU-15252630A55C,41,F
B-4E0E991D0104,C-CB828144D1B6,2,GU-F16663B6D9BD,42,M
B-4E0E991D0104,C-CB828144D1B6,3,GU-850951E040D9,13,F
B-4E0E991D0104,C-CB828144D1B6,4,GU-258AAE0FD90E,9,F
B-9598310A99FC,,1,GU-CAC8A225E2DB,,
B-9598310A99FC,,2,GU-F7956C1AA03C,,
B-9598310A99FC,,3,GU-ABEEEB914C25,,
B-67807CAB69A5,C-1C0C86EB7C47,1,GU-0FFBB565BF2C,43,M
B-67807CAB69A5,C-1C0C86EB7C47,2,GU-4EB001A6252B,40,F
B-67807CAB69A5,C-1C0C86EB7C47,3,GU-DB281DDB213B,4,M
B-67807CAB69A5,C-1C0C86EB7C47,4,GU-778F3A8EEF70,1,F
B-E29DAE5F65B4,C-5C5C347D14B6,1,GU-E676719F1778,38,M
B-E29DAE5F65B4,C-5C5C347D14B6,2,GU-C39E55EA8925,33,F
B-E29DAE5F65B4,C-5C5C347D14B6,3,GU-B3C461286A32,7,F
B-E29DAE5F65B4,C-5C5C347D14B6,4,GU-0AE19C8E5A81,6,M
B-8E91B1B109F6,,1,GU-7396BDD06087,,
B-8E91B1B109F6,,2,GU-7D09328D3BE2,,
B-30557F96E6EA,,1,GU-6A39F8D44F3F,,
B-30557F96E6EA,,2,GU-8C5D4FEA0C37,,
B-97C03B812557,,1,GU-4A3D41B383DD,,
B-97C03B812557,,2,GU-5918DEE27A04,,
B-645FA6852FF7,C-706952A9B75E,1,GU-398C7A38FEBB,,
B-645FA6852FF7,C-706952A9B75E,2,GU-B6EE09C0C8BC,,
B-645FA6852FF7,C-706952A9B75E,3,GU-7035B5BBFC8A,,
B-645FA6852FF7,C-706952A9B75E,4,GU-BE9DAC5D7CDA,,
B-645FA6852FF7,C-706952A9B75E,5,GU-C23830594652,,
B-C1A3D776B0B1,,1,GU-53E4BD5D2349,,
B-C1A3D776B0B1,,2,GU-8D1C8374E904,,
B-0BFC3A627834,,1,GU-8423809020A8,47,M
B-0BFC3A627834,,2,GU-A7C8A0DA6DE0,11,F
B-0BFC3A627834,,3,GU-D081F48FA2CF,7,M
B-0BFC3A627834,,4,GU-5F1721AFFB12,7,M
B-0BFC3A627834,,5,GU-353BCA358690,39,F
B-72644353577E,C-D99ED594D29B,1,GU-23B4141BC74E,43,M
B-72644353577E,C-D99ED594D29B,2,GU-B1EB5AB280A7,43,F
B-72644353577E,C-D99ED594D29B,3,GU-BE56DEA1457D,10,F
B-72644353577E,C-D99ED594D29B,4,GU-37073858573B,5,F
B-83DAECD803A4,,1,GU-0B955A25C629,41,M
B-4AA72C286CDB,,1,GU-C104ACFACA1F,36,F
B-6B160B08E3B5,,1,GU-7EADE29AE4D8,29,F
B-DECACF39EA17,,1,GU-B130C849A74E,32,M
B-42B5240B10D3,,1,GU-2F00D73420B9,40,M
B-CCC5FC3D07C7,C-E3A29F74E1EB,1,GU-5D0BC384E70C,14,F
B-CCC5FC3D07C7,C-E3A29F74E1EB,2,GU-6B784129CA75,8,M
B-CCC5FC3D07C7,C-E3A29F74E1EB,3,GU-3419C04F2A6F,48,F
B-CCC5FC3D07C7,C-E3A29F74E1EB,4,GU-72BC9EE0AC8F,55,M
B-C9AC6C0AF514,C-1D38B167845D,1,GU-E3AC2ACDDB34,27,M
B-C9AC6C0AF514,C-1D38B167845D,2,GU-2B16AA5A9D3A,26,F
B-C9AC6C0AF514,C-1D38B167845D,3,GU-C6E412B453FC,28,F
B-C9AC6C0AF514,C-1D38B167845D,4,GU-49A06FD705EA,28,M
B-08A001F210E4,C-4EADF6E9ABCB,1,GU-35F134CCC110,47,M
B-08A001F210E4,C-4EADF6E9ABCB,2,GU-28BD309D96FB,46,M
B-08A001F210E4,C-4EADF6E9ABCB,3,GU-33948633D4E2,16,M
B-08A001F210E4,C-4EADF6E9ABCB,4,GU-D4A9DBA3F915,8,F
B-72923C4A31A7,C-68DFA0ACFD4F,1,GU-9134F829CE3A,53,M
B-72923C4A31A7,C-68DFA0ACFD4F,2,GU-5CF48543A37B,51,F
B-72923C4A31A7,C-68DFA0ACFD4F,3,GU-48EE5CA5EEB9,18,F
B-72923C4A31A7,C-68DFA0ACFD4F,4,GU-1AF0DDEB8A54,16,M
B-72923C4A31A7,C-68DFA0ACFD4F,5,GU-31C247AEBF0B,77,M
B-72923C4A31A7,C-68DFA0ACFD4F,6,GU-69A425206EA4,76,F
B-5807EA820C4F,C-7E5604C2AF18,1,GU-D71BC35F6F8C,14,F
B-5807EA820C4F,C-7E5604C2AF18,2,GU-0F38F39EB5B6,11,F
B-5807EA820C4F,C-7E5604C2AF18,3,GU-C42A71295370,44,F
B-5807EA820C4F,C-7E5604C2AF18,4,GU-F271124E2A16,47,M
B-717BA6EB71AB,C-7E5604C2AF18,1,GU-76C3892C74DE,46,M
B-717BA6EB71AB,C-7E5604C2AF18,2,GU-95F242D7FAB0,46,F
B-717BA6EB71AB,C-7E5604C2AF18,3,GU-7D05C2B88F85,46,F
B-717BA6EB71AB,C-7E5604C2AF18,4,GU-0960CD7D7091,9,M
B-4B36FFCA703C,,1,GU-900600CD7E99,,
B-4B36FFCA703C,,2,GU-51D0A5A42FFD,,
B-4B36FFCA703C,,3,GU-1EE0AE770DCE,,
B-CBFDB0F1AC7D,C-2CD8424F9163,1,GU-E91F5B3C1624,46,F
B-CBFDB0F1AC7D,C-2CD8424F9163,2,GU-F83D0E36A230,47,M
B-CBFDB0F1AC7D,C-2CD8424F9163,3,GU-5A709BAB2343,14,F
B-BB3484A05453,C-B52E78D14629,1,GU-93FD55144CDE,41,F
B-BB3484A05453,C-B52E78D14629,2,GU-A373FF318311,42,M
B-BB3484A05453,C-B52E78D14629,3,GU-A222FA074181,7,M
B-BB3484A05453,C-B52E78D14629,4,GU-E7CCA3054B1D,2,M
B-5C184EBAA8B4,,1,GU-95D0E7FF3967,,
B-5C184EBAA8B4,,2,GU-2AF66B7266E5,,
B-ED13C9349BC5,C-D42D5F194B18,1,GU-B0C1D9C37781,48,F
B-ED13C9349BC5,C-D42D5F194B18,2,GU-D509A5FE301D,52,M
B-ED13C9349BC5,C-D42D5F194B18,3,GU-C15BCF17EA32,19,M
B-ED13C9349BC5,C-D42D5F194B18,4,GU-E3AB4A15BE08,17,F
B-B67AF71CB43E,,1,GU-3F9C8C9FAE91,,
B-B67AF71CB43E,,2,GU-F3FB5F2553D9,,
B-B67AF71CB43E,,3,GU-045CC99C965D,,
B-868C8898E7A9,C-E1D4F81E1ACD,1,GU-3BCB0B03619D,61,F
B-868C8898E7A9,C-E1D4F81E1ACD,2,GU-41427006DBDC,30,M
B-868C8898E7A9,C-E1D4F81E1ACD,3,GU-20872A8C0044,34,F
B-5D5E606991B2,C-5E20A390AA32,1,GU-06A7289519E1,40,M
B-5D5E606991B2,C-5E20A390AA32,2,GU-BF0D6B771528,36,F
B-5D5E606991B2,C-5E20A390AA32,3,GU-DB569F0F8A84,14,F
B-5D5E606991B2,C-5E20A390AA32,4,GU-36A1887F6BD1,11,F
B-A000EEBEED37,C-5E20A390AA32,1,GU-1FBD4245C9A1,59,F
B-A000EEBEED37,C-5E20A390AA32,2,GU-4E9FC22724D0,61,F
B-6C1C67D56C8A,C-5353F7546DA0,1,GU-CF5E5A5E24C3,,
B-6C1C67D56C8A,C-5353F7546DA0,2,GU-46139698F428,,
B-6C1C67D56C8A,C-5353F7546DA0,3,GU-465FEDB1B600,,
B-E522E6B78777,C-0C203C3211BC,1,GU-99FDCF3969AC,55,M
B-E522E6B78777,C-0C203C3211BC,2,GU-83C06D9B0F6D,56,F
B-E522E6B78777,C-0C203C3211BC,3,GU-67EABE2582AB,16,F
B-E522E6B78777,C-0C203C3211BC,4,GU-0942115745F1,18,F
B-77458A5A3A79,C-0C203C3211BC,1,GU-A0DBFDA04DF9,,
B-77458A5A3A79,C-0C203C3211BC,2,GU-A6FEB8ADEDA4,,
B-77458A5A3A79,C-0C203C3211BC,3,GU-71506F0AF1F4,,
B-77458A5A3A79,C-0C203C3211BC,4,GU-A74309673F06,,
B-621DDAFFFF41,C-0C203C3211BC,1,GU-FE5D01D37EF3,54,M
B-621DDAFFFF41,C-0C203C3211BC,2,GU-EF51DF42237C,6,F
B-621DDAFFFF41,C-0C203C3211BC,3,GU-CDFAA372976B,50,F
B-621DDAFFFF41,C-0C203C3211BC,4,GU-C86A3B559B5D,18,F
B-E9A8CEDBF97B,C-0C203C3211BC,1,GU-A698EF885041,,
B-E9A8CEDBF97B,C-0C203C3211BC,2,GU-6FB29FE9F144,,
B-E9A8CEDBF97B,C-0C203C3211BC,3,GU-540CD1EE4AB4,,
B-E9A8CEDBF97B,C-0C203C3211BC,4,GU-F85D1F876293,,
B-E9A8CEDBF97B,C-0C203C3211BC,5,GU-A281CAA4D4BB,,
B-312121364ABB,C-ED49F975F743,1,GU-DA5EC1DB95A2,51,M
B-312121364ABB,C-ED49F975F743,2,GU-27D344DDEADD,20,M
B-312121364ABB,C-ED49F975F743,3,GU-BE5C969D4A7A,9,M
B-312121364ABB,C-ED49F975F743,4,GU-6DDC2BB52380,23,F
B-312121364ABB,C-ED49F975F743,5,GU-449A8E2A2926,49,F
B-6708289610EC,C-0C203C3211BC,1,GU-A01EF8954C59,41,M
B-6708289610EC,C-0C203C3211BC,2,GU-D78521664123,4,M
B-6708289610EC,C-0C203C3211BC,3,GU-8EA32F60EE6F,,
B-8B4A0FC8AAB8,,1,GU-E7AE514A84F4,,
B-23AADE66A961,C-CEA27240BCDF,1,GU-CD709228EE1B,,
B-23AADE66A961,C-CEA27240BCDF,2,GU-A3CBDCA4EAD2,,
B-23AADE66A961,C-CEA27240BCDF,3,GU-3B61359FFF3E,,
B-23AADE66A961,C-CEA27240BCDF,4,GU-7D3327F1908E,,
B-703F5352F23F,C-5353F7546DA0,1,GU-825D549F9987,,
B-7E94C58E09E1,C-5353F7546DA0,1,GU-CBEEDDFFF835,,
B-7E94C58E09E1,C-5353F7546DA0,2,GU-DC2525F129B1,,
B-9705179E9D0C,C-5353F7546DA0,1,GU-E6CAC9809F54,,
B-9705179E9D0C,C-5353F7546DA0,2,GU-BCA6D57A786D,,
B-9A7AE73407FB,C-5353F7546DA0,1,GU-F5BF5E8E00D8,,
B-9A7AE73407FB,C-5353F7546DA0,2,GU-914469209E28,,
B-9A7AE73407FB,C-5353F7546DA0,3,GU-28B19C1C31AB,,
B-9A7AE73407FB,C-5353F7546DA0,4,GU-9745B0B865BC,,
B-3EC6810A0658,C-5353F7546DA0,1,GU-5DDB0228CA2B,,
B-3EC6810A0658,C-5353F7546DA0,2,GU-22F17F18E3D8,,
B-3EC6810A0658,C-5353F7546DA0,3,GU-5FA9801D1F69,,
B-3EC6810A0658,C-5353F7546DA0,4,GU-49A25F39E104,,
B-8FBA19C61291,C-0C203C3211BC,1,GU-E3515F9735AD,,
B-8FBA19C61291,C-0C203C3211BC,2,GU-1BB22221507C,,
B-8FBA19C61291,C-0C203C3211BC,3,GU-805BCED1571E,,
B-8FBA19C61291,C-0C203C3211BC,4,GU-EE42D78F0EE9,,
B-8FBA19C61291,C-0C203C3211BC,5,GU-1C5CCAD43852,,
B-980C38CECBD8,C-0C203C3211BC,1,GU-6E53C662ED91,,
B-980C38CECBD8,C-0C203C3211BC,2,GU-834A3A2D49EC,,
B-B0ADB027AFCA,C-0C203C3211BC,1,GU-C98E296CA605,,
B-B0ADB027AFCA,C-0C203C3211BC,2,GU-76AB1763F54E,,
B-0092E95660D2,C-5353F7546DA0,1,GU-DAB2DEB9B973,,
B-0092E95660D2,C-5353F7546DA0,2,GU-992CB765D1B6,,
B-0092E95660D2,C-5353F7546DA0,3,GU-91E54CD0EE58,,
B-0092E95660D2,C-5353F7546DA0,4,GU-B7D13A64690C,,
B-EAE82D5E1355,,1,GU-F3DBC69EF64A,64,M
B-EAE82D5E1355,,2,GU-27EC636CA627,58,F
B-3149F96F6412,,1,GU-B141A631E4DC,,
B-3149F96F6412,,2,GU-49B81BC3C5C6,,
B-3149F96F6412,,3,GU-0B0848B5ABB3,,
B-E2EEFA112B1A,,1,GU-37BF8BF7024E,,
B-E2EEFA112B1A,,2,GU-CFA15FB47BAC,,
B-E2EEFA112B1A,,3,GU-43581793F3DB,,
B-CEDBF72FF528,C-0C203C3211BC,1,GU-8FA7E52736B1,,
B-CEDBF72FF528,C-0C203C3211BC,2,GU-C62D6D24C005,,
B-CEDBF72FF528,C-0C203C3211BC,3,GU-2A5798444389,,
B-CEDBF72FF528,C-0C203C3211BC,4,GU-CF02B134ABDC,,
B-CEDBF72FF528,C-0C203C3211BC,5,GU-71F3B50757D6,,
B-CEDBF72FF528,C-0C203C3211BC,6,GU-B7487F10E1F7,,
B-CEDBF72FF528,C-0C203C3211BC,7,GU-31E75DAC93EC,,
B-DFB425B3B1FA,C-721264C446D2,1,GU-FA67346061C6,50,F
B-DFB425B3B1FA,C-721264C446D2,2,GU-986138FB1F9D,50,M
B-DFB425B3B1FA,C-721264C446D2,3,GU-31D08F4BCF63,15,F
B-DFB425B3B1FA,C-721264C446D2,4,GU-66684A98C777,10,M
B-D34CD8721396,,1,GU-F8C8B7F0C6D6,,
B-D34CD8721396,,2,GU-EC2A838A9E23,,
B-D34CD8721396,,3,GU-BD5C078C57B1,,
B-0B7B6B590DDC,C-4E1B4F8A8350,1,GU-74822DD40DA1,54,M
B-0B7B6B590DDC,C-4E1B4F8A8350,2,GU-282482390932,50,F
B-0B7B6B590DDC,C-4E1B4F8A8350,3,GU-377D27FA5E8C,20,F
B-0B7B6B590DDC,C-4E1B4F8A8350,4,GU-B70E0C1D7B18,17,M
B-C4FA9DCC046D,C-010F25017A45,1,GU-4968B6CE4B35,57,M
B-C4FA9DCC046D,C-010F25017A45,2,GU-C3C1D5D36094,45,F
B-C4FA9DCC046D,C-010F25017A45,3,GU-BACBF6A09B80,15,M
B-5858D182CDDE,C-F5EC5FDD62E5,1,GU-D8082F01BAF7,38,F
B-5858D182CDDE,C-F5EC5FDD62E5,2,GU-D9B96B0EFD7D,42,M
B-4B18DF725F53,C-C793DA7E6070,1,GU-0F6B56898193,50,M
B-4B18DF725F53,C-C793DA7E6070,2,GU-577E90E75105,43,F
B-4B18DF725F53,C-C793DA7E6070,3,GU-90815BE22672,11,F
B-4B18DF725F53,C-C793DA7E6070,4,GU-9AAF6BEC539E,8,M
B-4B18DF725F53,C-C793DA7E6070,5,GU-28B8B28C7BF9,6,M
B-717C7E1B35DE,C-DB5B54596043,1,GU-340387A3C949,43,M
B-717C7E1B35DE,C-DB5B54596043,2,GU-E73DFBDB1313,46,F
B-717C7E1B35DE,C-DB5B54596043,3,GU-3F43003A4EDD,8,M
B-717C7E1B35DE,C-DB5B54596043,4,GU-8F287BE94D94,8,M
B-1461C14B5F4F,C-81DAE2E7F61A,1,GU-2DFA565710A0,38,F
B-1461C14B5F4F,C-81DAE2E7F61A,2,GU-B1E5670A42EC,40,M
B-1461C14B5F4F,C-81DAE2E7F61A,3,GU-A5890FA89313,13,M
B-1461C14B5F4F,C-81DAE2E7F61A,4,GU-6970EE53F45E,7,M
B-EA54D5915F1F,C-9B0EDC6A9333,1,GU-8E30EF2835EA,39,M
B-EA54D5915F1F,C-9B0EDC6A9333,2,GU-6BB3C061DBAE,37,F
B-EA54D5915F1F,C-9B0EDC6A9333,3,GU-9016D082F1CF,6,F
B-EA54D5915F1F,C-9B0EDC6A9333,4,GU-A18D5A4529C8,2,M
B-EE2DA01D7630,C-3473B875FF68,1,GU-023CA7097966,59,M
B-EE2DA01D7630,C-3473B875FF68,2,GU-4E19700B9AB3,59,F
B-EE2DA01D7630,C-3473B875FF68,3,GU-752148CA4007,29,F
B-EE2DA01D7630,C-3473B875FF68,4,GU-585722F767F1,25,M
B-EDA59D3D2D50,C-5353F7546DA0,1,GU-5684782EB67F,,
B-EDA59D3D2D50,C-5353F7546DA0,2,GU-8C4607330CE6,,
B-9307B46A508B,,1,GU-F6371FE9DDA2,54,M
B-9307B46A508B,,2,GU-11762439B277,51,F
B-9307B46A508B,,3,GU-DB3315145E79,19,F
B-9307B46A508B,,4,GU-5764FEDB3127,15,F
B-D24E94484A8B,,1,GU-A97811BFA9AD,25,M
B-D24E94484A8B,,2,GU-8D4FDB7D0B66,24,F
B-80C9F30012F8,,1,GU-63592440F319,,
B-6F1FCCE28F82,C-BFE22F201388,1,GU-A97725063D7F,60,F
B-6F1FCCE28F82,C-BFE22F201388,2,GU-2C8A7A8BC5E0,24,F
B-C67E0D5DB877,C-D93FB5F78D06,1,GU-CEE54603BCB0,43,F
B-C67E0D5DB877,C-D93FB5F78D06,2,GU-1434DE7626C6,40,M
B-C67E0D5DB877,C-D93FB5F78D06,3,GU-06C30039FB07,3,F
B-12737B007C17,C-8114BB5880C2,1,GU-74A31C85AE02,,
B-12737B007C17,C-8114BB5880C2,2,GU-19C9D36D7509,,
B-12737B007C17,C-8114BB5880C2,3,GU-1AC143E571FC,,
B-ED365F56F808,C-3156A10315B1,1,GU-84AEF93671A5,51,M
B-ED365F56F808,C-3156A10315B1,2,GU-B1AB730B39AE,47,F
B-ED365F56F808,C-3156A10315B1,3,GU-08232E9D8D3A,10,F
B-05B1241BAB94,C-D71D0AE48A1F,1,GU-EA552FF61B59,,
B-05B1241BAB94,C-D71D0AE48A1F,2,GU-10FF34A441E1,,
B-05B1241BAB94,C-D71D0AE48A1F,3,GU-73A1CB32C75E,,
B-68C511D7C532,C-D71D0AE48A1F,1,GU-72CED9A29C38,,
B-68C511D7C532,C-D71D0AE48A1F,2,GU-1F1274F8B421,,
B-7ADCC97130FC,C-C3C126DA8E38,1,GU-7CF6030D8FFA,48,M
B-7ADCC97130FC,C-C3C126DA8E38,2,GU-854AF3B9280C,45,F
B-7ADCC97130FC,C-C3C126DA8E38,3,GU-909EFD74A97B,14,F
B-08D93022B2BC,C-04FDB7C39D77,1,GU-A7555A386C5E,18,M
B-08D93022B2BC,C-04FDB7C39D77,2,GU-0CA970A067A4,40,F
B-08D93022B2BC,C-04FDB7C39D77,3,GU-3FEAAB3BC80D,40,M
B-08D93022B2BC,C-04FDB7C39D77,4,GU-FA21A7D929BB,15,M
B-EF345ECD4E31,C-3999AF12E77B,1,GU-150A3CA78657,49,M
B-EF345ECD4E31,C-3999AF12E77B,2,GU-18BC08D84FCD,49,F
B-28668985ACE9,C-0C203C3211BC,1,GU-4C818E1C7EDA,,
B-28668985ACE9,C-0C203C3211BC,2,GU-F111F3A76EFA,,
B-28668985ACE9,C-0C203C3211BC,3,GU-880B8BBED3FA,,
B-28668985ACE9,C-0C203C3211BC,4,GU-74B99F2B86C8,,
B-A601C139D004,C-54BB434AFF1C,1,GU-68CA45E8C971,57,M
B-A601C139D004,C-54BB434AFF1C,2,GU-82B26530BD01,55,F
B-A601C139D004,C-54BB434AFF1C,3,GU-C6912224EFBF,22,F
B-A601C139D004,C-54BB434AFF1C,4,GU-5737D3EB2A20,20,M
B-A601C139D004,C-54BB434AFF1C,5,GU-07D8FABB8CF7,16,F
B-89CBB88660CE,C-594614A49E26,1,GU-46158D7664F1,41,M
B-89CBB88660CE,C-594614A49E26,2,GU-28358BBEE0F6,4,F
B-89CBB88660CE,C-594614A49E26,3,GU-7ADF71292764,10,M
B-89CBB88660CE,C-594614A49E26,4,GU-1B2F43253697,37,F
B-1408532226B5,C-CAB4C859D0BD,1,GU-2C83EA3EA7CA,42,M
B-1408532226B5,C-CAB4C859D0BD,2,GU-0A68DDB1F939,40,F
B-1408532226B5,C-CAB4C859D0BD,3,GU-FCB99ED593F2,9,F
B-1408532226B5,C-CAB4C859D0BD,4,GU-D7A3EB41B477,5,M
B-15A1ECA32CBF,C-64299E704318,1,GU-0C9182A6BDE1,43,M
B-15A1ECA32CBF,C-64299E704318,2,GU-907BCC44AAF2,38,F
B-15A1ECA32CBF,C-64299E704318,3,GU-7B74CED59EBC,9,F
B-20A52CBCAD21,C-A273A9A4F11F,1,GU-79684AB3FD3C,47,M
B-20A52CBCAD21,C-A273A9A4F11F,2,GU-1B3D25C5618F,47,F
B-20A52CBCAD21,C-A273A9A4F11F,3,GU-F932878DE25C,15,M
B-20A52CBCAD21,C-A273A9A4F11F,4,GU-C0C40BC228C4,14,M
B-20A52CBCAD21,C-A273A9A4F11F,5,GU-FAEB24016D98,6,M
B-775A9172D635,,1,GU-048CE693AC0F,46,M
B-775A9172D635,,2,GU-8B17D05ABD79,54,F
B-775A9172D635,,3,GU-BB3237FF460A,11,F
B-775A9172D635,,4,GU-98854A93137C,13,F
B-1F94FB5DFF76,,1,GU-8872277D3D2E,45,F
B-1F94FB5DFF76,,2,GU-5AEDAC96AF23,50,M
B-1F94FB5DFF76,,3,GU-4EA416B97602,10,M
B-1F94FB5DFF76,,4,GU-28A8B11935DC,15,F
B-AA7A635B5C11,,1,GU-5A8C5F4A9A26,60,M
B-AA7A635B5C11,,2,GU-3FB15835561C,55,F
B-AA7A635B5C11,,3,GU-E1AE689F6123,,
B-AA7A635B5C11,,4,GU-A783B4654B08,,
B-6A37062441A9,C-D2EECB42F340,1,GU-8C9B0D0AB072,,
B-6A37062441A9,C-D2EECB42F340,2,GU-2A21D8327355,,
B-6A37062441A9,C-D2EECB42F340,3,GU-5A154B5C2C7B,,
B-6A37062441A9,C-D2EECB42F340,4,GU-5D749C453475,,
B-89EADD5423D3,C-0C203C3211BC,1,GU-1588CA31A30E,39,F
B-89EADD5423D3,C-0C203C3211BC,2,GU-6C562DDEAE56,18,M
B-89EADD5423D3,C-0C203C3211BC,3,GU-F56A8C2EBA87,14,M
B-89EADD5423D3,C-0C203C3211BC,4,GU-64845A38E4FE,50,M
B-B31391ACD9C4,,1,GU-F113B163D2F2,,
B-B31391ACD9C4,,2,GU-8B98BBD1703D,,
B-B31391ACD9C4,,3,GU-33F9248FBB1B,,
B-B31391ACD9C4,,4,GU-85D20532A77B,,
B-43E6834470B0,C-13C110DECBDB,1,GU-F99138099A47,43,M
B-43E6834470B0,C-13C110DECBDB,2,GU-1EF8F1341F0C,43,F
B-43E6834470B0,C-13C110DECBDB,3,GU-465E6959D503,13,M
B-43E6834470B0,C-13C110DECBDB,4,GU-B5BE5FCB1D9F,13,M
B-E6C48AE22A27,C-14B374976BC1,1,GU-5D1323D4357C,49,F
B-E6C48AE22A27,C-14B374976BC1,2,GU-401C2DE40C04,52,M
B-37934967EE97,C-B5040CE044F0,1,GU-1C3FADE26690,,
B-37934967EE97,C-B5040CE044F0,2,GU-C5942B8C4F05,,
B-37934967EE97,C-B5040CE044F0,3,GU-4972CF24EC51,,
B-37934967EE97,C-B5040CE044F0,4,GU-333BEF6B8225,,
B-37934967EE97,C-B5040CE044F0,5,GU-63ACBD32CE80,,
B-5F9450466DC6,C-87BA2328869A,1,GU-7CA902D2A3E1,48,M
B-5F9450466DC6,C-87BA2328869A,2,GU-DB05314D97E1,49,F
B-5F9450466DC6,C-87BA2328869A,3,GU-94F9CE61BDAD,18,M
B-5F9450466DC6,C-87BA2328869A,4,GU-6C424C80A1CD,15,F
B-5F9450466DC6,C-87BA2328869A,5,GU-352B6AA73CC2,8,M
B-5F9450466DC6,C-87BA2328869A,6,GU-54B058850981,4,M
B-639DF0A39379,C-F36DCF9242E6,1,GU-B0EDE9EFF6E2,38,M
B-639DF0A39379,C-F36DCF9242E6,2,GU-94F1F5BD5A53,3,M
B-639DF0A39379,C-F36DCF9242E6,3,GU-B85845E50653,40,F
B-6B92A58B8062,,1,GU-D436600742B2,53,M
B-6B92A58B8062,,2,GU-CDE84EE2DFF9,20,M
B-6B92A58B8062,,3,GU-E3BA259DE647,53,F
B-6B92A58B8062,,4,GU-B8B37DEDB9A3,15,M
B-25E9FAC24F10,C-AA7FC8D60B92,1,GU-A5558F148965,45,M
B-25E9FAC24F10,C-AA7FC8D60B92,2,GU-0A3CE2C15B41,41,F
B-25E9FAC24F10,C-AA7FC8D60B92,3,GU-54191475AD91,4,F
B-25E9FAC24F10,C-AA7FC8D60B92,4,GU-11C3CA249896,3,F
B-295291447CEA,,1,GU-09AA1973514F,,
B-295291447CEA,,2,GU-09293C558E94,,
B-295291447CEA,,3,GU-AE47586ECD5B,,
B-295291447CEA,,4,GU-AE418B603122,,
B-295291447CEA,,5,GU-CA3A927A5AD3,,
B-675839743DB6,C-5353F7546DA0,1,GU-046C7005DAD8,,
B-675839743DB6,C-5353F7546DA0,2,GU-378C2BFB4C4C,,
B-675839743DB6,C-5353F7546DA0,3,GU-3C40A7B25865,,
B-675839743DB6,C-5353F7546DA0,4,GU-DF4D6CF5D85D,,
B-8B009CE55B66,C-FDCC02C1D1D1,1,GU-4C0EE1E40295,45,F
B-8B009CE55B66,C-FDCC02C1D1D1,2,GU-1B7F80371CAC,46,F
B-8B009CE55B66,C-FDCC02C1D1D1,3,GU-DFB233D7C760,16,M
B-8B009CE55B66,C-FDCC02C1D1D1,4,GU-2B7453717801,13,M
B-2B1F86ED6B94,,1,GU-3CB986A63470,53,F
B-2B1F86ED6B94,,2,GU-BBDE6C124961,24,M
B-2B1F86ED6B94,,3,GU-6FAF5DD126AB,56,M
B-EF1E32A44DCC,,1,GU-8C683A6CBB32,50,F
B-EF1E32A44DCC,,2,GU-08D668258997,50,M
B-EF1E32A44DCC,,3,GU-EE918FD9FBA3,15,M
B-2F0BDF9C7759,C-B7130427FACA,1,GU-818F4FC17751,44,F
B-2F0BDF9C7759,C-B7130427FACA,2,GU-69D5C728350E,52,M
B-2F0BDF9C7759,C-B7130427FACA,3,GU-C4E2D22C385A,7,M
B-2F0BDF9C7759,C-B7130427FACA,4,GU-809A0EBA1006,4,M
B-DC3B9B0A64E0,C-290F3A4B19DC,1,GU-10BCA08A0094,56,F
B-DC3B9B0A64E0,C-290F3A4B19DC,2,GU-92F2C44EBB8C,51,M
B-C9FC9E5737B7,C-290F3A4B19DC,1,GU-330E936CE60C,59,F
B-C9FC9E5737B7,C-290F3A4B19DC,2,GU-67F584EFC755,15,M
B-D717B1D87602,C-24CCD2BE12F9,1,GU-C3FA5F657D92,42,
B-D717B1D87602,C-24CCD2BE12F9,2,GU-D5959294D9B3,39,
B-D717B1D87602,C-24CCD2BE12F9,3,GU-F0AF1A1D903C,3,
B-D717B1D87602,C-24CCD2BE12F9,4,GU-A511531305C3,1,
B-E55634F63711,C-3C545FB53040,1,GU-4B2EBE9975C9,38,F
B-E55634F63711,C-3C545FB53040,2,GU-AC7BAAEB3E29,9,M
B-E55634F63711,C-3C545FB53040,3,GU-C351606F7367,39,M
B-83BB8F42235E,C-789238F013E3,1,GU-B3449827D0E3,45,M
B-83BB8F42235E,C-789238F013E3,2,GU-6EC5DB22D579,42,F
B-83BB8F42235E,C-789238F013E3,3,GU-B824C492F4C0,7,M
B-6C16BB15DFC4,C-E4C8D105F2BA,1,GU-EB96B216E516,54,M
B-6C16BB15DFC4,C-E4C8D105F2BA,2,GU-146F7205B103,46,F
B-6C16BB15DFC4,C-E4C8D105F2BA,3,GU-B081A48339DC,18,M
B-6C16BB15DFC4,C-E4C8D105F2BA,4,GU-9A019B57353E,0,F
B-6C16BB15DFC4,C-E4C8D105F2BA,5,GU-C72E6F0CD621,13,F
B-3114527C2130,C-2B9F3EF19024,1,GU-DE64E2539585,,
B-3114527C2130,C-2B9F3EF19024,2,GU-4FABC73B4B92,,
B-3114527C2130,C-2B9F3EF19024,3,GU-15608E3FA09D,,
B-F66E4D7E9AB4,C-80B1B77A55FF,1,GU-FB0520C44A96,49,M
B-F66E4D7E9AB4,C-80B1B77A55FF,2,GU-F295DE4E23B8,47,F
B-F66E4D7E9AB4,C-80B1B77A55FF,3,GU-04924A64178F,14,F
B-41E687DDE761,C-A3164F288E11,1,GU-7BCAF9BDA976,54,M
B-41E687DDE761,C-A3164F288E11,2,GU-CA71CD868D83,53,F
B-41E687DDE761,C-A3164F288E11,3,GU-528465ED7F5A,15,M
B-4C0EE9F673C4,C-117CD30BB749,1,GU-EC672D893A5B,41,M
B-4C0EE9F673C4,C-117CD30BB749,2,GU-77BD8D75706C,42,F
B-4C0EE9F673C4,C-117CD30BB749,3,GU-E8891D426505,16,M
B-EEB3AB9BEF3D,C-33836249822F,1,GU-437386D90BD2,,
B-EEB3AB9BEF3D,C-33836249822F,2,GU-CD013AB80611,,
B-9D0638E9177A,,1,GU-BFDB107722FE,,
B-9D0638E9177A,,2,GU-259817EC06F0,,
B-9D0638E9177A,,3,GU-289A66F2ED89,,
B-9D0638E9177A,,4,GU-8CEC5A4FD2C7,,
B-CABE2568E410,C-B1009D54DE83,1,GU-59EFF8011AD9,49,M
B-CABE2568E410,C-B1009D54DE83,2,GU-6E18E8E008A6,48,F
B-CABE2568E410,C-B1009D54DE83,3,GU-B794A2E19B8B,15,M
B-CABE2568E410,C-B1009D54DE83,4,GU-4D225006153A,13,M
B-CABE2568E410,C-B1009D54DE83,5,GU-B11F0BB0D6A8,7,F
B-84CC18EDF777,,1,GU-87182E9F42C8,,
B-84CC18EDF777,,2,GU-E2CBD99FAC9D,,
B-E50584275734,C-0E4FA6A8C6E2,1,GU-536A5137AC6E,42,F
B-E50584275734,C-0E4FA6A8C6E2,2,GU-B765C214CC64,54,M
B-E50584275734,C-0E4FA6A8C6E2,3,GU-02AEC9B3556F,10,F
B-E50584275734,C-0E4FA6A8C6E2,4,GU-1E4D14D84CE2,16,M
B-980C0B3B2D86,,1,GU-9A5CDEA7D511,,
B-980C0B3B2D86,,2,GU-CA09EFB3429A,,
B-980C0B3B2D86,,3,GU-EDD2C457724F,,
B-F06CFBEC6357,C-A4B79D15B5FF,1,GU-36AF6A3AB0B0,58,M
B-F06CFBEC6357,C-A4B79D15B5FF,2,GU-E03683709C04,45,F
B-F06CFBEC6357,C-A4B79D15B5FF,3,GU-74C51620ED6E,18,F
B-F06CFBEC6357,C-A4B79D15B5FF,4,GU-4595B227B55F,17,F
B-77F950359A8C,,1,GU-36AE62F0ED8D,,
B-77F950359A8C,,2,GU-04598746DC00,,
B-81393EE66C82,,1,GU-34D5E9E7880A,,
B-81393EE66C82,,2,GU-EA721B14FFB9,,
B-81393EE66C82,,3,GU-179A3B06E554,,
B-38E395C5B839,,1,GU-105CC5C36008,,
B-38E395C5B839,,2,GU-98C74AB444C8,,
B-38E395C5B839,,3,GU-A01848CF4660,,
B-B8D838FA3A1A,C-0C203C3211BC,1,GU-3B9792C7DF92,,
B-B8D838FA3A1A,C-0C203C3211BC,2,GU-27A056EDD513,,
B-42BB7F4E2926,C-34C779C5A48A,1,GU-EEAD70036347,47,
B-42BB7F4E2926,C-34C779C5A48A,2,GU-C7A4AD2A14AC,4,
B-42BB7F4E2926,C-34C779C5A48A,3,GU-7225C88D56F2,1,
B-42BB7F4E2926,C-34C779C5A48A,4,GU-8B70C8A72B52,44,
B-697D86258923,,1,GU-43247015611F,,
B-697D86258923,,2,GU-E496FEAFFC96,,
B-697D86258923,,3,GU-EAC1C44263AD,,
B-697D86258923,,4,GU-BBA7573957EC,,
B-FAB174966CE6,C-9E54EDB95E3B,1,GU-00BB42CFB70A,35,M
B-FAB174966CE6,C-9E54EDB95E3B,2,GU-ECB88C1EA9CF,32,F
B-FAB174966CE6,C-9E54EDB95E3B,3,GU-61ED61616E78,13,M
B-FAB174966CE6,C-9E54EDB95E3B,4,GU-7D9FEE1A2373,9,F
B-A6C5E50E4D1F,C-5353F7546DA0,1,GU-6E98740FDCB0,45,M
B-A6C5E50E4D1F,C-5353F7546DA0,2,GU-7B03EC939A1A,46,F
B-A6C5E50E4D1F,C-5353F7546DA0,3,GU-F370E6F8D16A,15,F
B-A6C5E50E4D1F,C-5353F7546DA0,4,GU-E68A4385AAA7,12,M
B-DCE06174BAED,C-5353F7546DA0,1,GU-A8E57FB8DE01,,
B-DCE06174BAED,C-5353F7546DA0,2,GU-0FB2EB3E0C75,,
B-2DAFCF938AF0,C-5353F7546DA0,1,GU-D30B6AABACC6,45,M
B-2DAFCF938AF0,C-5353F7546DA0,2,GU-A8728C78CCA9,54,F
B-38BAB085A5C2,C-C5BB2E1DC0C7,1,GU-481E796C450C,,
B-38BAB085A5C2,C-C5BB2E1DC0C7,2,GU-C6670D048A5F,,
B-38BAB085A5C2,C-C5BB2E1DC0C7,3,GU-97D72F4B52BD,,
B-5126503C250D,C-7BFC0F8C22F6,1,GU-6883CA5041C1,53,M
B-5126503C250D,C-7BFC0F8C22F6,2,GU-B7393B6D02EA,55,F
B-5126503C250D,C-7BFC0F8C22F6,3,GU-E3FC3C549B13,22,F
B-5126503C250D,C-7BFC0F8C22F6,4,GU-35DF4B0D11FE,18,F
B-5126503C250D,C-7BFC0F8C22F6,5,GU-9BF27ED28A12,14,F
B-67376B3DF770,C-26A2523521B8,1,GU-FE8D69397A59,60,M
B-67376B3DF770,C-26A2523521B8,2,GU-338F30D3F64C,52,F
B-67376B3DF770,C-26A2523521B8,3,GU-724086D66CE3,16,M
B-67376B3DF770,C-26A2523521B8,4,GU-D7D4878746C1,14,M
B-A6FC653B15E5,C-ACF00B8BDE58,1,GU-53779F119079,42,M
B-A6FC653B15E5,C-ACF00B8BDE58,2,GU-9FB80507C3D2,11,M
B-A6FC653B15E5,C-ACF00B8BDE58,3,GU-100BC8816A19,42,M
B-A6FC653B15E5,C-ACF00B8BDE58,4,GU-641BB6412A7B,2,F
B-D2D8FF7BDF99,C-CDE22E73F2F1,1,GU-420EFC65F9FC,,
B-D2D8FF7BDF99,C-CDE22E73F2F1,2,GU-844D7B8D5B7F,,
B-D2D8FF7BDF99,C-CDE22E73F2F1,3,GU-AE9F8EF2D6B9,,
B-D2D8FF7BDF99,C-CDE22E73F2F1,4,GU-5119CA9B70D2,,
B-968CD172A97E,,1,GU-1F8C4433C13E,,
B-968CD172A97E,,2,GU-B55CAA249860,,
B-968CD172A97E,,3,GU-97321401D659,,
B-51D757CEE1E9,C-27B293202954,1,GU-66B68355DF9E,51,M
B-51D757CEE1E9,C-27B293202954,2,GU-C5720F9636CB,49,F
B-51D757CEE1E9,C-27B293202954,3,GU-CF057C60B3E2,13,F
B-51D757CEE1E9,C-27B293202954,4,GU-ADC782E94464,16,M
B-DD87D5FE0006,,1,GU-7DE245625B65,,
B-DD87D5FE0006,,2,GU-69DB97110FE7,,
B-DD87D5FE0006,,3,GU-79583D1087B6,,
B-DD87D5FE0006,,4,GU-57819EF32DE9,,
B-DD87D5FE0006,,5,GU-73E4B70BEED3,,
B-AA4A2AFE85C1,,1,GU-B22535DD8ECF,,
B-AA4A2AFE85C1,,2,GU-B40B5BB55953,,
B-AA4A2AFE85C1,,3,GU-AA4BD9A9C20F,,
B-AA4A2AFE85C1,,4,GU-AA0F2AA1DDC8,,
B-AA4A2AFE85C1,,5,GU-D02C7C687444,,
B-7E7B8311AD4A,,1,GU-27A9EB7C2D3F,,
B-7E7B8311AD4A,,2,GU-648544F6E0B8,,
B-7E7B8311AD4A,,3,GU-6F51784512D2,,
B-7E7B8311AD4A,,4,GU-C99A8CC0EFCE,,
B-7BF9AD6D9395,,1,GU-D0956D1D606C,,
B-7BF9AD6D9395,,2,GU-CF22A1C53928,,
B-FBF7F1F80F1B,C-5A9D7B353654,1,GU-6B7BE11EB3B7,51,F
B-FBF7F1F80F1B,C-5A9D7B353654,2,GU-ADDCE4E3822F,12,F
B-FBF7F1F80F1B,C-5A9D7B353654,3,GU-6CA3E9B7774D,51,M
B-1298070AE4A2,,1,GU-18A404B69179,48,F
B-1298070AE4A2,,2,GU-1BFCBD7D91CF,13,F
B-1298070AE4A2,,3,GU-3766BDD1E2E6,48,F
B-A87C0E97BBAF,,1,GU-EA868A4BED2E,,
B-A87C0E97BBAF,,2,GU-620ED62BD632,,
B-A87C0E97BBAF,,3,GU-5F65DE2CA749,,
B-A87C0E97BBAF,,4,GU-545DF517CD19,,
B-D790ED11F174,C-3EE4C5D6F26E,1,GU-A70C294A7EC4,60,M
B-D790ED11F174,C-3EE4C5D6F26E,2,GU-132EBE927019,57,F
B-D790ED11F174,C-3EE4C5D6F26E,3,GU-877209DD5BB5,21,M
B-D790ED11F174,C-3EE4C5D6F26E,4,GU-4A8CE15CA3A1,17,F
B-A0E75B9A45A0,C-582C520BE215,1,GU-0D69C1B28719,48,M
B-A0E75B9A45A0,C-582C520BE215,2,GU-E97516960D83,46,F
B-A0E75B9A45A0,C-582C520BE215,3,GU-ABD764F920F1,11,M
B-0570CD614808,C-786D6B79F379,1,GU-FCBC025EA5BB,46,M
B-0570CD614808,C-786D6B79F379,2,GU-56FE6B0E8B0D,8,M
B-0570CD614808,C-786D6B79F379,3,GU-A06B7E17DFDD,11,F
B-0570CD614808,C-786D6B79F379,4,GU-A87E1E654FEA,44,F
B-EB68197727B0,C-786D6B79F379,1,GU-C0E6AE053FC4,51,M
B-EB68197727B0,C-786D6B79F379,2,GU-70783641C595,49,F
B-C004E4818BE9,C-E2CCC34C712D,1,GU-D1D0631EE08A,,
B-C004E4818BE9,C-E2CCC34C712D,2,GU-0D5A214E4A66,,
B-C004E4818BE9,C-E2CCC34C712D,3,GU-577727467965,,
B-21AF16030505,,1,GU-D7D4AA0FDFD2,,
B-21AF16030505,,2,GU-ECB9AAC215EA,,
B-BA1B6B24BE07,,1,GU-AEA5BB40754B,,
B-BA1B6B24BE07,,2,GU-34FB928228AD,,
B-BA1B6B24BE07,,3,GU-B1BBA52B4BF8,,
B-0EAB834596EF,,1,GU-9DA8B085240F,,
B-0EAB834596EF,,2,GU-242FFD32ABD2,,
B-0EAB834596EF,,3,GU-DF110B02AE21,,
B-0EAB834596EF,,4,GU-36B18DD72F7D,,
B-0EAB834596EF,,5,GU-3A3F845DBED4,,
B-6B62538EEF20,,1,GU-1A251D565050,,
B-6B62538EEF20,,2,GU-EE37E095D094,,
B-6B62538EEF20,,3,GU-B92679839F44,,
B-6B62538EEF20,,4,GU-9DFFF655BC79,,
B-6B62538EEF20,,5,GU-71103E4139E0,,
B-DA5D8226A19B,,1,GU-905752CE956F,52,M
B-DA5D8226A19B,,2,GU-81AB8B8200F0,20,F
B-DA5D8226A19B,,3,GU-681BB654F938,14,F
B-DA5D8226A19B,,4,GU-DCE9172A7565,48,F
B-DA5D8226A19B,,5,GU-40A0F8382A43,,
B-B099BBC2F2C3,C-A04637E6857D,1,GU-CADC305336A3,56,M
B-B099BBC2F2C3,C-A04637E6857D,2,GU-08C95AB0AB08,17,F
B-B099BBC2F2C3,C-A04637E6857D,3,GU-C4A88566BA3D,54,F
B-39D69A352E72,C-1AA7ED42D6FF,1,GU-BA19BF08B86E,43,F
B-39D69A352E72,C-1AA7ED42D6FF,2,GU-AAE8E6FCEBCB,12,F
B-39D69A352E72,C-1AA7ED42D6FF,3,GU-222B47008137,10,M
B-39D69A352E72,C-1AA7ED42D6FF,4,GU-EDEA7BB43D98,8,M
B-39D69A352E72,C-1AA7ED42D6FF,5,GU-8579F4BB4A07,52,M
B-C09BCE6C83B2,C-B82594CD8729,1,GU-1E3ACC79EF70,,
B-C09BCE6C83B2,C-B82594CD8729,2,GU-F3E0AA2756B8,,
B-C09BCE6C83B2,C-B82594CD8729,3,GU-B40F1B4B8058,,
B-C09BCE6C83B2,C-B82594CD8729,4,GU-18C2711AC896,,
B-19C1F8A90C65,,1,GU-ACE1F7765556,,
B-56D3F7C213EC,,1,GU-5E2A27D3495B,,
B-301041EA83AE,C-34FB0489BE9F,1,GU-A2F669902A3F,52,M
B-301041EA83AE,C-34FB0489BE9F,2,GU-704BFD860974,47,F
B-301041EA83AE,C-34FB0489BE9F,3,GU-E656A30532BE,20,F
B-32D1747D7D2F,,1,GU-F8F9643E0E33,,
B-32D1747D7D2F,,2,GU-C54AF0317473,,
B-32D1747D7D2F,,3,GU-60735C5BF146,,
B-D551E9AF8518,C-1171C08F1209,1,GU-D6EA71746493,27,M
B-D551E9AF8518,C-1171C08F1209,2,GU-6B7F43C593E7,24,F
B-CDFE3F30C1A0,C-F2E0B64396F9,1,GU-816FC775E19E,59,F
B-CDFE3F30C1A0,C-F2E0B64396F9,2,GU-15F1ABBEBF9D,60,M
B-3DDC968B6E1E,C-391A93D85D45,1,GU-A46AEF93C2CA,37,F
B-3DDC968B6E1E,C-391A93D85D45,2,GU-AD2007107A7B,37,M
B-3DDC968B6E1E,C-391A93D85D45,3,GU-BA308A1E2F1D,12,F
B-3DDC968B6E1E,C-391A93D85D45,4,GU-76F701D2DBC6,11,F
B-3DDC968B6E1E,C-391A93D85D45,5,GU-2F23080F246E,8,M
B-3DDC968B6E1E,C-391A93D85D45,6,GU-C1D8FEC4B067,0,M
B-219686D01411,C-C15721A64D0E,1,GU-4DB13466ECB6,55,M
B-219686D01411,C-C15721A64D0E,2,GU-E662D89A355C,54,F
B-219686D01411,C-C15721A64D0E,3,GU-356877352A23,20,M
B-1EC56FCF3255,C-CBF806EB7F20,1,GU-4452E663AA17,41,F
B-1EC56FCF3255,C-CBF806EB7F20,2,GU-6D4FBE6A6B38,40,M
B-1EC56FCF3255,C-CBF806EB7F20,3,GU-0057C5D8D665,3,M
B-999F29C811E7,C-5F0CAEE38427,1,GU-A5926AFD1F3F,,
B-999F29C811E7,C-5F0CAEE38427,2,GU-06D5510036C9,,
B-999F29C811E7,C-5F0CAEE38427,3,GU-6BCC1374836D,,
B-DC9BD60564C9,C-18533AFD7D7A,1,GU-BAE7CD3FE0D6,51,M
B-DC9BD60564C9,C-18533AFD7D7A,2,GU-1CEEA1AEC569,46,F
B-DC9BD60564C9,C-18533AFD7D7A,3,GU-ED41F3EA06AA,6,M
B-BD03309C3541,C-46F6DDA102AC,1,GU-2A04E7DD4F16,58,M
B-BD03309C3541,C-46F6DDA102AC,2,GU-1A64C92FCBA0,52,F
B-BD03309C3541,C-46F6DDA102AC,3,GU-9953E3EAF0DA,22,F
B-BD03309C3541,C-46F6DDA102AC,4,GU-D5EDC685E424,16,M
B-DC757F12672D,C-7AE9256BB710,1,GU-A6BF4DFEC089,,
B-DC757F12672D,C-7AE9256BB710,2,GU-32D933C16AAE,,
B-DC757F12672D,C-7AE9256BB710,3,GU-23E02491DB1F,,
B-DC757F12672D,C-7AE9256BB710,4,GU-FF53BDA8F311,,
B-4300C3837232,C-7AE9256BB710,1,GU-1820C0A77CAE,38,M
B-4300C3837232,C-7AE9256BB710,2,GU-5B192D63C3AB,34,F
B-4300C3837232,C-7AE9256BB710,3,GU-1D3747865255,12,F
B-4300C3837232,C-7AE9256BB710,4,GU-F04ADA698AC4,7,M
B-947C918F3FDE,C-4B9059E91EB7,1,GU-5CF33EFF5C3B,42,M
B-947C918F3FDE,C-4B9059E91EB7,2,GU-DD8F8DA85DDC,38,F
B-947C918F3FDE,C-4B9059E91EB7,3,GU-202DB197A9B3,15,M
B-947C918F3FDE,C-4B9059E91EB7,4,GU-A42463EA37A7,11,F
B-947C918F3FDE,C-4B9059E91EB7,5,GU-23BF3D08B441,6,M
B-12861A134BD6,C-8431CD466835,1,GU-AA51D5E566C8,,
B-12861A134BD6,C-8431CD466835,2,GU-52473D7EB8B7,,
B-6246196B03D8,C-8431CD466835,1,GU-C908B4A99D0B,,
B-6246196B03D8,C-8431CD466835,2,GU-789AB3E0B58F,,
B-02B1DD63CB1F,,1,GU-99A3C790E351,,
B-02B1DD63CB1F,,2,GU-999C1363B8AA,,
B-02B1DD63CB1F,,3,GU-C8306BDD5BF7,,
B-005235FE8C60,,1,GU-09D9B8E2B655,,
B-005235FE8C60,,2,GU-0876E6E1522A,,
B-191A029E77A1,C-080D2001ACD8,1,GU-F4E47F3E0170,43,F
B-191A029E77A1,C-080D2001ACD8,2,GU-089AF64BDB2D,42,M
B-191A029E77A1,C-080D2001ACD8,3,GU-E102AF3A1237,9,M
B-191A029E77A1,C-080D2001ACD8,4,GU-3A62190FC02E,7,M
B-D2A72CEBDCB1,C-BD665E7951C9,1,GU-1DFF4BC204BE,47,M
B-D2A72CEBDCB1,C-BD665E7951C9,2,GU-AB879BFB11B6,47,F
B-D2A72CEBDCB1,C-BD665E7951C9,3,GU-7948BD75701A,17,F
B-D2A72CEBDCB1,C-BD665E7951C9,4,GU-76EFF23B8F1C,15,F
B-764EF7B9F9B1,C-B6B8B1A5002D,1,GU-238AFF6D4BEE,72,
B-764EF7B9F9B1,C-B6B8B1A5002D,2,GU-10320FB897B9,59,
B-AC6E0B2C76A6,C-82BE79DC2D93,1,GU-E78554DF7111,40,M
B-AC6E0B2C76A6,C-82BE79DC2D93,2,GU-5E2820985E2B,39,F
B-AC6E0B2C76A6,C-82BE79DC2D93,3,GU-D47914E70A9E,7,M
B-AC6E0B2C76A6,C-82BE79DC2D93,4,GU-4457B237A830,4,M
B-E2BE2F971A02,C-DE5829A3CCA8,1,GU-763768CACB2E,33,M
B-E2BE2F971A02,C-DE5829A3CCA8,2,GU-5907C1A3479E,32,F
B-7B057F0D976B,C-0E4FA6A8C6E2,1,GU-464796DF4BD2,53,M
B-7B057F0D976B,C-0E4FA6A8C6E2,2,GU-C684BB332B1B,54,F
B-7B057F0D976B,C-0E4FA6A8C6E2,3,GU-3180F76C3442,23,M
B-7B057F0D976B,C-0E4FA6A8C6E2,4,GU-333C2C328395,21,M
B-59C66DD67FCE,C-3F5649EF5D73,1,GU-C53AC422D6C9,,
B-59C66DD67FCE,C-3F5649EF5D73,2,GU-C530934186EF,,
B-59C66DD67FCE,C-3F5649EF5D73,3,GU-AD18EA44970F,,
B-59C66DD67FCE,C-3F5649EF5D73,4,GU-EAC90581956D,,
B-59C66DD67FCE,C-3F5649EF5D73,5,GU-4D84D0DCF967,,
B-59C66DD67FCE,C-3F5649EF5D73,6,GU-A60E5D3F810D,,
B-5EABCE376471,C-5803A18D5447,1,GU-BC405654E2E1,49,M
B-5EABCE376471,C-5803A18D5447,2,GU-A859319A3CC2,46,F
B-5EABCE376471,C-5803A18D5447,3,GU-8E7E67B3C277,17,F
B-5EABCE376471,C-5803A18D5447,4,GU-2D8C086AD699,11,M
B-4C65881776A2,,1,GU-32EB02A60817,,
B-4C65881776A2,,2,GU-288483C63BF2,,
B-60C7F02AD276,,1,GU-E0DBE9F9D277,,
B-60C7F02AD276,,2,GU-2762DB0C4E48,,
B-827CF9284AE5,,1,GU-3ABBB78EA391,,
B-827CF9284AE5,,2,GU-2B46D645D194,,
B-39EEFB8C9A3D,,1,GU-BCE038B840A7,,
B-39EEFB8C9A3D,,2,GU-BDA9AC3A9EC2,,
B-273CDE800159,C-8B71CCA55B75,1,GU-B361492FA4FA,,
B-273CDE800159,C-8B71CCA55B75,2,GU-9A038C478FD8,,
B-273CDE800159,C-8B71CCA55B75,3,GU-F6096AAE7F41,,
B-273CDE800159,C-8B71CCA55B75,4,GU-EBACCA5E0B52,,
B-568921720778,,1,GU-0E961022E9B2,,
B-568921720778,,2,GU-D749B7A4430A,,
B-84A7A2386734,C-12429597BC74,1,GU-FC2A4F20D53A,45,M
B-84A7A2386734,C-12429597BC74,2,GU-3FD8F24C2C48,40,F
B-84A7A2386734,C-12429597BC74,3,GU-C2BC5436D3E3,2,F
B-92190451C3C2,,1,GU-2D526A3F3EAB,,
B-92190451C3C2,,2,GU-102847DACAC8,,
B-92190451C3C2,,3,GU-BCCAFF235A37,,
B-92190451C3C2,,4,GU-3398B2893930,,
B-7A01381BC2B4,,1,GU-40962669D353,,
B-7A01381BC2B4,,2,GU-4B676C8D4C9F,,
B-7A01381BC2B4,,3,GU-7298A828B2DE,,
B-15643F7CF3B6,C-700898DB072C,1,GU-A829D29BD071,53,M
B-15643F7CF3B6,C-700898DB072C,2,GU-7A30EF373A0C,49,F
B-15643F7CF3B6,C-700898DB072C,3,GU-FA7CABD14434,14,F
B-B4A9BCF75C1F,,1,GU-5D9722F7981C,,
B-B4A9BCF75C1F,,2,GU-6D3B3948A3D8,,
B-B4A9BCF75C1F,,3,GU-FB7FB9A15C5E,,
B-B4A9BCF75C1F,,4,GU-183DD3403156,,
B-FB6155001ED1,C-3B319B715838,1,GU-62D4AAAC6180,47,F
B-FB6155001ED1,C-3B319B715838,2,GU-97762CF9A5CF,50,M
B-FB6155001ED1,C-3B319B715838,3,GU-52FE50B4DCA5,12,F
B-FB6155001ED1,C-3B319B715838,4,GU-1B76CF1917E2,10,M
B-65624F311D99,C-2CC7DF586812,1,GU-CF9D20180122,35,F
B-65624F311D99,C-2CC7DF586812,2,GU-EC1B1597B938,38,M
B-65624F311D99,C-2CC7DF586812,3,GU-405222A3292A,6,F
B-65624F311D99,C-2CC7DF586812,4,GU-576C5A1E82EF,3,F
B-8E81839B98C8,C-B6B33D2CE565,1,GU-55C2868299BF,,
B-8E81839B98C8,C-B6B33D2CE565,2,GU-DA795F5890CE,,
B-8E81839B98C8,C-B6B33D2CE565,3,GU-AE4BD684AA69,,
B-8E81839B98C8,C-B6B33D2CE565,4,GU-671AFC4FB8E6,,
B-773A06E9E454,,1,GU-6C3A0DB3F602,26,M
B-773A06E9E454,,2,GU-6448D1D9688E,23,M
B-773A06E9E454,,3,GU-FAA4116E1421,55,M
B-773A06E9E454,,4,GU-469B566C0291,52,F
B-F77D0026C3C4,C-AC22B2D75103,1,GU-BA674F0FAE5C,47,F
B-F77D0026C3C4,C-AC22B2D75103,2,GU-57D4D002F6EB,43,M
B-F77D0026C3C4,C-AC22B2D75103,3,GU-4416FE6C8D71,11,M
B-F77D0026C3C4,C-AC22B2D75103,4,GU-77C781A46CAF,7,M
B-271B937F91C7,C-13EC03C70A57,1,GU-0B14927A8008,38,M
B-271B937F91C7,C-13EC03C70A57,2,GU-DB8F59C85DF6,50,F
B-271B937F91C7,C-13EC03C70A57,3,GU-6F2DAE9202D4,9,M
B-06E8CD734E05,,1,GU-051ECF10129E,,
B-06E8CD734E05,,2,GU-DE4176A3AE37,,
B-06E8CD734E05,,3,GU-A07AE109A74E,,
B-06E8CD734E05,,4,GU-02C8D6FF0564,,
B-87A75FBFB527,,1,GU-DA1731381C3F,,
B-87A75FBFB527,,2,GU-184472741D07,,
B-87A75FBFB527,,3,GU-69F83B2F8B5C,,
B-87A75FBFB527,,4,GU-71FD1B848203,,
B-CAD08B21BCE7,,1,GU-75F0C6A66C43,,
B-CAD08B21BCE7,,2,GU-CADC4584C8F2,,
B-8532136BF937,C-F00A30895F0E,1,GU-15FE59B37ADF,43,M
B-8532136BF937,C-F00A30895F0E,2,GU-096FB983131B,36,F
B-8532136BF937,C-F00A30895F0E,3,GU-7043A4076523,3,F
B-5109B7577D1D,C-6465BCC22B42,1,GU-CBF9778C9A21,52,M
B-5109B7577D1D,C-6465BCC22B42,2,GU-9F40D3AF577B,49,F
B-5109B7577D1D,C-6465BCC22B42,3,GU-1D439993EFD6,14,M
B-5109B7577D1D,C-6465BCC22B42,4,GU-A27F9155D3A2,13,F
B-70C3C3D9AFFB,C-4BE8AE3E7FBB,1,GU-BEEC6120A5BD,57,F
B-70C3C3D9AFFB,C-4BE8AE3E7FBB,2,GU-3B24554EEBBE,57,M
B-70C3C3D9AFFB,C-4BE8AE3E7FBB,3,GU-42AFD62D58BD,18,F
B-3ECAB70FF8C0,C-5A6F942998B6,1,GU-CB0AE9818FC3,48,M
B-3ECAB70FF8C0,C-5A6F942998B6,2,GU-8CCC5A5F1ED3,12,F
B-3ECAB70FF8C0,C-5A6F942998B6,3,GU-DD51902A3918,10,F
B-3ECAB70FF8C0,C-5A6F942998B6,4,GU-A70FF55560D2,46,F
B-C1E1419D9C9E,C-5CF3D9C94411,1,GU-F9393DD42B90,44,F
B-C1E1419D9C9E,C-5CF3D9C94411,2,GU-518774F6773F,47,M
B-C1E1419D9C9E,C-5CF3D9C94411,3,GU-DED55A304533,4,M
B-C1E1419D9C9E,C-5CF3D9C94411,4,GU-EBF795C1FC5E,1,F
B-7F9618F3D77B,C-58BA9BD0D49F,1,GU-EF054F29FD8D,61,
B-7F9618F3D77B,C-58BA9BD0D49F,2,GU-D10E2697C0ED,54,
B-7F9618F3D77B,C-58BA9BD0D49F,3,GU-9886AA0650A3,14,
B-53F39595FBAA,,1,GU-A541ACDB7512,55,M
B-53F39595FBAA,,2,GU-A86037930B76,,
B-CBCB825539CB,C-CF6D892212E5,1,GU-AFE696C8F2EC,49,F
B-CBCB825539CB,C-CF6D892212E5,2,GU-84007A607FA3,55,M
B-6A3F052C1F55,,1,GU-756ABF3F0C2D,,
B-6A3F052C1F55,,2,GU-99DCF2F0F3DB,,
B-6A3F052C1F55,,3,GU-1E30F5B70569,,
B-6A3F052C1F55,,4,GU-136C64D8F734,,
B-8CFFEADDBD38,C-D32558D8444B,1,GU-8108036B8F4C,59,M
B-8CFFEADDBD38,C-D32558D8444B,2,GU-BF5C8CF192EE,58,F
B-8CFFEADDBD38,C-D32558D8444B,3,GU-57B3AE9C4FD3,28,F
B-8CFFEADDBD38,C-D32558D8444B,4,GU-7CCDF72EDB2B,21,M
B-A18B87DFD053,,1,GU-9397014E619A,,
B-A18B87DFD053,,2,GU-3BDA7738B855,,
B-A18B87DFD053,,3,GU-3723EA46C39E,,
B-9365ADD40D3B,,1,GU-88663B17CE7B,,
B-9365ADD40D3B,,2,GU-94C0C3F01D8C,,
B-9365ADD40D3B,,3,GU-21A42D7B7391,,
B-9365ADD40D3B,,4,GU-D51D1E1DF6FB,,
B-9365ADD40D3B,,5,GU-255AB3CBB1DB,,
B-9365ADD40D3B,,6,GU-BA6A3016959B,,
B-B243F7FB62B8,C-0C203C3211BC,1,GU-A646ABD4D705,,
B-B243F7FB62B8,C-0C203C3211BC,2,GU-3AE019F65233,,
B-AC5A2D94049E,,1,GU-A05C937A0595,,
B-AC5A2D94049E,,2,GU-5F9B3A1C5A95,,
B-3DE010CAA373,,1,GU-1A8E016E17E2,,
B-3DE010CAA373,,2,GU-A382D494FEBA,,
B-3DE010CAA373,,3,GU-0216C291478D,,
B-1C68C289036D,C-9F75AF85B55B,1,GU-3666DA1AE9B7,,
B-1C68C289036D,C-9F75AF85B55B,2,GU-B1ABB530FE8D,,
B-1C68C289036D,C-9F75AF85B55B,3,GU-49AF511F0517,,
B-1C68C289036D,C-9F75AF85B55B,4,GU-853700AED13C,,
B-216C05FD3515,C-867ACEAE0F08,1,GU-CC27F031242D,43,F
B-216C05FD3515,C-867ACEAE0F08,2,GU-12E4AA838451,39,M
B-216C05FD3515,C-867ACEAE0F08,3,GU-CF82D8D5A6B8,10,F
B-216C05FD3515,C-867ACEAE0F08,4,GU-0763ECF5817B,4,M
B-B4C33BB1B81B,,1,GU-A8FB1EDBDC1A,43,F
B-B4C33BB1B81B,,2,GU-FD4C3B1C019D,12,F
B-B4C33BB1B81B,,3,GU-8FB3DCA8D0B3,44,M
B-B4C33BB1B81B,,4,GU-CD9993F242A1,7,F
B-DC28B03AF988,C-F3CB01AD242A,1,GU-52E575E144B4,49,F
B-DC28B03AF988,C-F3CB01AD242A,2,GU-5CE79CA000FF,55,M
B-DC28B03AF988,C-F3CB01AD242A,3,GU-17F38FB9DA63,11,M
B-A2E65B1938DD,C-FCE1C1AA8FE6,1,GU-9917E0EE1008,50,M
B-A2E65B1938DD,C-FCE1C1AA8FE6,2,GU-3F3C3ABC0D15,50,F
B-A2E65B1938DD,C-FCE1C1AA8FE6,3,GU-C48857E533A8,17,F
B-A2E65B1938DD,C-FCE1C1AA8FE6,4,GU-C43C2EE50310,,
B-74E5EF274755,C-2A601ED00D7C,1,GU-E2D29A888B89,43,M
B-74E5EF274755,C-2A601ED00D7C,2,GU-42306F5DE7B6,67,F
B-74E5EF274755,C-2A601ED00D7C,3,GU-215667BBBDB0,73,M
B-74E5EF274755,C-2A601ED00D7C,4,GU-5699ED640F86,9,M
B-FB51E88C881A,C-8A6FAA405509,1,GU-5ADCF7CA03BD,66,M
B-FB51E88C881A,C-8A6FAA405509,2,GU-430C22698DD9,61,F
B-8531E73D0B93,,1,GU-4866EB8D00CE,,
B-8531E73D0B93,,2,GU-3EB3C8388A5C,,
B-8531E73D0B93,,3,GU-4ACA684D0F35,,
B-8D695B62D994,C-BCE7A82EC519,1,GU-51F1E2B23CAA,46,M
B-8D695B62D994,C-BCE7A82EC519,2,GU-5C89E7B6C437,47,F
B-8D695B62D994,C-BCE7A82EC519,3,GU-924B69CC22CB,16,F
B-F5EDE52EF62E,,1,GU-8515F97DA4C1,63,F
B-F5EDE52EF62E,,2,GU-3D8FC8095950,69,M
B-AF8415F8A215,C-8F1B5EB51C37,1,GU-824A1D322D8C,47,F
B-AF8415F8A215,C-8F1B5EB51C37,2,GU-EAF36350F944,17,M
B-AF8415F8A215,C-8F1B5EB51C37,3,GU-62AE2B56784B,20,F
B-AF8415F8A215,C-8F1B5EB51C37,4,GU-12E641653EB9,11,F
B-AF8415F8A215,C-8F1B5EB51C37,5,GU-52B2B172004E,48,M
B-FA6552591B8A,C-C793DA7E6070,1,GU-B43083FB1907,51,M
B-FA6552591B8A,C-C793DA7E6070,2,GU-AD927F24DDEE,44,F
B-FA6552591B8A,C-C793DA7E6070,3,GU-D41238092A00,11,F
B-FA6552591B8A,C-C793DA7E6070,4,GU-7E9E8767507F,8,M
B-FA6552591B8A,C-C793DA7E6070,5,GU-98E37EB987C1,6,M
B-4DD3BD3BE1AB,C-3BD97D952C52,1,GU-F43ED4DD70F2,42,F
B-4DD3BD3BE1AB,C-3BD97D952C52,2,GU-1FEE7B537A5D,15,F
B-4DD3BD3BE1AB,C-3BD97D952C52,3,GU-FA558115206C,48,M
B-1C4A9EE19179,,1,GU-6994D26A4DCD,47,M
B-1C4A9EE19179,,2,GU-A430BAB1B086,9,M
B-1C4A9EE19179,,3,GU-101B840269F7,12,M
B-1C4A9EE19179,,4,GU-397BA5E85103,42,F
B-AB2D2A3FB565,,1,GU-B77026389DED,,
B-AB2D2A3FB565,,2,GU-0C7C8BE6B347,,
B-AB2D2A3FB565,,3,GU-DF214C1931BF,,
B-74B3418A3708,C-27F31E274AA5,1,GU-643FA71B4C22,47,M
B-74B3418A3708,C-27F31E274AA5,2,GU-7E449748B83D,52,F
B-74B3418A3708,C-27F31E274AA5,3,GU-A4A8A0B43DBB,19,M
B-D685173739EC,C-27F31E274AA5,1,GU-23D1498EA60D,47,
B-D685173739EC,C-27F31E274AA5,2,GU-A85B31D151B0,52,
B-D685173739EC,C-27F31E274AA5,3,GU-9F4C2AD7157A,19,
B-E89FCCF82C66,,1,GU-637851BD28D6,,
B-E89FCCF82C66,,2,GU-DAF5BA49DBCD,,
B-E89FCCF82C66,,3,GU-3F99236CD499,,
B-E89FCCF82C66,,4,GU-836C7BF72362,,
B-5554C62D7852,,1,GU-C2B49BF1BA2C,,
B-5554C62D7852,,2,GU-ACAB5CB82FDF,,
B-5554C62D7852,,3,GU-3C10E995137C,,
B-4BD8D87B6501,C-EDE723B29BED,1,GU-3C1520F8D0E5,,
B-4BD8D87B6501,C-EDE723B29BED,2,GU-CB146919095D,,
B-4BD8D87B6501,C-EDE723B29BED,3,GU-9AB1B9F59155,,
B-4BD8D87B6501,C-EDE723B29BED,4,GU-9A29A53513E2,,
B-A78E4BB54A2C,C-0C203C3211BC,1,GU-DC61E36BEB97,,
B-A78E4BB54A2C,C-0C203C3211BC,2,GU-75AA030C63D7,,
B-77FD090F1AC4,C-2423DAF557E9,1,GU-A1F3E3D883B0,75,M
B-77FD090F1AC4,C-2423DAF557E9,2,GU-EF5CACC85D4A,75,M
B-81387E136644,C-B62DE831C09D,1,GU-A1CE3A77C3FB,64,F
B-81387E136644,C-B62DE831C09D,2,GU-5CD0C6F975FB,72,M
B-D7F2948139C3,C-3A7E23F16B0F,1,GU-1CF4357C246E,,
B-D7F2948139C3,C-3A7E23F16B0F,2,GU-5CF8BA00C5AD,,
B-D7F2948139C3,C-3A7E23F16B0F,3,GU-71A2B416D558,,
B-D7F2948139C3,C-3A7E23F16B0F,4,GU-2A1652C9F24A,,
B-ADFFB8A91594,C-BBEA9AE62ECE,1,GU-21A7D9737477,47,F
B-ADFFB8A91594,C-BBEA9AE62ECE,2,GU-8F2E19557959,49,M
B-ADFFB8A91594,C-BBEA9AE62ECE,3,GU-F27A30815541,11,M
B-ADFFB8A91594,C-BBEA9AE62ECE,4,GU-4C5C01E0DD98,14,F
B-0FCCFD4ECA36,C-1930E08D8B8B,1,GU-12D6E79ECC9C,43,M
B-0FCCFD4ECA36,C-1930E08D8B8B,2,GU-871BB2DC2959,41,F
B-0FCCFD4ECA36,C-1930E08D8B8B,3,GU-E69C9CBB5EAF,0,F
B-0FCCFD4ECA36,C-1930E08D8B8B,4,GU-36A20F405C3E,2,M
B-589661512AEE,C-F38319DD6816,1,GU-EB39776F6CAF,46,F
B-589661512AEE,C-F38319DD6816,2,GU-69DA4C7CD88A,50,M
B-589661512AEE,C-F38319DD6816,3,GU-DEF3140B9BF7,18,F
B-589661512AEE,C-F38319DD6816,4,GU-F0784B219363,16,M
B-3E5C4B92788B,C-F2036D9B50A9,1,GU-77F4595A7B1C,39,M
B-3E5C4B92788B,C-F2036D9B50A9,2,GU-32AF2638D99A,36,F
B-3E5C4B92788B,C-F2036D9B50A9,3,GU-03A47E9AA11C,2,F
B-796A6198BA0D,C-8D52EDA5E88A,1,GU-379900BEFE22,54,M
B-796A6198BA0D,C-8D52EDA5E88A,2,GU-64D412E32AB5,47,F
B-796A6198BA0D,C-8D52EDA5E88A,3,GU-A08E9F4F869A,18,M
B-796A6198BA0D,C-8D52EDA5E88A,4,GU-27BF4A97534A,15,F
B-796A6198BA0D,C-8D52EDA5E88A,5,GU-4709D854054D,7,M
B-631B0C70AE9E,,1,GU-66FFA7C9E765,,
B-631B0C70AE9E,,2,GU-8641B7FC34C8,,
B-631B0C70AE9E,,3,GU-4EF605B2D2DD,,
B-631B0C70AE9E,,4,GU-50E9FEA7227A,,
B-788B5C6E2E28,,1,GU-F9AE56337199,,
B-788B5C6E2E28,,2,GU-8F4C0AD0DE93,,
B-F534842EC284,,1,GU-B66F4A97178D,,
B-F534842EC284,,2,GU-2A1582DEBAEF,,
B-9C5AEACFCACA,C-4EE72AAAC1E6,1,GU-578AECC706CA,42,F
B-9C5AEACFCACA,C-4EE72AAAC1E6,2,GU-716FD7C43AE3,6,M
B-9C5AEACFCACA,C-4EE72AAAC1E6,3,GU-C389FD2820D3,6,M
B-9C5AEACFCACA,C-4EE72AAAC1E6,4,GU-7A89764C502C,43,M
B-3D543D52833F,,1,GU-ECDD6DF7D5FF,,
B-3D543D52833F,,2,GU-C1B2D49DEAB5,,
B-3D543D52833F,,3,GU-3D06B88D9793,,
B-D83A027DB24D,C-93E101D43F1D,1,GU-177BBBC88BD0,60,M
B-D83A027DB24D,C-93E101D43F1D,2,GU-EC6BCC199386,21,F
B-D83A027DB24D,C-93E101D43F1D,3,GU-9120B0577CBB,57,F
B-01E4C6C1C9DD,C-0C203C3211BC,1,GU-A68F4F89B543,,
B-01E4C6C1C9DD,C-0C203C3211BC,2,GU-4967550E637F,,
B-D3A47AEE2338,C-0C203C3211BC,1,GU-A104E0430F64,,
B-D3A47AEE2338,C-0C203C3211BC,2,GU-31B38EEA8C25,,
B-6779D00EB066,C-0C203C3211BC,1,GU-15FB0FDA3E5A,,
B-6779D00EB066,C-0C203C3211BC,2,GU-41542D0081F2,,
B-508C00916044,C-0C203C3211BC,1,GU-14258C5CCA99,61,M
B-508C00916044,C-0C203C3211BC,2,GU-B3F92BCB73BC,55,F
B-F5F97C5879B9,C-71CEB71A9B0E,1,GU-53618C9158B0,42,F
B-F5F97C5879B9,C-71CEB71A9B0E,2,GU-C0445C4E5E5D,40,M
B-73444208F8EA,,1,GU-501D72C87872,,
B-73444208F8EA,,2,GU-9B87FDE469AF,,
B-4B01015B8B48,,1,GU-BF221D4EDDC8,,
B-4B01015B8B48,,2,GU-A37212259F5E,,
B-4B01015B8B48,,3,GU-4FFA0D851C95,,
B-41EB8F3DD2C0,C-C7C618B1329B,1,GU-BA33CEBF4118,62,M
B-41EB8F3DD2C0,C-C7C618B1329B,2,GU-1909336ECA88,60,F
B-6E262F491CC4,C-94393FB398DD,1,GU-71E8E6981609,30,M
B-6E262F491CC4,C-94393FB398DD,2,GU-ED9BB57AD6C9,25,F
B-3BA8717FAA41,C-0C203C3211BC,1,GU-7524FF46B182,64,M
B-3BA8717FAA41,C-0C203C3211BC,2,GU-43B5A91E1A01,31,F
B-3BA8717FAA41,C-0C203C3211BC,3,GU-C752A2F40632,63,F
B-B230AB0AEBAE,C-0209EF2C3211,1,GU-70634F36D978,,
B-B230AB0AEBAE,C-0209EF2C3211,2,GU-F08762156BE0,,
B-863E0F611CCA,C-12B6C271EF2E,1,GU-448FA6580B73,48,M
B-863E0F611CCA,C-12B6C271EF2E,2,GU-6931DB67E8E8,48,F
B-863E0F611CCA,C-12B6C271EF2E,3,GU-F879519C4AEF,20,M
B-863E0F611CCA,C-12B6C271EF2E,4,GU-B00F27209DAD,15,F
B-A1AD12A96641,,1,GU-892BA568EC28,,
B-A1AD12A96641,,2,GU-7D50C49CA01F,,
B-F7F728596569,,1,GU-8F66CFEA5C8F,,
B-F7F728596569,,2,GU-97E77D545A83,,
B-F7F728596569,,3,GU-ABDAB543C6BD,,
B-BF478ED60345,,1,GU-12D26E2CEE20,,
B-BF478ED60345,,2,GU-231785BE5637,,
B-BF478ED60345,,3,GU-2B645B67CF14,,
B-BF478ED60345,,4,GU-872E48779B5C,,
B-9BB845383430,C-75149FDC6195,1,GU-AABD6FBD47CF,45,
B-9BB845383430,C-75149FDC6195,2,GU-A70357A7525B,6,
B-9BB845383430,C-75149FDC6195,3,GU-B354099FBFB8,3,
B-9BB845383430,C-75149FDC6195,4,GU-D30F9747A7A7,41,
B-C80D69D6411A,,1,GU-067AEFDE1BFE,28,M
B-C80D69D6411A,,2,GU-CD734D821E52,26,F
B-D0E8CC380755,C-2EEDBEB779F0,1,GU-9AB514F8E3CD,31,F
B-D0E8CC380755,C-2EEDBEB779F0,2,GU-A2CD4F824897,7,M
B-D0E8CC380755,C-2EEDBEB779F0,3,GU-78E72CC1DF89,4,F
B-D0E8CC380755,C-2EEDBEB779F0,4,GU-FDC64ADD7218,33,M
B-FFB9662A37A2,C-5353F7546DA0,1,GU-4B27595098C3,,
B-FFB9662A37A2,C-5353F7546DA0,2,GU-08084B8AA903,,
B-FDD322CA9017,C-A0F2F908D7F2,1,GU-1B593616E090,37,
B-FDD322CA9017,C-A0F2F908D7F2,2,GU-B9E8142B08DA,36,
B-FDD322CA9017,C-A0F2F908D7F2,3,GU-D67241F54A63,4,
B-FDD322CA9017,C-A0F2F908D7F2,4,GU-FC7207EDC660,0,
B-21B4E9A42B91,C-34D49CA51DDB,1,GU-2BA85C73617D,45,M
B-21B4E9A42B91,C-34D49CA51DDB,2,GU-7709C730F66B,36,F
B-33011B28B409,,1,GU-5D236BB42FC3,37,M
B-33011B28B409,,2,GU-956041D02D81,36,F
B-33011B28B409,,3,GU-7C255D1F02E9,4,M
B-33011B28B409,,4,GU-D770420835A6,0,F
B-D84980224C32,C-E372A7E61931,1,GU-39DB40032250,56,
B-D84980224C32,C-E372A7E61931,2,GU-A0ED65B2FA69,11,
B-D84980224C32,C-E372A7E61931,3,GU-DA04938B3E0D,53,
B-373E3BC375ED,C-FB49691C4674,1,GU-2955D5F651B8,,
B-373E3BC375ED,C-FB49691C4674,2,GU-D589D6BCE472,,
B-373E3BC375ED,C-FB49691C4674,3,GU-5A557700E609,,
B-E5D3D921801B,C-F3ED5E05F6FA,1,GU-702DFE6DA414,61,F
B-E5D3D921801B,C-F3ED5E05F6FA,2,GU-D121FA3E52B4,20,M
B-E5D3D921801B,C-F3ED5E05F6FA,3,GU-3D4CB8212F08,23,F
B-E5D3D921801B,C-F3ED5E05F6FA,4,GU-5E24318CCF49,60,M
B-A3C073BEBAF6,C-98F79F6287B6,1,GU-3F2D7BE4C467,46,F
B-A3C073BEBAF6,C-98F79F6287B6,2,GU-B31F3F16DB74,49,M
B-A3C073BEBAF6,C-98F79F6287B6,3,GU-799049B3D74C,18,F
B-A3C073BEBAF6,C-98F79F6287B6,4,GU-767C2D256CC9,18,F
B-1C32EBA194B0,,1,GU-7B120D3C5193,,
B-1C32EBA194B0,,2,GU-72A7F53AC11F,,
B-1C32EBA194B0,,3,GU-B9C667B1F728,,
B-1C32EBA194B0,,4,GU-83A9D4C0EB8B,,
B-1C32EBA194B0,,5,GU-0D95723720E6,,
B-1C32EBA194B0,,6,GU-9CF701C8461A,,
B-A14D5C5B3D4C,,1,GU-69B70F5C6C05,73,M
B-A14D5C5B3D4C,,2,GU-E94FC7E43EBF,69,F
B-5E8F82E651EC,,1,GU-029BD216BA08,76,M
B-5E8F82E651EC,,2,GU-01E3B2E6F7B3,72,F
B-5E8F82E651EC,,3,GU-16A80FEA24DF,70,F
B-617D8D6E2902,,1,GU-6106D983C379,60,M
B-617D8D6E2902,,2,GU-C38D8AC9ECCD,57,F
B-0BACC4A7EBBB,,1,GU-251E3D145EE2,64,F
B-0BACC4A7EBBB,,2,GU-46745D19F33A,66,M
B-88C2DC949447,,1,GU-AEBC7CCF27A0,,
B-88C2DC949447,,2,GU-D9A14F6D5DB9,,
B-BD35C47F9EC5,,1,GU-7D9C5A80C4E5,73,F
B-BD35C47F9EC5,,2,GU-CD00E0007AAC,73,M
B-58618E528054,,1,GU-1334670BEF26,51,F
B-58618E528054,,2,GU-82B0EC32374E,61,F
B-B9548D357A3B,,1,GU-0F53B9AFE949,50,F
B-B9548D357A3B,,2,GU-E2A530D120C9,,
B-FA98EC43EF7A,,1,GU-11957757DFA4,,
B-FA98EC43EF7A,,2,GU-8CA9DD9A24FC,,
B-FA98EC43EF7A,,3,GU-93D3451E1C4E,,
B-FA98EC43EF7A,,4,GU-E11403076F05,,
B-FA98EC43EF7A,,5,GU-0AF51399C305,,
B-FA98EC43EF7A,,6,GU-64047EE77887,,
B-038F77D269C4,,1,GU-E8A4CFFD390B,67,F
B-038F77D269C4,,2,GU-CD152F727F58,77,M
B-683A3208FF41,,1,GU-670CA9A6D4DE,48,F
B-683A3208FF41,,2,GU-2170B08189C8,53,M
B-683A3208FF41,,3,GU-15B1C9EE5B4E,17,M
B-683A3208FF41,,4,GU-3DAB35F87014,15,F
B-683A3208FF41,,5,GU-48782B5AC067,15,M
B-01BE3F1CE47A,,1,GU-B263B570E87F,75,M
B-01BE3F1CE47A,,2,GU-A8DC7E9F58AF,74,F
B-1F389AB53F2B,,1,GU-3D70A6071D11,61,F
B-1F389AB53F2B,,2,GU-F199C4FEEC14,21,F
B-1F389AB53F2B,,3,GU-4FA4207DFA11,21,M
B-BA83D93C5E8B,,1,GU-A31B41D2AA0C,62,M
B-BA83D93C5E8B,,2,GU-893ADCD5BD03,57,F
B-BA83D93C5E8B,,3,GU-62186667B45E,62,F
B-BA83D93C5E8B,,4,GU-8943185CA467,21,F
B-2A26922038D9,,1,GU-1A8D339ECDD4,65,M
B-2A26922038D9,,2,GU-F54DF1B04677,60,F
B-96B9AB3C5554,,1,GU-E2100CCD9F89,,
B-96B9AB3C5554,,2,GU-66BF30B7F703,,
B-CF3E50133985,,1,GU-4EFAF9BD5738,,
B-CF3E50133985,,2,GU-0617AB7CEEC5,,
B-E4A900BF427F,,1,GU-28FC09429575,,
B-E4A900BF427F,,2,GU-C36D7649CDD4,,
B-E4A900BF427F,,3,GU-BE7C8839BC32,,
B-8AFA138ED67E,,1,GU-58DD027CA431,,
B-8AFA138ED67E,,2,GU-4612A5E2BA27,,
B-33CB7C7BB955,,1,GU-A272C27C699F,,
B-33CB7C7BB955,,2,GU-D240CEBBB166,,
B-3DBA4D92FE34,C-15CD4BDED7AF,1,GU-AE4DA0B25E20,50,M
B-3DBA4D92FE34,C-15CD4BDED7AF,2,GU-A34727A36C67,49,F
B-3DBA4D92FE34,C-15CD4BDED7AF,3,GU-526D195B3EBE,11,M
B-3DBA4D92FE34,C-15CD4BDED7AF,4,GU-DF4CB5B37540,16,M
B-B6CEA0D4C171,C-39FD20B6B43B,1,GU-F5C78E1BF1EE,49,M
B-B6CEA0D4C171,C-39FD20B6B43B,2,GU-E797131D79D9,51,F
B-B6CEA0D4C171,C-39FD20B6B43B,3,GU-82BF1CF0BFBF,13,M
B-AFECEB049262,C-32AA751E4ED4,1,GU-8F1FF4CB6563,,
B-AFECEB049262,C-32AA751E4ED4,2,GU-DE0B7428B960,,
B-09F211FCF460,C-32AA751E4ED4,1,GU-DC175C8205E3,,
B-09F211FCF460,C-32AA751E4ED4,2,GU-FCE5CA78485B,,
B-D5A09518BCFB,C-8821F648621A,1,GU-5EA4BA85FC46,53,F
B-D5A09518BCFB,C-8821F648621A,2,GU-3F0F33E9EC87,55,M
B-201D60284D9A,C-954E45D16B50,1,GU-C17217EA6085,43,M
B-201D60284D9A,C-954E45D16B50,2,GU-1F1A754E7BD3,34,F
B-B9AB22C90076,C-E82D9BE1018E,1,GU-2846AEE98839,35,M
B-B9AB22C90076,C-E82D9BE1018E,2,GU-0F28E5BE5DE6,32,F
B-964950970DC4,C-29E7F606B889,1,GU-D691DFF2752E,50,M
B-964950970DC4,C-29E7F606B889,2,GU-C061777DDE5B,3,M
B-964950970DC4,C-29E7F606B889,3,GU-7D6CC61802B2,11,F
B-964950970DC4,C-29E7F606B889,4,GU-D69724E6B841,42,F
B-964950970DC4,C-29E7F606B889,5,GU-3DC911BC2D57,66,F
B-471EFF54F193,C-7D3E54AF8849,1,GU-33B33231559A,38,M
B-471EFF54F193,C-7D3E54AF8849,2,GU-2693B2EA0910,0,F
B-471EFF54F193,C-7D3E54AF8849,3,GU-D46981D2AE3F,9,F
B-FBE9065B1AC1,C-EDB3B0DA1233,1,GU-8040F2E103A0,38,F
B-FBE9065B1AC1,C-EDB3B0DA1233,2,GU-C91FB444A277,45,M
B-FBE9065B1AC1,C-EDB3B0DA1233,3,GU-59D4623B20C5,8,F
B-AD0395B2BAA1,C-76FF2DE187D7,1,GU-BC5A2B449198,,
B-AD0395B2BAA1,C-76FF2DE187D7,2,GU-D3DE98B10383,,
B-7F67F5D3C64C,C-29448DBE341E,1,GU-610D65BB934F,42,M
B-7F67F5D3C64C,C-29448DBE341E,2,GU-F36DB58872A0,39,F
B-7F67F5D3C64C,C-29448DBE341E,3,GU-0361A8E8112D,10,F
B-7F67F5D3C64C,C-29448DBE341E,4,GU-122EDDDE6B21,4,M
B-0EC84F713173,,1,GU-02B41F4E5BFE,,
B-0EC84F713173,,2,GU-46551E3923D2,,
B-CC4586D24435,,1,GU-B5D14D3557EF,52,M
B-CC4586D24435,,2,GU-8FF034FE7CD4,13,M
B-CC4586D24435,,3,GU-9DD6B23018B9,39,F
B-D3114900EBB8,C-8476BE0A8CAB,1,GU-B60813A2E06C,,
B-D3114900EBB8,C-8476BE0A8CAB,2,GU-991AAE031C24,,
B-8C3BC3848FAC,,1,GU-4FF75DA01ADA,,
B-8C3BC3848FAC,,2,GU-42237EEA5518,,
B-5BCEF94621DE,,1,GU-6A3BECE34DC7,26,M
B-5BCEF94621DE,,2,GU-389F66527229,,
B-80A60C2C09A9,C-B66698075FE7,1,GU-A23058B49776,57,F
B-80A60C2C09A9,C-B66698075FE7,2,GU-0E56C15C8B84,57,M
B-5F12EA93DDDC,,1,GU-3985B592ED35,,
B-5F12EA93DDDC,,2,GU-AE85AC263A24,,
B-ADB5A1708865,,1,GU-68DB645C24A7,,
B-ADB5A1708865,,2,GU-A87D87E31B0A,,
B-ABA537255F09,,1,GU-CA7822BD23E1,48,F
B-ABA537255F09,,2,GU-F83606836D6D,47,M
B-113C40287F62,,1,GU-4BEC6271D18F,,
B-113C40287F62,,2,GU-78DCE95D9B4E,,
B-30D0B2981C07,,1,GU-DDC54ADB2494,,
B-30D0B2981C07,,2,GU-192524F7F32B,,
B-87BDAC9D5E76,,1,GU-65BCB12F3B7A,,
B-87BDAC9D5E76,,2,GU-616EEA81751F,,
B-E64CC36063C3,,1,GU-385BE9AB756F,,
B-E64CC36063C3,,2,GU-593D3F1CC76F,,
B-E64CC36063C3,,3,GU-7CAA034C241B,,
B-E64CC36063C3,,4,GU-BEDF99FCDE5D,,
B-0F6FF1BF6FAB,,1,GU-A2541CD63092,,
B-0F6FF1BF6FAB,,2,GU-55E3F6D623CF,,
B-4E9BED0D7CA2,C-8A5D15D3DFAC,1,GU-EA7B1AB95208,43,M
B-4E9BED0D7CA2,C-8A5D15D3DFAC,2,GU-D94F988B6032,42,F
B-4E9BED0D7CA2,C-8A5D15D3DFAC,3,GU-57914C9ACABF,13,F
B-4E9BED0D7CA2,C-8A5D15D3DFAC,4,GU-38F26440A738,8,F
B-4E9BED0D7CA2,C-8A5D15D3DFAC,5,GU-70E4A3C78D08,3,M
B-9390CE088068,C-7E5604C2AF18,1,GU-3B4F70C757B4,44,M
B-9390CE088068,C-7E5604C2AF18,2,GU-9D03DBBC69B7,40,F
B-9390CE088068,C-7E5604C2AF18,3,GU-978C2CEE6700,7,F
B-9390CE088068,C-7E5604C2AF18,4,GU-ACD50545963C,3,M
B-10F9B5FD0B06,C-7E5604C2AF18,1,GU-56A49E78A00C,39,M
B-10F9B5FD0B06,C-7E5604C2AF18,2,GU-130106C25E82,2,M
B-10F9B5FD0B06,C-7E5604C2AF18,3,GU-E78102C8F2C7,6,M
B-10F9B5FD0B06,C-7E5604C2AF18,4,GU-2A1F3F7B9D30,40,F
B-9220814C8B58,C-C5F867C5B7DC,1,GU-A77A72C6E396,70,M
B-9220814C8B58,C-C5F867C5B7DC,2,GU-F4D99524D187,73,F
B-4B003871E1F5,C-A97AEB542671,1,GU-A24FBB1C0435,62,M
B-4B003871E1F5,C-A97AEB542671,2,GU-53011405A482,50,F
B-4B003871E1F5,C-A97AEB542671,3,GU-B15F7AA91630,9,M
B-5BC126E295B7,C-7E5604C2AF18,1,GU-5D14033DA3BD,45,M
B-5BC126E295B7,C-7E5604C2AF18,2,GU-8BD3FE6257FD,46,F
B-5BC126E295B7,C-7E5604C2AF18,3,GU-9461423CF3E0,10,M
B-FCD0A0ACE204,C-7E5604C2AF18,1,GU-C5750AB53E57,50,M
B-FCD0A0ACE204,C-7E5604C2AF18,2,GU-5A9A9E1A2171,9,M
B-FCD0A0ACE204,C-7E5604C2AF18,3,GU-290E39C3D602,5,F
B-FCD0A0ACE204,C-7E5604C2AF18,4,GU-79D7E430B3B9,11,F
B-FCD0A0ACE204,C-7E5604C2AF18,5,GU-C7EF3040A1A6,42,F
B-D44D5A957E91,C-7E5604C2AF18,1,GU-5EE16E54F585,40,F
B-D44D5A957E91,C-7E5604C2AF18,2,GU-B702CF312ADA,40,M
B-D44D5A957E91,C-7E5604C2AF18,3,GU-CA2FDB7B40F4,6,M
B-D44D5A957E91,C-7E5604C2AF18,4,GU-AA05AB16C342,9,M
B-6F3E184E106E,C-7E5604C2AF18,1,GU-1F0C7CEBAB2E,,
B-6F3E184E106E,C-7E5604C2AF18,2,GU-B216F0F5DF1D,,
B-6F3E184E106E,C-7E5604C2AF18,3,GU-F34267758341,,
B-6F3E184E106E,C-7E5604C2AF18,4,GU-864CC2FA295A,,
B-5A689F7E6509,C-5EF7C8F98E75,1,GU-5657A74E240A,58,M
B-5A689F7E6509,C-5EF7C8F98E75,2,GU-063541B38DAF,48,F
B-5A689F7E6509,C-5EF7C8F98E75,3,GU-C8ED4D87B38D,7,F
B-5A689F7E6509,C-5EF7C8F98E75,4,GU-F6F610A79491,9,F
B-5A689F7E6509,C-5EF7C8F98E75,5,GU-64E9E59BD015,75,F
B-88230533A772,C-F452F6F989D1,1,GU-E70A9035C080,41,F
B-88230533A772,C-F452F6F989D1,2,GU-991A2A607DA1,57,M
B-88230533A772,C-F452F6F989D1,3,GU-37869903F28A,7,F
B-88230533A772,C-F452F6F989D1,4,GU-B2D92044559F,4,F
B-FE0B7AF2E422,C-BACE261217FE,1,GU-2A558D9F3BCD,42,F
B-FE0B7AF2E422,C-BACE261217FE,2,GU-A7B0C22D138E,45,M
B-FE0B7AF2E422,C-BACE261217FE,3,GU-8E31A470C6BA,15,F
B-FE0B7AF2E422,C-BACE261217FE,4,GU-9598563AC05C,12,M
B-1EBEDCAEA220,C-6B6D49C92CC8,1,GU-EED1F10CF46E,45,F
B-1EBEDCAEA220,C-6B6D49C92CC8,2,GU-DA0CD226C204,10,F
B-1EBEDCAEA220,C-6B6D49C92CC8,3,GU-23431C9D78E0,43,M
B-BFC235B44BA6,C-43064B6F4592,1,GU-14EC6A23194A,55,M
B-BFC235B44BA6,C-43064B6F4592,2,GU-A7224D07CE71,55,F
B-BFC235B44BA6,C-43064B6F4592,3,GU-E2CEB129F540,15,F
B-BFC235B44BA6,C-43064B6F4592,4,GU-23B6A19ACB60,14,F
B-3135550F78F8,C-DE5C2BA5A556,1,GU-E37F1654CB72,65,F
B-3135550F78F8,C-DE5C2BA5A556,2,GU-DCE082C945B3,65,M
B-D9A4DBF9722C,C-C793DA7E6070,1,GU-3E43C32558F0,51,M
B-D9A4DBF9722C,C-C793DA7E6070,2,GU-675904B5687B,44,F
B-D9A4DBF9722C,C-C793DA7E6070,3,GU-0217949F506C,12,F
B-D9A4DBF9722C,C-C793DA7E6070,4,GU-620817B44196,9,M
B-D9A4DBF9722C,C-C793DA7E6070,5,GU-9847679AAF2C,7,M
B-C6E1623661F5,C-E9E11AC0B2A0,1,GU-6BCA2FE74FC9,48,F
B-C6E1623661F5,C-E9E11AC0B2A0,2,GU-63C951BBEA26,49,M
B-C6E1623661F5,C-E9E11AC0B2A0,3,GU-C9D4536C7FDC,16,F
B-C6E1623661F5,C-E9E11AC0B2A0,4,GU-2AAC6BE4B194,14,F
B-C6E1623661F5,C-E9E11AC0B2A0,5,GU-83AB77406F37,12,M
B-58D45B88AA92,C-F0900F372BCF,1,GU-17A96C4D9A56,51,F
B-58D45B88AA92,C-F0900F372BCF,2,GU-F7A3FC70D3DF,50,M
B-58D45B88AA92,C-F0900F372BCF,3,GU-5E55E3CC895C,15,M
B-58D45B88AA92,C-F0900F372BCF,4,GU-A983184908AF,13,M
B-25CEEEA97438,C-4A080123A60B,1,GU-6F56786CCAB1,45,F
B-25CEEEA97438,C-4A080123A60B,2,GU-3571E6006555,53,M
B-25CEEEA97438,C-4A080123A60B,3,GU-F4247A9B90E1,17,M
B-25CEEEA97438,C-4A080123A60B,4,GU-09404F01C474,9,M
B-AF8D8B71416A,C-495A386E4F3A,1,GU-4045F8120257,49,M
B-AF8D8B71416A,C-495A386E4F3A,2,GU-B5F190D3A582,49,F
B-AF8D8B71416A,C-495A386E4F3A,3,GU-78B5FF980D4F,6,F
B-9A7DD8DEA20F,C-CCD6163408DE,1,GU-8C7922D517BC,,
B-9A7DD8DEA20F,C-CCD6163408DE,2,GU-969DAC7E710F,,
B-9A7DD8DEA20F,C-CCD6163408DE,3,GU-49167963F28D,,
B-9A7DD8DEA20F,C-CCD6163408DE,4,GU-59F4492AB116,,
B-DA8ABC4BCA6D,C-3F8552551F97,1,GU-D234A02DE62B,,
B-DA8ABC4BCA6D,C-3F8552551F97,2,GU-B4DF32011708,,
B-DA8ABC4BCA6D,C-3F8552551F97,3,GU-2841D32CD95F,,
B-0AA843173236,C-3F8552551F97,1,GU-24E10B154D78,,
B-0AA843173236,C-3F8552551F97,2,GU-0DB4C986E8D9,,
B-0AA843173236,C-3F8552551F97,3,GU-E2A54D620897,,
B-ACA722EC3D60,C-87BA2328869A,1,GU-D489253DA203,49,M
B-ACA722EC3D60,C-87BA2328869A,2,GU-A9DB2B7BD1E7,16,F
B-ACA722EC3D60,C-87BA2328869A,3,GU-84105759A5CF,50,F
B-ACA722EC3D60,C-87BA2328869A,4,GU-8A79C84DD78E,19,M
B-ACA722EC3D60,C-87BA2328869A,5,GU-AE070AB1F84F,9,M
B-ACA722EC3D60,C-87BA2328869A,6,GU-13DE2812C59B,5,M
B-0504CDAB1BD0,C-F3ED5E05F6FA,1,GU-CEB8C6CFE91D,,
B-0504CDAB1BD0,C-F3ED5E05F6FA,2,GU-84F4B1E939D7,,
B-0504CDAB1BD0,C-F3ED5E05F6FA,3,GU-8CC460508BF5,,
B-0504CDAB1BD0,C-F3ED5E05F6FA,4,GU-E906ABF1E890,,
B-486AF8C68852,C-AB60A4117596,1,GU-3721D561842A,62,F
B-486AF8C68852,C-AB60A4117596,2,GU-C95C8263AF85,66,M
B-8BD1781281B4,C-43FE1BFAB55E,1,GU-C8B5ADAA9F11,,
B-8BD1781281B4,C-43FE1BFAB55E,2,GU-4007F21F26E7,,
B-174F9EA654A5,C-002A49F1A81F,1,GU-ED7F595CCC32,59,M
B-174F9EA654A5,C-002A49F1A81F,2,GU-1C675D6AD7AC,51,F
B-174F9EA654A5,C-002A49F1A81F,3,GU-D4B7BA000E5D,24,F
B-174F9EA654A5,C-002A49F1A81F,4,GU-12F2B6A793C0,22,M
B-4E2682BE3B55,C-96B4838E0DFD,1,GU-80BA5BBE132B,47,M
B-4E2682BE3B55,C-96B4838E0DFD,2,GU-D027AB2F6E50,46,F
B-4E2682BE3B55,C-96B4838E0DFD,3,GU-84F3C992B706,7,F
B-55801BAA79DD,C-8441E05D3CF6,1,GU-51BE3D7C2BD4,58,M
B-55801BAA79DD,C-8441E05D3CF6,2,GU-92E7D9D82CE3,57,F
B-770DF28DCDE3,C-FD2FD6758ACC,1,GU-42F35BBC827E,,
B-770DF28DCDE3,C-FD2FD6758ACC,2,GU-2BFC14C8E03A,,
B-770DF28DCDE3,C-FD2FD6758ACC,3,GU-B1032DD335A8,,
B-770DF28DCDE3,C-FD2FD6758ACC,4,GU-FF386C9BCA2B,,
B-8A7E35AFD51E,C-3C4BF5CDF3D8,1,GU-CF99B1275977,32,M
B-8A7E35AFD51E,C-3C4BF5CDF3D8,2,GU-C4F49AC70D14,31,F
B-8A7E35AFD51E,C-3C4BF5CDF3D8,3,GU-6C1F0FFAFE18,1,M
B-8485AF337A72,C-0E4FA6A8C6E2,1,GU-41F915E2918F,40,M
B-8485AF337A72,C-0E4FA6A8C6E2,2,GU-904FD9CE2A8E,41,F
B-8485AF337A72,C-0E4FA6A8C6E2,3,GU-691E3BCC4F7A,8,F
B-8485AF337A72,C-0E4FA6A8C6E2,4,GU-EAAFA0A5D7F4,13,F
B-AAB72C3311DE,C-F74005C55401,1,GU-6F7818FD93F5,62,F
B-AAB72C3311DE,C-F74005C55401,2,GU-47024D0B04E5,65,M
B-57D00CCB7107,C-B811E4AE9C65,1,GU-679809004378,42,M
B-57D00CCB7107,C-B811E4AE9C65,2,GU-345AE00CBCCE,40,F
B-57D00CCB7107,C-B811E4AE9C65,3,GU-1BB145C30B2A,2,M
B-A487A96352EF,C-831D24EC38CE,1,GU-C5D9788A280D,41,M
B-A487A96352EF,C-831D24EC38CE,2,GU-681E41446F61,40,F
B-A487A96352EF,C-831D24EC38CE,3,GU-6ED0AA0654CF,7,M
B-A487A96352EF,C-831D24EC38CE,4,GU-F53B4AD792A8,2,M
B-066EE492EF6F,C-CE02DCA6892A,1,GU-DC435B0009B2,54,M
B-066EE492EF6F,C-CE02DCA6892A,2,GU-E3FC5D451841,50,F
B-066EE492EF6F,C-CE02DCA6892A,3,GU-F2816D20DF16,25,F
B-066EE492EF6F,C-CE02DCA6892A,4,GU-E875C57ADE16,22,M
B-066EE492EF6F,C-CE02DCA6892A,5,GU-7E40BE48636E,17,F
B-BF208A6BFAD8,C-A08833542E6A,1,GU-8B13C365BC15,57,F
B-BF208A6BFAD8,C-A08833542E6A,2,GU-C9FF452557A7,59,M
B-D887492DC8A6,C-A08833542E6A,1,GU-63180692C683,75,M
B-D887492DC8A6,C-A08833542E6A,2,GU-64AADD4C6B75,68,F
B-C3934C96FDC1,C-0E4FA6A8C6E2,1,GU-06CE1763E7EF,49,M
B-C3934C96FDC1,C-0E4FA6A8C6E2,2,GU-646B6F999178,43,F
B-C3934C96FDC1,C-0E4FA6A8C6E2,3,GU-141F3EFB56D0,10,M
B-C3934C96FDC1,C-0E4FA6A8C6E2,4,GU-0D32843AFDD5,6,M
B-985F67253453,C-66FAEB292A9E,1,GU-45E51400C2EF,56,M
B-985F67253453,C-66FAEB292A9E,2,GU-B40FB8DCF7FD,49,F
B-985F67253453,C-66FAEB292A9E,3,GU-222120106624,6,M
B-985F67253453,C-66FAEB292A9E,4,GU-2FE85B443989,6,M
B-985F67253453,C-66FAEB292A9E,5,GU-5962DB0F1C20,6,F
B-02DB8CFC34EA,C-16E871159E30,1,GU-0C8BDD9F8475,43,M
B-02DB8CFC34EA,C-16E871159E30,2,GU-45F449E857E4,14,F
B-02DB8CFC34EA,C-16E871159E30,3,GU-ED7EDC0E8CD8,7,F
B-02DB8CFC34EA,C-16E871159E30,4,GU-7869BC06BADF,42,F
B-0CDE34315050,C-88763932B1D5,1,GU-7588C3F20E11,49,
B-0CDE34315050,C-88763932B1D5,2,GU-439ABBD40C0C,44,
B-0CDE34315050,C-88763932B1D5,3,GU-7D9DCC56BD1F,15,
B-0CDE34315050,C-88763932B1D5,4,GU-DC8ED63B5E92,14,
B-0CDE34315050,C-88763932B1D5,5,GU-467D1391E30A,5,
B-D809A3C9FA37,C-AF9514B76B95,1,GU-5521A42C74CA,41,F
B-D809A3C9FA37,C-AF9514B76B95,2,GU-533F7D284170,44,M
B-D809A3C9FA37,C-AF9514B76B95,3,GU-E5B18C9EB2AD,10,F
B-D809A3C9FA37,C-AF9514B76B95,4,GU-568036CDDDC4,5,M
B-85E2D38834AD,C-EF51381103DA,1,GU-DFE49D3B62D2,19,F
B-85E2D38834AD,C-EF51381103DA,2,GU-3997CE981339,50,M
B-85E2D38834AD,C-EF51381103DA,3,GU-8A36E35EE102,44,F
B-824AF4BBD399,C-550875285790,1,GU-F5355FBB09CA,70,M
B-824AF4BBD399,C-550875285790,2,GU-3FAB8C704C08,61,F
B-50E31E961B96,C-1851766B9D7A,1,GU-9B1153158FFA,59,F
B-50E31E961B96,C-1851766B9D7A,2,GU-5F185FF15442,82,F
B-C4CB0E7437B6,C-E64D42299C7B,1,GU-3C676FA7A448,72,M
B-C4CB0E7437B6,C-E64D42299C7B,2,GU-6ED6F2F1E9ED,69,F
B-46B7CEDC03AA,C-FFA96C57DC48,1,GU-A67C8BB60FAE,44,F
B-46B7CEDC03AA,C-FFA96C57DC48,2,GU-EFBD9EBB124E,43,M
B-46B7CEDC03AA,C-FFA96C57DC48,3,GU-35D26B083896,8,F
B-46B7CEDC03AA,C-FFA96C57DC48,4,GU-10005DCF6A9A,4,M
B-DB137A1ABF5E,C-3417BFAB333A,1,GU-CF346C018751,49,F
B-DB137A1ABF5E,C-3417BFAB333A,2,GU-C46E37A7442B,12,M
B-DB137A1ABF5E,C-3417BFAB333A,3,GU-C5B58AD7BFC9,60,M
B-4F20E1861638,C-246D89001B70,1,GU-12577598DC4C,39,M
B-4F20E1861638,C-246D89001B70,2,GU-B5B624F0CA66,18,M
B-4F20E1861638,C-246D89001B70,3,GU-0FB5C27104F0,8,F
B-4F20E1861638,C-246D89001B70,4,GU-06D4D91811A1,39,F
B-4F20E1861638,C-246D89001B70,5,GU-5357BB790D3A,13,M
B-0DEBF4DF8FB4,C-CDE22E73F2F1,1,GU-15F82C104F67,45,F
B-0DEBF4DF8FB4,C-CDE22E73F2F1,2,GU-9AF5894FC3B1,46,M
B-0DEBF4DF8FB4,C-CDE22E73F2F1,3,GU-9998C8E576D3,7,M
B-0DEBF4DF8FB4,C-CDE22E73F2F1,4,GU-9862F2E58B73,4,F
B-E13706E5F92B,C-48FFA25373CD,1,GU-469FE3DC467C,67,M
B-E13706E5F92B,C-48FFA25373CD,2,GU-2EBAAD95E12C,63,F
B-19C41D7F1E0F,C-2CEDC63C8FBE,1,GU-9D419DE8B500,,
B-19C41D7F1E0F,C-2CEDC63C8FBE,2,GU-2364B875E84D,,
B-9B629D478DEA,C-0E4FA6A8C6E2,1,GU-17A5CB894FA2,66,F
B-9B629D478DEA,C-0E4FA6A8C6E2,2,GU-0C11BC739820,71,M
B-490ADCABB949,C-BF1924961459,1,GU-394EC8C76B1D,41,F
B-490ADCABB949,C-BF1924961459,2,GU-788CA05802C1,9,F
B-490ADCABB949,C-BF1924961459,3,GU-318832479ABB,14,F
B-490ADCABB949,C-BF1924961459,4,GU-25F54ACDA731,47,M
B-14FDD0FB43C7,C-547F0285858A,1,GU-6703C8DB60D9,45,M
B-14FDD0FB43C7,C-547F0285858A,2,GU-1B20F2682866,40,F
B-14FDD0FB43C7,C-547F0285858A,3,GU-DD4AE74A9CA3,14,F
B-14FDD0FB43C7,C-547F0285858A,4,GU-AE7006FD36E8,21,M
B-740E177DD7E3,C-05AB23437F2B,1,GU-F438332DFFDB,41,M
B-740E177DD7E3,C-05AB23437F2B,2,GU-A9E0CC60F81C,32,F
B-3D50E0D237BA,C-378FA12FB1C8,1,GU-80ACC590C981,42,F
B-3D50E0D237BA,C-378FA12FB1C8,2,GU-F2148D09B855,7,M
B-3D50E0D237BA,C-378FA12FB1C8,3,GU-40E919FCC598,12,M
B-3D50E0D237BA,C-378FA12FB1C8,4,GU-4F76D0B11B07,42,M
B-12BCACD57DE3,C-EE35C8E2EF9B,1,GU-FAB1F524BE0E,,
B-12BCACD57DE3,C-EE35C8E2EF9B,2,GU-DE38EA0261B0,,
B-12BCACD57DE3,C-EE35C8E2EF9B,3,GU-5E6A5B879C71,,
B-12BCACD57DE3,C-EE35C8E2EF9B,4,GU-1FA73FC82FAC,,
B-72905D8A0809,C-445759321875,1,GU-4F96D530AF11,44,M
B-72905D8A0809,C-445759321875,2,GU-2BAE7597688E,42,F
B-72905D8A0809,C-445759321875,3,GU-68166AE92A70,9,M
B-72905D8A0809,C-445759321875,4,GU-CA209711CE76,6,F
B-394927546174,C-A0831726B380,1,GU-0984F5EB89FE,,
B-394927546174,C-A0831726B380,2,GU-68203F17D18D,,
B-ED9D59122BC0,C-A0831726B380,1,GU-84D303ED620C,,
B-ED9D59122BC0,C-A0831726B380,2,GU-21CAB71511BA,,
B-8741B8B48D7B,C-4395E59BA6D2,1,GU-84A690E4AC1F,0,
B-8741B8B48D7B,C-4395E59BA6D2,2,GU-284103CF9A0F,0,
B-8741B8B48D7B,C-4395E59BA6D2,3,GU-6F18CE95A954,0,
B-8741B8B48D7B,C-4395E59BA6D2,4,GU-14BE3C1E6F8A,0,
B-8741B8B48D7B,C-4395E59BA6D2,5,GU-7D986BDC5FC8,0,
B-016990BE191B,C-3833BECE7114,1,GU-1E5E5690B1FC,52,
B-016990BE191B,C-3833BECE7114,2,GU-A71D68D8A6FC,54,
B-016990BE191B,C-3833BECE7114,3,GU-6E841A45C199,50,
B-C57D33FB166D,C-08B1A9C6CD33,1,GU-3DCDD64B057D,,
B-C57D33FB166D,C-08B1A9C6CD33,2,GU-2873E52DB291,,
B-CA17973774FE,C-F087E724EA34,1,GU-53088622893D,,
B-CA17973774FE,C-F087E724EA34,2,GU-42D16611351F,,
B-E290E4E63BE7,C-F087E724EA34,1,GU-9C6DFF534F71,,
B-E290E4E63BE7,C-F087E724EA34,2,GU-551EDE9B5C49,,
B-218C8397B5E1,C-5C9A8A20E817,1,GU-10B235DECF0C,,
B-218C8397B5E1,C-5C9A8A20E817,2,GU-17007E16ECDF,,
B-8B9276C9440C,C-EB1BC6D1F8C9,1,GU-3EE3E78CBBAF,,
B-8B9276C9440C,C-EB1BC6D1F8C9,2,GU-5A18DB9AF577,,
B-CD3FE2A080A6,C-9EDCFE2C81E1,1,GU-AE7E0CDAA805,42,F
B-CD3FE2A080A6,C-9EDCFE2C81E1,2,GU-94B14DFA852E,50,M
B-CD3FE2A080A6,C-9EDCFE2C81E1,3,GU-40BFE913CA60,6,M
B-CD3FE2A080A6,C-9EDCFE2C81E1,4,GU-B18C96B50B1F,10,M
B-258686B77DCB,C-164A97AAEC19,1,GU-06226772BE7F,,
B-258686B77DCB,C-164A97AAEC19,2,GU-EB4AAAC1B277,,
B-258686B77DCB,C-164A97AAEC19,3,GU-0CC8D4043AEA,,
B-258686B77DCB,C-164A97AAEC19,4,GU-DC6249B62AF1,,
B-FDE30F3F0779,C-56B134F2B3AA,1,GU-0A50AF986CE0,38,F
B-FDE30F3F0779,C-56B134F2B3AA,2,GU-31140E1952EC,37,M
B-4ED75A87A3AE,C-E11E863BD2E0,1,GU-0AB797FA4FD9,39,M
B-4ED75A87A3AE,C-E11E863BD2E0,2,GU-E59E04D2741D,39,F
B-E26AE42C5230,C-855CC9EE833A,1,GU-37DF9EF84520,55,M
B-E26AE42C5230,C-855CC9EE833A,2,GU-F7872D7DF1BB,49,F
B-DE5C84C0135C,,1,GU-A08E852D7BBD,,
B-DE5C84C0135C,,2,GU-70608C5A805E,,
B-DE5C84C0135C,,3,GU-63224F0B6453,,
B-DE5C84C0135C,,4,GU-D03D043C307F,,
B-DE5C84C0135C,,5,GU-E8DEEC632D4D,,
B-ACF6ADA821E1,C-AA9F2AAB3CA0,1,GU-F67CA05DA874,,
B-ACF6ADA821E1,C-AA9F2AAB3CA0,2,GU-D9BAFC57A352,,
B-40B37602FF36,,1,GU-A6AADB65A94D,,
B-40B37602FF36,,2,GU-A04D1E484231,,
B-40B37602FF36,,3,GU-57CE173AA48C,,
B-40B37602FF36,,4,GU-8F9B50409D14,,
B-40B37602FF36,,5,GU-06C51D3507C0,,
B-40B37602FF36,,6,GU-B7C1A6BB25F4,,
B-D7B533D8A49B,,1,GU-7E88CA41C817,70,F
B-D7B533D8A49B,,2,GU-A06217F834D5,43,F
B-D7B533D8A49B,,3,GU-956971D1C636,7,M
B-D7B533D8A49B,,4,GU-279CE00B676E,40,M
B-D7B533D8A49B,,5,GU-A062934F054B,9,F
B-2FE272CD5C5F,C-DCF9D2D917E5,1,GU-6DE93F0D89DF,,
B-2FE272CD5C5F,C-DCF9D2D917E5,2,GU-78E0748F7DC0,,
B-2FE272CD5C5F,C-DCF9D2D917E5,3,GU-969591E5F44E,,
B-1EAC748E520C,C-C92EA13E8333,1,GU-39BA082F9C91,50,M
B-1EAC748E520C,C-C92EA13E8333,2,GU-782FA257C7DF,51,F
B-1EAC748E520C,C-C92EA13E8333,3,GU-7D5AF4F7B91A,16,M
B-1EAC748E520C,C-C92EA13E8333,4,GU-C190992FB087,11,F
B-E0279ACCF444,C-D5158ED50E1C,1,GU-76869826B64C,46,M
B-E0279ACCF444,C-D5158ED50E1C,2,GU-8A8CBE22536F,44,F
B-E0279ACCF444,C-D5158ED50E1C,3,GU-8FF65B7E4011,5,M
B-E0279ACCF444,C-D5158ED50E1C,4,GU-CC3983FB96F6,2,M
B-7F66E337CBA5,,1,GU-35F9E33B5DAF,52,F
B-7F66E337CBA5,,2,GU-7A727316BAE5,57,M
B-7F66E337CBA5,,3,GU-6CFEC8AEA78D,20,M
B-7F66E337CBA5,,4,GU-CFAB627DC670,13,M
B-C21571232339,,1,GU-6EE81929CC81,23,M
B-C21571232339,,2,GU-9C94CF981048,23,M
B-C21571232339,,3,GU-DD8969A731D7,23,M
B-C21571232339,,4,GU-3148CF9C94B8,22,M
B-D21C990A8AB4,,1,GU-62B6CE5BFA05,40,F
B-D21C990A8AB4,,2,GU-21560CE91B13,51,M
B-D21C990A8AB4,,3,GU-36898F0D7172,11,F
B-D21C990A8AB4,,4,GU-3318ACFE2CC1,9,M
B-21D4A4ABC4F2,,1,GU-C32A3A97CD54,35,F
B-21D4A4ABC4F2,,2,GU-5AF891865F1B,3,F
B-21D4A4ABC4F2,,3,GU-3B8167D318F3,32,M
B-B608CEC07C36,,1,GU-05519D7DE577,74,F
B-B608CEC07C36,,2,GU-999F0A761729,13,F
B-B608CEC07C36,,3,GU-E4FF07398573,45,F
B-B608CEC07C36,,4,GU-2C86839A5667,7,F
B-B608CEC07C36,,5,GU-63FDB6F331E6,46,M
B-62FB84A3C308,,1,GU-43CCFEFDFCEF,59,M
B-62FB84A3C308,,2,GU-5C37F89056B3,51,F
B-F5A608D3585E,,1,GU-76DE554416E3,54,M
B-F5A608D3585E,,2,GU-BB361F579781,47,F
B-F5A608D3585E,,3,GU-F49B30B09AF7,15,M
B-F5A608D3585E,,4,GU-1F548661E644,19,F
B-F5A608D3585E,,5,GU-D828283E5CAD,20,F
B-8AD779A658A0,,1,GU-5FB022DD3373,,
B-8AD779A658A0,,2,GU-9A9A67AD5659,,
B-CFA9850ABE6F,,1,GU-552484639070,47,F
B-CFA9850ABE6F,,2,GU-71479C401FA0,51,M
B-CFA9850ABE6F,,3,GU-E7ADB783F80F,19,F
B-CFA9850ABE6F,,4,GU-A52C87097C54,18,F
B-CFA9850ABE6F,,5,GU-97E129FED3B2,15,M
B-D146C9D511FA,,1,GU-FDDF5044816B,71,M
B-D146C9D511FA,,2,GU-919E19F49A4E,68,F
B-D146C9D511FA,,3,GU-4ECCEED50563,38,F
B-871014440D10,,1,GU-2DA645834F4D,27,M
B-871014440D10,,2,GU-A91D06D3DA1D,28,F
B-CC6FB39E783A,,1,GU-221938AAF2A4,65,F
B-CC6FB39E783A,,2,GU-BFA8854FDCB9,70,M
B-E5682661AF67,,1,GU-9C7569458A85,,
B-E5682661AF67,,2,GU-2E24A037C277,,
B-E5682661AF67,,3,GU-B4BAA2E098B2,,
B-E5682661AF67,,4,GU-DB49E6C03DD7,,
B-56F8DEBAC7E5,,1,GU-A5FEA43A00CB,49,F
B-56F8DEBAC7E5,,2,GU-1ECD8864AB3C,50,M
B-56F8DEBAC7E5,,3,GU-1AB741651D2B,14,M
B-56F8DEBAC7E5,,4,GU-E0C85EE544DB,14,F
B-61EDB758B78C,,1,GU-1A6201C59332,46,M
B-61EDB758B78C,,2,GU-E34A64FF199A,43,F
B-61EDB758B78C,,3,GU-8657D88EC828,15,M
B-61EDB758B78C,,4,GU-8E1E450DB9A2,12,M
B-52F5C464348F,C-1E2553E6AA01,1,GU-A93F21981551,40,F
B-52F5C464348F,C-1E2553E6AA01,2,GU-3E887368AD31,43,M
B-2EA14AD0A497,C-0B6A0A357499,1,GU-3CE39B0DFDC9,71,M
B-2EA14AD0A497,C-0B6A0A357499,2,GU-D127A092CB4F,69,F
B-1E910108F1F0,C-58F186E95F34,1,GU-C1341E6D5D68,,
B-1E910108F1F0,C-58F186E95F34,2,GU-E2B6D3A8AA50,,
B-1E910108F1F0,C-58F186E95F34,3,GU-550E2A3EEB29,,
B-96E0EAD832CB,C-58F186E95F34,1,GU-EAEA46820BAF,,
B-96E0EAD832CB,C-58F186E95F34,2,GU-F7764BDC46A3,,
B-96E0EAD832CB,C-58F186E95F34,3,GU-94E78ED6E2A1,,
B-5F998B546806,,1,GU-CD872A5F85AE,52,F
B-5F998B546806,,2,GU-1EFB56171A5F,54,M
B-5F998B546806,,3,GU-DC2FACE5860D,,
B-5F998B546806,,4,GU-D2740EAA98EA,,
B-36E343C8FF64,,1,GU-D18D63724D51,,
B-36E343C8FF64,,2,GU-CD9E46BE1F44,,
B-36E343C8FF64,,3,GU-6E221B2FC434,,
B-36E343C8FF64,,4,GU-1DB7BAE73B44,,
B-36E343C8FF64,,5,GU-1A8B4F1D1025,,
B-36E343C8FF64,,6,GU-BBA36AB12916,,
B-FBE67EEA2780,,1,GU-BD5F87F9AC4A,80,M
B-FBE67EEA2780,,2,GU-03B55A8388E7,77,F
B-FBE67EEA2780,,3,GU-537221B7F9A4,49,M
B-4489C7B0D93A,,1,GU-75871C1B0973,58,F
B-4489C7B0D93A,,2,GU-1C435EAF1D03,20,M
B-4489C7B0D93A,,3,GU-FCA321486659,63,M
B-B5C8AA4E7197,,1,GU-55EABBDE0290,51,F
B-B5C8AA4E7197,,2,GU-272D7AE17483,54,M
B-BECB6814A569,C-E95CB24F40F3,1,GU-C0FE39B090F4,48,
B-BECB6814A569,C-E95CB24F40F3,2,GU-BB21FB6624D6,46,
B-FB4A94C680ED,,1,GU-2A2F5729A1E4,54,M
B-FB4A94C680ED,,2,GU-480246962F82,15,M
B-FB4A94C680ED,,3,GU-148E57A1231A,54,M
B-A2E8DDBC2B80,,1,GU-D784D81D0F62,70,F
B-A2E8DDBC2B80,,2,GU-23DB15D68B48,32,F
B-A2E8DDBC2B80,,3,GU-2317BD4C29D7,12,M
B-A2E8DDBC2B80,,4,GU-79920F9327D0,10,F
B-DA01F2F5F4BA,,1,GU-5BFADCBC3B69,75,M
B-DA01F2F5F4BA,,2,GU-A25FA3EBCF6E,45,F
B-DA01F2F5F4BA,,3,GU-6976FD301A34,40,M
B-DA01F2F5F4BA,,4,GU-0C2E6A4142CF,18,F
B-DA01F2F5F4BA,,5,GU-1DD1F1EE2C0E,38,F
B-DA01F2F5F4BA,,6,GU-E37751BB02F5,51,M
B-54069A84F7B6,,1,GU-4A2CBAE01041,54,M
B-54069A84F7B6,,2,GU-6FD0B137E9FB,23,F
B-54069A84F7B6,,3,GU-1A6E66964624,20,M
B-54069A84F7B6,,4,GU-AAACBA24A51A,50,F
B-54069A84F7B6,,5,GU-CE53576FB958,59,M
B-54069A84F7B6,,6,GU-53D9FB9A2EA1,56,F
B-05BDE8ED19F3,,1,GU-B4F92936AF62,50,F
B-05BDE8ED19F3,,2,GU-BD93283DC8C4,56,M
B-05BDE8ED19F3,,3,GU-0E55B2AAFC98,24,M
B-05BDE8ED19F3,,4,GU-EF83A4AE5945,18,F
B-05BDE8ED19F3,,5,GU-7B0F4E429232,15,F
B-05BDE8ED19F3,,6,GU-D4D4464240A8,48,F
B-AD5EDED460F5,,1,GU-DEC1E750780F,62,M
B-AD5EDED460F5,,2,GU-2FDE1C0D8EBC,58,F
B-AD5EDED460F5,,3,GU-BC61C29C66D7,,
B-AD5EDED460F5,,4,GU-51A318A0525C,,
B-AD5EDED460F5,,5,GU-E3F2E29B04A3,,
B-AD5EDED460F5,,6,GU-CB3B410C9D22,,
B-6A1CEB9E2F0E,,1,GU-DDD95DA12884,47,F
B-6A1CEB9E2F0E,,2,GU-9D433598AF6E,15,M
B-6A1CEB9E2F0E,,3,GU-0A7EE920FFA3,57,F
B-6A1CEB9E2F0E,,4,GU-32628E7540A3,19,M
B-6A1CEB9E2F0E,,5,GU-3F77B9A06807,86,F
B-CE59AA75309F,,1,GU-C85CBA780D22,46,F
B-CE59AA75309F,,2,GU-7DABC74745CF,16,F
B-CE59AA75309F,,3,GU-26F57303B9EE,46,M
B-553EE9EB1D5C,,1,GU-0B39E1700A72,,
B-553EE9EB1D5C,,2,GU-B7D6925EEB99,,
B-553EE9EB1D5C,,3,GU-C83168688EC5,,
B-553EE9EB1D5C,,4,GU-285F94BAD8CB,,
B-DE955286E01D,C-9008ED108B32,1,GU-FFF53C9751EB,,
B-DE955286E01D,C-9008ED108B32,2,GU-68C1F7125A7D,,
B-DE955286E01D,C-9008ED108B32,3,GU-A45BF1A38F4A,,
B-847EBEDA6B19,C-9008ED108B32,1,GU-582371C94933,,
B-847EBEDA6B19,C-9008ED108B32,2,GU-382D7DBF96AE,,
B-D7B49D2B8D26,C-B9222EB8829B,1,GU-F198B82F25C5,43,F
B-D7B49D2B8D26,C-B9222EB8829B,2,GU-6C68E921D8C7,37,M
B-D7B49D2B8D26,C-B9222EB8829B,3,GU-CCC76D78D9F0,6,M
B-66ABA00BF265,,1,GU-0249090B0D56,46,M
B-66ABA00BF265,,2,GU-7B239AD1AFB3,48,F
B-66ABA00BF265,,3,GU-BF3E00735E2B,15,F
B-66ABA00BF265,,4,GU-50265ADF09C5,8,M
B-0DF51A12DFCB,,1,GU-EC8001670452,59,M
B-0DF51A12DFCB,,2,GU-AA774D98F126,55,M
B-89ED4EFAECC3,,1,GU-ACB0CAD3AAF8,46,M
B-89ED4EFAECC3,,2,GU-921B9FDC0551,43,F
B-89ED4EFAECC3,,3,GU-15201DE81E6E,20,F
B-89ED4EFAECC3,,4,GU-9F80D9822CA2,16,F
B-4F8E92C87963,,1,GU-BA7B5B550A0A,57,F
B-4F8E92C87963,,2,GU-4972EF3A8E55,60,M
B-4F8E92C87963,,3,GU-46EB4B894F02,23,F
B-4F8E92C87963,,4,GU-ABA56058D6EE,,
B-566E9E1755EE,,1,GU-3422C1EAFFCB,59,M
B-566E9E1755EE,,2,GU-90BC488D7C14,57,F
B-FA97404185EB,,1,GU-298AF1F983AA,57,M
B-FA97404185EB,,2,GU-E46C0B420D89,54,F
B-FA97404185EB,,3,GU-E2BE2CC6E384,20,M
B-FA97404185EB,,4,GU-E9230B403EDD,,
B-FA97404185EB,,5,GU-DE0587E49008,,
B-FA97404185EB,,6,GU-B52EF3836E8E,,
B-957D11024C07,,1,GU-3A9EEE54B811,53,F
B-957D11024C07,,2,GU-56E97AAE2112,56,M
B-957D11024C07,,3,GU-92586D558D0E,17,F
B-957D11024C07,,4,GU-32C154FE7C79,20,M
B-957D11024C07,,5,GU-AE1318E82C7F,,
B-957D11024C07,,6,GU-89C2A303D7ED,,
B-F9FA8F440F0F,,1,GU-7031DE8F4EE7,51,F
B-F9FA8F440F0F,,2,GU-C36234C91BB6,53,M
B-F9FA8F440F0F,,3,GU-B7C2B7D4094F,44,F
B-F9FA8F440F0F,,4,GU-0DF6E0BD04B2,6,F
B-F9FA8F440F0F,,5,GU-2BEACC581729,6,F
B-F9FA8F440F0F,,6,GU-CE61F2E35625,9,F
B-F9FA8F440F0F,,7,GU-0B3E7F6BC875,48,M
B-F9FA8F440F0F,,8,GU-D31EAFCA162A,15,M
B-14794C1515A5,,1,GU-082DD160F00D,54,F
B-14794C1515A5,,2,GU-A3508455EB0B,52,M
B-14794C1515A5,,3,GU-DB607670E5FA,18,F
B-14794C1515A5,,4,GU-A8F0491219B3,18,F
B-939B0D51DE20,,1,GU-687ADC47A987,58,M
B-939B0D51DE20,,2,GU-673E123427E5,26,M
B-939B0D51DE20,,3,GU-E2FCB42117D3,26,F
B-939B0D51DE20,,4,GU-0425B7060032,56,F
B-160FC54303FA,,1,GU-9EEE9C0666BB,53,M
B-160FC54303FA,,2,GU-22E624F39A1C,52,F
B-160FC54303FA,,3,GU-9132CA68089A,18,M
B-160FC54303FA,,4,GU-D9FFFE09DC56,,
B-1F3D962B0142,,1,GU-34ECAB7B616F,77,M
B-1F3D962B0142,,2,GU-CF0CE45435DD,75,F
B-2DC100D4E0EE,,1,GU-BCA8DFAD86A9,56,M
B-2DC100D4E0EE,,2,GU-BB0FDACF6820,55,F
B-2DC100D4E0EE,,3,GU-8BF40C72A5FC,23,F
B-2DC100D4E0EE,,4,GU-0988E4FC6D29,20,M
B-2DC100D4E0EE,,5,GU-D093E0715A94,16,F
B-6ABB2EB95A81,,1,GU-29799E468443,51,F
B-6ABB2EB95A81,,2,GU-E934935C297A,50,F
B-6ABB2EB95A81,,3,GU-C32CB09F4D56,,
B-6ABB2EB95A81,,4,GU-93C18CA0403F,,
B-6ABB2EB95A81,,5,GU-91986178D9E9,,
B-6ABB2EB95A81,,6,GU-6773B24D4149,,
B-7BEEDF6EF184,,1,GU-DAA27FAD4FC5,49,M
B-7BEEDF6EF184,,2,GU-EE165C7D0C5D,10,F
B-7BEEDF6EF184,,3,GU-03BCFD005011,11,M
B-7BEEDF6EF184,,4,GU-15324CD54797,42,F
B-7BEEDF6EF184,,5,GU-18F82FF73620,73,M
B-7BEEDF6EF184,,6,GU-AB7FA753F84C,71,F
B-A51C1090D8E4,C-9008ED108B32,1,GU-AAACA34886F0,,
B-A51C1090D8E4,C-9008ED108B32,2,GU-0C3A6D039E87,,
B-D21120F383C0,C-9008ED108B32,1,GU-E85774BEEE2A,,
B-D21120F383C0,C-9008ED108B32,2,GU-01D286F979B3,,
B-D21120F383C0,C-9008ED108B32,3,GU-6CC2DED31283,,
B-718BB7AB81A9,C-500DD9D8D6A2,1,GU-93DEE2A66649,56,F
B-718BB7AB81A9,C-500DD9D8D6A2,2,GU-0F273243FBC8,57,M
B-667BEFC72973,C-500DD9D8D6A2,1,GU-88D4DE26CFA3,21,F
B-667BEFC72973,C-500DD9D8D6A2,2,GU-10BEBB44B7F8,20,F
B-BE8D36BF2178,C-B8EDC13006BE,1,GU-1191BE0B34C9,,
B-BE8D36BF2178,C-B8EDC13006BE,2,GU-D58C7181AA61,,
B-F3E3B58F3AF2,C-D0A8B7C3D837,1,GU-3B05A20CCF51,60,M
B-F3E3B58F3AF2,C-D0A8B7C3D837,2,GU-0976F8A90900,56,F
B-976726AE39B2,C-F7983FF6D62D,1,GU-3F54B853199D,36,F
B-976726AE39B2,C-F7983FF6D62D,2,GU-58924EF1E542,43,M
B-976726AE39B2,C-F7983FF6D62D,3,GU-64729E152536,3,M
B-976726AE39B2,C-F7983FF6D62D,4,GU-DCEC32731BC7,5,M
B-728C74B64493,C-5532037B2C25,1,GU-8E859F203150,,
B-728C74B64493,C-5532037B2C25,2,GU-41FA71103601,,
B-3D3EB2E35A7F,C-5F1F24674953,1,GU-AC31BE071551,,
B-3D3EB2E35A7F,C-5F1F24674953,2,GU-7054FAE605D7,,
B-716741D32BB0,C-490E03840006,1,GU-E7ED210CD816,,
B-716741D32BB0,C-490E03840006,2,GU-07B1EE652B89,,
B-716741D32BB0,C-490E03840006,3,GU-EF284F473D82,,
B-BC6C8070AD70,C-70230611682E,1,GU-03CE2EAE9FA3,,
B-BC6C8070AD70,C-70230611682E,2,GU-A1690AD09009,,
B-F0DD74DEFA6D,C-791F4C63FA6F,1,GU-766514033FD6,49,M
B-F0DD74DEFA6D,C-791F4C63FA6F,2,GU-BD026C1F6DA3,43,F
B-DE07C309140A,C-39D44E7A0E4F,1,GU-70E514F096D1,46,M
B-DE07C309140A,C-39D44E7A0E4F,2,GU-85D3FE8811DB,41,M
B-DE07C309140A,C-39D44E7A0E4F,3,GU-70B345C545BF,10,F
B-8E9FD853D28E,C-02628804C250,1,GU-37397F4D4187,,
B-8E9FD853D28E,C-02628804C250,2,GU-F2576A776F99,,
B-28EBC7C8E17E,C-A2DD78727D79,1,GU-BC52383816AC,,
B-28EBC7C8E17E,C-A2DD78727D79,2,GU-AF5BBC9F16C0,,
B-28EBC7C8E17E,C-A2DD78727D79,3,GU-B6D1F6D4F510,,
B-1D7640A309A2,C-E20370154F2B,1,GU-D40D37481224,,
B-1D7640A309A2,C-E20370154F2B,2,GU-699D4EF92CF6,,
B-1D7640A309A2,C-E20370154F2B,3,GU-A20E248E29CD,,
B-1D7640A309A2,C-E20370154F2B,4,GU-1B220FA71E5A,,
B-5946ADBA47D7,C-8BC2F42DEDA8,1,GU-98DBAE1153E9,35,M
B-5946ADBA47D7,C-8BC2F42DEDA8,2,GU-F15CBD374E00,35,F
B-5946ADBA47D7,C-8BC2F42DEDA8,3,GU-E719C75118A5,9,F
B-5946ADBA47D7,C-8BC2F42DEDA8,4,GU-E2A4FD634B51,6,M
B-6A34DCABAE9A,C-8BC2F42DEDA8,1,GU-E335E25C8CE4,36,F
B-6A34DCABAE9A,C-8BC2F42DEDA8,2,GU-EDDE6B330A9D,3,F
B-6A34DCABAE9A,C-8BC2F42DEDA8,3,GU-AE09DCF62281,7,M
B-6A34DCABAE9A,C-8BC2F42DEDA8,4,GU-9D0B9D3AAD64,37,M
B-B5A60250928E,C-203AD2C4F6B6,1,GU-0C973FD94B80,,
B-B5A60250928E,C-203AD2C4F6B6,2,GU-9B71EE1226FF,,
B-89BC57E12B35,,1,GU-688D6DC8644D,70,F
B-89BC57E12B35,,2,GU-64191FF87A0B,73,M
B-89BC57E12B35,,3,GU-C01A02CF22AB,35,M
B-89BC57E12B35,,4,GU-6192B5AD7EF3,37,F
B-89BC57E12B35,,5,GU-51717655781E,6,F
B-89BC57E12B35,,6,GU-292A95DB404A,1,M
B-89BC57E12B35,,7,GU-E51A1A076122,11,M
B-57C954C526D1,,1,GU-17DA76A96B3D,40,M
B-57C954C526D1,,2,GU-2CC26258B82C,33,F
B-1F270E37C63E,,1,GU-50392C705819,51,F
B-1F270E37C63E,,2,GU-962FF94748E9,55,M
B-1F270E37C63E,,3,GU-46630C1EBD97,18,M
B-1F270E37C63E,,4,GU-B179A2EBDD0D,,
B-1F270E37C63E,,5,GU-ACB36A4F2548,,
B-1F270E37C63E,,6,GU-99F7F0C0A549,,
B-92BCB4E6E69C,,1,GU-A9B39B054F70,18,F
B-92BCB4E6E69C,,2,GU-7C695D0B0564,19,M
B-92BCB4E6E69C,,3,GU-38852BE1C755,61,F
B-92BCB4E6E69C,,4,GU-744B4DBB57AD,55,F
B-92BCB4E6E69C,,5,GU-02BD7344BB61,46,M
B-587BC7BB58AE,,1,GU-33C031E72534,72,F
B-587BC7BB58AE,,2,GU-21436313F5A8,77,M
B-587BC7BB58AE,,3,GU-E296E41068D1,,
B-587BC7BB58AE,,4,GU-5B031ACD1A8B,,
B-587BC7BB58AE,,5,GU-9F810B261B02,,
B-587BC7BB58AE,,6,GU-412F0B8B3B90,,
B-2DADF0275A3F,,1,GU-F6EAAA392611,54,F
B-2DADF0275A3F,,2,GU-46531CA4D10F,19,M
B-2DADF0275A3F,,3,GU-ACAC99ABD7A0,16,M
B-2DADF0275A3F,,4,GU-651D856F05F2,55,M
B-073B78D2C7D1,,1,GU-A97E23B403E1,42,F
B-073B78D2C7D1,,2,GU-58E5AD133F80,45,M
B-073B78D2C7D1,,3,GU-2FCE79C15E5B,8,M
B-073B78D2C7D1,,4,GU-A028BC9B3CD6,12,F
B-073B78D2C7D1,,5,GU-EDE65162AB72,15,M
B-C6BA4C9EB53E,,1,GU-5223D7691C55,61,F
B-C6BA4C9EB53E,,2,GU-05B050BC099E,63,M
B-C6BA4C9EB53E,,3,GU-B03461EBCAFC,25,F
B-C6BA4C9EB53E,,4,GU-1C74E8A59188,,
B-C6BA4C9EB53E,,5,GU-6499E1656D82,,
B-501F1DFC287E,,1,GU-303BA04B9414,44,F
B-501F1DFC287E,,2,GU-7763ADDFA160,45,F
B-501F1DFC287E,,3,GU-1861D750C835,9,M
B-501F1DFC287E,,4,GU-962E0F7F2FA7,10,M
B-501F1DFC287E,,5,GU-6D01B9F63BC1,,
B-501F1DFC287E,,6,GU-E892427024E8,,
B-A3D231D258C4,,1,GU-9A1DEF0213F8,51,F
B-A3D231D258C4,,2,GU-BC0284049716,53,F
B-A3D231D258C4,,3,GU-36471BE733DE,11,F
B-A3D231D258C4,,4,GU-68F476760871,14,M
B-2D072DF00E19,C-F90FD9D68A16,1,GU-40D2C1BBD936,41,M
B-2D072DF00E19,C-F90FD9D68A16,2,GU-CFFFFE3386BB,10,M
B-2D072DF00E19,C-F90FD9D68A16,3,GU-216781D5BF07,41,F
B-2D072DF00E19,C-F90FD9D68A16,4,GU-7E1B1649592E,5,F
B-2B19E6605ABD,C-539A39F5B4B1,1,GU-D6656190F857,58,M
B-2B19E6605ABD,C-539A39F5B4B1,2,GU-73E41F7697A5,52,F
B-2B19E6605ABD,C-539A39F5B4B1,3,GU-38A64C2D0445,17,F
B-2B19E6605ABD,C-539A39F5B4B1,4,GU-0EABE0601FD6,13,F
B-6DCC7869C969,,1,GU-C9B371413B16,60,M
B-6DCC7869C969,,2,GU-69705B4C0ADE,31,M
B-6DCC7869C969,,3,GU-BBA79B2F3A47,29,F
B-9F680E62FCA5,C-A6D8CFCE23C6,1,GU-D57EF3A8CACC,54,M
B-9F680E62FCA5,C-A6D8CFCE23C6,2,GU-3A08C6BF772C,52,F
B-9F680E62FCA5,C-A6D8CFCE23C6,3,GU-462745B55A23,59,M
B-9F680E62FCA5,C-A6D8CFCE23C6,4,GU-9EB46E66DA25,56,F
B-9F680E62FCA5,C-A6D8CFCE23C6,5,GU-65624DA6774A,58,M
B-9F680E62FCA5,C-A6D8CFCE23C6,6,GU-1083EF25C790,57,F
B-9EAF46F47B38,,1,GU-0181F5AE83D8,38,M
B-9EAF46F47B38,,2,GU-5CCBA9175CBC,5,F
B-9EAF46F47B38,,3,GU-07BB3B780C27,80,F
B-9EAF46F47B38,,4,GU-BBF170FACCB9,45,F
B-33A4388A5D14,,1,GU-4BC26C9845BB,62,F
B-33A4388A5D14,,2,GU-06E9EC8A3DAF,71,M
B-8E6EA2E33B09,,1,GU-AECB4398775F,58,M
B-8E6EA2E33B09,,2,GU-7BAEBD42263E,57,F
B-8E6EA2E33B09,,3,GU-FA0F9586ADF0,16,M
B-8E6EA2E33B09,,4,GU-98771039E50A,17,F
B-8E6EA2E33B09,,5,GU-98BF68A9A02A,,
B-568D5C1454BA,,1,GU-728CA73BFB70,54,F
B-568D5C1454BA,,2,GU-BA76A43095E6,,
B-568D5C1454BA,,3,GU-C31D39642B8E,,
B-568D5C1454BA,,4,GU-407603874A0A,,
B-568D5C1454BA,,5,GU-ED504C2044BC,,
B-568D5C1454BA,,6,GU-7F9CD7E8ECA3,,
B-2E7E07468E43,,1,GU-2C1977A09B30,74,F
B-2E7E07468E43,,2,GU-3B8E6968C257,,
B-2E7E07468E43,,3,GU-D955658732E6,,
B-561EC4302DA2,C-698951CED156,1,GU-488447503A5F,41,F
B-561EC4302DA2,C-698951CED156,2,GU-B3EB787FCDD2,47,M
B-7C1D0C2D4C8B,,1,GU-0BD6E366D9D8,71,M
B-7C1D0C2D4C8B,,2,GU-790FFE0915A3,68,F
B-7C1D0C2D4C8B,,3,GU-39D6E5E82E36,10,F
B-7C1D0C2D4C8B,,4,GU-0021FBF947F7,12,M
B-7C1D0C2D4C8B,,5,GU-45B97B2EE5A8,,
B-7C1D0C2D4C8B,,6,GU-24FE6531C230,,
B-2CBF79FCBC40,,1,GU-358AFCF82EDB,,
B-2CBF79FCBC40,,2,GU-932428AD791D,,
B-2CBF79FCBC40,,3,GU-776821033C86,,
B-2CBF79FCBC40,,4,GU-52E05A973FA9,,
B-2CBF79FCBC40,,5,GU-48AA46EAF648,,
B-2CBF79FCBC40,,6,GU-42E9E2E5C285,,
B-9DEC2F0DBABE,,1,GU-A1FA0EECADA4,51,M
B-9DEC2F0DBABE,,2,GU-DE2BA1C2DF60,15,F
B-9DEC2F0DBABE,,3,GU-A2FA8E68A7C3,13,M
B-9DEC2F0DBABE,,4,GU-24D36769FC14,47,F
B-8C8CB07DF8DA,,1,GU-6BB41C338D15,44,F
B-8C8CB07DF8DA,,2,GU-62AF107DB4D4,48,M
B-8C8CB07DF8DA,,3,GU-F443FB703720,19,F
B-8C8CB07DF8DA,,4,GU-1A48EB8C21B1,15,M
B-C4D337092AAB,,1,GU-5E1045173B08,,
B-C4D337092AAB,,2,GU-800D12C313D4,,
B-C4D337092AAB,,3,GU-17E0D96092F8,,
B-C4D337092AAB,,4,GU-B3DA72F8E8AE,,
B-C4D337092AAB,,5,GU-4CD251C3E769,,
B-C4D337092AAB,,6,GU-1D8D0E96DC30,,
B-AC4513DB5413,,1,GU-22AAC4692A95,45,M
B-AC4513DB5413,,2,GU-5E0FA95B9CA4,39,F
B-AC4513DB5413,,3,GU-E128CC7D6910,5,M
B-AC4513DB5413,,4,GU-CA0CA1C40B00,3,F
B-AC4513DB5413,,5,GU-8D81AACEFDF4,,
B-AC4513DB5413,,6,GU-F14A08C3A650,,
B-C7731049307B,,1,GU-5FB4549FAC5B,74,M
B-C7731049307B,,2,GU-48A41E37D8F2,64,F
B-1775AF08E72A,,1,GU-0265E50F723F,67,M
B-1775AF08E72A,,2,GU-3D51BD347034,63,F
B-3FAE34F402F4,C-6302B8C97A17,1,GU-3AD1EA3013CB,56,M
B-3FAE34F402F4,C-6302B8C97A17,2,GU-3B7C17C2A403,51,F
B-3FAE34F402F4,C-6302B8C97A17,3,GU-81CA8AD0C97E,54,F
B-3FAE34F402F4,C-6302B8C97A17,4,GU-81C56B9886BE,55,M
B-9AF53CE4CDDD,,1,GU-45B4D51F6EB8,42,F
B-9AF53CE4CDDD,,2,GU-CFAB3A78142E,48,M
B-9AF53CE4CDDD,,3,GU-B7F4AECEFA2B,9,F
B-9050E45543FF,,1,GU-4CC826F38A14,58,M
B-9050E45543FF,,2,GU-575BC0BE435B,17,F
B-9050E45543FF,,3,GU-1D1FBBBA83B2,14,M
B-9050E45543FF,,4,GU-4561ADC2A2E1,53,F
B-FFD898464612,,1,GU-5C3056432E15,47,M
B-FFD898464612,,2,GU-118DDD17E814,51,F
B-FFD898464612,,3,GU-3C5F49C6F8CF,10,M
B-FFD898464612,,4,GU-CC90C754B517,,
B-FFD898464612,,5,GU-BB80487E3937,,
B-FFD898464612,,6,GU-0EFC1E7926D6,,
B-70116DB0833C,,1,GU-3C1046539064,79,F
B-70116DB0833C,,2,GU-C74A8A2AFB4A,82,M
B-4DFC787BADED,,1,GU-F82F01D5B63C,63,M
B-4DFC787BADED,,2,GU-86F4B99DA7A2,61,F
B-4DFC787BADED,,3,GU-2A030931FDD8,34,M
B-4DFC787BADED,,4,GU-5B1AC3824476,33,F
B-4DFC787BADED,,5,GU-C2964A099390,30,M
B-29856103E336,,1,GU-22767012857D,57,M
B-29856103E336,,2,GU-C99AA2539AE0,54,F
B-29856103E336,,3,GU-72484EA4F9FA,17,F
B-29856103E336,,4,GU-CF86CF674AA6,16,M
B-DC8638F34A4E,,1,GU-56489CD4A248,67,F
B-DC8638F34A4E,,2,GU-9F0EFFA9CCAA,68,M
B-DC8638F34A4E,,3,GU-8B9DE1FB8647,8,F
B-DC8638F34A4E,,4,GU-9CD0ABBAF91C,12,F
B-DC8638F34A4E,,5,GU-1086FF751101,41,F
B-DC8638F34A4E,,6,GU-3BAAD2556EE6,38,F
B-420C28E42EE7,,1,GU-8E4030522F76,,
B-420C28E42EE7,,2,GU-713D9A8A9EFA,,
B-420C28E42EE7,,3,GU-B68B8A497A23,,
B-420C28E42EE7,,4,GU-77C043C43F06,,
B-420C28E42EE7,,5,GU-683C1655E0B6,,
B-420C28E42EE7,,6,GU-33ED7F00954C,,
B-A5CEE35BD8E0,,1,GU-82A512B1FF2C,37,F
B-A5CEE35BD8E0,,2,GU-CE02CB181CD5,37,M
B-A5CEE35BD8E0,,3,GU-602A7E5F5F7B,6,F
B-A5CEE35BD8E0,,4,GU-B948D6FCBC16,38,F
B-A5CEE35BD8E0,,5,GU-F8CB8C2E64D7,39,M
B-A5CEE35BD8E0,,6,GU-6BB55BFFE811,2,F
B-A5CEE35BD8E0,,7,GU-1297E950A49B,4,M
B-3CAF1A83614C,,1,GU-F763D02A78C7,49,M
B-3CAF1A83614C,,2,GU-19BBEE5A2CC7,49,F
B-3CAF1A83614C,,3,GU-A9A4B16D3C73,14,M
B-3CAF1A83614C,,4,GU-A66831E374EC,14,F
B-3CAF1A83614C,,5,GU-2CE59BB48B43,15,M
B-6C0968F68704,,1,GU-56CBE9C9DFF2,57,M
B-6C0968F68704,,2,GU-F198CE1EAF3F,57,F
B-6C0968F68704,,3,GU-E53195F391DD,56,M
B-6C0968F68704,,4,GU-612B9D587192,63,M
B-6C0968F68704,,5,GU-252DD37CC56E,49,F
B-6C0968F68704,,6,GU-E6DA30E80D27,43,M
B-7B221D769777,,1,GU-253EFA0BB8C6,80,M
B-7B221D769777,,2,GU-F0743F3800E8,76,F
B-DE9DD931F0B1,,1,GU-64B077BFB532,,
B-DE9DD931F0B1,,2,GU-7E90D076478E,,
B-DE9DD931F0B1,,3,GU-6222316A65A9,,
B-DE9DD931F0B1,,4,GU-06D5E02B042E,,
B-DE9DD931F0B1,,5,GU-E60B7C663C1F,,
B-DE9DD931F0B1,,6,GU-7160E1153F43,,
B-BC882F5074AA,,1,GU-7B84A08A321C,67,M
B-BC882F5074AA,,2,GU-810E6AF2CCDB,62,F
B-5356CF20A526,,1,GU-A157B745B897,53,M
B-5356CF20A526,,2,GU-661C2634A98C,10,F
B-5356CF20A526,,3,GU-B763C8BA7F44,39,F
B-5356CF20A526,,4,GU-1E1D0C0EC12F,3,F
B-E51B55D7ECE9,,1,GU-C5A5747215F4,57,M
B-E51B55D7ECE9,,2,GU-23AB1F207624,56,F
B-E51B55D7ECE9,,3,GU-5918BE90EC73,50,M
B-E51B55D7ECE9,,4,GU-E500067DAAD4,49,F
B-D9EAD05A67E5,,1,GU-A9F174E9E421,59,F
B-D9EAD05A67E5,,2,GU-8C6087E67201,76,M
B-D9EAD05A67E5,,3,GU-497307767078,34,F
B-D9EAD05A67E5,,4,GU-EBB846F75B8A,1,M
B-2B2ED220F0E6,C-5530F491EF53,1,GU-739EB2D2F545,45,M
B-2B2ED220F0E6,C-5530F491EF53,2,GU-C8436D4953F0,10,F
B-2B2ED220F0E6,C-5530F491EF53,3,GU-D13310231010,13,F
B-2B2ED220F0E6,C-5530F491EF53,4,GU-77F109B0B96A,6,M
B-2B2ED220F0E6,C-5530F491EF53,5,GU-1A3E98B5F0BD,45,F
B-665C1D937AFE,,1,GU-EE4898144060,52,F
B-665C1D937AFE,,2,GU-21A64C513B75,54,M
B-665C1D937AFE,,3,GU-4752BB9B7747,22,M
B-665C1D937AFE,,4,GU-6C47435376A1,16,F
B-3468FF4D4E42,,1,GU-241B3E844162,,
B-3468FF4D4E42,,2,GU-3ECEF759E147,,
B-3468FF4D4E42,,3,GU-913CFCCE5E87,,
B-3468FF4D4E42,,4,GU-FD8D7447BCE5,,
B-359481428C43,,1,GU-DD4D681E9E88,,
B-2F4D5A0822F2,,1,GU-048DA21782B2,56,M
B-2F4D5A0822F2,,2,GU-28ECDC36347F,53,F
B-07DDBE10DA12,,1,GU-ACDE2DFAE8FA,,
B-07DDBE10DA12,,2,GU-E24EF69AAE01,,
B-07DDBE10DA12,,3,GU-57867DC70493,,
B-07DDBE10DA12,,4,GU-48C1855A3C79,,
B-07DDBE10DA12,,5,GU-75CA72CC239D,,
B-07DDBE10DA12,,6,GU-D4FBE68313B8,,
B-9106690067A4,,1,GU-0A13DC2DF3FD,65,F
B-9106690067A4,,2,GU-5532634C8E18,70,M
B-72C31DE526B6,,1,GU-4CC4033DABEB,40,F
B-72C31DE526B6,,2,GU-91B17F8EB3F5,11,M
B-72C31DE526B6,,3,GU-33A4C9E3A313,12,F
B-72C31DE526B6,,4,GU-5915109F3E81,47,M
B-72C31DE526B6,,5,GU-59324518D8D1,11,M
B-72C31DE526B6,,6,GU-CAECFB4D554A,12,M
B-5EEDD2387200,,1,GU-A6BE0875D449,36,F
B-5EEDD2387200,,2,GU-7D9C522F6C19,38,M
B-5EEDD2387200,,3,GU-4B59AB2C98D1,9,F
B-5EEDD2387200,,4,GU-B2861CD2DE55,7,F
B-B2276DB956A0,,1,GU-929F75B9D477,56,F
B-B2276DB956A0,,2,GU-CBB08BB0767B,59,M
B-B2276DB956A0,,3,GU-0675D3E68815,58,F
B-B2276DB956A0,,4,GU-1F48F76C20A9,61,M
B-5A1A1E9DE181,,1,GU-E8D37E9C6D28,71,M
B-5A1A1E9DE181,,2,GU-7A9280D84ECE,39,M
B-5A1A1E9DE181,,3,GU-C4B5DDEF8C6B,32,F
B-5A1A1E9DE181,,4,GU-F128D081DDBA,2,M
B-5A1A1E9DE181,,5,GU-8B6A0294B47E,66,F
B-5A1A1E9DE181,,6,GU-A001BA1542E7,,
B-F20140F2E33E,,1,GU-13F08C6B073A,41,F
B-F20140F2E33E,,2,GU-FF25EAC705D4,44,M
B-D3C81EFB983D,,1,GU-ED5275C30D10,51,M
B-D3C81EFB983D,,2,GU-F4250260C98E,45,F
B-D3C81EFB983D,,3,GU-F3DAA4D1F0BA,14,M
B-D3C81EFB983D,,4,GU-FEB8985590BD,12,F
B-D3C81EFB983D,,5,GU-FA479503617A,10,M
B-A5EFF3F7D3D2,,1,GU-4E3B4C2E8980,,
B-A5EFF3F7D3D2,,2,GU-6C84176780FE,,
B-A5EFF3F7D3D2,,3,GU-4E82F2FCAB76,,
B-A5EFF3F7D3D2,,4,GU-9100A9CFB44F,,
B-A5EFF3F7D3D2,,5,GU-E7AEBC605B79,,
B-A5EFF3F7D3D2,,6,GU-3F4968A093E0,,
B-5BBBC461B379,,1,GU-4E40B0487878,59,F
B-5BBBC461B379,,2,GU-FE0C43AB8345,58,M
B-94C5C0CA7EEE,,1,GU-DC613D45F9AB,59,M
B-94C5C0CA7EEE,,2,GU-22B7A98134DF,26,M
B-94C5C0CA7EEE,,3,GU-D1651D70A97D,24,F
B-94C5C0CA7EEE,,4,GU-93CB05F4806D,22,F
B-67BA4424655D,,1,GU-46D2274C4D71,55,M
B-67BA4424655D,,2,GU-6806A192C8C3,24,M
B-67BA4424655D,,3,GU-8720D0E783ED,27,F
B-67BA4424655D,,4,GU-F68D34008D26,24,F
B-67BA4424655D,,5,GU-697FB5C7C994,48,F
B-67BA4424655D,,6,GU-6420F0D34E61,20,M
B-1C379A85274E,,1,GU-462F638E4F8C,47,M
B-1C379A85274E,,2,GU-8F442E0D2F17,48,F
B-1C379A85274E,,3,GU-CA1BE23ABD1C,16,M
B-CDA76E56BBB7,,1,GU-578687F65166,,
B-CDA76E56BBB7,,2,GU-BC7A3ED99952,,
B-CDA76E56BBB7,,3,GU-D2AE1F60EC36,,
B-CDA76E56BBB7,,4,GU-AD4DF0D31424,,
B-CDA76E56BBB7,,5,GU-FEBB8BF424BE,,
B-CDA76E56BBB7,,6,GU-493C49BBD515,,
B-72750415243F,,1,GU-060C4432BFD3,57,F
B-72750415243F,,2,GU-47CD2E295EBB,19,F
B-72750415243F,,3,GU-3C330CC39619,60,M
B-72750415243F,,4,GU-6732DCABAA17,17,M
B-B6847350ED5D,,1,GU-38A4406634F1,64,F
B-B6847350ED5D,,2,GU-5BAF44F18C2D,68,M
B-B6847350ED5D,,3,GU-0BC1093BEC7F,21,M
B-B6847350ED5D,,4,GU-4DD3D6D9AD7F,24,M
B-43AA47EBB436,,1,GU-DECCDCEC7E78,54,M
B-43AA47EBB436,,2,GU-57EBF76E847D,22,M
B-43AA47EBB436,,3,GU-C68E40ED1DAC,55,F
B-14763ED27F76,,1,GU-FB022D988CBA,56,F
B-14763ED27F76,,2,GU-5AC45843E70C,55,M
B-14763ED27F76,,3,GU-668B39208568,49,F
B-14763ED27F76,,4,GU-AA5705C989D0,53,M
B-14763ED27F76,,5,GU-D9A7021ACB1F,6,M
B-14763ED27F76,,6,GU-7EEA2622AC77,77,F
B-F398BD33BCD8,,1,GU-7A78D26A60CA,54,F
B-F398BD33BCD8,,2,GU-6EE8F0A9A665,56,M
B-F398BD33BCD8,,3,GU-6FF4A0B8CEBB,17,F
B-F398BD33BCD8,,4,GU-DDCD72B948F5,14,M
B-424F33B55995,,1,GU-4A2937A7FF74,82,F
B-424F33B55995,,2,GU-E8D38BAF43EC,58,M
B-424F33B55995,,3,GU-C647A4F63A16,6,M
B-424F33B55995,,4,GU-7DF152AD5197,4,M
B-424F33B55995,,5,GU-6F082178C479,45,F
B-424F33B55995,,6,GU-8C27128A7219,,
B-0445E20AE3DF,,1,GU-28C2B2B651EE,46,F
B-0445E20AE3DF,,2,GU-A08DB834FC50,48,M
B-0445E20AE3DF,,3,GU-597853C581A0,12,M
B-0445E20AE3DF,,4,GU-706B754D6279,14,M
B-F79D0D339CA0,,1,GU-95DFB776D11E,58,M
B-F79D0D339CA0,,2,GU-7C0DA771BB35,56,F
B-F79D0D339CA0,,3,GU-3A01EDBC439E,26,M
B-F79D0D339CA0,,4,GU-B3DF144CF8C2,27,F
B-05084E2A1F2A,,1,GU-452E8F36ED27,58,F
B-05084E2A1F2A,,2,GU-FE2C55BDAA0D,20,M
B-05084E2A1F2A,,3,GU-2F6819CD8930,63,M
B-FD9E82CA0C73,,1,GU-C43FE1A67670,57,M
B-FD9E82CA0C73,,2,GU-7E58915CBE01,49,F
B-FD9E82CA0C73,,3,GU-90B25500B4F1,19,F
B-FD9E82CA0C73,,4,GU-C8C7823AC022,15,M
B-FD9E82CA0C73,,5,GU-ACDF7EA86823,8,M
B-88CE26ED6740,,1,GU-DB1E3A296D1A,59,M
B-88CE26ED6740,,2,GU-4DB710E2B25F,63,F
B-88CE26ED6740,,3,GU-14E63D2E5C07,40,M
B-88CE26ED6740,,4,GU-609844166302,32,F
B-067A6FF4DFC7,,1,GU-D625E35FCEB4,45,F
B-067A6FF4DFC7,,2,GU-E811F0CED53D,51,M
B-067A6FF4DFC7,,3,GU-4F5FC04E6FD6,9,F
B-067A6FF4DFC7,,4,GU-8EB4C1A63C22,20,M
B-8F8BD5B4B737,,1,GU-3E7BC3A167D8,57,F
B-8F8BD5B4B737,,2,GU-7F657E9791FA,55,M
B-8F8BD5B4B737,,3,GU-058565F9804D,,
B-8F8BD5B4B737,,4,GU-8191B3830EA0,,
B-AE567FDFD282,,1,GU-6D880AFD4D75,54,F
B-AE567FDFD282,,2,GU-043EF299B3BA,21,M
B-AE567FDFD282,,3,GU-017B6BD585A8,54,M
B-AE567FDFD282,,4,GU-DCECAFA0013F,19,M
B-E2B8759DB530,,1,GU-4EE1FB7DD67C,66,M
B-E2B8759DB530,,2,GU-FBAC7C2EB639,4,M
B-E2B8759DB530,,3,GU-D63BACE3A6F3,39,F
B-E2B8759DB530,,4,GU-9FC5D5B4F778,67,F
B-E2B8759DB530,,5,GU-295F85052653,40,M
B-E2B8759DB530,,6,GU-CF08BF18E89B,3,M
B-F4D3B5927447,,1,GU-BF8380953AA0,44,M
B-F4D3B5927447,,2,GU-E79A820AD783,41,M
B-631DD6C03951,,1,GU-01A4B7B73208,,
B-631DD6C03951,,2,GU-8D9A73A8AE5E,,
B-631DD6C03951,,3,GU-F00F607D6277,,
B-631DD6C03951,,4,GU-169473FFDDD7,,
B-631DD6C03951,,5,GU-C914F34DE3E4,,
B-631DD6C03951,,6,GU-5AA501FEA283,,
B-697EC7284B42,,1,GU-0FD4B5A76320,51,M
B-697EC7284B42,,2,GU-2FD20E3CA0D1,11,M
B-697EC7284B42,,3,GU-DE253591BCE1,15,M
B-697EC7284B42,,4,GU-EEE20FDA3F28,51,F
B-697EC7284B42,,5,GU-9A267D880580,18,F
B-58058570AB88,,1,GU-964388A0032D,40,M
B-58058570AB88,,2,GU-303F73F83E9E,9,M
B-58058570AB88,,3,GU-53B0F3248EF2,7,M
B-58058570AB88,,4,GU-E9A07A310EDE,10,M
B-58058570AB88,,5,GU-B107948C6B8C,7,F
B-58058570AB88,,6,GU-99D4C90E2FE1,37,F
B-FB93D17EA11E,,1,GU-1EE2CDEC8CED,58,F
B-FB93D17EA11E,,2,GU-449BA927B813,17,F
B-4F2BB03CD1BB,,1,GU-5549481AECE8,,
B-4F2BB03CD1BB,,2,GU-53572038E9F3,,
B-4F2BB03CD1BB,,3,GU-47F230E75FD3,,
B-4F2BB03CD1BB,,4,GU-D797D6044ADD,,
B-4F2BB03CD1BB,,5,GU-18245075256E,,
B-4F2BB03CD1BB,,6,GU-3827619938BD,,
B-2B3765AF32A3,,1,GU-7194492D02D4,,
B-2B3765AF32A3,,2,GU-4423A9912AD0,,
B-2B3765AF32A3,,3,GU-BB218BD60A5D,,
B-2B3765AF32A3,,4,GU-16B24164B40C,,
B-2B3765AF32A3,,5,GU-FD57B62F05FC,,
B-2B3765AF32A3,,6,GU-18F9B78EA88E,,
B-2E946E2E9B5F,,1,GU-AD41FE80F785,54,F
B-2E946E2E9B5F,,2,GU-336F7F9E3AC5,60,M
B-2E946E2E9B5F,,3,GU-A10FF8873664,,
B-2E946E2E9B5F,,4,GU-D37F8F6E2682,,
B-7FDD8E859E14,,1,GU-F29DE9969D14,48,F
B-7FDD8E859E14,,2,GU-D2A4036CB562,55,M
B-7FDD8E859E14,,3,GU-ECBD3B1219B2,17,F
B-7FDD8E859E14,,4,GU-28A4A5A5EFD8,15,F
B-5DD9C7C2DD26,C-1C4DF21BC699,1,GU-5D5B1ABB299D,44,F
B-5DD9C7C2DD26,C-1C4DF21BC699,2,GU-A856444A4E18,47,M
B-5DD9C7C2DD26,C-1C4DF21BC699,3,GU-7CDDEB1D4241,15,M
B-5DD9C7C2DD26,C-1C4DF21BC699,4,GU-DB72C985405B,11,M
B-0611C168BF2A,,1,GU-FC7156B8CDCC,1,M
B-0611C168BF2A,,2,GU-719E1DA3E1A1,55,F
B-0611C168BF2A,,3,GU-6850FD30A62A,22,M
B-6A7BF43EEDF7,,1,GU-2B3D2E4423EE,,
B-3CAC69DA31CA,,1,GU-E3E0AF925C86,22,M
B-3CAC69DA31CA,,2,GU-B094C106483B,19,M
B-3CAC69DA31CA,,3,GU-B2C019EE3A8F,49,F
B-3CAC69DA31CA,,4,GU-9402526946B2,51,M
B-403B52BED22A,,1,GU-9835465E8A51,77,M
B-403B52BED22A,,2,GU-529C6E597338,73,F
B-82937CFC743D,,1,GU-2AF46C76EA13,52,F
B-82937CFC743D,,2,GU-755DDC235F2A,19,M
B-82937CFC743D,,3,GU-C441DBF5E8CB,18,M
B-82937CFC743D,,4,GU-DED9A91C3E5E,52,M
B-82937CFC743D,,5,GU-20003B46176F,16,F
B-82937CFC743D,,6,GU-EF909A1D2010,,
B-4F9558F75E11,,1,GU-BF86B976C247,51,F
B-4F9558F75E11,,2,GU-0571BF7562EA,18,M
B-4F9558F75E11,,3,GU-B8583E0C5C8C,52,M
B-4F9558F75E11,,4,GU-EA581AF1E1F9,15,F
B-50A9F156EFE8,,1,GU-F4FFE9851DE4,,
B-50A9F156EFE8,,2,GU-CA40387B11F9,,
B-50A9F156EFE8,,3,GU-4BE8524B6614,,
B-50A9F156EFE8,,4,GU-D5BF86228D42,,
B-50A9F156EFE8,,5,GU-AEB8781641F1,,
B-50A9F156EFE8,,6,GU-C7810DED65D4,,
B-E5B4472996D4,,1,GU-466D8D38D585,52,M
B-E5B4472996D4,,2,GU-083C6CE97266,58,F
B-E5B4472996D4,,3,GU-CC9051C51488,14,F
B-5277BC267C67,C-571ADDE6FE12,1,GU-8E5A01809CE1,40,M
B-5277BC267C67,C-571ADDE6FE12,2,GU-55ECD47E7226,35,F
B-1FA134ECED10,C-48212193469D,1,GU-057766AF51C3,46,F
B-1FA134ECED10,C-48212193469D,2,GU-195F4BAB7C3E,55,M
B-1FA134ECED10,C-48212193469D,3,GU-15A5C869DCFA,11,F
B-1FA134ECED10,C-48212193469D,4,GU-A8C11BBBE286,8,M
B-2CD34CDE34E6,C-C1FA2B412DDB,1,GU-32EFF55E40F7,42,M
B-2CD34CDE34E6,C-C1FA2B412DDB,2,GU-5CF160EC08D8,37,F
B-2CD34CDE34E6,C-C1FA2B412DDB,3,GU-B7CCDA33A280,3,F
B-B95B53C104F9,C-AF8C655B90FF,1,GU-1F06AD85196D,18,F
B-B95B53C104F9,C-AF8C655B90FF,2,GU-204BAC8D61E0,21,F
B-B95B53C104F9,C-AF8C655B90FF,3,GU-6C4A40743440,10,M
B-6DA47A188C93,C-AF8C655B90FF,1,GU-0B22806A808F,46,M
B-6DA47A188C93,C-AF8C655B90FF,2,GU-4F1CB0C23E05,48,F
B-C03D8AECE448,C-BF0DFFC92DAC,1,GU-9E40647CA53F,46,M
B-C03D8AECE448,C-BF0DFFC92DAC,2,GU-98C9C13572AE,36,F
B-C03D8AECE448,C-BF0DFFC92DAC,3,GU-574BA7EEBDAF,9,F
B-F39105139499,C-5789D844223D,1,GU-9A5A3B72337F,55,M
B-F39105139499,C-5789D844223D,2,GU-D78AC708C6E5,55,M
B-38A74B954D2A,C-5789D844223D,1,GU-5A2A71DEB729,55,M
B-38A74B954D2A,C-5789D844223D,2,GU-23443A294B1B,55,M
B-BF9625F012FD,C-9D4C890CF7A9,1,GU-4C3E34A2118E,,
B-BF9625F012FD,C-9D4C890CF7A9,2,GU-C96005602921,,
B-0A6108CFC3C5,,1,GU-263FD042F85B,48,M
B-0A6108CFC3C5,,2,GU-7F95D636B243,56,F
B-0A6108CFC3C5,,3,GU-698DEA5E215D,15,M
B-A8043C417891,,1,GU-0AEB6E9663FA,,
B-A8043C417891,,2,GU-A18599436294,,
B-A8043C417891,,3,GU-2C57BECDE59D,,
B-A8043C417891,,4,GU-F0A3634751BF,,
B-6334807C453D,,1,GU-56085D6174D9,,
B-6334807C453D,,2,GU-B731CB0B8F4A,,
B-6334807C453D,,3,GU-D94EACDF9148,,
B-6334807C453D,,4,GU-2C5E4EE723A7,,
B-63CD4D080885,C-E70846FD08E7,1,GU-D07318C3884D,70,M
B-63CD4D080885,C-E70846FD08E7,2,GU-388191F5A901,63,F
B-AD55FB3DF893,C-07A03B526E8A,1,GU-BC156CF89FF2,49,F
B-AD55FB3DF893,C-07A03B526E8A,2,GU-1E71ACA17E89,30,F
B-778E7A149828,C-F705854E95AA,1,GU-3239791217A7,57,M
B-778E7A149828,C-F705854E95AA,2,GU-B908D798B346,45,F
B-778E7A149828,C-F705854E95AA,3,GU-4AAB5D2667E8,14,M
B-778E7A149828,C-F705854E95AA,4,GU-61447A3BACC7,10,M
B-FE34BBCAE48C,C-BE3AE144A7E6,1,GU-1A14ABCA8EA7,20,M
B-FE34BBCAE48C,C-BE3AE144A7E6,2,GU-A3B54918343A,23,F
B-28530E209E25,C-BE3AE144A7E6,1,GU-B025AF13CC76,49,M
B-28530E209E25,C-BE3AE144A7E6,2,GU-2ECA29611409,51,F
B-C309EB353512,C-1147AF9629E5,1,GU-DCAD547719CF,51,F
B-C309EB353512,C-1147AF9629E5,2,GU-7E52E3B8F6E0,50,M
B-C309EB353512,C-1147AF9629E5,3,GU-C9C1EA715CEB,16,F
B-14691D1A66F2,C-5458A6031DE6,1,GU-0F7BC5FA3E1F,,
B-14691D1A66F2,C-5458A6031DE6,2,GU-93020B4B5CD6,,
B-00A0131E3A01,C-30757532A899,1,GU-B739824977EB,,
B-00A0131E3A01,C-30757532A899,2,GU-E8E03D969A49,,
B-00A0131E3A01,C-30757532A899,3,GU-728BC178A74C,,
B-DDA496203AB1,C-698951CED156,1,GU-7E1B5243627F,,
B-DDA496203AB1,C-698951CED156,2,GU-C991F57512E5,,
B-20C5F38407A9,C-B0A17A9D90B6,1,GU-0EDC07D70320,42,F
B-20C5F38407A9,C-B0A17A9D90B6,2,GU-E787F0C65A13,46,M
B-20C5F38407A9,C-B0A17A9D90B6,3,GU-37E3B93FF3F5,4,M
B-B8AC0F2910D8,C-E988405EE72C,1,GU-B7D453E77FC6,29,F
B-B8AC0F2910D8,C-E988405EE72C,2,GU-00F926C4C94E,33,M
B-B8AC0F2910D8,C-E988405EE72C,3,GU-B4F71079BAC9,0,M
B-81C3113838F0,C-8B06EA50D5B9,1,GU-5E3329E809B4,49,M
B-81C3113838F0,C-8B06EA50D5B9,2,GU-98DAD57243F2,11,M
B-81C3113838F0,C-8B06EA50D5B9,3,GU-8FF2D14E2A67,9,F
B-81C3113838F0,C-8B06EA50D5B9,4,GU-1E0E3E959CE4,37,F
B-983E9B5713C7,C-A11524563A70,1,GU-0CCD71A3056E,65,M
B-983E9B5713C7,C-A11524563A70,2,GU-F3411945CB0B,60,F
B-2E2D894B830E,C-67CFD0B667A3,1,GU-15682876D3C7,77,M
B-2E2D894B830E,C-67CFD0B667A3,2,GU-502D92762255,72,F
B-2E2D894B830E,C-67CFD0B667A3,3,GU-91A4461F669A,77,M
B-2E2D894B830E,C-67CFD0B667A3,4,GU-3D47156933F1,74,F
B-2E2D894B830E,C-67CFD0B667A3,5,GU-C13485A66D52,14,M
B-426E6A99F28E,C-50D316269D06,1,GU-A474C7319D76,,
B-426E6A99F28E,C-50D316269D06,2,GU-9EC22F201B09,,
B-426E6A99F28E,C-50D316269D06,3,GU-435417801E18,,
B-426E6A99F28E,C-50D316269D06,4,GU-8CA7E8D6A4CD,,
B-16E9488087A7,C-3AA899282881,1,GU-0D6E63280AB5,,
B-16E9488087A7,C-3AA899282881,2,GU-896DB51710A7,,
B-16E9488087A7,C-3AA899282881,3,GU-54B644407731,,
B-CEE8F1FD3B32,C-2B84ED573C5E,1,GU-A05D04D832BD,51,F
B-CEE8F1FD3B32,C-2B84ED573C5E,2,GU-C4A4553FFC0A,53,M
B-CEE8F1FD3B32,C-2B84ED573C5E,3,GU-6EF80239E240,16,M
B-CEE8F1FD3B32,C-2B84ED573C5E,4,GU-A6C33E1D740A,48,F
B-CEE8F1FD3B32,C-2B84ED573C5E,5,GU-1DC40E714C69,55,M
B-CEE8F1FD3B32,C-2B84ED573C5E,6,GU-9E2AD940EEE9,17,M
B-DEC0214C1008,C-779F4B129A23,1,GU-9588EAB45966,,
B-DEC0214C1008,C-779F4B129A23,2,GU-19ECF524F729,,
B-BBCE28581795,C-779F4B129A23,1,GU-3BAF7A042DB0,32,M
B-BBCE28581795,C-779F4B129A23,2,GU-69D9B0CE89F6,28,F
B-1B2D018956FB,C-260260588C39,1,GU-38866BE0185B,65,F
B-1B2D018956FB,C-260260588C39,2,GU-2E04FC07F4B4,66,M
B-607F762A8B9B,C-88CF0CA13A15,1,GU-232C2AC9CBDF,45,F
B-607F762A8B9B,C-88CF0CA13A15,2,GU-D0F8C18FE511,47,M
B-607F762A8B9B,C-88CF0CA13A15,3,GU-973526C41710,13,F
B-607F762A8B9B,C-88CF0CA13A15,4,GU-37E422C9A636,9,F
B-0FAE0D7C3CAD,C-5C8616F0273F,1,GU-4CAB7E2FB2B1,,
B-0FAE0D7C3CAD,C-5C8616F0273F,2,GU-BCFB4D44E336,,
B-0FAE0D7C3CAD,C-5C8616F0273F,3,GU-FFCB2F2A0567,,
B-0FAE0D7C3CAD,C-5C8616F0273F,4,GU-5923938B6016,,
B-9E5C55B60DB7,C-3CBBB3ADB852,1,GU-5E979683838B,30,M
B-9E5C55B60DB7,C-3CBBB3ADB852,2,GU-4E591A84EF22,31,F
B-9E5C55B60DB7,C-3CBBB3ADB852,3,GU-B8DA7DB7C2BD,2,M
B-F509876B99C2,C-3DCE96EC5076,1,GU-AC3F474E4125,39,F
B-F509876B99C2,C-3DCE96EC5076,2,GU-C4C0E26115AA,3,F
B-F509876B99C2,C-3DCE96EC5076,3,GU-4654A8FB68B7,37,M
B-6DB4ECF58371,C-64EC61285246,1,GU-81BA4DB7959E,24,M
B-6DB4ECF58371,C-64EC61285246,2,GU-0138B4EFC22D,24,F
B-1CBDC0478C4D,C-749D50B6F590,1,GU-E7912DA6BBA9,30,F
B-1CBDC0478C4D,C-749D50B6F590,2,GU-8333B8FDF5D7,2,M
B-1CBDC0478C4D,C-749D50B6F590,3,GU-ED6D93A2C3F9,32,M
B-1CBDC0478C4D,C-749D50B6F590,4,GU-F3317A869B04,58,F
B-1CBDC0478C4D,C-749D50B6F590,5,GU-358C7B070120,61,M
B-D8D9445344C6,C-BBDD0B25445F,1,GU-29187B87C3E0,53,F
B-D8D9445344C6,C-BBDD0B25445F,2,GU-85EC2E149186,61,M
B-4E55E8A405E9,C-8EF05B862C99,1,GU-6B289D302DEE,54,M
B-4E55E8A405E9,C-8EF05B862C99,2,GU-B7599C223CC4,56,F
B-16047FECF4FC,C-9A12FFE81178,1,GU-7D859EC85662,44,F
B-16047FECF4FC,C-9A12FFE81178,2,GU-F87B09EA8B17,49,M
B-16047FECF4FC,C-9A12FFE81178,3,GU-866ABC2F01DC,12,F
B-16047FECF4FC,C-9A12FFE81178,4,GU-922627A5A3FD,9,M
B-FD8FB1962D99,C-7060AB32AE19,1,GU-16278D398C5C,47,M
B-FD8FB1962D99,C-7060AB32AE19,2,GU-0353DE9533E6,45,F
B-01FC87CBEDAD,C-A15A11D0F453,1,GU-8B10C7458865,52,
B-01FC87CBEDAD,C-A15A11D0F453,2,GU-F3F5232F282D,50,
B-26E00C5C3AF4,C-FA6710DAC04F,1,GU-165E10C24EA7,54,
B-26E00C5C3AF4,C-FA6710DAC04F,2,GU-11E91E2AEE0A,56,
B-BD75D361966F,C-494B9AF6E98D,1,GU-A141836E6839,,
B-BD75D361966F,C-494B9AF6E98D,2,GU-1549DB7D0241,,
B-4E6D339A4D25,C-494B9AF6E98D,1,GU-C779BDF2F2B9,,
B-4E6D339A4D25,C-494B9AF6E98D,2,GU-93B93CE64C71,,
B-9BFD9B0A4726,C-494B9AF6E98D,1,GU-C7D8EC57F457,,
B-9BFD9B0A4726,C-494B9AF6E98D,2,GU-0AC8416D930D,,
B-E749BAA8DB5F,C-5148C3276122,1,GU-A8852D6336DC,36,M
B-E749BAA8DB5F,C-5148C3276122,2,GU-1AF1CCC9B0A5,39,F
B-E749BAA8DB5F,C-5148C3276122,3,GU-23FB7E47A590,1,M
B-223ED9B74F52,C-935A32DF6860,1,GU-F8EDADD4F191,,
B-223ED9B74F52,C-935A32DF6860,2,GU-19F3F2B97057,,
B-223ED9B74F52,C-935A32DF6860,3,GU-01601650F8B4,,
B-53E4047AFBD5,C-860FBCCB4399,1,GU-6A2D2F5292D7,,
B-53E4047AFBD5,C-860FBCCB4399,2,GU-F08FE4EA22AD,,
B-24888080E477,,1,GU-F54C9771842E,,
B-24888080E477,,2,GU-8CF41180E9C4,,
B-B9FA1D993E36,C-DA850E636FDB,1,GU-E5514D2AC5CA,,
B-B9FA1D993E36,C-DA850E636FDB,2,GU-CD64C4CD0716,,
B-B9FA1D993E36,C-DA850E636FDB,3,GU-374E974882FD,,
B-8F83FE0C53C9,C-DA850E636FDB,1,GU-B441DA5E9F45,,
B-8F83FE0C53C9,C-DA850E636FDB,2,GU-9849244F1BFD,,
B-8C5B61001D6C,C-FA6710DAC04F,1,GU-B4135D2CAA64,54,M
B-8C5B61001D6C,C-FA6710DAC04F,2,GU-062C2F34036F,56,F
B-29748F958ACB,C-A15A11D0F453,1,GU-33C71C8475B5,50,F
B-29748F958ACB,C-A15A11D0F453,2,GU-743347B7B1E5,52,M
B-61081C5166B4,C-068D28C7961D,1,GU-6103FBD0E295,,
B-61081C5166B4,C-068D28C7961D,2,GU-BEE1CEDAEE39,,
B-61081C5166B4,C-068D28C7961D,3,GU-393C63874013,,
B-61081C5166B4,C-068D28C7961D,4,GU-0A90C8B39D47,,
B-8E695040573D,,1,GU-C5A58EFACC0D,17,M
B-8E695040573D,,2,GU-F01ABE95193C,50,M
B-8E695040573D,,3,GU-0C3BE275FACE,16,M
B-8E695040573D,,4,GU-3137189A9FCD,47,F
B-8FAA9A60364A,C-21A0EE49B116,1,GU-2834D6EE3832,,
B-8FAA9A60364A,C-21A0EE49B116,2,GU-F66459FC6C53,0,
B-8FAA9A60364A,C-21A0EE49B116,3,GU-DFDBBDCFC9E9,0,
B-8FAA9A60364A,C-21A0EE49B116,4,GU-590B6527506B,,
B-5074CDA02534,C-21A0EE49B116,1,GU-47E8787433C6,,
B-5074CDA02534,C-21A0EE49B116,2,GU-2C2BB526A7D2,0,
B-6A60C1CB7512,C-42824D959444,1,GU-B8419CFC27EE,,
B-6A60C1CB7512,C-42824D959444,2,GU-32506C554242,,
B-6A60C1CB7512,C-42824D959444,3,GU-6BC449B041E8,,
B-B54005A9D10A,C-17BF3EE97BC5,1,GU-69335B73C05E,,
B-B54005A9D10A,C-17BF3EE97BC5,2,GU-ECC79BEA9C11,,
B-B54005A9D10A,C-17BF3EE97BC5,3,GU-77C68918018A,,
B-97BB8EAB6362,C-F7BC2E9C5235,1,GU-5FE405C0D80A,,
B-97BB8EAB6362,C-F7BC2E9C5235,2,GU-542E2820F76F,,
B-97BB8EAB6362,C-F7BC2E9C5235,3,GU-20BBDA847FB6,,
B-F7810D01FDF5,C-D423813BA75F,1,GU-6FBECD152D86,61,M
B-F7810D01FDF5,C-D423813BA75F,2,GU-959C343397F6,55,F
B-0A0C016D4054,C-BF67E6DE918F,1,GU-B62AA511C965,50,M
B-0A0C016D4054,C-BF67E6DE918F,2,GU-B26740DB79E8,8,M
B-0A0C016D4054,C-BF67E6DE918F,3,GU-42DC73BC8660,45,F
B-F57B2CD5120E,C-B375162A6CFF,1,GU-27F4E6A111C1,44,F
B-F57B2CD5120E,C-B375162A6CFF,2,GU-F01A7FA93E12,13,M
B-F57B2CD5120E,C-B375162A6CFF,3,GU-D46FCEB1E3B7,13,M
B-F57B2CD5120E,C-B375162A6CFF,4,GU-E211FB9E4213,37,M
B-A693D4A8E36C,C-068D28C7961D,1,GU-F1616624EF9F,38,M
B-A693D4A8E36C,C-068D28C7961D,2,GU-6252AD29194C,8,M
B-A693D4A8E36C,C-068D28C7961D,3,GU-C700F5475E11,5,M
B-A693D4A8E36C,C-068D28C7961D,4,GU-FAEBAA9B22FF,39,F
B-554C6311B1A3,C-B6728292AF58,1,GU-49BD720EAA52,55,F
B-554C6311B1A3,C-B6728292AF58,2,GU-87F814C6FE84,63,M
B-16D873EC19B7,C-E80C6EECDB8B,1,GU-1B220470E47A,,
B-16D873EC19B7,C-E80C6EECDB8B,2,GU-C197314D73E7,,
B-2981E56C5CCD,C-E80C6EECDB8B,1,GU-41B4B156403B,,
B-2981E56C5CCD,C-E80C6EECDB8B,2,GU-B742AAA9C230,,
B-D35295D76C73,C-BAADD3751375,1,GU-F0CEB33471F7,,
B-D35295D76C73,C-BAADD3751375,2,GU-6F1599440633,,
B-6711E79C8024,C-BAADD3751375,1,GU-22A16232DE54,,
B-6711E79C8024,C-BAADD3751375,2,GU-38A2E6337A40,,
B-AAEDDA058744,,1,GU-68B89BE3F336,48,M
B-AAEDDA058744,,2,GU-E8DAC1B02F0F,46,F
B-AAEDDA058744,,3,GU-988BF1D88DE7,17,F
B-AAEDDA058744,,4,GU-62D682C9C96A,,
B-EFF18E93D9A3,C-8E3583519A76,1,GU-3886A39FE7D1,53,F
B-EFF18E93D9A3,C-8E3583519A76,2,GU-A5C7F96A56A1,55,M
B-18EDB606C9EA,C-8E3583519A76,1,GU-3836AAAE2922,24,M
B-18EDB606C9EA,C-8E3583519A76,2,GU-7C0FE13B8225,22,F
B-18EDB606C9EA,C-8E3583519A76,3,GU-47CED614109D,17,M
B-18EDB606C9EA,C-8E3583519A76,4,GU-ACE35545BC63,22,M
B-86D2563AA400,C-C4D8C8BBD8BB,1,GU-95011240A298,45,F
B-86D2563AA400,C-C4D8C8BBD8BB,2,GU-9DCE8B3B2158,15,M
B-B8B1C36490B7,C-C4D8C8BBD8BB,1,GU-F446436A8178,47,M
B-B8B1C36490B7,C-C4D8C8BBD8BB,2,GU-13D7412249D1,15,F
B-532776A12239,C-2228FF4ADB98,1,GU-429D3C42A34B,72,M
B-532776A12239,C-2228FF4ADB98,2,GU-BB19EB7B6FC0,68,F
B-07A135487484,C-2228FF4ADB98,1,GU-A51290443FD2,51,F
B-07A135487484,C-2228FF4ADB98,2,GU-DA3E72A040DF,46,M
B-07A135487484,C-2228FF4ADB98,3,GU-502DA78D7C31,13,M
B-69D7B3929339,C-543FF7187C28,1,GU-416908371882,37,F
B-69D7B3929339,C-543FF7187C28,2,GU-493A5C089EB8,4,M
B-69D7B3929339,C-543FF7187C28,3,GU-C7D698011537,2,M
B-69D7B3929339,C-543FF7187C28,4,GU-F82F3BB640BA,36,M
B-5A86A5EA6641,C-0E4DA29730B8,1,GU-F58B39D84AC5,,
B-5A86A5EA6641,C-0E4DA29730B8,2,GU-19E8E1851DEE,,
B-8EFDF7CD7752,C-0A339E873F32,1,GU-323AB711ACB7,47,F
B-8EFDF7CD7752,C-0A339E873F32,2,GU-B929BB674DDA,51,M
B-8EFDF7CD7752,C-0A339E873F32,3,GU-A411121146EB,7,M
B-C0D6077E6BEB,C-8F46CC11CB23,1,GU-1EB50E3C0BFB,,
B-C0D6077E6BEB,C-8F46CC11CB23,2,GU-97DFBBF6B814,,
B-6D1188CDFC52,C-8F46CC11CB23,1,GU-CFC496374CB9,,
B-6D1188CDFC52,C-8F46CC11CB23,2,GU-C08441DFD336,,
B-90D50DAF7AEF,C-C365B0AF572E,1,GU-8DF1C64D9318,,
B-90D50DAF7AEF,C-C365B0AF572E,2,GU-2BB17413B809,,
B-90D50DAF7AEF,C-C365B0AF572E,3,GU-A0F70EDDB925,,
B-C76EB8F85421,C-AE958B3FA954,1,GU-00AD16271E26,,
B-C76EB8F85421,C-AE958B3FA954,2,GU-A514407B569F,,
B-BF10A5083A32,C-0677BFA8D089,1,GU-48EFCD6D7B6F,,
B-BF10A5083A32,C-0677BFA8D089,2,GU-D405AC0517BF,,
B-4E15196B76F6,C-97C965A0F16E,1,GU-B8C90AE68B43,43,M
B-4E15196B76F6,C-97C965A0F16E,2,GU-777EBAD6B901,5,F
B-4E15196B76F6,C-97C965A0F16E,3,GU-FD3F39BE8A32,41,F
B-CA56EB131527,C-97C965A0F16E,1,GU-BDA9876906A7,40,
B-CA56EB131527,C-97C965A0F16E,2,GU-440C6F1845BB,6,
B-CA56EB131527,C-97C965A0F16E,3,GU-18104F587823,2,
B-CA56EB131527,C-97C965A0F16E,4,GU-3065614838A3,35,
B-94DE08313AC9,C-CB7D8817CEDE,1,GU-45839422A1B3,24,M
B-94DE08313AC9,C-CB7D8817CEDE,2,GU-CEAD54576C83,26,F
B-758C909EE35E,C-3AA899282881,1,GU-A9F3389D8B22,,
B-758C909EE35E,C-3AA899282881,2,GU-9FDEC44A3E95,,
B-758C909EE35E,C-3AA899282881,3,GU-7AE504AC771D,,
B-AA7C223A448B,C-F1B603C5EDD3,1,GU-FB49EAC16A9D,40,M
B-AA7C223A448B,C-F1B603C5EDD3,2,GU-E1FAD40E3C4E,5,F
B-AA7C223A448B,C-F1B603C5EDD3,3,GU-196E831CB0CC,39,F
B-CEC347FBA581,C-494B9AF6E98D,1,GU-F126FA38BF08,,
B-CEC347FBA581,C-494B9AF6E98D,2,GU-39F7CD7BC42D,,
B-9682F83B5D81,C-494B9AF6E98D,1,GU-C7AA80CECC57,,
B-9682F83B5D81,C-494B9AF6E98D,2,GU-7EDC4D6989FA,,
B-6A5FC46B058E,C-494B9AF6E98D,1,GU-74D58C6B191E,,
B-6A5FC46B058E,C-494B9AF6E98D,2,GU-5A4C388385AA,,
B-AB0E359DAC81,C-769792E712F3,1,GU-B7DACCD7EF53,,
B-AB0E359DAC81,C-769792E712F3,2,GU-D3D25E8B1EB6,,
B-AB0E359DAC81,C-769792E712F3,3,GU-1BDE37E77533,,
B-DFEB6263A26E,C-7571E66E30EE,1,GU-96E642D2C978,,
B-DFEB6263A26E,C-7571E66E30EE,2,GU-4B3F2CAAAB03,,
B-037DA92FCC61,C-7571E66E30EE,1,GU-DA7BB41CD575,52,M
B-037DA92FCC61,C-7571E66E30EE,2,GU-51C7501F2585,50,F
B-95AECB404AED,,1,GU-17C5A320DFC1,,
B-95AECB404AED,,2,GU-4E26F0148157,,
B-95AECB404AED,,3,GU-0846067C992A,,
B-4B7966E23345,C-97C965A0F16E,1,GU-ADF1A7F74C0F,35,F
B-4B7966E23345,C-97C965A0F16E,2,GU-05A91B4D9BCD,40,M
B-4B7966E23345,C-97C965A0F16E,3,GU-010A312D460D,6,M
B-4B7966E23345,C-97C965A0F16E,4,GU-1F9CC35EBB68,2,M
B-51DAD1B795FD,C-B18C10B12585,1,GU-4680795D9C35,22,F
B-51DAD1B795FD,C-B18C10B12585,2,GU-366907C7DD77,2,M
B-51DAD1B795FD,C-B18C10B12585,3,GU-1817485C7524,24,M
B-B94A4C4A1FD2,C-F7BC2E9C5235,1,GU-52A85695D435,,
B-B94A4C4A1FD2,C-F7BC2E9C5235,2,GU-7D6E8BD90D2B,,
B-B94A4C4A1FD2,C-F7BC2E9C5235,3,GU-C9138263A194,,
B-C7A2A389696E,C-127D50DA3206,1,GU-451FC1723A9F,31,M
B-C7A2A389696E,C-127D50DA3206,2,GU-5D5450DFF937,33,F
B-C7A2A389696E,C-127D50DA3206,3,GU-FD5B5379215A,2,F
B-D85D9F630D59,C-E06E61473066,1,GU-38CB979BFFE3,27,F
B-D85D9F630D59,C-E06E61473066,2,GU-851B35669017,29,M
B-0011CA8EDA5E,C-0DB5EB89DB6F,1,GU-3A0CFF1D2072,51,
B-0011CA8EDA5E,C-0DB5EB89DB6F,2,GU-B69E3DBFCFEA,48,
B-0011CA8EDA5E,C-0DB5EB89DB6F,3,GU-C1204A52771F,4,
B-0011CA8EDA5E,C-0DB5EB89DB6F,4,GU-F882732816EF,13,
B-E570904C8C4E,C-0DB5EB89DB6F,1,GU-E3F34C94F5DB,51,M
B-E570904C8C4E,C-0DB5EB89DB6F,2,GU-20FC8FB6F589,48,F
B-E570904C8C4E,C-0DB5EB89DB6F,3,GU-E6F69253B223,13,M
B-E570904C8C4E,C-0DB5EB89DB6F,4,GU-F4607B49B936,4,F
B-3D0C27A700FA,C-AD1D58558BEE,1,GU-E73398C763EF,49,M
B-3D0C27A700FA,C-AD1D58558BEE,2,GU-61561E52644F,14,M
B-C181AF0161B9,,1,GU-846CFEF95868,,
B-C181AF0161B9,,2,GU-9D081B7D27A5,,
B-C181AF0161B9,,3,GU-AFA2C4E964AB,,
B-4BC3F2BD158E,,1,GU-AF0ACDEE6638,,
B-4BC3F2BD158E,,2,GU-09BF07D30965,,
B-4BC3F2BD158E,,3,GU-1E57195DB116,,
B-BAD0A8703EF0,C-5AAB66412EAF,1,GU-906BEC506DBC,37,M
B-BAD0A8703EF0,C-5AAB66412EAF,2,GU-F219A70A4234,30,F
B-BAD0A8703EF0,C-5AAB66412EAF,3,GU-C693EB92A5DC,4,M
B-0AD199A2C811,C-D3F6E293D863,1,GU-7E16E172D368,44,F
B-0AD199A2C811,C-D3F6E293D863,2,GU-C1290C4AFDDB,12,M
B-0AD199A2C811,C-D3F6E293D863,3,GU-A0BCB9F83425,48,M
B-F879D5081498,C-68F3DD115372,1,GU-049C3DC9E086,50,M
B-F879D5081498,C-68F3DD115372,2,GU-1FFDD840E8A9,52,M
B-F879D5081498,C-68F3DD115372,3,GU-FE036BDFA0FE,18,F
B-A5CA89EB6101,C-ADE341E27FDB,1,GU-B78FA9CC6E45,50,M
B-A5CA89EB6101,C-ADE341E27FDB,2,GU-73D350D022DE,50,F
B-A5CA89EB6101,C-ADE341E27FDB,3,GU-EEEE3C8CFDF3,15,M
B-CD124EC30EAE,C-BA8F98E6C6DC,1,GU-83ABD012DA1B,55,M
B-CD124EC30EAE,C-BA8F98E6C6DC,2,GU-ADFBCF0752B3,54,F
B-BFEF3622BB38,C-A1713BE3CC83,1,GU-5C104E9546A8,57,M
B-BFEF3622BB38,C-A1713BE3CC83,2,GU-D2C24B4D2A2F,58,F
B-BFEF3622BB38,C-A1713BE3CC83,3,GU-4EBB237374C7,15,M
B-82154CAC3139,C-AE9975AFA023,1,GU-345D83778618,58,F
B-82154CAC3139,C-AE9975AFA023,2,GU-99E4E10EFE94,57,M
B-82154CAC3139,C-AE9975AFA023,3,GU-DC952AF99436,14,F
B-9F4FFB34A5AD,C-7B94678E2E17,1,GU-F163A9494ED5,,
B-9F4FFB34A5AD,C-7B94678E2E17,2,GU-EE6560BC01AD,,
B-9F4FFB34A5AD,C-7B94678E2E17,3,GU-A69A11B25880,,
B-27A902C80193,C-941FF34E6773,1,GU-F6092705FAF1,63,M
B-27A902C80193,C-941FF34E6773,2,GU-49FC9F5BF303,62,F
B-777195450204,C-4DA00323C271,1,GU-04113DDAFD1E,,
B-777195450204,C-4DA00323C271,2,GU-5DFA833CA600,,
B-0043489579BC,C-D391F257F397,1,GU-CC3EE9A2905F,32,M
B-0043489579BC,C-D391F257F397,2,GU-7B814EB3ECFB,32,F
B-0043489579BC,C-D391F257F397,3,GU-39F38272FBBD,1,F
B-B83FFA9823AF,C-4DA00323C271,1,GU-1C2CA703223C,35,F
B-B83FFA9823AF,C-4DA00323C271,2,GU-6FADB3494C44,34,M
B-3AEF9824D298,C-5BCD56391953,1,GU-E3BA1617B6BE,50,M
B-3AEF9824D298,C-5BCD56391953,2,GU-60048389B094,58,F
B-C2B4E5505F93,C-8BA37B165A66,1,GU-6831A0377BF3,,
B-C2B4E5505F93,C-8BA37B165A66,2,GU-0F4C9E41D616,,
B-C2B4E5505F93,C-8BA37B165A66,3,GU-CEF52B4A20E9,,
B-4AA2A204798E,C-AC5E4209F3BF,1,GU-C1A403459BC7,,
B-4AA2A204798E,C-AC5E4209F3BF,2,GU-6886B1177A79,,
B-4AA2A204798E,C-AC5E4209F3BF,3,GU-375378C4D723,,
B-99CE0D3961B7,C-599FA0BA1E38,1,GU-61F493710263,57,M
B-99CE0D3961B7,C-599FA0BA1E38,2,GU-615464DF564A,53,F
B-99CE0D3961B7,C-599FA0BA1E38,3,GU-8C7B81F42218,14,M
B-828FE0EAA42D,C-84B827707A06,1,GU-2BC08E5EC124,49,M
B-828FE0EAA42D,C-84B827707A06,2,GU-97B810CFAF20,49,F
B-828FE0EAA42D,C-84B827707A06,3,GU-AA7830B1D4E4,16,M
B-32C13B599472,C-7A41D00D2522,1,GU-87AE5C355FB0,58,M
B-32C13B599472,C-7A41D00D2522,2,GU-BA4BA3D7F589,58,F
B-53663CF31EBF,C-7FE735258110,1,GU-31EC62BC1A44,66,M
B-53663CF31EBF,C-7FE735258110,2,GU-1DF0DFF7564F,62,F
B-7E77A973598E,C-155327BC42D5,1,GU-1365F31A6993,,
B-7E77A973598E,C-155327BC42D5,2,GU-599DD0511DC9,,
B-868F53124DE3,C-7FE735258110,1,GU-5BCD9DF9FDAE,41,M
B-868F53124DE3,C-7FE735258110,2,GU-9BA65A756AF6,40,F
B-868F53124DE3,C-7FE735258110,3,GU-08134E8EF359,0,M
B-B70E454EE178,C-7FE735258110,1,GU-4F56D7167105,33,M
B-B70E454EE178,C-7FE735258110,2,GU-373B346BAA06,32,F
B-B70E454EE178,C-7FE735258110,3,GU-41522B9EFD7B,5,M
B-B70E454EE178,C-7FE735258110,4,GU-22BDB0BB02AF,0,M
B-0A4AA49F6EFC,C-F1F6E8302AB2,1,GU-946FE8F8FE29,34,F
B-0A4AA49F6EFC,C-F1F6E8302AB2,2,GU-901C02679767,41,M
B-8256C33DDE7E,C-CB2AAD34FD86,1,GU-C5941240DE5D,50,F
B-8256C33DDE7E,C-CB2AAD34FD86,2,GU-8A049794CBCA,49,M
B-8256C33DDE7E,C-CB2AAD34FD86,3,GU-B7021A76F6F2,10,M
B-8256C33DDE7E,C-CB2AAD34FD86,4,GU-02319C797D57,7,F
B-513DB2E84F66,C-CB2AAD34FD86,1,GU-A03219D41A67,,
B-513DB2E84F66,C-CB2AAD34FD86,2,GU-BA0998D4EEEF,,
B-513DB2E84F66,C-CB2AAD34FD86,3,GU-44E79BED0466,,
B-513DB2E84F66,C-CB2AAD34FD86,4,GU-F0C6D03F7EF7,,
B-56167100F2DB,,1,GU-CD77E622DA45,,
B-56167100F2DB,,2,GU-C51C6594DE57,,
B-56167100F2DB,,3,GU-BCB7A9BF172A,,
B-56167100F2DB,,4,GU-23D8C97C7F2E,,
B-7C4230F36DDD,C-D43897AE16C9,1,GU-A5E9A8EF3ED1,35,F
B-7C4230F36DDD,C-D43897AE16C9,2,GU-126853DFB61F,39,M
B-7C4230F36DDD,C-D43897AE16C9,3,GU-42CA384CA58C,8,M
B-1E40E55D9232,C-25EF660D945C,1,GU-57077069906D,53,M
B-1E40E55D9232,C-25EF660D945C,2,GU-6633D268E068,57,F
B-1E40E55D9232,C-25EF660D945C,3,GU-24A0E760062B,19,M
B-1E40E55D9232,C-25EF660D945C,4,GU-9FA3969F4081,15,F
B-0BB25C610554,C-6D9EC3B43B97,1,GU-4A9C0FA68216,,
B-0BB25C610554,C-6D9EC3B43B97,2,GU-CA1CEECCD079,,
B-AA6D15D50498,C-3C220C8F3345,1,GU-9BF92C2D9F45,53,M
B-AA6D15D50498,C-3C220C8F3345,2,GU-F818A770346A,50,F
B-AA6D15D50498,C-3C220C8F3345,3,GU-34127D81B466,19,M
B-AA6D15D50498,C-3C220C8F3345,4,GU-5CF8ED0E9ED9,14,F
B-8B54B8BD1D29,C-3C220C8F3345,1,GU-69EE5504A47A,46,M
B-8B54B8BD1D29,C-3C220C8F3345,2,GU-F8B6FEA15B11,44,F
B-8B54B8BD1D29,C-3C220C8F3345,3,GU-D354DBCE7B7B,13,F
B-8B54B8BD1D29,C-3C220C8F3345,4,GU-823649B4C5ED,8,F
B-D20A3ACE516B,C-F8C9E5640C6B,1,GU-72C5B09BBD00,55,M
B-D20A3ACE516B,C-F8C9E5640C6B,2,GU-15FB01805D23,55,F
B-D20A3ACE516B,C-F8C9E5640C6B,3,GU-B5FCA362DBA8,19,F
B-D20A3ACE516B,C-F8C9E5640C6B,4,GU-D9543E9C9710,14,F
B-C1C68487F12B,C-D5DE6002CA28,1,GU-6557CF8BE835,40,F
B-C1C68487F12B,C-D5DE6002CA28,2,GU-CB58EA97BCE6,48,M
B-C1C68487F12B,C-D5DE6002CA28,3,GU-6E03E9F850E8,13,F
B-C1C68487F12B,C-D5DE6002CA28,4,GU-2E8B2FAF7888,10,F
B-E9E51829CF7B,C-CD520EF97089,1,GU-63F0F9C05546,,
B-E9E51829CF7B,C-CD520EF97089,2,GU-8C4FD5F48A71,,
B-FE304906F7E3,C-8BA37B165A66,1,GU-1DAC275B6038,39,M
B-FE304906F7E3,C-8BA37B165A66,2,GU-3FA5E93743B8,51,F
B-FE304906F7E3,C-8BA37B165A66,3,GU-68D673742F18,10,M
B-88B262BD64ED,C-AF3BFADEC5A9,1,GU-D130D4380063,79,M
B-88B262BD64ED,C-AF3BFADEC5A9,2,GU-1D835770AE93,78,F
B-2B30FDF755ED,,1,GU-BA4C5F2C634E,51,F
B-2B30FDF755ED,,2,GU-486D6B59BFFA,13,F
B-2B30FDF755ED,,3,GU-4189933C4F2D,53,M
B-2B30FDF755ED,,4,GU-A479C0169400,54,M
B-2B30FDF755ED,,5,GU-A7D760BF488D,47,F
B-2B30FDF755ED,,6,GU-4171AB752994,13,F
B-47F868FBDDCC,,1,GU-983C0C4F0919,,
B-47F868FBDDCC,,2,GU-D12B7C60FFF8,,
B-0E5B9BB7F3B8,,1,GU-1CF3C34857F2,,
B-0E5B9BB7F3B8,,2,GU-33723E6B151B,,
B-5332FA54724B,C-0D3A73132909,1,GU-5AC52ADA6A46,53,F
B-5332FA54724B,C-0D3A73132909,2,GU-17891C43AC45,54,M
B-3AB65A1CA3EC,C-E99A0E43DD43,1,GU-113E2E54CDD3,39,M
B-3AB65A1CA3EC,C-E99A0E43DD43,2,GU-158F8D280351,38,M
B-3AB65A1CA3EC,C-E99A0E43DD43,3,GU-F9813AAF08AF,8,M
B-3AB65A1CA3EC,C-E99A0E43DD43,4,GU-F1DC1582BCA4,6,F
B-3AB65A1CA3EC,C-E99A0E43DD43,5,GU-0C3CF6669D00,3,M
B-E6E906379168,C-5768C52198AD,1,GU-1117F1481266,38,M
B-E6E906379168,C-5768C52198AD,2,GU-0DC01F2E0654,38,F
B-E6E906379168,C-5768C52198AD,3,GU-D162F07BBC1E,2,M
B-699C5DA72C7A,C-306089A8F864,1,GU-9AFD36E46264,46,F
B-699C5DA72C7A,C-306089A8F864,2,GU-0D72C935179B,7,F
B-699C5DA72C7A,C-306089A8F864,3,GU-DE2EB3026575,54,M
B-0285282D2BCA,C-E2EC24690AFA,1,GU-5C94B77B9058,52,M
B-0285282D2BCA,C-E2EC24690AFA,2,GU-267188834328,52,F
B-41168C697BBC,C-E2EC24690AFA,1,GU-CA53E5ABECFB,19,M
B-41168C697BBC,C-E2EC24690AFA,2,GU-09682C7A0A5C,18,F
B-4B83AE792D7B,C-98ACFCCAF0A0,1,GU-9D21E5BE09F3,,
B-4B83AE792D7B,C-98ACFCCAF0A0,2,GU-9ADC0228A142,,
B-4B83AE792D7B,C-98ACFCCAF0A0,3,GU-C00ECC6E152B,,
B-15B41E3C5F44,,1,GU-AE5771866937,,
B-15B41E3C5F44,,2,GU-F0DDE7AC38C3,,
B-15B41E3C5F44,,3,GU-1711126070B5,,
B-DACD89450CDA,,1,GU-E27AFC3FCA1D,66,F
B-DACD89450CDA,,2,GU-F30882BF7BAB,68,M
B-BF11AB5746ED,C-DA6A11B7ECAC,1,GU-86F478FA8660,79,M
B-BF11AB5746ED,C-DA6A11B7ECAC,2,GU-477AD1C8677D,41,F
B-BF11AB5746ED,C-DA6A11B7ECAC,3,GU-370A0EA5DAE3,5,F
B-BF11AB5746ED,C-DA6A11B7ECAC,4,GU-125A896518EC,8,M
B-7F2AA1DD2851,,1,GU-3CBE9BBAB2B0,,
B-D173C40B9B34,C-DA6A11B7ECAC,1,GU-03FF9F6AB3F0,46,M
B-D173C40B9B34,C-DA6A11B7ECAC,2,GU-DFF298DB67FB,44,F
B-D173C40B9B34,C-DA6A11B7ECAC,3,GU-24B0EB3F2F62,5,M
B-D173C40B9B34,C-DA6A11B7ECAC,4,GU-0001D401FD1A,79,M
B-D173C40B9B34,C-DA6A11B7ECAC,5,GU-806DA546955D,75,F
B-EC8ADE6B383C,,1,GU-6501E901B200,,
B-EC8ADE6B383C,,2,GU-8E35DEE36931,,
B-EC8ADE6B383C,,3,GU-AFE9FAC34A6C,,
B-1C0EA5F3B5BB,C-F88878245FE9,1,GU-8DC7ED6A109B,54,F
B-1C0EA5F3B5BB,C-F88878245FE9,2,GU-6FF88CC42A82,12,M
B-1C0EA5F3B5BB,C-F88878245FE9,3,GU-2BD30D554012,8,F
B-1C0EA5F3B5BB,C-F88878245FE9,4,GU-07612166559B,45,M
B-B6A2A2EE357A,,1,GU-2D3DEE8D11AC,,
B-B6A2A2EE357A,,2,GU-A3722DBAB83D,,
B-B6A2A2EE357A,,3,GU-27405E11CA61,,
B-B6A2A2EE357A,,4,GU-F3B5C74C7E4F,,
B-F40D76E2EF64,,1,GU-B145672A002A,,
B-F40D76E2EF64,,2,GU-B15E982601D8,,
B-F40D76E2EF64,,3,GU-0D94E8E6E4C7,,
B-98D2F8C19E83,C-89C438618227,1,GU-DCF987E1A13A,77,F
B-5BE92A002C43,C-89C438618227,1,GU-0D9524E7F625,52,F
B-5BE92A002C43,C-89C438618227,2,GU-93DB37694D88,53,M
B-5BE92A002C43,C-89C438618227,3,GU-B703EE9F78B5,16,M
B-9C51704820B6,C-AEB73FFB50C8,1,GU-F3DE0439C73F,,
B-9C51704820B6,C-AEB73FFB50C8,2,GU-708167BE85B6,,
B-9C51704820B6,C-AEB73FFB50C8,3,GU-D0BDAA5E3E3A,,
B-164886F225B7,C-AEB73FFB50C8,1,GU-E3853F4050F5,,
B-164886F225B7,C-AEB73FFB50C8,2,GU-13306AD35F5B,,
B-164886F225B7,C-AEB73FFB50C8,3,GU-D5AF3C9B5B75,,
B-3249088D5805,C-465CEFB0E207,1,GU-BFF7D4C7D81B,48,M
B-3249088D5805,C-465CEFB0E207,2,GU-6BAF29AF8C30,14,M
B-3249088D5805,C-465CEFB0E207,3,GU-9C8E240FB11D,43,F
B-389420CC2FCC,C-F50460E8064A,1,GU-40809204B0D0,58,M
B-389420CC2FCC,C-F50460E8064A,2,GU-774F06A202F4,14,M
B-389420CC2FCC,C-F50460E8064A,3,GU-499C2F2C07F3,12,F
B-389420CC2FCC,C-F50460E8064A,4,GU-F11DF7E1493A,53,F
B-6F3399976099,C-7C54A068AA4F,1,GU-87925342F8B9,,
B-6F3399976099,C-7C54A068AA4F,2,GU-4D519DD872C7,,
B-2AAE5D92E578,C-7B9B51128681,1,GU-7E50F42F605E,39,F
B-2AAE5D92E578,C-7B9B51128681,2,GU-46EEE049A791,45,M
B-2AAE5D92E578,C-7B9B51128681,3,GU-99B390A96F6C,1,M
B-2AAE5D92E578,C-7B9B51128681,4,GU-B4724E64C3AD,5,F
B-44526018D6CF,C-30F6353F0103,1,GU-80C77B098C6A,45,M
B-44526018D6CF,C-30F6353F0103,2,GU-D3900C4DA0DF,45,F
B-44526018D6CF,C-30F6353F0103,3,GU-FB02979421EF,5,M
B-44526018D6CF,C-30F6353F0103,4,GU-2D9C24FAA336,7,F
B-F747D20F0001,,1,GU-09C51B4C078C,47,F
B-F747D20F0001,,2,GU-6620CE4D8897,56,M
B-B73D322FB58D,C-CCE6F3F0B15C,1,GU-5968CA0D9496,48,M
B-B73D322FB58D,C-CCE6F3F0B15C,2,GU-EB1C5FE6D27F,43,F
B-AE4411C2AB1C,C-26F5F81A7E95,1,GU-1583ECDF6356,,
B-AE4411C2AB1C,C-26F5F81A7E95,2,GU-3C8B0F51CA58,,
B-AE4411C2AB1C,C-26F5F81A7E95,3,GU-D2DD0BFA90F6,,
B-AE4411C2AB1C,C-26F5F81A7E95,4,GU-9AEE6C13DBFF,,
B-61CE428E10C8,C-9822F6608D12,1,GU-DA2B29A67CE6,33,M
B-61CE428E10C8,C-9822F6608D12,2,GU-603CFB1C27A9,27,F
B-61CE428E10C8,C-9822F6608D12,3,GU-EA544FC3F37C,0,F
B-73E8AF4D5D35,C-78F9841CF516,1,GU-ADB5CA4478AE,54,M
B-73E8AF4D5D35,C-78F9841CF516,2,GU-AA99508A847E,51,F
B-C66663777F56,C-76891269DE58,1,GU-9BDA81283EEE,61,F
B-C66663777F56,C-76891269DE58,2,GU-4A945729C4E9,72,F
B-C66663777F56,C-76891269DE58,3,GU-E76C8B1CBF9B,69,F
B-33A630B7A0CE,C-78F9841CF516,1,GU-FE48261D36F2,23,M
B-33A630B7A0CE,C-78F9841CF516,2,GU-2C4CF7E9E6FE,23,M
B-33A630B7A0CE,C-78F9841CF516,3,GU-F5AFBD4C5A29,28,F
B-33A630B7A0CE,C-78F9841CF516,4,GU-AD115409AAEA,19,F
B-7631F13B14A5,C-B2643998F350,1,GU-C5BD1EC23778,48,F
B-7631F13B14A5,C-B2643998F350,2,GU-48D53BD57A14,8,M
B-7631F13B14A5,C-B2643998F350,3,GU-AD25AD22CAC5,8,M
B-7631F13B14A5,C-B2643998F350,4,GU-20171DEF0C29,52,M
B-5E00EAA1884C,C-0E4FA6A8C6E2,1,GU-4E384CAAC30D,24,M
B-5E00EAA1884C,C-0E4FA6A8C6E2,2,GU-62B8B2EDF666,24,F
B-7F27F357EAC7,,1,GU-D3118DA172B9,,
B-7F27F357EAC7,,2,GU-3D1891152CD3,,
B-7F27F357EAC7,,3,GU-971A8FC54833,,
B-8B5B9BEADEBB,C-25EF660D945C,1,GU-47A865AD576F,52,F
B-8B5B9BEADEBB,C-25EF660D945C,2,GU-8E41BA54C254,15,F
B-8B5B9BEADEBB,C-25EF660D945C,3,GU-043B0E568ACC,55,M
B-F9DAB83E3B27,C-0E4FA6A8C6E2,1,GU-60813EC68707,54,M
B-F9DAB83E3B27,C-0E4FA6A8C6E2,2,GU-E14C57E34A62,55,F
B-F9DAB83E3B27,C-0E4FA6A8C6E2,3,GU-269B845EADD3,22,M
B-C8132760210B,C-65D4A4657343,1,GU-67C5853847DA,47,F
B-C8132760210B,C-65D4A4657343,2,GU-6617E3541CB5,45,M
B-02052128BD38,C-3C26377304EA,1,GU-A20D3B1BFD22,14,M
B-02052128BD38,C-3C26377304EA,2,GU-A5F24C9E8905,49,F
B-02052128BD38,C-3C26377304EA,3,GU-340BCD06227F,18,M
B-02052128BD38,C-3C26377304EA,4,GU-750320045A8C,18,F
B-02052128BD38,C-3C26377304EA,5,GU-2361B5BB79DA,51,M
B-F13F9C7738EC,C-3C26377304EA,1,GU-B2EE133A1C5F,45,M
B-F13F9C7738EC,C-3C26377304EA,2,GU-8F724682BBFC,44,F
B-F13F9C7738EC,C-3C26377304EA,3,GU-1093C870F1D5,10,F
B-F13F9C7738EC,C-3C26377304EA,4,GU-5ADD0ABFB749,6,F
B-E1E79FC41FFB,C-3C26377304EA,1,GU-611E6A257A39,47,M
B-E1E79FC41FFB,C-3C26377304EA,2,GU-5A111FEC117F,46,F
B-E1E79FC41FFB,C-3C26377304EA,3,GU-47953E1208F9,9,M
B-53125F609FEE,C-858870F04510,1,GU-19B976E33B86,,
B-53125F609FEE,C-858870F04510,2,GU-FCF474966D7B,,
B-53125F609FEE,C-858870F04510,3,GU-BFF816B0E7BF,,
B-640D6ABEED13,C-C5F245461FCF,1,GU-DF0FDB1D6C59,44,F
B-640D6ABEED13,C-C5F245461FCF,2,GU-E796B4516183,44,M
B-640D6ABEED13,C-C5F245461FCF,3,GU-1594D8F8AADD,8,F
B-640D6ABEED13,C-C5F245461FCF,4,GU-C9F6566E2530,6,F
B-AA4CCC419588,C-6B1FAD092411,1,GU-AAABA594C092,43,F
B-AA4CCC419588,C-6B1FAD092411,2,GU-EA7D6168878B,49,M
B-AA4CCC419588,C-6B1FAD092411,3,GU-0C154D4C26AF,6,M
B-F588B9765E2F,C-6318D5365162,1,GU-23CDCCED61FB,61,M
B-F588B9765E2F,C-6318D5365162,2,GU-929FB797CF3A,56,F
B-F588B9765E2F,C-6318D5365162,3,GU-0A16743AB275,27,M
B-B41A184E28C8,C-FAF1187B598F,1,GU-FCCB499299E1,38,
B-B41A184E28C8,C-FAF1187B598F,2,GU-E7FD94C144DB,36,
B-B41A184E28C8,C-FAF1187B598F,3,GU-C909E3404D79,1,
B-36A81E28214F,C-FFFAC8B5607C,1,GU-0971F8FC23D9,,
B-36A81E28214F,C-FFFAC8B5607C,2,GU-22FB8C8C855A,,
B-36A81E28214F,C-FFFAC8B5607C,3,GU-1F4A140D53F3,,
B-36A81E28214F,C-FFFAC8B5607C,4,GU-86C9235CE8CC,,
B-63A3ABA31103,C-CADD8AA6ED45,1,GU-3F4CBAC61514,21,F
B-63A3ABA31103,C-CADD8AA6ED45,2,GU-7DE2D39B63A6,26,F
B-63A3ABA31103,C-CADD8AA6ED45,3,GU-F582D924D50D,26,F
B-63A3ABA31103,C-CADD8AA6ED45,4,GU-AC3927A57257,33,M
B-9B37613D4BE4,C-F37AB3010FD8,1,GU-471927B3F1ED,,
B-9B37613D4BE4,C-F37AB3010FD8,2,GU-C78D169B014E,,
B-9B37613D4BE4,C-F37AB3010FD8,3,GU-638913446BCE,,
B-0D527171A967,C-E41B996CBCCB,1,GU-CAC6DCEECAAE,,
B-0D527171A967,C-E41B996CBCCB,2,GU-722748DF2C6C,,
B-0D527171A967,C-E41B996CBCCB,3,GU-59AB04FB5D3D,,
B-BA6AAD688536,C-603E9050D64A,1,GU-1C0B1510D6DA,62,M
B-BA6AAD688536,C-603E9050D64A,2,GU-4B9059199BBB,58,F
B-5DE0DCE96B92,,1,GU-74739BDD6B9D,,
B-5DE0DCE96B92,,2,GU-C8CC8E0B790C,,
B-5DE0DCE96B92,,3,GU-3EDBCFB7651A,,
B-78C3D41259EA,,1,GU-8189587B7489,,
B-78C3D41259EA,,2,GU-89B8CBEC0399,,
B-78C3D41259EA,,3,GU-9E7A759AE3A3,,
B-CBC88D7971B8,C-024F8C1496A8,1,GU-5FBCAA787050,52,M
B-CBC88D7971B8,C-024F8C1496A8,2,GU-224DC359DDF6,20,F
B-CBC88D7971B8,C-024F8C1496A8,3,GU-85545F9DAB7C,51,F
B-CAD472A278F7,C-0BCC42F623CF,1,GU-C0CFA43177A5,20,M
B-CAD472A278F7,C-0BCC42F623CF,2,GU-AFBB97574D96,20,F
B-A2C7E72FEED3,C-8E207B98E00D,1,GU-C721735FC82C,,
B-A2C7E72FEED3,C-8E207B98E00D,2,GU-329D09CBEBF7,,
B-A2C7E72FEED3,C-8E207B98E00D,3,GU-2BDF5A17CEEE,,
B-A2C7E72FEED3,C-8E207B98E00D,4,GU-451AFDD9424E,,
B-54647B989175,C-50503A7D3C36,1,GU-76DBDE1014D7,45,M
B-54647B989175,C-50503A7D3C36,2,GU-B1FCBA892342,42,F
B-54647B989175,C-50503A7D3C36,3,GU-B1FD26197981,10,M
B-57F38B2364D7,C-3F60490BA6BA,1,GU-3BE9728D0B4D,37,M
B-57F38B2364D7,C-3F60490BA6BA,2,GU-3760DF8CCF99,30,F
B-57F38B2364D7,C-3F60490BA6BA,3,GU-142B4253EE04,1,F
B-DDF8A510385D,C-8E207B98E00D,1,GU-E439AEA9457A,48,M
B-DDF8A510385D,C-8E207B98E00D,2,GU-DF7BE8D5587A,47,F
B-DDF8A510385D,C-8E207B98E00D,3,GU-67DC0B6D635F,12,F
B-DDF8A510385D,C-8E207B98E00D,4,GU-A6B288BDF028,10,F
B-DCDEC37F1CAA,C-52164958277D,1,GU-DFA684BCE32B,51,F
B-DCDEC37F1CAA,C-52164958277D,2,GU-AE4B50839CF3,55,M
B-DCDEC37F1CAA,C-52164958277D,3,GU-062E8299EB7A,14,M
B-C2F92BFB0F67,C-94974895B81C,1,GU-712257E0DCC2,37,F
B-C2F92BFB0F67,C-94974895B81C,2,GU-563BEA391266,37,M
B-BB4708BF53DE,C-E8EAA4E03AA5,1,GU-A3922FC3815D,26,F
B-BB4708BF53DE,C-E8EAA4E03AA5,2,GU-F602DB7AB4B4,24,M
B-952DA9586580,C-301F6E9B480D,1,GU-10AC5D62DE14,51,M
B-952DA9586580,C-301F6E9B480D,2,GU-32DC6563B0A3,48,F
B-952DA9586580,C-301F6E9B480D,3,GU-FB3ED8145C02,19,F
B-952DA9586580,C-301F6E9B480D,4,GU-E742BDF288BB,11,F
B-1D7543FA5431,C-FE72CAA18E79,1,GU-1B5E85166379,52,M
B-1D7543FA5431,C-FE72CAA18E79,2,GU-0EE0D89FF34D,48,F
B-1D7543FA5431,C-FE72CAA18E79,3,GU-B5DA2870CFA0,12,M
B-1453DB6C37D7,C-D6467CE2621B,1,GU-11A54F334592,51,M
B-1453DB6C37D7,C-D6467CE2621B,2,GU-31859896AC47,46,F
B-1453DB6C37D7,C-D6467CE2621B,3,GU-0B391F603659,17,F
B-1453DB6C37D7,C-D6467CE2621B,4,GU-E4E6B8FED12D,13,F
B-11E3303FE4F3,,1,GU-815AB69D04A7,,
B-11E3303FE4F3,,2,GU-8E1C1B961598,,
B-11E3303FE4F3,,3,GU-E804FB861D93,,
B-047AA8244B38,C-06F90B6ECD55,1,GU-DEA0FCC7E086,50,F
B-047AA8244B38,C-06F90B6ECD55,2,GU-511A4E5562A6,59,M
B-047AA8244B38,C-06F90B6ECD55,3,GU-D7962C3348A5,8,F
B-C433F4891ADC,C-FFFAC8B5607C,1,GU-639113F424C8,47,
B-C433F4891ADC,C-FFFAC8B5607C,2,GU-A2C835A31D8C,50,
B-C433F4891ADC,C-FFFAC8B5607C,3,GU-37E18AD35921,8,
B-C433F4891ADC,C-FFFAC8B5607C,4,GU-833F11BDAA4F,1,
B-50DA44E5C8FF,C-1184F21059B5,1,GU-20227C21F9BB,62,M
B-50DA44E5C8FF,C-1184F21059B5,2,GU-D18F0202E118,55,F
B-50DA44E5C8FF,C-1184F21059B5,3,GU-97D525AD5383,15,F
B-50DA44E5C8FF,C-1184F21059B5,4,GU-69E52C0525AB,18,M
B-3D563F426974,C-A019C2399340,1,GU-12A2D2E5341F,,
B-3D563F426974,C-A019C2399340,2,GU-6EEAD2FD900E,,
B-718D1BD27E1B,C-CC7298749229,1,GU-6B5F40A16F51,51,M
B-718D1BD27E1B,C-CC7298749229,2,GU-D0345CC26413,53,F
B-718D1BD27E1B,C-CC7298749229,3,GU-B768E85932AF,17,F
B-9E4F8641C48B,C-5F72B3ACAB55,1,GU-B17C9BBC5361,35,M
B-9E4F8641C48B,C-5F72B3ACAB55,2,GU-28AC6BCF0D32,36,F
B-9E4F8641C48B,C-5F72B3ACAB55,3,GU-092AC0A14015,1,M
B-21A1887816B8,,1,GU-0C379870DBC7,36,F
B-21A1887816B8,,2,GU-47E58E396829,40,M
B-21A1887816B8,,3,GU-C6E159E2A3D8,1,M
B-21A1887816B8,,4,GU-0878E3F94516,74,M
B-21A1887816B8,,5,GU-D56064A65064,76,F
B-522797F80A9D,C-66809859E532,1,GU-8E2A46BEB8DD,48,M
B-522797F80A9D,C-66809859E532,2,GU-32659BA988B3,37,F
B-522797F80A9D,C-66809859E532,3,GU-92FB8B636E53,8,F
B-522797F80A9D,C-66809859E532,4,GU-36C950653AA0,7,M
B-CF8458097114,,1,GU-9DAB4017E7B5,49,M
B-CF8458097114,,2,GU-7E53FFE1C071,48,F
B-CF8458097114,,3,GU-AF969033FD73,19,F
B-CF8458097114,,4,GU-2EBB5E01AD0D,14,F
B-FDD87FB60908,,1,GU-E9166894F901,31,M
B-FDD87FB60908,,2,GU-8B7309FEB71A,27,F
B-4960AF400D0A,,1,GU-8E808575FFE5,58,M
B-4960AF400D0A,,2,GU-570216F98E7E,57,F
B-9C938315BA8D,,1,GU-49E67E9FC2CA,57,F
B-9C938315BA8D,,2,GU-AEE05F6B25A9,13,F
B-67C46BFF8609,,1,GU-D5865FD858E7,49,M
B-67C46BFF8609,,2,GU-6846776B0743,47,F
B-67C46BFF8609,,3,GU-2D246F58A099,11,F
B-C1F403D51F79,,1,GU-D6E1EEB0E6B3,55,M
B-C1F403D51F79,,2,GU-5E2A41DBE605,14,F
B-C1F403D51F79,,3,GU-0273AC899913,47,F
B-13CD2C3359DB,,1,GU-BB8800DB8B79,42,M
B-13CD2C3359DB,,2,GU-C7E9B90942DE,38,F
B-13CD2C3359DB,,3,GU-843F53C29E51,12,F
B-13CD2C3359DB,,4,GU-6DA35E847A1F,6,F
B-97C4048280F7,,1,GU-1CB44C0492AA,31,F
B-97C4048280F7,,2,GU-850920900E29,13,F
B-97C4048280F7,,3,GU-6F5EDC137F79,60,F
B-97C4048280F7,,4,GU-186BFE8F7630,64,M
B-F4456F6FBBFC,,1,GU-C0BB5966F835,40,M
B-F4456F6FBBFC,,2,GU-6107FC07526D,40,F
B-F4456F6FBBFC,,3,GU-0BCE44F4EC07,9,F
B-090DA0FD973C,,1,GU-CC0691A80987,29,M
B-090DA0FD973C,,2,GU-F8AC83D7CF2E,29,F
B-DBA4DB2D3D61,C-2EA97878E506,1,GU-CFAC335544C0,55,M
B-DBA4DB2D3D61,C-2EA97878E506,2,GU-7F07867BE144,56,F
B-DBA4DB2D3D61,C-2EA97878E506,3,GU-4901D44B22AB,14,M
B-C53F89D04D97,,1,GU-FE24264BF9C0,,
B-C53F89D04D97,,2,GU-53F0D1B87278,,
B-C53F89D04D97,,3,GU-48B1650122BB,,
B-9A63FA99C52F,,1,GU-01419192DDB6,37,F
B-9A63FA99C52F,,2,GU-922741EE985E,36,M
B-9A63FA99C52F,,3,GU-870E4E94988A,2,F
B-9A63FA99C52F,,4,GU-2EC7A6952AD8,7,F
B-37C543C4261F,,1,GU-B66054177140,48,M
B-37C543C4261F,,2,GU-72EDBD94AABD,15,F
B-37C543C4261F,,3,GU-E93DF3BD6065,44,F
B-37C543C4261F,,4,GU-A0230F11627E,42,F
B-37C543C4261F,,5,GU-0A8D14E5AA86,12,F
B-9CC0989195B3,,1,GU-00984F7B7B0A,,
B-9CC0989195B3,,2,GU-54F4761129DF,,
B-A373BCC42B9C,,1,GU-11A4EBF508EE,,
B-A373BCC42B9C,,2,GU-694F48F08E96,,
B-A0A901CC5969,,1,GU-58406E249A5C,,
B-A0A901CC5969,,2,GU-85DA25895421,,
B-0979D2036C8F,,1,GU-F9AA99B131E1,13,F
B-0979D2036C8F,,2,GU-2A2BDBAC8777,55,M
B-0979D2036C8F,,3,GU-A0CF945208F5,52,F
B-7BEB40363034,,1,GU-E64A8DF6AC24,21,F
B-7BEB40363034,,2,GU-441EBF51B680,13,F
B-7BEB40363034,,3,GU-B880AF63B8D3,27,F
B-67C6A215896C,,1,GU-0359AFB96294,,
B-67C6A215896C,,2,GU-C45D37FA57D6,,
B-67C6A215896C,,3,GU-21090AAEA44C,,
B-68C7C1D0BBD5,C-72DBC09A190D,1,GU-720A2215B54B,43,M
B-68C7C1D0BBD5,C-72DBC09A190D,2,GU-DDBF382D181F,46,F
B-68C7C1D0BBD5,C-72DBC09A190D,3,GU-DE95F494C457,7,M
B-68C7C1D0BBD5,C-72DBC09A190D,4,GU-738D44365AF8,5,M
B-68C7C1D0BBD5,C-72DBC09A190D,5,GU-B65F3960544C,4,F
B-A271E7623C5C,C-6E9017A0DF15,1,GU-D42D36AA3A40,44,
B-A271E7623C5C,C-6E9017A0DF15,2,GU-18BA15587A75,42,
B-A271E7623C5C,C-6E9017A0DF15,3,GU-2D4155F56113,2,
B-FD86F9970F15,,1,GU-50B9C8E97869,30,F
B-FD86F9970F15,,2,GU-578C17200AB8,12,F
B-FD86F9970F15,,3,GU-AF827D93E470,34,M
B-FD86F9970F15,,4,GU-0D42DBECFB7E,58,F
B-4F8CCB2CAEA3,C-DC4640378CF6,1,GU-AA917FB7DA4C,49,F
B-4F8CCB2CAEA3,C-DC4640378CF6,2,GU-18AEC14E8D62,51,M
B-4F8CCB2CAEA3,C-DC4640378CF6,3,GU-67146D7C7C89,19,F
B-172BDAED61BA,C-4866E5E06998,1,GU-6588886A278D,66,M
B-172BDAED61BA,C-4866E5E06998,2,GU-C82BD9904273,64,F
B-5A7B6585B394,C-92212B4BDF5B,1,GU-175CBA712015,41,M
B-5A7B6585B394,C-92212B4BDF5B,2,GU-E2EB86AFB643,36,F
B-5A7B6585B394,C-92212B4BDF5B,3,GU-DD54DC691A12,13,M
B-5A7B6585B394,C-92212B4BDF5B,4,GU-C3326AD178AE,11,M
B-1F31F2FD1B91,C-77E534369815,1,GU-B2D0D81E012D,65,M
B-1F31F2FD1B91,C-77E534369815,2,GU-898FED542301,65,F
B-31FF4BBB52A1,C-D1DEFD0B9E60,1,GU-269418F5B01F,39,F
B-31FF4BBB52A1,C-D1DEFD0B9E60,2,GU-C6E9AB5CD74D,40,M
B-31FF4BBB52A1,C-D1DEFD0B9E60,3,GU-EB45F2BCB0C1,5,M
B-D17EEAA25C9D,C-D1DEFD0B9E60,1,GU-3837D1A2CCE8,55,F
B-D17EEAA25C9D,C-D1DEFD0B9E60,2,GU-D0AB49144F76,62,M
B-49CB22875A57,,1,GU-76CE2635DAF2,,
B-49CB22875A57,,2,GU-A9D8AC171ECF,,
B-49CB22875A57,,3,GU-3335F7269AC8,,
B-49CB22875A57,,4,GU-F76218C34DC0,,
B-D4C7075200C5,C-DCE5FF838193,1,GU-69C0B61F12F3,34,M
B-D4C7075200C5,C-DCE5FF838193,2,GU-C8E785890362,31,F
B-D4C7075200C5,C-DCE5FF838193,3,GU-D745AAB4E214,1,F
B-E8BD6126D054,C-9502BFEB6205,1,GU-82D91DBAE7CE,,
B-E8BD6126D054,C-9502BFEB6205,2,GU-1E9AF82C4306,,
B-2979517B592D,C-E4FCBF5ACF43,1,GU-6AD31C25BE83,50,F
B-2979517B592D,C-E4FCBF5ACF43,2,GU-1874388AB5A4,54,M
B-93E06B2F23B9,C-68199890B703,1,GU-B5903E1837C2,51,
B-328DEA29616A,C-91DDD7847300,1,GU-AE0DD735966E,58,M
B-328DEA29616A,C-91DDD7847300,2,GU-8BE2999C5008,69,F
B-999B89038175,C-6A2B48DEA85A,1,GU-FC7815D05F7D,,
B-999B89038175,C-6A2B48DEA85A,2,GU-C0D65956B4EE,,
B-89A5328D0A9D,C-6723060D6E54,1,GU-3B12189FD668,51,M
B-89A5328D0A9D,C-6723060D6E54,2,GU-1ABFB22C6390,46,F
B-89A5328D0A9D,C-6723060D6E54,3,GU-38E3DB5F4D99,4,F
B-89A5328D0A9D,C-6723060D6E54,4,GU-68D7D62B064A,1,F
B-65516D95FB2A,,1,GU-E0D1A2E2FBB4,,
B-65516D95FB2A,,2,GU-211D254A3606,,
B-65516D95FB2A,,3,GU-720B1C9ECF3D,,
B-65516D95FB2A,,4,GU-A2D516BA2A09,,
B-45ECD503AA60,,1,GU-145786E78B89,,
B-45ECD503AA60,,2,GU-C91A088D572A,,
B-AFBC8B29B217,C-4A0CEE448DE7,1,GU-814182D7AF43,38,F
B-AFBC8B29B217,C-4A0CEE448DE7,2,GU-98A483DEE2D4,40,M
B-16EA52AA1259,C-4A0CEE448DE7,1,GU-7E897EE37D0C,67,F
B-16EA52AA1259,C-4A0CEE448DE7,2,GU-C0AD3FBDBBB3,7,M
B-16EA52AA1259,C-4A0CEE448DE7,3,GU-54407796FDEC,4,M
B-EE07708D1A03,C-4A0CEE448DE7,1,GU-F9FABC9A64D8,40,F
B-EE07708D1A03,C-4A0CEE448DE7,2,GU-0AD8E669EB37,39,M
B-D6628EE60C8F,C-DFB3C4D8DBA9,1,GU-3984A8A08FCD,50,F
B-D6628EE60C8F,C-DFB3C4D8DBA9,2,GU-CAEE2748057C,53,M
B-D6628EE60C8F,C-DFB3C4D8DBA9,3,GU-8CA16273C55A,16,M
B-D6628EE60C8F,C-DFB3C4D8DBA9,4,GU-2882B82DE8BD,18,F
B-17EC105AC8E0,C-C8BCE370CFFA,1,GU-299976675B02,20,
B-17EC105AC8E0,C-C8BCE370CFFA,2,GU-AC7BC86142D1,20,
B-AAC1AB3D6231,C-6ED0F9BC7C6B,1,GU-4EA6F3DAE4EA,34,
B-AAC1AB3D6231,C-6ED0F9BC7C6B,2,GU-227E2682C735,30,
B-AAC1AB3D6231,C-6ED0F9BC7C6B,3,GU-661FF1FA9188,4,
B-AAC1AB3D6231,C-6ED0F9BC7C6B,4,GU-4CF52B559837,1,
B-80D085B3CADC,C-0FD1105AB1D2,1,GU-D4C30FC47071,,
B-80D085B3CADC,C-0FD1105AB1D2,2,GU-BDBF65D75B44,,
B-80D085B3CADC,C-0FD1105AB1D2,3,GU-E89F55D24517,,
B-795317AE3FB9,C-1849AB73BA93,1,GU-11494CF8C368,21,F
B-795317AE3FB9,C-1849AB73BA93,2,GU-3DF488322B10,20,M
B-795317AE3FB9,C-1849AB73BA93,3,GU-E901B082EEA4,48,F
B-795317AE3FB9,C-1849AB73BA93,4,GU-8C34D07CC8F7,49,M
B-3B7F7560ECCD,C-644357518389,1,GU-B2298B6B5543,34,F
B-3B7F7560ECCD,C-644357518389,2,GU-362C1504A798,39,M
B-3B7F7560ECCD,C-644357518389,3,GU-0DA81F1FF183,2,M
B-893F9CE2FF23,C-D677A0B84578,1,GU-43BAAF47C043,32,F
B-893F9CE2FF23,C-D677A0B84578,2,GU-F9EBC502B9F6,36,M
B-893F9CE2FF23,C-D677A0B84578,3,GU-C34F0F7429D5,1,F
B-DEE408F8DB3A,C-54CB3A1F505A,1,GU-007B31FF823A,47,M
B-DEE408F8DB3A,C-54CB3A1F505A,2,GU-37B774499C5B,41,F
B-DEE408F8DB3A,C-54CB3A1F505A,3,GU-716F5873C9F7,8,M
B-DEE408F8DB3A,C-54CB3A1F505A,4,GU-2335359F20EF,11,M
B-1AC799173E26,C-057764CF655D,1,GU-76726CE896CD,,
B-1AC799173E26,C-057764CF655D,2,GU-AC40056C2522,,
B-7AC8D84B3AD5,C-AA2579878402,1,GU-C0D9D2FF2263,38,M
B-7AC8D84B3AD5,C-AA2579878402,2,GU-27BAA001363A,41,F
B-7AC8D84B3AD5,C-AA2579878402,3,GU-BCFC78E6B2DA,6,F
B-21B18B7AA4B8,C-5BEA605CFAE1,1,GU-A1E3BC74FF1A,48,F
B-21B18B7AA4B8,C-5BEA605CFAE1,2,GU-77A3DA01345A,47,F
B-D27822CE6A98,C-AD9D3FAB1A48,1,GU-901C06546732,64,
B-D27822CE6A98,C-AD9D3FAB1A48,2,GU-D04D9F6F6AE9,60,
B-6B5F12118DCA,C-CD0C4EDD4D6A,1,GU-724217AC9D74,55,M
B-5222CF6983BC,C-F05A7EAD3B88,1,GU-0C265CDFD82D,43,M
B-5222CF6983BC,C-F05A7EAD3B88,2,GU-A1FE7DBB9276,45,F
B-5222CF6983BC,C-F05A7EAD3B88,3,GU-14D098343674,5,F
B-CB9F39A406E3,C-668BD7464EF4,1,GU-9E109175EBE5,59,M
B-CB9F39A406E3,C-668BD7464EF4,2,GU-1446709E26E3,52,F
B-CB9F39A406E3,C-668BD7464EF4,3,GU-B7E3C7A17B48,10,F
B-38A5937E29AF,,1,GU-8DF37C2C1C99,72,M
B-38A5937E29AF,,2,GU-E734BE9A4359,73,F
B-3A141AFFB8FE,C-E24E67B3F809,1,GU-F9780BF58DBC,,
B-3A141AFFB8FE,C-E24E67B3F809,2,GU-EF942A37F7C2,,
B-3A141AFFB8FE,C-E24E67B3F809,3,GU-675E7552DFC3,,
B-3A141AFFB8FE,C-E24E67B3F809,4,GU-1A11CA36BB7A,,
B-DCF3D8AC13A7,C-248A4FEF4D0F,1,GU-315CAB652157,,
B-DCF3D8AC13A7,C-248A4FEF4D0F,2,GU-3F1646FC43B5,,
B-3CDE9F3DAB8D,,1,GU-327A90842E0B,,
B-3CDE9F3DAB8D,,2,GU-2443E9599CE4,,
B-33F7DAA5740B,C-91409225D729,1,GU-EEB429557E1A,,
B-33F7DAA5740B,C-91409225D729,2,GU-9E7DB5A64A29,,
B-3EA22D02DDD8,C-18C716D2CCFA,1,GU-E5746AC5E0B1,46,M
B-3EA22D02DDD8,C-18C716D2CCFA,2,GU-782E86404D9E,46,F
B-3EA22D02DDD8,C-18C716D2CCFA,3,GU-7F90A03AD9E4,14,F
B-3EA22D02DDD8,C-18C716D2CCFA,4,GU-7D16A11EBD7A,10,M
B-FF54532F97AC,C-7791721EEBE5,1,GU-28FF85D91233,,
B-FF54532F97AC,C-7791721EEBE5,2,GU-A7B0FBBFF9C9,,
B-71319C999B72,C-7791721EEBE5,1,GU-5C66E90A108C,,
B-71319C999B72,C-7791721EEBE5,2,GU-FC8FF58D0058,,
B-02B9C557D279,C-91409225D729,1,GU-A8DDD658EAD3,57,M
B-02B9C557D279,C-91409225D729,2,GU-CCE83B34F68E,56,F
B-6FE6A4708FCB,,1,GU-75C7B0509510,,
B-6FE6A4708FCB,,2,GU-34AB0255DBC3,,
B-C703522F073F,C-0E8350B13EC3,1,GU-7CD08CBC9367,48,
B-C703522F073F,C-0E8350B13EC3,2,GU-6F174CFC9D2F,48,
B-C703522F073F,C-0E8350B13EC3,3,GU-DE92EF580E90,11,
B-AAEC60E82F23,C-50FE3266023E,1,GU-F56FEC8387B4,,
B-AAEC60E82F23,C-50FE3266023E,2,GU-E80BF65D86B8,,
B-4F87D783AEEA,,1,GU-A9946DB6839E,40,M
B-4F87D783AEEA,,2,GU-3FB0C21BB387,11,M
B-4F87D783AEEA,,3,GU-971E0BCDCD29,43,F
B-00325B0C3264,C-E009A72ED7B7,1,GU-E675992B1F09,57,M
B-00325B0C3264,C-E009A72ED7B7,2,GU-37841E8BF16A,57,F
B-48106CAAF323,C-494A1AEA7EC5,1,GU-1457768FC6AC,31,F
B-48106CAAF323,C-494A1AEA7EC5,2,GU-F45FD3F42924,34,M
B-48106CAAF323,C-494A1AEA7EC5,3,GU-8B572A197ACD,3,M
B-48106CAAF323,C-494A1AEA7EC5,4,GU-DA6E946E198F,0,M
B-0BD2E38E4775,C-A9BA4AC16547,1,GU-0669CC674A6F,69,M
B-0BD2E38E4775,C-A9BA4AC16547,2,GU-9617ACC5A9AF,66,F
B-FCB059F916C9,C-46FBDBC3A30F,1,GU-0B831052B42B,49,M
B-FCB059F916C9,C-46FBDBC3A30F,2,GU-6474AE5F8A72,47,F
B-FCB059F916C9,C-46FBDBC3A30F,3,GU-32F995B9B787,12,F
B-6E38DB72C5ED,C-E76CB54E10AF,1,GU-5DEA9B6F4590,60,M
B-6E38DB72C5ED,C-E76CB54E10AF,2,GU-FB926F773432,53,F
B-6E38DB72C5ED,C-E76CB54E10AF,3,GU-A1B34E9EBBC4,16,M
B-6E38DB72C5ED,C-E76CB54E10AF,4,GU-00285B24B837,13,F
B-F75E47DA5E59,C-44C7E9A4D5C2,1,GU-1D8074D23390,40,F
B-F75E47DA5E59,C-44C7E9A4D5C2,2,GU-0F7457764635,10,F
B-F75E47DA5E59,C-44C7E9A4D5C2,3,GU-8996AC3B6520,3,M
B-F75E47DA5E59,C-44C7E9A4D5C2,4,GU-EAF1B979D388,3,M
B-F75E47DA5E59,C-44C7E9A4D5C2,5,GU-1C0BC69D54F0,45,M
B-B3807F6AC6A9,C-46FBDBC3A30F,1,GU-C9C2A7DC094A,49,M
B-B3807F6AC6A9,C-46FBDBC3A30F,2,GU-8A220D02CA65,47,F
B-B3807F6AC6A9,C-46FBDBC3A30F,3,GU-6565CBFF65F3,14,M
B-46C1C72B1D9D,C-F7D12AEED180,1,GU-37946598C96C,53,M
B-46C1C72B1D9D,C-F7D12AEED180,2,GU-23092DEB7E00,52,F
B-46C1C72B1D9D,C-F7D12AEED180,3,GU-2F94516E629C,20,F
B-46C1C72B1D9D,C-F7D12AEED180,4,GU-3A485A5461AA,16,F
B-BA8186ABEB19,C-B58CA18CDE18,1,GU-AA9EA902F491,44,F
B-BA8186ABEB19,C-B58CA18CDE18,2,GU-14CDAA394232,46,M
B-05708B675B14,C-8D917BFDCA8D,1,GU-B1E32C91B61F,49,F
B-05708B675B14,C-8D917BFDCA8D,2,GU-7F8CBF8533CE,13,F
B-05708B675B14,C-8D917BFDCA8D,3,GU-1DFFF83A0EE7,49,M
B-B1A529020AC6,C-8D917BFDCA8D,1,GU-D72869C2BD77,49,
B-B1A529020AC6,C-8D917BFDCA8D,2,GU-51F513757AE5,13,
B-B1A529020AC6,C-8D917BFDCA8D,3,GU-94C794252BCC,49,
B-859770A5E092,C-6A4FC143E6AE,1,GU-1D52C9CCC378,57,M
B-859770A5E092,C-6A4FC143E6AE,2,GU-074BC85AEF1B,47,F
B-859770A5E092,C-6A4FC143E6AE,3,GU-09464721D201,15,F
B-859770A5E092,C-6A4FC143E6AE,4,GU-782434CC5D3A,9,F
B-827CAAAF2792,C-93343EBE02C7,1,GU-F698B174CFEB,53,
B-827CAAAF2792,C-93343EBE02C7,2,GU-6D9BF77ED3BE,50,
B-827CAAAF2792,C-93343EBE02C7,3,GU-66799DE41558,12,
B-F2B3A58A3B2C,C-9C22CAB3AFF7,1,GU-6A41BA8ACD62,77,M
B-F2B3A58A3B2C,C-9C22CAB3AFF7,2,GU-FB647348A49E,72,F
B-FFD015F827A9,C-9C22CAB3AFF7,1,GU-07DF469BF3F9,73,M
B-FFD015F827A9,C-9C22CAB3AFF7,2,GU-90F966CB04E9,69,F
B-001C41B13619,C-9C22CAB3AFF7,1,GU-E22122AA365F,91,F
B-001C41B13619,C-9C22CAB3AFF7,2,GU-A8EEEE5F329F,79,M
B-CA5178E0123F,C-9C22CAB3AFF7,1,GU-DC483CAD35E3,71,M
B-CA5178E0123F,C-9C22CAB3AFF7,2,GU-4C1D4373BA35,68,F
B-1F34ACE327FD,C-9C22CAB3AFF7,1,GU-EE9699995CFE,70,M
B-1F34ACE327FD,C-9C22CAB3AFF7,2,GU-D9E493241F9D,66,F
B-E6FB72D82B33,C-93343EBE02C7,1,GU-B13295473F2A,53,M
B-E6FB72D82B33,C-93343EBE02C7,2,GU-255E82588D4E,50,F
B-E6FB72D82B33,C-93343EBE02C7,3,GU-8EFCBB3C5B90,12,M
B-9FC1FB9B7830,,1,GU-AE2151A941FD,57,M
B-9FC1FB9B7830,,2,GU-249BEFF38AFF,52,F
B-D8DFD8614288,C-E46547DEC8B2,1,GU-F275FDA5BF1A,38,M
B-D8DFD8614288,C-E46547DEC8B2,2,GU-AA5E73656ED1,34,F
B-D8DFD8614288,C-E46547DEC8B2,3,GU-8EFB8938CCE7,4,M
B-20FC0E380D6D,C-9C062462A4CA,1,GU-CFB7D14C43DB,37,M
B-20FC0E380D6D,C-9C062462A4CA,2,GU-7C49F0C5AE53,36,F
B-20FC0E380D6D,C-9C062462A4CA,3,GU-EC169BA38027,3,M
B-20FC0E380D6D,C-9C062462A4CA,4,GU-6EC5652AD990,1,F
B-11C9F5D5A492,,1,GU-156376C4AEE7,,
B-11C9F5D5A492,,2,GU-59579A627919,,
B-E29009193367,,1,GU-02588B715656,,
B-E29009193367,,2,GU-D8A13EBE30A9,,
B-E29009193367,,3,GU-771127A416C4,,
B-E29009193367,,4,GU-B1E12067AA43,,
B-0624504BE5C4,,1,GU-428673DDA4C6,,
B-0624504BE5C4,,2,GU-E31F58CDA313,,
B-0624504BE5C4,,3,GU-A80AD648C243,,
B-0624504BE5C4,,4,GU-6AF4879EAA6F,,
B-7263714B2C85,C-6656DA38374E,1,GU-F9B1A3E36A9C,44,F
B-7263714B2C85,C-6656DA38374E,2,GU-7C7CC7153A3B,48,M
B-7263714B2C85,C-6656DA38374E,3,GU-22D9B0D6E76C,7,M
B-D49D31A1AC6C,C-DCE57E5D41E7,1,GU-3B1C78336FF1,39,M
B-D49D31A1AC6C,C-DCE57E5D41E7,2,GU-49259803EBB3,39,F
B-D49D31A1AC6C,C-DCE57E5D41E7,3,GU-B5D00DEB2705,9,M
B-F0E96724181E,C-DCE57E5D41E7,1,GU-FE6B543D8D55,43,M
B-F0E96724181E,C-DCE57E5D41E7,2,GU-07A47C95F97B,40,F
B-F0E96724181E,C-DCE57E5D41E7,3,GU-5E53E78E8373,8,F
B-F0E96724181E,C-DCE57E5D41E7,4,GU-4CA9FAF8E62E,7,F
B-F0E96724181E,C-DCE57E5D41E7,5,GU-C80A5F6CA6E3,1,F
B-B751818EBBD2,C-DCE57E5D41E7,1,GU-8635B08A759F,41,F
B-B751818EBBD2,C-DCE57E5D41E7,2,GU-EA0F1BFAF3B1,45,M
B-B751818EBBD2,C-DCE57E5D41E7,3,GU-E4FC38C309D4,7,M
B-63E9082815B4,C-DCE57E5D41E7,1,GU-FCFC7C6FC1D0,42,M
B-63E9082815B4,C-DCE57E5D41E7,2,GU-350588847D13,39,F
B-63E9082815B4,C-DCE57E5D41E7,3,GU-7A00D3AA653C,11,M
B-63E9082815B4,C-DCE57E5D41E7,4,GU-80B47532A215,8,M
B-63E9082815B4,C-DCE57E5D41E7,5,GU-D07022399C73,3,F
B-B9B1A13344D3,C-DCE57E5D41E7,1,GU-E669D7EFD4EA,38,M
B-B9B1A13344D3,C-DCE57E5D41E7,2,GU-6B2ECD21DF23,39,F
B-B9B1A13344D3,C-DCE57E5D41E7,3,GU-9AD7F2949C07,8,F
B-B9B1A13344D3,C-DCE57E5D41E7,4,GU-FB1D5C1608F7,5,M
B-4667D315E61E,C-3243CEF547C5,1,GU-417D38D93A06,38,M
B-4667D315E61E,C-3243CEF547C5,2,GU-4D09FA2E0548,48,F
B-74C67926965E,C-0E8350B13EC3,1,GU-1501B4D12BCA,48,M
B-74C67926965E,C-0E8350B13EC3,2,GU-339572470FF1,48,F
B-74C67926965E,C-0E8350B13EC3,3,GU-464F97A3973F,11,F
B-D191CEB5FD3E,C-EAA2F30DC198,1,GU-CBA76C98216B,81,M
B-D191CEB5FD3E,C-EAA2F30DC198,2,GU-FA164FED27B4,76,F
B-D0F4980C46B3,,1,GU-BBB4863D9063,,
B-242B8416C4C9,C-DCE57E5D41E7,1,GU-948543DDD644,39,F
B-242B8416C4C9,C-DCE57E5D41E7,2,GU-64F481BE641E,4,F
B-242B8416C4C9,C-DCE57E5D41E7,3,GU-032666315C80,8,F
B-242B8416C4C9,C-DCE57E5D41E7,4,GU-8D23AC51D8DC,39,M
B-B3ED81AF12B6,,1,GU-55F81A186168,52,F
B-B3ED81AF12B6,,2,GU-EAC86F1E01CE,57,M
B-CA9C5720653B,C-BF6EC31CDE12,1,GU-59039E29439B,,
B-CA9C5720653B,C-BF6EC31CDE12,2,GU-8C1709693137,,
B-CA9C5720653B,C-BF6EC31CDE12,3,GU-5C45AF2CA6F6,,
B-879B19466FF8,C-97C4D0CA3D80,1,GU-BC99F026AB01,64,M
B-879B19466FF8,C-97C4D0CA3D80,2,GU-E03C6D5B161D,56,F
B-879B19466FF8,C-97C4D0CA3D80,3,GU-737032BB053A,56,F
B-879B19466FF8,C-97C4D0CA3D80,4,GU-D23046E65602,63,M
B-2FA226F9E470,C-FFBDCCC388B8,1,GU-C60E1FA0CDE3,21,F
B-2FA226F9E470,C-FFBDCCC388B8,2,GU-3F55FF299824,22,M
B-2FA226F9E470,C-FFBDCCC388B8,3,GU-FE6D76681EC3,25,
B-6B27049B2DB7,C-FFBDCCC388B8,1,GU-E068913CA2BA,52,M
B-6B27049B2DB7,C-FFBDCCC388B8,2,GU-A88E33DFAE6E,51,F
B-6B27049B2DB7,C-FFBDCCC388B8,3,GU-BE90184D9C01,16,M
B-6B27049B2DB7,C-FFBDCCC388B8,4,GU-C7C2E2175597,13,F
B-8B332BF08BC7,C-DCE57E5D41E7,1,GU-134F56C21AC2,48,F
B-8B332BF08BC7,C-DCE57E5D41E7,2,GU-2F3574E9D639,54,M
B-8B332BF08BC7,C-DCE57E5D41E7,3,GU-BA3071A00E17,10,M
B-8B332BF08BC7,C-DCE57E5D41E7,4,GU-1741BD740EF6,7,F
B-7D9AB3BE8ECB,C-EE60AFC33299,1,GU-D43FB22B53C6,34,M
B-7D9AB3BE8ECB,C-EE60AFC33299,2,GU-1323D9B6253B,36,F
B-7D9AB3BE8ECB,C-EE60AFC33299,3,GU-3CA2CD9972EA,1,M
B-0A503AF5DDBD,C-48808BD2A6FD,1,GU-AEEAEC8E692A,51,F
B-0A503AF5DDBD,C-48808BD2A6FD,2,GU-D29AD0C8D6AE,81,F
B-4CB9F9B3AC59,C-0BDA5EF0947D,1,GU-AD6CE13CEDAB,,
B-4CB9F9B3AC59,C-0BDA5EF0947D,2,GU-1AD8F762288E,,
B-4CB9F9B3AC59,C-0BDA5EF0947D,3,GU-451F7D966786,,
B-4CB9F9B3AC59,C-0BDA5EF0947D,4,GU-38BF0755E3AF,,
B-519B6492A93B,C-4E17830CD6BE,1,GU-B8412A61731D,45,F
B-519B6492A93B,C-4E17830CD6BE,2,GU-15EF652A23C4,53,M
B-AD4DB2F80703,C-6E2D0B48FA61,1,GU-E60356D45526,43,M
B-AD4DB2F80703,C-6E2D0B48FA61,2,GU-E7A2A8D4777A,39,F
B-AD4DB2F80703,C-6E2D0B48FA61,3,GU-7D47AC866C81,4,M
B-1C612A1E3C82,C-C2EBF7E447F5,1,GU-678D0BBC92E7,34,M
B-1C612A1E3C82,C-C2EBF7E447F5,2,GU-2D850B8472A5,32,F
B-DC66C2AA39B9,C-2639EC040240,1,GU-0784AA6F4A0B,68,M
B-DC66C2AA39B9,C-2639EC040240,2,GU-9D2521315FF0,64,F
B-F81E64B18C85,C-C2EBF7E447F5,1,GU-A3E23A7A42C3,65,M
B-F81E64B18C85,C-C2EBF7E447F5,2,GU-A93522321299,60,F
B-E381BE005B4F,C-2639EC040240,1,GU-D3EE136589C8,67,M
B-E381BE005B4F,C-2639EC040240,2,GU-E86359A11379,62,F
B-DEE6711BA052,C-D9F25B445F39,1,GU-5402147AF570,48,M
B-DEE6711BA052,C-D9F25B445F39,2,GU-5C0339434272,46,F
B-DEE6711BA052,C-D9F25B445F39,3,GU-F686C31A16A9,43,F
B-DEE6711BA052,C-D9F25B445F39,4,GU-D845364F9FCF,9,F
B-DEE6711BA052,C-D9F25B445F39,5,GU-1CBF7A10ED46,7,M
B-5D6ACBD12ED0,C-1F57EAD69365,1,GU-4FEEB9463056,53,F
B-5D6ACBD12ED0,C-1F57EAD69365,2,GU-B69709E8E8CC,66,M
B-C62E5650B0D4,C-1F57EAD69365,1,GU-99325D5C5B11,77,F
B-C62E5650B0D4,C-1F57EAD69365,2,GU-61B4D225B2AE,47,M
B-2C1936296B01,C-B35CAC10DB84,1,GU-9EB1F0EA3D9D,,
B-2C1936296B01,C-B35CAC10DB84,2,GU-966CDBB61257,,
B-2C1936296B01,C-B35CAC10DB84,3,GU-6CDCD8710628,,
B-2C1936296B01,C-B35CAC10DB84,4,GU-68BCDB5BE584,,
B-2C1936296B01,C-B35CAC10DB84,5,GU-3C64F51C6125,,
B-BFD0C414D28A,C-B35CAC10DB84,1,GU-75414C4D9A5C,37,F
B-BFD0C414D28A,C-B35CAC10DB84,2,GU-45AF1B5AAAA4,37,M
B-BFD0C414D28A,C-B35CAC10DB84,3,GU-08BD5234CCE0,11,M
B-BFD0C414D28A,C-B35CAC10DB84,4,GU-A6C7719ED0AD,6,F
B-BFD0C414D28A,C-B35CAC10DB84,5,GU-52E905A22456,3,M
B-85AB2B3C1CE5,C-099D1F51E06E,1,GU-B64FBA5BA1E6,44,F
B-85AB2B3C1CE5,C-099D1F51E06E,2,GU-869ABAA1C2F5,42,M
B-85AB2B3C1CE5,C-099D1F51E06E,3,GU-AF9C98EC2E7E,1,M
B-B307D14D85CB,C-3DABB4B21C33,1,GU-5FE00692943E,66,M
B-B307D14D85CB,C-3DABB4B21C33,2,GU-ED85385C22DC,53,F
B-B307D14D85CB,C-3DABB4B21C33,3,GU-FE7092C39888,25,M
B-2548DBAD4389,,1,GU-6CFC4D36CF9E,43,M
B-2548DBAD4389,,2,GU-E98C1F28DA94,36,F
B-2548DBAD4389,,3,GU-7249AED361E8,2,F
B-2548DBAD4389,,4,GU-92920CAF2B30,1,F
B-21997CEE3A2E,C-5060337D855B,1,GU-4EDA2E09AC84,,
B-21997CEE3A2E,C-5060337D855B,2,GU-83323FFAD229,,
B-21997CEE3A2E,C-5060337D855B,3,GU-55D24D9342FE,,
B-21997CEE3A2E,C-5060337D855B,4,GU-CB8CE9E3F153,,
B-B8BA62606F2D,C-4F8BCE72E960,1,GU-C7483C1FB763,37,F
B-B8BA62606F2D,C-4F8BCE72E960,2,GU-4EB2A07F6D44,1,F
B-B8BA62606F2D,C-4F8BCE72E960,3,GU-B9D79D1117DD,39,M
B-77A4BF3E017A,C-4F8BCE72E960,1,GU-DB1C8285225A,38,F
B-77A4BF3E017A,C-4F8BCE72E960,2,GU-5046B0F9681D,40,M
B-77A4BF3E017A,C-4F8BCE72E960,3,GU-0006EEBD9E8B,2,M
B-0DF34840C026,C-4F8BCE72E960,1,GU-CC19094214F4,39,F
B-0DF34840C026,C-4F8BCE72E960,2,GU-9CB47BED9F04,40,M
B-0DF34840C026,C-4F8BCE72E960,3,GU-E5516B0A3AC4,5,M
B-0DF34840C026,C-4F8BCE72E960,4,GU-13F3CA383ED0,2,M
B-C75F6022C364,C-336928BF1976,1,GU-E668A567D0BC,50,F
B-C75F6022C364,C-336928BF1976,2,GU-6B1F13A8C471,1,F
B-C75F6022C364,C-336928BF1976,3,GU-59BCFAF1AD8D,41,M
B-05933A2995AC,C-740DC4CBC572,1,GU-FA8707A8E3AF,73,F
B-05933A2995AC,C-740DC4CBC572,2,GU-BFF4A108FADB,15,F
B-FCCD7621CE25,C-740DC4CBC572,1,GU-BB62E9C017C0,49,F
B-FCCD7621CE25,C-740DC4CBC572,2,GU-CF9412C384B6,45,M
B-FCCD7621CE25,C-740DC4CBC572,3,GU-6C795CA1F798,11,M
B-2071FC8B8BA1,C-8B77C4A9922E,1,GU-A0E0D2FE3989,46,M
B-2071FC8B8BA1,C-8B77C4A9922E,2,GU-D71900FEE3C2,46,F
B-2071FC8B8BA1,C-8B77C4A9922E,3,GU-C073743D1601,11,F
B-2071FC8B8BA1,C-8B77C4A9922E,4,GU-BABC812B1907,6,F
B-1C7DA65D204E,C-8A70EF5D788B,1,GU-ED06EBCE6A62,46,F
B-1C7DA65D204E,C-8A70EF5D788B,2,GU-C15322E105C1,47,M
B-1C7DA65D204E,C-8A70EF5D788B,3,GU-25E19CAAB283,8,M
B-1C7DA65D204E,C-8A70EF5D788B,4,GU-E36CA98B0F0A,7,F
B-1C7DA65D204E,C-8A70EF5D788B,5,GU-A0C8F5668C16,7,F
B-A60E396EFA60,C-02193A30FC59,1,GU-9D22147EC30E,42,F
B-A60E396EFA60,C-02193A30FC59,2,GU-04F0696E0765,11,M
B-A60E396EFA60,C-02193A30FC59,3,GU-04336AB17A6B,6,F
B-A60E396EFA60,C-02193A30FC59,4,GU-FBD1B827F287,45,M
B-B00F99F90223,C-C62D6E38A8B5,1,GU-BBCD140A38E4,54,M
B-B00F99F90223,C-C62D6E38A8B5,2,GU-974EDE35F667,49,F
B-B00F99F90223,C-C62D6E38A8B5,3,GU-59EBC84E9395,14,F
B-B00F99F90223,C-C62D6E38A8B5,4,GU-5ABDFB1E2D59,14,M
B-25C05198258C,,1,GU-649425873C36,,
B-25C05198258C,,2,GU-ED9156521CC7,,
B-25C05198258C,,3,GU-743C00414487,,
B-50B7D799E6B1,C-98DC2E15D4A1,1,GU-FBFB26EDCABC,39,M
B-50B7D799E6B1,C-98DC2E15D4A1,2,GU-493627A914EF,8,M
B-50B7D799E6B1,C-98DC2E15D4A1,3,GU-3965411F245A,4,M
B-50B7D799E6B1,C-98DC2E15D4A1,4,GU-2A919ED720CD,39,F
B-9D1486392BD3,C-552B1C720A73,1,GU-B4C62E50585A,,
B-9D1486392BD3,C-552B1C720A73,2,GU-06A105793100,,
B-B97077ED28AB,C-CC99DA56C0E4,1,GU-C8E25F64EEFE,47,M
B-B97077ED28AB,C-CC99DA56C0E4,2,GU-15681D4D8599,53,F
B-2E4F420F4159,C-6A66F24CC65D,1,GU-2699129E25F2,31,M
B-2E4F420F4159,C-6A66F24CC65D,2,GU-297DA079A655,33,F
B-5DF4F1D8E360,C-A49138354DEC,1,GU-5FB128FD054D,36,M
B-5DF4F1D8E360,C-A49138354DEC,2,GU-1132C670D15A,33,F
B-1A7C0F7FB46C,C-3C5B1D0FC49C,1,GU-4ECACACF506C,50,F
B-1A7C0F7FB46C,C-3C5B1D0FC49C,2,GU-5DDC5750A455,53,M
B-1A7C0F7FB46C,C-3C5B1D0FC49C,3,GU-10E52E7DBD3B,16,F
B-7FBA508C482F,,1,GU-4CC32ACDED46,,
B-7FBA508C482F,,2,GU-8305B043D8EF,,
B-7FBA508C482F,,3,GU-0366D9F5FBEC,,
B-1D75ED4207F8,,1,GU-40FCE5901779,35,F
B-1D75ED4207F8,,2,GU-BF82CC3CFADA,37,M
B-1D75ED4207F8,,3,GU-07E39C37F327,11,F
B-1D75ED4207F8,,4,GU-6A38F7689357,5,M
B-3E51BB703CA9,,1,GU-D13A718A9E0F,34,M
B-3E51BB703CA9,,2,GU-1717D6211483,30,F
B-94DE02AC1CC7,C-7F9A8C007443,1,GU-2EF80A986797,35,M
B-94DE02AC1CC7,C-7F9A8C007443,2,GU-E5F3C221ECE7,42,F
B-94DE02AC1CC7,C-7F9A8C007443,3,GU-31AE74826CCA,16,F
B-5BC9FCD0D601,C-7F9A8C007443,1,GU-7EC69C67C95D,35,M
B-5BC9FCD0D601,C-7F9A8C007443,2,GU-A655B5BDEFE3,42,F
B-2FC8D8A7C1E8,C-71B8BB23CC6D,1,GU-535B3EB6CA0E,55,
B-2FC8D8A7C1E8,C-71B8BB23CC6D,2,GU-77C0EB0BE3D4,55,
B-073B3B9CD820,C-BA0B1839665D,1,GU-3AC0D15819C7,,
B-073B3B9CD820,C-BA0B1839665D,2,GU-D4060977D7FF,,
B-B64EE1D372B4,C-71B8BB23CC6D,1,GU-5B585BC27F5A,55,M
B-B64EE1D372B4,C-71B8BB23CC6D,2,GU-F999A525DAC3,55,F
B-4CCF6A4EC78D,C-9E2F2E2F5615,1,GU-381138489FE3,46,
B-4CCF6A4EC78D,C-9E2F2E2F5615,2,GU-3E9198499CB7,49,
B-4CCF6A4EC78D,C-9E2F2E2F5615,3,GU-18B967668847,7,
B-4CCF6A4EC78D,C-9E2F2E2F5615,4,GU-ADA2EB197A7B,8,
B-3014C17371CC,,1,GU-5AAEA6DD7B0A,54,F
B-3014C17371CC,,2,GU-26D7B4294090,26,M
B-3014C17371CC,,3,GU-CE59FF092509,21,F
B-3014C17371CC,,4,GU-E068240603B3,56,M
B-B6211F635F69,,1,GU-049E8CBF8554,41,M
B-B6211F635F69,,2,GU-25D276AFBF0B,9,F
B-B6211F635F69,,3,GU-095413A7FD4A,6,F
B-B6211F635F69,,4,GU-0B2F65BDCFE5,39,F
B-98D2AF5BC621,C-46FBDBC3A30F,1,GU-9BE59F4CC5B5,51,F
B-98D2AF5BC621,C-46FBDBC3A30F,2,GU-647284B64BBF,56,M
B-6E6D16864264,C-50FE3266023E,1,GU-695A6D2172DE,,
B-6E6D16864264,C-50FE3266023E,2,GU-3B90410FC6CD,,
B-9BA75586B61B,C-50FE3266023E,1,GU-DF91B5C717C7,,
B-9BA75586B61B,C-50FE3266023E,2,GU-2F58719E00D2,,
B-54651488AB9F,,1,GU-AB9703C99A13,38,M
B-54651488AB9F,,2,GU-2B58C47E4BAD,39,F
B-54651488AB9F,,3,GU-333A1F373F2D,10,F
B-54651488AB9F,,4,GU-C8A029A6D809,10,F
B-5F039000DAAA,C-53536307896D,1,GU-B55716DBBA58,44,M
B-5F039000DAAA,C-53536307896D,2,GU-404E17DBA1BA,55,F
B-7C3554FFA24F,C-5402186703DA,1,GU-6FDCA2D940B7,44,F
B-7C3554FFA24F,C-5402186703DA,2,GU-272CAAD39EB2,49,M
B-997275EAA18D,C-373C975C07E3,1,GU-230DB3A924D5,31,
B-997275EAA18D,C-373C975C07E3,2,GU-B4D1791362A2,32,
B-997275EAA18D,C-373C975C07E3,3,GU-5768A2730363,2,
B-F748ADBF301A,C-D3C9609D6B62,1,GU-38C94991CC1D,,
B-F748ADBF301A,C-D3C9609D6B62,2,GU-8744A397640D,,
B-F748ADBF301A,C-D3C9609D6B62,3,GU-197E0526E23A,,
B-EAFFBD43D0B6,C-5402186703DA,1,GU-4D855707BD1A,53,M
B-EAFFBD43D0B6,C-5402186703DA,2,GU-CF0A59E6B0C2,46,F
B-7588CCD4975C,C-5402186703DA,1,GU-A90ABCF8A775,43,M
B-7588CCD4975C,C-5402186703DA,2,GU-0782BCFABB3D,38,F
B-10383771A2F2,C-654791F2AF5C,1,GU-D6EB6CC3DA02,60,M
B-10383771A2F2,C-654791F2AF5C,2,GU-05C036D0059C,59,F
B-F290828C6120,C-654791F2AF5C,1,GU-E257AC0945BF,66,M
B-F290828C6120,C-654791F2AF5C,2,GU-722A78F42F70,61,F
B-BBF04AFB4CE7,C-56292A117F3D,1,GU-7B1A13A80B6F,,
B-BBF04AFB4CE7,C-56292A117F3D,2,GU-78F0664E5471,,
B-D314F32912B3,C-50FE3266023E,1,GU-1B6A903910AB,,
B-D314F32912B3,C-50FE3266023E,2,GU-E8A473587712,,
B-13CD5DADE006,C-3DEF737310E2,1,GU-CEA5DBC30336,42,F
B-13CD5DADE006,C-3DEF737310E2,2,GU-AE12D1FAEFC3,51,M
B-1AA89D51048D,C-0EEAED8512AC,1,GU-E3A8E7E8D3A4,51,F
B-1AA89D51048D,C-0EEAED8512AC,2,GU-69CF5D022317,53,M
B-1AA89D51048D,C-0EEAED8512AC,3,GU-46AC58E29C2D,20,F
B-1AA89D51048D,C-0EEAED8512AC,4,GU-B28BFD371C7B,18,F
B-432E4B3CEA85,C-8DA5A85D4531,1,GU-71C210D75AE2,52,F
B-432E4B3CEA85,C-8DA5A85D4531,2,GU-3DB90A63A9B6,55,M
B-C55F3CCAA64A,C-8DA5A85D4531,1,GU-8E35DA25759E,55,M
B-C55F3CCAA64A,C-8DA5A85D4531,2,GU-99D28A0CC62D,56,F
B-C55F3CCAA64A,C-8DA5A85D4531,3,GU-6BDA532DBA8C,12,F
B-C1A606E07ADD,C-8DA5A85D4531,1,GU-C93A6A5486B2,47,M
B-C1A606E07ADD,C-8DA5A85D4531,2,GU-19737B57E6C1,43,F
B-C1A606E07ADD,C-8DA5A85D4531,3,GU-AB73FF4B6358,7,M
B-F9B5D1A3F57F,C-C5731FD4BE95,1,GU-E27523641F40,55,F
B-F9B5D1A3F57F,C-C5731FD4BE95,2,GU-A9D1BD5B8F2C,58,M
B-1B09CC572C01,C-D8B124A7D058,1,GU-6C32E306E330,40,F
B-1B09CC572C01,C-D8B124A7D058,2,GU-578BF5D0F3EC,50,M
B-ED457258E7C7,C-52472D9DEB98,1,GU-8C0B5784240E,45,M
B-ED457258E7C7,C-52472D9DEB98,2,GU-57087B2D89BF,9,F
B-ED457258E7C7,C-52472D9DEB98,3,GU-2CF58B583554,39,F
B-ED457258E7C7,C-52472D9DEB98,4,GU-9432C03C833C,4,F
B-656B4A171A72,C-BFB568F9EEE3,1,GU-6D0D4B3764D2,47,F
B-656B4A171A72,C-BFB568F9EEE3,2,GU-0ED00D7CCC3D,43,F
B-656B4A171A72,C-BFB568F9EEE3,3,GU-F4BAB50C6444,6,F
B-656B4A171A72,C-BFB568F9EEE3,4,GU-2E833CB2FBEC,7,F
B-656B4A171A72,C-BFB568F9EEE3,5,GU-29C235F90DCC,9,M
B-E43D11035696,,1,GU-66A7CB6F4491,,
B-E43D11035696,,2,GU-558A5BC7F70C,,
B-770185D4CCEB,,1,GU-3E7512B092B8,31,M
B-770185D4CCEB,,2,GU-CD696BD78610,27,F
B-AD13BC4BBB93,C-89D2EA599C85,1,GU-6F138E315678,41,F
B-AD13BC4BBB93,C-89D2EA599C85,2,GU-867BB31A14F4,46,M
B-AD13BC4BBB93,C-89D2EA599C85,3,GU-1101A4C0478F,2,M
B-5FFF9E868817,C-314C7FE05994,1,GU-A9E7D8124055,66,F
B-5FFF9E868817,C-314C7FE05994,2,GU-42D1D02608EC,25,M
B-1880940D1C6D,C-05AF4FE5AE66,1,GU-077BA5319C5F,,
B-1880940D1C6D,C-05AF4FE5AE66,2,GU-4AB1EA24FD93,,
B-1880940D1C6D,C-05AF4FE5AE66,3,GU-8D83DBAFAAB6,,
B-7FC60F1B3631,,1,GU-486AE42A7E83,,
B-7FC60F1B3631,,2,GU-D506F4D87191,,
B-7FC60F1B3631,,3,GU-B39250630117,,
B-7FC60F1B3631,,4,GU-D15F5C214231,,
B-B37A39172FBF,,1,GU-AE0B25BBADEB,,
B-B37A39172FBF,,2,GU-52D8DF909198,,
B-B37A39172FBF,,3,GU-8A7D795EE1BC,,
B-6A8049A84579,,1,GU-05ED6D7A7EFE,38,M
B-6A8049A84579,,2,GU-D56FB300BBC7,36,F
B-6A8049A84579,,3,GU-64E3E325BE47,4,F
B-6A8049A84579,,4,GU-FED3B2BE434C,6,M
B-2FF0B7F200A7,C-183CAC9BE4E6,1,GU-1D554E39A5D8,51,F
B-2FF0B7F200A7,C-183CAC9BE4E6,2,GU-9FC501041684,50,M
B-2FF0B7F200A7,C-183CAC9BE4E6,3,GU-917E89E51D3F,11,M
B-247769686AE6,C-0D0D73835692,1,GU-0B96E7CE138A,,
B-247769686AE6,C-0D0D73835692,2,GU-738EFAD24D53,,
B-247769686AE6,C-0D0D73835692,3,GU-80751EA6F661,,
B-B4B53784C8DA,C-194BCD1E1B46,1,GU-4FB598B64C51,,
B-B4B53784C8DA,C-194BCD1E1B46,2,GU-A40764EFBAE4,,
B-34E440D3F920,C-8A25340859CD,1,GU-6DCB4F3AA5B3,34,M
B-34E440D3F920,C-8A25340859CD,2,GU-F7ABCF269D61,34,F
B-9BED308CFD0D,C-8A25340859CD,1,GU-68B04F6AA045,39,F
B-9BED308CFD0D,C-8A25340859CD,2,GU-757D46A447F1,17,F
B-9BED308CFD0D,C-8A25340859CD,3,GU-1425685D4C35,52,F
B-E6233ADBF3B5,C-6091AABC5CE3,1,GU-7F14727E3359,38,M
B-E6233ADBF3B5,C-6091AABC5CE3,2,GU-6F1458B8CFB8,39,F
B-E6233ADBF3B5,C-6091AABC5CE3,3,GU-DF769322D8DE,3,F
B-E6233ADBF3B5,C-6091AABC5CE3,4,GU-DC55112F9546,67,F
B-1B6A0B7626E1,C-085EAC8C3173,1,GU-6FD7421FE9B3,47,M
B-1B6A0B7626E1,C-085EAC8C3173,2,GU-60A24AD3A091,47,F
B-1B6A0B7626E1,C-085EAC8C3173,3,GU-138284BE7158,16,M
B-1B6A0B7626E1,C-085EAC8C3173,4,GU-B8F6F4BDC20A,13,M
B-430D2C342799,,1,GU-D6E83B2C1025,,
B-430D2C342799,,2,GU-50290EAFD543,,
B-86E78EA4A97E,C-CD438D884A9B,1,GU-1D9B528C1423,64,M
B-86E78EA4A97E,C-CD438D884A9B,2,GU-B134B90773DF,60,F
B-86E78EA4A97E,C-CD438D884A9B,3,GU-B3B7C7EE833C,64,F
B-86E78EA4A97E,C-CD438D884A9B,4,GU-2E9D44173749,65,M
B-DAE928EB4075,C-C284172220D5,1,GU-8DB0580BA53B,42,M
B-DAE928EB4075,C-C284172220D5,2,GU-07BEF32EAC0B,38,F
B-DAE928EB4075,C-C284172220D5,3,GU-3961205DEBA3,9,F
B-DAE928EB4075,C-C284172220D5,4,GU-B89F65BCC63A,6,M
B-CCC61E1EA18F,C-D2F09E9BD229,1,GU-7E20D1FEDD52,43,
B-CCC61E1EA18F,C-D2F09E9BD229,2,GU-60072903BF48,42,
B-0B761FAE223C,C-D2F09E9BD229,1,GU-428A765D0CD3,43,M
B-0B761FAE223C,C-D2F09E9BD229,2,GU-05C6299EE99C,42,F
B-0B761FAE223C,C-D2F09E9BD229,3,GU-414BB7BC6334,2,M
B-A633744C4CEA,C-1C5B61DB13F7,1,GU-DB337AED48EB,31,M
B-A633744C4CEA,C-1C5B61DB13F7,2,GU-9FF189387D94,26,F
B-CCDEEE5FB7E4,C-99354D672E1C,1,GU-45C6C87E536A,,
B-CCDEEE5FB7E4,C-99354D672E1C,2,GU-766E0F28AB95,,
B-CCDEEE5FB7E4,C-99354D672E1C,3,GU-81B0969B8178,,
B-FEA0CE9302E8,,1,GU-79D3F8B48DF6,,
B-FEA0CE9302E8,,2,GU-55A274354ED2,,
B-FEA0CE9302E8,,3,GU-B603C6799348,,
B-1C094E30B8E2,C-FB82E1067E8E,1,GU-A90F621F9427,49,M
B-1C094E30B8E2,C-FB82E1067E8E,2,GU-164C5705AD75,45,F
B-1C094E30B8E2,C-FB82E1067E8E,3,GU-FD6D3C2DB034,10,M
B-EE22EFCF9F34,C-CD72F7A780DD,1,GU-73B9C64BD2EF,52,M
B-EE22EFCF9F34,C-CD72F7A780DD,2,GU-823BB575E696,35,F
B-99E213ED6BDE,C-DBC9B07FDEEA,1,GU-FE56533E36CF,,
B-99E213ED6BDE,C-DBC9B07FDEEA,2,GU-6DE25AC83A01,,
B-F3D709065AC3,C-56292A117F3D,1,GU-018645426825,,
B-F3D709065AC3,C-56292A117F3D,2,GU-382A6AF077C7,,
B-24CCC29E604A,,1,GU-675296790F39,56,M
B-24CCC29E604A,,2,GU-3F00BE775A61,58,F
B-097149171D40,C-05AF4FE5AE66,1,GU-338C76D354BF,30,M
B-097149171D40,C-05AF4FE5AE66,2,GU-7BB018A4D8F3,30,F
B-097149171D40,C-05AF4FE5AE66,3,GU-949F5FCCCE58,3,M
B-551EA55D7E42,C-6239F14DE98A,1,GU-C577FF32D61D,41,F
B-551EA55D7E42,C-6239F14DE98A,2,GU-0601FB22BE05,61,M
B-551EA55D7E42,C-6239F14DE98A,3,GU-2BC76AED3308,6,M
B-F575789D59DF,C-422ADFBEAC51,1,GU-1F0946899646,32,F
B-F575789D59DF,C-422ADFBEAC51,2,GU-DE96A25979E3,41,M
B-F575789D59DF,C-422ADFBEAC51,3,GU-E1F9755B99F3,2,F
B-F575789D59DF,C-422ADFBEAC51,4,GU-BDEACEAD3F8E,58,M
B-F575789D59DF,C-422ADFBEAC51,5,GU-B1A55894C990,59,F
B-2ACE1B99A4D4,C-5FA1ED896AA4,1,GU-4FE0180ABA65,45,F
B-2ACE1B99A4D4,C-5FA1ED896AA4,2,GU-E472A13D05AE,56,M
B-E30F1FCBCA64,C-29F93BC44A3A,1,GU-967C939711ED,26,M
B-E30F1FCBCA64,C-29F93BC44A3A,2,GU-7703AD6EEE8F,25,F
B-B3B8B14011E7,C-EB40908273B5,1,GU-47D95A539EF7,43,F
B-B3B8B14011E7,C-EB40908273B5,2,GU-E12FAB0271AC,46,M
B-B3B8B14011E7,C-EB40908273B5,3,GU-6AC35DC6AA6D,16,M
B-B3B8B14011E7,C-EB40908273B5,4,GU-C1E3F9964D9E,11,F
B-691A4CE04F9C,C-683D0617BE87,1,GU-483711CEB918,54,M
B-691A4CE04F9C,C-683D0617BE87,2,GU-89E41FDDCE6F,49,F
B-691A4CE04F9C,C-683D0617BE87,3,GU-688B82FEAD54,15,F
B-691A4CE04F9C,C-683D0617BE87,4,GU-9D537A5E072E,10,F
B-AA84049DD5E0,C-5F5D63639E47,1,GU-AD45FEF2442A,49,F
B-AA84049DD5E0,C-5F5D63639E47,2,GU-F1C8F2D95982,15,F
B-AA84049DD5E0,C-5F5D63639E47,3,GU-2212AB23213F,13,M
B-AA84049DD5E0,C-5F5D63639E47,4,GU-BE935C6619F3,51,M
B-826C3C147521,C-E704BDA1CE42,1,GU-F1A06E67FBCB,42,M
B-826C3C147521,C-E704BDA1CE42,2,GU-F697E7D13289,41,F
B-826C3C147521,C-E704BDA1CE42,3,GU-F4A2E03AE47C,1,M
B-1D7F646AD503,C-6A4FC143E6AE,1,GU-C17C6FBD6BD3,76,M
B-1D7F646AD503,C-6A4FC143E6AE,2,GU-ECF0223AD65F,68,M
B-A5EC1AED60C5,,1,GU-81CDAA18D0B8,,
B-A5EC1AED60C5,,2,GU-7AC0C66C8DF2,,
B-A5EC1AED60C5,,3,GU-7863CEB926C9,,
B-8510E28BF137,C-80C0EB43E068,1,GU-3519FB676D30,28,M
B-8510E28BF137,C-80C0EB43E068,2,GU-88BC84452AFE,32,F
B-5DD30A6789C0,C-A126AB3B7A53,1,GU-1680210F95A0,52,M
B-5DD30A6789C0,C-A126AB3B7A53,2,GU-A579F8AF3289,35,F
B-5DD30A6789C0,C-A126AB3B7A53,3,GU-40F53D9CFBF2,1,M
B-30C1A7262C74,C-4A6FEEC1F924,1,GU-744BD603DB81,34,F
B-30C1A7262C74,C-4A6FEEC1F924,2,GU-E0EF76FC6834,43,M
B-30C1A7262C74,C-4A6FEEC1F924,3,GU-FA60789FDFEA,5,F
B-3C08AA09DF5E,C-E06B3353CC05,1,GU-A2E9B7BC4C1E,47,
B-3C08AA09DF5E,C-E06B3353CC05,2,GU-B2103EE619BB,41,
B-3C08AA09DF5E,C-E06B3353CC05,3,GU-819F0AF5888C,6,
B-317D7E136FC8,C-73E0401CA471,1,GU-97772DEE2160,47,F
B-317D7E136FC8,C-73E0401CA471,2,GU-973A8201D635,13,F
B-3469D8914EC6,,1,GU-D5CA47B75207,,
B-3469D8914EC6,,2,GU-B2B1A8E5C8CC,,
B-ADC0FE7326EF,C-0E1860D1EF27,1,GU-EA37F48C15D2,42,F
B-ADC0FE7326EF,C-0E1860D1EF27,2,GU-76F483379B18,41,M
B-BC0D02BDF39E,C-98F27853A364,1,GU-7B6F304B0C30,31,F
B-BC0D02BDF39E,C-98F27853A364,2,GU-A13848731E9A,59,F
B-BC0D02BDF39E,C-98F27853A364,3,GU-9FECBBEA7D37,64,M
B-BC0D02BDF39E,C-98F27853A364,4,GU-86B4C441E9E7,21,M
B-FAFFD38B976A,C-527B1091DE9F,1,GU-99BA2DC9C2D4,32,
B-FAFFD38B976A,C-527B1091DE9F,2,GU-329B13A76D50,26,
B-BBC0C072F9DF,C-DCE57E5D41E7,1,GU-21EBF66219DC,47,M
B-BBC0C072F9DF,C-DCE57E5D41E7,2,GU-EFB55BB4574C,40,F
B-BBC0C072F9DF,C-DCE57E5D41E7,3,GU-3E59C389DA13,13,F
B-904E9C100753,C-D7E2B9E26AF9,1,GU-FC3980639D97,53,M
B-904E9C100753,C-D7E2B9E26AF9,2,GU-C6E40B834915,54,F
B-A7E34C5B2A04,C-7B0CBAD881FF,1,GU-64383713496C,49,
B-A7E34C5B2A04,C-7B0CBAD881FF,2,GU-B865E62A6F39,44,
B-A7E34C5B2A04,C-7B0CBAD881FF,3,GU-625F16589FFB,7,
B-A7E34C5B2A04,C-7B0CBAD881FF,4,GU-07A16C9EB493,1,
B-C677A6F6D14D,C-531538D0252F,1,GU-C6FE7BDCA3A6,30,
B-C677A6F6D14D,C-531538D0252F,2,GU-77192A42934A,29,
B-EF1C77DE1E58,C-DCE57E5D41E7,1,GU-420A9D1DDA70,37,M
B-EF1C77DE1E58,C-DCE57E5D41E7,2,GU-67E34C29AA63,35,F
B-EF1C77DE1E58,C-DCE57E5D41E7,3,GU-2724A8BAA0D2,8,M
B-EF1C77DE1E58,C-DCE57E5D41E7,4,GU-39B9370A2930,5,F
B-2CCB9E9612B8,C-DCE57E5D41E7,1,GU-89246A08B6BF,45,M
B-2CCB9E9612B8,C-DCE57E5D41E7,2,GU-60F7C239FCF6,43,F
B-2CCB9E9612B8,C-DCE57E5D41E7,3,GU-118372D3419D,8,F
B-3A079FAD3012,C-DCE57E5D41E7,1,GU-61B401DB4347,42,M
B-3A079FAD3012,C-DCE57E5D41E7,2,GU-A45BDBC9851A,41,F
B-3A079FAD3012,C-DCE57E5D41E7,3,GU-A542BF75799C,8,M
B-B25653B20294,C-4725DD29688E,1,GU-E19F244996F6,56,M
B-B25653B20294,C-4725DD29688E,2,GU-57F41CDD66EF,55,F
B-B25653B20294,C-4725DD29688E,3,GU-37B8DEB095B3,13,M
B-0BF94CAD85C6,,1,GU-6D842CF7CB8B,,
B-0BF94CAD85C6,,2,GU-466EF0470168,,
B-0BF94CAD85C6,,3,GU-ED1803FFA13C,,
B-674323900C23,C-2BF359F4F312,1,GU-20B0B92E3518,36,M
B-674323900C23,C-2BF359F4F312,2,GU-22476A7DDB7F,32,F
B-674323900C23,C-2BF359F4F312,3,GU-9D2EF6D1DC97,1,F
B-5E44CBE304E1,C-35649CA0788C,1,GU-B8DAF8463C5C,,
B-5E44CBE304E1,C-35649CA0788C,2,GU-1E6FB5ADED0D,,
B-5E44CBE304E1,C-35649CA0788C,3,GU-EE342C8B8D50,,
B-D2734036CD2D,,1,GU-1B9092E068AA,,
B-B4E4D84D2FA2,C-7B0CBAD881FF,1,GU-E8E1B1ED0713,49,M
B-B4E4D84D2FA2,C-7B0CBAD881FF,2,GU-144EFC5D1B9F,44,F
B-B4E4D84D2FA2,C-7B0CBAD881FF,3,GU-822453E7D09C,7,M
B-B4E4D84D2FA2,C-7B0CBAD881FF,4,GU-FFA5C5522A1C,1,F
B-77DFE9879374,C-0A635C526191,1,GU-61D6CB18BD6F,68,M
B-4FA694833251,C-05AF4FE5AE66,1,GU-893271E4C281,59,F
B-4FA694833251,C-05AF4FE5AE66,2,GU-A648F72FD068,68,M
B-C0902F1FE4EC,C-762B7F698ADA,1,GU-F46A91B87EAC,,
B-C0902F1FE4EC,C-762B7F698ADA,2,GU-1E2B66650F77,,
B-89CB5E02C4FC,C-0185CCA7C40A,1,GU-48DBA6DD727E,,
B-89CB5E02C4FC,C-0185CCA7C40A,2,GU-BCDEB84DC0B7,,
B-89CB5E02C4FC,C-0185CCA7C40A,3,GU-9F2AB74D3063,,
B-89CB5E02C4FC,C-0185CCA7C40A,4,GU-0B2FB8960108,,
B-EE1BB81D5584,C-527B1091DE9F,1,GU-BE3274BCEB8F,26,F
B-EE1BB81D5584,C-527B1091DE9F,2,GU-76FBAE6BD0C5,32,M
B-E7CF8E723DEC,C-097938FF7927,1,GU-9C1DDF86DD81,34,M
B-E7CF8E723DEC,C-097938FF7927,2,GU-9AB3D96E7C38,30,F
B-E7CF8E723DEC,C-097938FF7927,3,GU-9780E3BB8514,0,M
B-D8AE9265BD8E,,1,GU-CECD9B73F947,51,F
B-D8AE9265BD8E,,2,GU-CE52D43507F6,51,M
B-3380BE63D7CC,C-9177F368EE00,1,GU-4F92CADD02ED,61,F
B-3380BE63D7CC,C-9177F368EE00,2,GU-75CF6C34D8D1,33,F
B-3380BE63D7CC,C-9177F368EE00,3,GU-836891699C86,70,F
B-3380BE63D7CC,C-9177F368EE00,4,GU-CC2E53E598DA,29,F
B-41280C577EA4,C-01B7A92650F0,1,GU-D316EA3CEB69,51,M
B-41280C577EA4,C-01B7A92650F0,2,GU-57147F532254,52,F
B-3AAE6D411074,C-3B8A5991B9DE,1,GU-ECBFE47CF8D2,23,F
B-3AAE6D411074,C-3B8A5991B9DE,2,GU-940EF36CFD47,23,M
B-F789E5060C9B,,1,GU-1FB4BF11AE02,,
B-F789E5060C9B,,2,GU-0BEF8408F6E7,,
B-F789E5060C9B,,3,GU-733D25E5CE48,,
B-FADB5F0CEB54,C-59896065CA33,1,GU-C0E22BA0DD76,64,M
B-FADB5F0CEB54,C-59896065CA33,2,GU-650B01F04786,64,F
B-FADB5F0CEB54,C-59896065CA33,3,GU-3F6327B16A72,24,F
B-B28546BDAB6A,,1,GU-0C65C4294A7C,,
B-B28546BDAB6A,,2,GU-D6B077BC28E4,,
B-B28546BDAB6A,,3,GU-858F79672853,,
B-F31B61587C8A,,1,GU-E3A1767E37CB,,
B-F31B61587C8A,,2,GU-A01D12AA8EF1,,
B-F31B61587C8A,,3,GU-6AD7266AE1D3,,
B-4F0BB53A1895,C-B57556865D38,1,GU-49727ED0F15B,,
B-4F0BB53A1895,C-B57556865D38,2,GU-1830380982C6,,
B-4F0BB53A1895,C-B57556865D38,3,GU-53F83EC38C0C,,
B-4F0BB53A1895,C-B57556865D38,4,GU-360DD0E27DE4,,
B-FE615BD24279,,1,GU-DC379ED618E7,33,M
B-1DDC875D9D69,C-303D32830C37,1,GU-4F1008374F7A,,
B-1DDC875D9D69,C-303D32830C37,2,GU-C5A9972F5629,,
B-C7D396499BDF,C-C0FA44E2655D,1,GU-36A9AA86D64F,25,F
B-C7D396499BDF,C-C0FA44E2655D,2,GU-6B02CA7D5281,37,M
B-47861A4D828B,C-E876FD75272E,1,GU-FB3E07526E51,,
B-47861A4D828B,C-E876FD75272E,2,GU-8C71FB7EEE07,,
B-47861A4D828B,C-E876FD75272E,3,GU-F3BC5464EACE,,
B-5EA8F16CF523,C-3E7ABCFDAAA4,1,GU-98711F3F8784,,
B-BA99D74C2698,C-311FD5C019DC,1,GU-809B41B515A6,42,M
B-BA99D74C2698,C-311FD5C019DC,2,GU-0BD9A208D535,48,F
B-BA99D74C2698,C-311FD5C019DC,3,GU-F889344AE4A8,11,F
B-34CA1D0CE574,C-0743A5E6D2B7,1,GU-EB8FD789DD4F,53,F
B-34CA1D0CE574,C-0743A5E6D2B7,2,GU-D4C786F6E707,56,M
B-34CA1D0CE574,C-0743A5E6D2B7,3,GU-C33BF885A5F5,14,M
B-C7A7311D1338,,1,GU-0110AEDB8373,47,M
B-4CFE617F7063,C-7E3B1A893742,1,GU-E5BEFFC6ABF6,25,M
B-4CFE617F7063,C-7E3B1A893742,2,GU-2340B2966AA3,26,F
B-394736E6D596,C-5CEF8EAA7EFB,1,GU-BFAFABC5CF7C,38,M
B-394736E6D596,C-5CEF8EAA7EFB,2,GU-AB68E9E8CEBB,39,F
B-394736E6D596,C-5CEF8EAA7EFB,3,GU-94DAA8DE8D3A,9,F
B-394736E6D596,C-5CEF8EAA7EFB,4,GU-8672E446543A,5,M
B-9A688BBD3ABA,C-5E73DC8CED91,1,GU-9D352BA9618E,,
B-9A688BBD3ABA,C-5E73DC8CED91,2,GU-401394AB5715,,
B-23B8BC4D051C,C-EE6664F1E839,1,GU-29BDBE3FC5DD,51,M
B-23B8BC4D051C,C-EE6664F1E839,2,GU-B8F5EBC180A6,53,F
B-23B8BC4D051C,C-EE6664F1E839,3,GU-DCCD5C89BF8F,16,F
B-AE4D04724D44,,1,GU-534AFA8453E4,,
B-AE4D04724D44,,2,GU-82E5F84EE248,,
B-8B608E278B36,C-ADDA4C0E860B,1,GU-31154DA4DBD7,,
B-8B608E278B36,C-ADDA4C0E860B,2,GU-B001E129D2EF,,
B-8102F2F2454B,C-2AA3484D1FCB,1,GU-C6FD51826F55,35,M
B-8102F2F2454B,C-2AA3484D1FCB,2,GU-26F080F34F21,37,F
B-8102F2F2454B,C-2AA3484D1FCB,3,GU-9C2BDD579380,5,M
B-24D6D6039454,C-F9E6E12FFF70,1,GU-06751BC32537,42,M
B-24D6D6039454,C-F9E6E12FFF70,2,GU-4198AE175177,35,F
B-24D6D6039454,C-F9E6E12FFF70,3,GU-5158F3219E84,13,F
B-24D6D6039454,C-F9E6E12FFF70,4,GU-2FAF97C217C1,5,F
B-DCA12E08F5AD,C-97DA4E9B4E86,1,GU-335EBB5212D1,48,M
B-DCA12E08F5AD,C-97DA4E9B4E86,2,GU-6D1844236359,7,F
B-DCA12E08F5AD,C-97DA4E9B4E86,3,GU-C826FAC4EEC2,47,F
B-C46A195A089D,,1,GU-27127D881B25,46,M
B-C46A195A089D,,2,GU-DED164F5EE1F,8,M
B-C46A195A089D,,3,GU-67D9B2078553,12,M
B-C46A195A089D,,4,GU-262C3B04FF06,43,F
B-C46A195A089D,,5,GU-BEF9C7F524E1,70,M
B-C46A195A089D,,6,GU-04189363DB3E,64,F
B-3A27AAAC24FE,C-DE1C24452C28,1,GU-6049E5EC73B8,52,M
B-3A27AAAC24FE,C-DE1C24452C28,2,GU-CB976EE41FD3,46,F
B-3A27AAAC24FE,C-DE1C24452C28,3,GU-3E09375355C9,7,F
B-3A27AAAC24FE,C-DE1C24452C28,4,GU-C79CE2342E4E,14,F
B-2267E70C4359,C-DE1C24452C28,1,GU-7D24E1127C8E,47,F
B-2267E70C4359,C-DE1C24452C28,2,GU-4E7D1B807F99,47,M
B-2267E70C4359,C-DE1C24452C28,3,GU-AB3B91B13DCD,7,M
B-E09ECFE9F0B5,C-53B7850E84AE,1,GU-3A8F7E72CE72,10,F
B-E09ECFE9F0B5,C-53B7850E84AE,2,GU-5E2FE09B1733,64,F
B-E09ECFE9F0B5,C-53B7850E84AE,3,GU-D59B0AC25AC7,43,F
B-39721F187C68,C-6E36E4CDC5F2,1,GU-5F76FD43E7FB,41,M
B-39721F187C68,C-6E36E4CDC5F2,2,GU-F15E2AFDEDF8,53,F
B-34E7AECE5E29,C-66CEF5F936EC,1,GU-43C4A403E826,29,M
B-34E7AECE5E29,C-66CEF5F936EC,2,GU-17058EE3EB77,24,F
B-D0AA89E4F22D,C-168EF0A485AD,1,GU-460245720464,56,M
B-D0AA89E4F22D,C-168EF0A485AD,2,GU-9FA499AC1FCA,28,F
B-D0AA89E4F22D,C-168EF0A485AD,3,GU-6D907E9A88D8,4,F
B-74B77F7A44A4,C-E876FD75272E,1,GU-E07F78F473E7,51,F
B-74B77F7A44A4,C-E876FD75272E,2,GU-3402630F0E20,50,M
B-74B77F7A44A4,C-E876FD75272E,3,GU-0CC0D6E4E519,14,M
B-EB9C96333F73,C-900FC9022840,1,GU-A5D1C0282257,49,F
B-EB9C96333F73,C-900FC9022840,2,GU-2ECCBB40C065,52,M
B-EB9C96333F73,C-900FC9022840,3,GU-DDDACE823ECB,14,F
B-6787296B5452,C-C6E6D2691331,1,GU-520881E1B347,49,M
B-6787296B5452,C-C6E6D2691331,2,GU-946B9F001AFC,47,F
B-6787296B5452,C-C6E6D2691331,3,GU-BB53069AF884,13,M
B-25E887FBC809,C-FB7A8147D1DB,1,GU-ABB4E560C9C9,41,F
B-25E887FBC809,C-FB7A8147D1DB,2,GU-4584EB34C506,46,M
B-6715AD1F0BEB,C-6C9CBD8BC62E,1,GU-3891FD4CDF44,30,M
B-6715AD1F0BEB,C-6C9CBD8BC62E,2,GU-162D95497614,28,F
B-6715AD1F0BEB,C-6C9CBD8BC62E,3,GU-C1C7B4F0DF0E,1,M
B-42B4B25FC7EF,C-C6A0AB07C596,1,GU-0B6C9B9AE831,40,M
B-42B4B25FC7EF,C-C6A0AB07C596,2,GU-CDF85DBE649D,37,F
B-42B4B25FC7EF,C-C6A0AB07C596,3,GU-6BB1C1CC39F1,6,M
B-6B842C532ECE,C-E0DE63B355B1,1,GU-77880A7105B1,41,F
B-6B842C532ECE,C-E0DE63B355B1,2,GU-76A4D0137FB4,45,M
B-6B842C532ECE,C-E0DE63B355B1,3,GU-3AD2C69CBE14,7,M
B-F2AF24C40264,C-EB6220A313A6,1,GU-F457C8BD528C,,
B-F2AF24C40264,C-EB6220A313A6,2,GU-0A4FCB2F6417,,
B-948F2390F5E0,C-4281ADFF2800,1,GU-3DAF5D0A4D09,51,F
B-948F2390F5E0,C-4281ADFF2800,2,GU-D862052DB53E,59,M
B-948F2390F5E0,C-4281ADFF2800,3,GU-0B4BCF945EBC,15,F
B-948F2390F5E0,C-4281ADFF2800,4,GU-B5BEF0772062,14,M
B-089A0C1618F4,C-3B21CF3E77AB,1,GU-C0C5F5201F28,28,F
B-A4A74F0755BA,C-7A60DFCF6B1D,1,GU-792BD3295F5A,39,F
B-A4A74F0755BA,C-7A60DFCF6B1D,2,GU-07710359F444,44,M
B-A4A74F0755BA,C-7A60DFCF6B1D,3,GU-8695BE80C9A9,9,M
B-A04E9D49C1EB,C-355FD07F3954,1,GU-9F70064601B7,34,M
B-A04E9D49C1EB,C-355FD07F3954,2,GU-4ACCEE979A57,33,F
B-40C2964D6C69,C-BECE63E704C8,1,GU-3EA186E04F2C,49,M
B-40C2964D6C69,C-BECE63E704C8,2,GU-E9765A34084D,44,F
B-40C2964D6C69,C-BECE63E704C8,3,GU-0B8EC022B37E,13,M
B-40C2964D6C69,C-BECE63E704C8,4,GU-DAEEDB5FB8B3,10,F
B-40C2964D6C69,C-BECE63E704C8,5,GU-92A0D324EE7B,5,F
B-40C2964D6C69,C-BECE63E704C8,6,GU-B26141F6EFE4,5,F
B-7308AD5974D8,C-C673C31AB68E,1,GU-E74FF318063A,40,F
B-7308AD5974D8,C-C673C31AB68E,2,GU-09FB84B11BF0,11,F
B-7308AD5974D8,C-C673C31AB68E,3,GU-2FF580263F08,5,F
B-7308AD5974D8,C-C673C31AB68E,4,GU-D3BE46E193FD,43,F
B-E42456CE79BF,,1,GU-451B71E93C2B,,
B-E42456CE79BF,,2,GU-88616D2673C1,,
B-B5710AAC1FAC,C-0E4346296EB6,1,GU-2F9E7B30DE87,22,F
B-B5710AAC1FAC,C-0E4346296EB6,2,GU-04671337C030,22,M
B-09434E53A8F1,C-1F49738999F6,1,GU-C8A77F1DBE95,39,
B-09434E53A8F1,C-1F49738999F6,2,GU-E066C008D26C,8,
B-5E9155ED4C11,C-75C443F308FD,1,GU-BCDC5F8C2596,25,F
B-5E9155ED4C11,C-75C443F308FD,2,GU-6C5FF84C6A0B,27,M
B-A0D731454C94,,1,GU-9050DC1CC514,,
B-A0D731454C94,,2,GU-16AA4685E73F,,
B-A0D731454C94,,3,GU-8722F2797102,,
B-A0D731454C94,,4,GU-A29590377554,,
B-A27D3FCCA687,C-201E24D0417A,1,GU-A0830CB70804,63,M
B-A27D3FCCA687,C-201E24D0417A,2,GU-BF4B87E6B611,62,F
B-C60A72EDCF8A,C-29EB8C29220D,1,GU-69F2FF2A0F1C,38,M
B-C60A72EDCF8A,C-29EB8C29220D,2,GU-3B973170236F,38,F
B-C60A72EDCF8A,C-29EB8C29220D,3,GU-BE6FCD0CF7BE,9,F
B-C60A72EDCF8A,C-29EB8C29220D,4,GU-C01EF26FDBB6,6,F
B-9D5848EEA5E2,C-153282E4D8F9,1,GU-829D1CB13AAA,45,M
B-9D5848EEA5E2,C-153282E4D8F9,2,GU-A07EC752638D,44,F
B-9D5848EEA5E2,C-153282E4D8F9,3,GU-E7862DE3E98A,6,M
B-60CFC60425C1,,1,GU-36C906A26D07,35,F
B-60CFC60425C1,,2,GU-3DF6549AA0AC,62,M
B-60CFC60425C1,,3,GU-47803FF6598A,61,F
B-60CFC60425C1,,4,GU-88DB5EE9C3E5,1,M
B-60CFC60425C1,,5,GU-EDDC9ED660B3,5,F
B-60CFC60425C1,,6,GU-ED28E891BB5A,39,M
B-1764FF447508,C-7CEF319354F5,1,GU-30165FB2C324,46,
B-1764FF447508,C-7CEF319354F5,2,GU-12ABD21F9808,7,
B-733B0172B0F2,C-B59366EBE53D,1,GU-53D4F589BFBE,71,M
B-733B0172B0F2,C-B59366EBE53D,2,GU-BE923FBAE6E6,65,F
B-F62F75FB4547,C-B59366EBE53D,1,GU-041E4764024C,77,M
B-F62F75FB4547,C-B59366EBE53D,2,GU-CADE1E8C399B,76,F
B-8FD84950EE4A,C-1488A67E1612,1,GU-BC32566735FF,,
B-8FD84950EE4A,C-1488A67E1612,2,GU-D26523355A35,,
B-8FD84950EE4A,C-1488A67E1612,3,GU-41BE0159EB91,,
B-8FD84950EE4A,C-1488A67E1612,4,GU-8BC48C93FFDA,,
B-4E7C5D9CCAA5,C-4526E73F6043,1,GU-5750C991A42E,49,F
B-4E7C5D9CCAA5,C-4526E73F6043,2,GU-2F4BDBF6938A,15,F
B-3EEFE0AEBD65,C-0293CFD6E060,1,GU-BEE687647B8B,31,F
B-3EEFE0AEBD65,C-0293CFD6E060,2,GU-B1F46BDDF7B0,11,F
B-85CAF134E0F9,,1,GU-9E05BC946992,39,M
B-85CAF134E0F9,,2,GU-9138CE399DBF,10,F
B-85CAF134E0F9,,3,GU-29A2633C8AC7,36,F
B-6B1F1334A8CC,C-211ACFBB48B2,1,GU-89D1060C5F6B,,
B-6B1F1334A8CC,C-211ACFBB48B2,2,GU-276C51C9CE55,,
B-6B1F1334A8CC,C-211ACFBB48B2,3,GU-38BDAECDA654,,
B-7587DF6AA045,C-100D81F4348C,1,GU-A3FF1E055E36,70,F
B-7587DF6AA045,C-100D81F4348C,2,GU-A8EF2C572438,72,M
B-248F38F23F91,C-C7C0310EB99D,1,GU-9462AC5E9405,60,M
B-248F38F23F91,C-C7C0310EB99D,2,GU-9D3A49957BED,58,F
B-D5F1F7EF0242,C-75C443F308FD,1,GU-2FF225D1CD37,52,F
B-D5F1F7EF0242,C-75C443F308FD,2,GU-4775D0DA3D9D,54,M
B-827F1F5AC61F,C-1D7398DAC2FC,1,GU-88D5EA6C8B21,43,F
B-827F1F5AC61F,C-1D7398DAC2FC,2,GU-6C1C14FD01CA,12,M
B-27BF6D7E522B,C-1D7398DAC2FC,1,GU-3EFB83792334,42,M
B-27BF6D7E522B,C-1D7398DAC2FC,2,GU-02F2F79EE24A,9,M
B-ECE38FF98D2D,C-39F10FA218E0,1,GU-0EB539AAF04F,14,F
B-ECE38FF98D2D,C-39F10FA218E0,2,GU-EA873923A430,51,M
B-9198CD0FEC86,C-53B9532E112F,1,GU-F8B8A0691370,48,F
B-9198CD0FEC86,C-53B9532E112F,2,GU-A24B73867D43,58,M
B-71AA9941BBEE,,1,GU-65CEB4513067,42,M
B-71AA9941BBEE,,2,GU-A97ACA13BD99,49,F
B-3CB213C79649,C-08EEB435C407,1,GU-6668C3171B67,46,M
B-3CB213C79649,C-08EEB435C407,2,GU-FFEB7B1C665E,45,F
B-1D37B667159E,C-9E00E1053724,1,GU-DD711C20BEE7,42,F
B-1D37B667159E,C-9E00E1053724,2,GU-2C2FB14A2895,12,F
B-1D37B667159E,C-9E00E1053724,3,GU-D7686B65D3EF,2,F
B-1D37B667159E,C-9E00E1053724,4,GU-94508C9C6031,47,M
B-2B89B4DAA139,,1,GU-A7F37E7DC943,,
B-2B89B4DAA139,,2,GU-18977487C229,,
B-2B89B4DAA139,,3,GU-80F0BA73168B,,
B-2B89B4DAA139,,4,GU-105ABB1DD06A,,
B-0A9F1B849351,C-87ABB408FFC7,1,GU-955458D505C6,,
B-0A9F1B849351,C-87ABB408FFC7,2,GU-ACDF87739621,,
B-0A9F1B849351,C-87ABB408FFC7,3,GU-507778361876,,
B-E2ADBB67EBA9,C-3C9135CAFFA7,1,GU-10B56CC25A97,45,F
B-E2ADBB67EBA9,C-3C9135CAFFA7,2,GU-AFD08C88C83C,53,M
B-E2ADBB67EBA9,C-3C9135CAFFA7,3,GU-74B3982BFD9F,8,F
B-E2ADBB67EBA9,C-3C9135CAFFA7,4,GU-CE7C3877412B,5,M
B-18FE39768CF0,C-9D0EDBC97536,1,GU-AF83BBF27856,36,M
B-18FE39768CF0,C-9D0EDBC97536,2,GU-30085D9F5A14,37,F
B-18FE39768CF0,C-9D0EDBC97536,3,GU-0797576090C8,6,M
B-5173ED2D9FF0,C-C07856E426CC,1,GU-CAA72F4DD2C1,41,M
B-B3D2DD4F8CE1,C-EB6220A313A6,1,GU-882DEDCDB6DA,52,F
B-B3D2DD4F8CE1,C-EB6220A313A6,2,GU-581AAF646C0F,51,M
B-3D4755249823,C-EBCE7F070E30,1,GU-3ACFB54EF45F,,
B-3D4755249823,C-EBCE7F070E30,2,GU-BCF45363BE6F,,
B-57A5B1275A5B,,1,GU-1ECF58D87B27,45,M
B-57A5B1275A5B,,2,GU-5873CD9FD9AC,7,M
B-57A5B1275A5B,,3,GU-7363A8F2C71F,41,F
B-828F54F55B43,C-C741F7CB39BC,1,GU-2199B63A16AE,,
B-828F54F55B43,C-C741F7CB39BC,2,GU-DABE3B9EA9EA,,
B-828F54F55B43,C-C741F7CB39BC,3,GU-82E9C99E4EA7,,
B-828F54F55B43,C-C741F7CB39BC,4,GU-96591BA6CAB0,,
B-8FB804C160BD,,1,GU-EEE7B7A682A2,,
B-8FB804C160BD,,2,GU-94184B8B32E6,,
B-8FB804C160BD,,3,GU-7BAB73D2EF83,,
B-8FB804C160BD,,4,GU-D73F694B92B5,,
B-4AF3438C0EE5,C-0DD178564F0D,1,GU-6CB6D9AAEBD9,,
B-2F9CC63B8043,C-6407F422FE27,1,GU-18A5C87983FD,53,M
B-2F9CC63B8043,C-6407F422FE27,2,GU-61459F7C5F16,52,F
B-2F9CC63B8043,C-6407F422FE27,3,GU-4387B294B787,17,F
B-7FC68D5562D4,C-3055B28FDF00,1,GU-C015D56D5195,57,F
B-103887589B18,C-9B5BE8A88103,1,GU-6D1A0A58DC8E,,
B-103887589B18,C-9B5BE8A88103,2,GU-BE6D5D1199F1,,
B-103887589B18,C-9B5BE8A88103,3,GU-12F82B6ADAF3,,
B-103887589B18,C-9B5BE8A88103,4,GU-FDBF43E40ED7,,
B-54A1B499F3AF,C-668ACF4604DB,1,GU-27D8E82D3184,,
B-54A1B499F3AF,C-668ACF4604DB,2,GU-06B4D696098A,,
B-54A1B499F3AF,C-668ACF4604DB,3,GU-AC695EF029B0,,
B-54A1B499F3AF,C-668ACF4604DB,4,GU-D7F1B4D48B4A,,
B-DDFEF9CB1F78,C-D91106FEE4D4,1,GU-5C8ADF69ADD1,42,M
B-DDFEF9CB1F78,C-D91106FEE4D4,2,GU-CA83BAE52F58,31,F
B-DDFEF9CB1F78,C-D91106FEE4D4,3,GU-FCF3306D50E4,0,M
B-773B044E1898,C-49713F220FB9,1,GU-59B32BC4100F,57,M
B-773B044E1898,C-49713F220FB9,2,GU-F15CC57C5C99,58,F
B-A9A1902997EA,C-E18B7C7940F2,1,GU-52F9BC5A358A,63,M
B-A9A1902997EA,C-E18B7C7940F2,2,GU-1338233D447B,62,F
B-3CE0067F15BF,C-A0D036F2B3A8,1,GU-BEBC77BAFBB6,40,F
B-3CE0067F15BF,C-A0D036F2B3A8,2,GU-8D6D8BE60DF2,58,M
B-3CE0067F15BF,C-A0D036F2B3A8,3,GU-4E38107A109A,12,M
B-3CE0067F15BF,C-A0D036F2B3A8,4,GU-05628A60464C,7,M
B-4001D84734D9,C-028E741CC07E,1,GU-138FFD04B7C9,37,M
B-4001D84734D9,C-028E741CC07E,2,GU-71E846DC6684,36,F
B-4001D84734D9,C-028E741CC07E,3,GU-93226E6D48E0,8,M
B-4001D84734D9,C-028E741CC07E,4,GU-4CDB4EE09523,6,F
B-F0DFFAAC231E,C-8127FC0BF969,1,GU-0A44584303EF,27,F
B-F0DFFAAC231E,C-8127FC0BF969,2,GU-2012D10F7D8A,27,M
B-4515F269C084,C-0BDDA8851B0B,1,GU-C21FDD5AD89F,42,M
B-4515F269C084,C-0BDDA8851B0B,2,GU-8F9D9A8F50C6,44,F
B-4515F269C084,C-0BDDA8851B0B,3,GU-9E2515742B1F,13,F
B-710007206C18,C-249E8F0B2C02,1,GU-124EB59DA1DB,64,M
B-710007206C18,C-249E8F0B2C02,2,GU-8BC860410327,59,F
B-710007206C18,C-249E8F0B2C02,3,GU-80B12733FDA9,22,F
B-F8D0BC81AAE3,C-EF596431E9C6,1,GU-1F918EC5FEFB,44,M
B-F8D0BC81AAE3,C-EF596431E9C6,2,GU-510FE184C21B,47,F
B-F8D0BC81AAE3,C-EF596431E9C6,3,GU-E97B9907F1FA,10,M
B-87F5BBC97A07,C-6A480E59781B,1,GU-7F036D2225CA,35,M
B-87F5BBC97A07,C-6A480E59781B,2,GU-5DB87139B66C,36,F
B-87F5BBC97A07,C-6A480E59781B,3,GU-45C3CC870E7F,3,F
B-4C24E994FEE4,C-194BCD1E1B46,1,GU-4D11FF49B89E,38,F
B-4C24E994FEE4,C-194BCD1E1B46,2,GU-8B178DC11A88,43,M
B-43DDBA0D4736,,1,GU-0BA72C8C6C94,31,M
B-43DDBA0D4736,,2,GU-516F6D4D9928,26,F
B-79827F08557E,C-E18F43A8EB56,1,GU-C76620DD4723,41,M
B-79827F08557E,C-E18F43A8EB56,2,GU-035FF9350982,42,F
B-79827F08557E,C-E18F43A8EB56,3,GU-0759B169C4B1,4,M
B-79827F08557E,C-E18F43A8EB56,4,GU-A255829D2653,8,F
B-D820887D9808,C-58BA9BD0D49F,1,GU-DFB347606C75,62,M
B-D820887D9808,C-58BA9BD0D49F,2,GU-87A32A0DF5FE,55,F
B-D820887D9808,C-58BA9BD0D49F,3,GU-36345672961C,15,F
B-046932EA62B2,C-B2A6DEA7FF38,1,GU-14EDE31EFD5C,,
B-046932EA62B2,C-B2A6DEA7FF38,2,GU-05A64C61F029,,
B-046932EA62B2,C-B2A6DEA7FF38,3,GU-59F0A38009EC,,
B-046932EA62B2,C-B2A6DEA7FF38,4,GU-26392F1CA3C4,,
B-6777B931A92C,C-531538D0252F,1,GU-7AFFF53538EE,31,M
B-6777B931A92C,C-531538D0252F,2,GU-6C83736ED6B9,30,F
B-CD97FEEEE1DC,C-80E8AEAB0B0B,1,GU-7B2563EBFA8D,42,M
B-CD97FEEEE1DC,C-80E8AEAB0B0B,2,GU-021932AB15AB,14,M
B-CD97FEEEE1DC,C-80E8AEAB0B0B,3,GU-A2197EC25A85,9,F
B-CD97FEEEE1DC,C-80E8AEAB0B0B,4,GU-AF51C3B203DC,39,F
B-DA391FA34BA4,C-F31B88D0CEC9,1,GU-DF5AD13EFE12,51,M
B-DA391FA34BA4,C-F31B88D0CEC9,2,GU-1847D90EF9F0,38,F
B-DA391FA34BA4,C-F31B88D0CEC9,3,GU-EA1B584F64D5,3,F
B-0760994A7843,C-249E8F0B2C02,1,GU-C97DABF5634C,85,F
B-0760994A7843,C-249E8F0B2C02,2,GU-09138FB2595B,61,F
B-5F1684AE8A43,C-03C8B69DF8A3,1,GU-BAE8D796E9BC,49,F
B-5F1684AE8A43,C-03C8B69DF8A3,2,GU-FCBA256F1086,42,F
B-5F1684AE8A43,C-03C8B69DF8A3,3,GU-E5E5724FAAAF,13,F
B-5F1684AE8A43,C-03C8B69DF8A3,4,GU-0FCC9EB50E2D,17,F
B-972AB912FFC5,C-03C8B69DF8A3,1,GU-34C65780872A,39,F
B-972AB912FFC5,C-03C8B69DF8A3,2,GU-2672901EBA4E,39,F
B-972AB912FFC5,C-03C8B69DF8A3,3,GU-4ECEA9FD3D8F,13,F
B-972AB912FFC5,C-03C8B69DF8A3,4,GU-C4A8D01B4B85,10,F
B-DA9571ECAEED,,1,GU-75A9447910F7,59,M
B-636FF5231AEC,,1,GU-286E31C0239B,30,M
B-690421C53F2D,C-7E609BC54664,1,GU-0A922F6985D5,48,F
B-690421C53F2D,C-7E609BC54664,2,GU-BEA0D3684C87,51,M
B-964CDC876FA3,C-C1FF0ED8AD43,1,GU-7D86C5DBBC09,49,M
B-964CDC876FA3,C-C1FF0ED8AD43,2,GU-81D5D728158B,48,F
B-964CDC876FA3,C-C1FF0ED8AD43,3,GU-9E65B277D670,14,F
B-02EB620B62CF,C-C1FF0ED8AD43,1,GU-2D5A45283952,18,M
B-02EB620B62CF,C-C1FF0ED8AD43,2,GU-B68249783830,16,M
B-02EB620B62CF,C-C1FF0ED8AD43,3,GU-40A28A6C363F,77,M
B-E94FD960E713,C-5CE0E7196B2B,1,GU-75A51D4ADD57,35,F
B-E94FD960E713,C-5CE0E7196B2B,2,GU-C6B911DAE1B1,38,M
B-E94FD960E713,C-5CE0E7196B2B,3,GU-CD9777A3F269,11,F
B-E94FD960E713,C-5CE0E7196B2B,4,GU-55DFBF8B7D30,2,F
B-E94FD960E713,C-5CE0E7196B2B,5,GU-37F18EF1BB87,0,F
B-23A73DDE643F,C-FFB553894E0F,1,GU-28060F1C9176,33,F
B-23A73DDE643F,C-FFB553894E0F,2,GU-67AA79A795DC,30,M
B-764379F3544E,C-40AE184CAD47,1,GU-67C7AB3ABE62,,
B-764379F3544E,C-40AE184CAD47,2,GU-0B3ECAA94567,,
B-764379F3544E,C-40AE184CAD47,3,GU-A5358A10D3D7,,
B-9BB0071C52D2,C-7E609BC54664,1,GU-3AAD0D066D36,32,F
B-9BB0071C52D2,C-7E609BC54664,2,GU-7760C29D9706,39,M
B-61FFCEF8DA9C,C-FF653A2BAE51,1,GU-985772A84324,49,M
B-61FFCEF8DA9C,C-FF653A2BAE51,2,GU-D940875D8593,48,F
B-390E3F914901,C-5C5BED786E53,1,GU-A6BD8DC8A6FB,50,M
B-390E3F914901,C-5C5BED786E53,2,GU-89987CF7E0CB,47,F
B-390E3F914901,C-5C5BED786E53,3,GU-FC24DD097753,9,M
B-390E3F914901,C-5C5BED786E53,4,GU-0F32427F24A7,5,M
B-1C28C03BE695,C-03C8B69DF8A3,1,GU-4E8942CE72B2,57,M
B-1C28C03BE695,C-03C8B69DF8A3,2,GU-CCE5498D9EF6,60,M
B-DB1E07E7A641,C-710FBD1C70FF,1,GU-46259DCC2E55,53,F
B-DB1E07E7A641,C-710FBD1C70FF,2,GU-052E07E8E61A,58,M
B-E9F28FFA11E4,C-1184F21059B5,1,GU-27C3C90CEE1E,38,F
B-E9F28FFA11E4,C-1184F21059B5,2,GU-0EBFEE88B524,50,M
B-E9F28FFA11E4,C-1184F21059B5,3,GU-56120FBA389E,10,M
B-202D372220E3,C-06114480124C,1,GU-1B8B3E2C82EC,56,
B-202D372220E3,C-06114480124C,2,GU-0B3A92696FC2,16,
B-202D372220E3,C-06114480124C,3,GU-AA3FF3373EC7,13,
B-202D372220E3,C-06114480124C,4,GU-16ACFB9845E6,53,
B-9605BE2EBCE3,C-6E810BBC4918,1,GU-2BFC81595A6F,38,M
B-9605BE2EBCE3,C-6E810BBC4918,2,GU-15B0CED61737,39,F
B-A0BAD03FA564,C-B2A6DEA7FF38,1,GU-9D882ACA50CD,57,M
B-A0BAD03FA564,C-B2A6DEA7FF38,2,GU-A39BB08C8F29,51,F
B-A0BAD03FA564,C-B2A6DEA7FF38,3,GU-3FBC73EE68DC,13,M
B-A0BAD03FA564,C-B2A6DEA7FF38,4,GU-426B51B06210,17,F
B-E7BB6A9561D0,C-C17D084672E1,1,GU-9E8B64D6E47F,53,M
B-E7BB6A9561D0,C-C17D084672E1,2,GU-7BD6F2389D8A,18,F
B-E7BB6A9561D0,C-C17D084672E1,3,GU-99E76A59C8BF,56,F
B-020C496F586C,C-FF3439C7D4E4,1,GU-95B371194609,47,M
B-020C496F586C,C-FF3439C7D4E4,2,GU-713157A950BA,46,F
B-020C496F586C,C-FF3439C7D4E4,3,GU-4F55C7E05AD9,7,M
B-15DDEE79509B,C-17D719AC68CC,1,GU-C3E9A28B3255,60,M
B-15DDEE79509B,C-17D719AC68CC,2,GU-7E8AC41B195B,60,F
B-FC86BD803631,C-B48162A303F2,1,GU-4B5817BF62E2,35,F
B-FC86BD803631,C-B48162A303F2,2,GU-FB94BB0324A3,33,M
B-E5BEFEA5602F,C-81A16925DFD1,1,GU-F4AF8B180556,50,M
B-E5BEFEA5602F,C-81A16925DFD1,2,GU-CE4C79CA834F,43,F
B-E5BEFEA5602F,C-81A16925DFD1,3,GU-92AC33F8A20D,2,F
B-5DA7787060F3,C-81A16925DFD1,1,GU-6404D9FE4F99,68,M
B-5DA7787060F3,C-81A16925DFD1,2,GU-7453DAF6B69C,64,F
B-DF728766C084,C-BDE08F01D54B,1,GU-1962E38591D9,33,M
B-DF728766C084,C-BDE08F01D54B,2,GU-16D594A40C10,33,F
B-DF728766C084,C-BDE08F01D54B,3,GU-F76C27A7B6CD,11,F
B-6A8A3266ED45,C-710FBD1C70FF,1,GU-8FEDD4BE0F6F,57,F
B-6A8A3266ED45,C-710FBD1C70FF,2,GU-5AABB7B45F2F,61,M
B-6F94CCE8130A,C-C673F199A215,1,GU-49192D2E14B8,,
B-6F94CCE8130A,C-C673F199A215,2,GU-5084039EBBC8,,
B-F2EC56E3B77F,C-58F90FA9C419,1,GU-DF6A45426CC2,65,F
B-F2EC56E3B77F,C-58F90FA9C419,2,GU-C1DA6093D612,25,M
B-F2EC56E3B77F,C-58F90FA9C419,3,GU-3E09965F1E74,69,M
B-07B8B5ABFF01,C-7A132BF6619D,1,GU-B2620930248F,,
B-07B8B5ABFF01,C-7A132BF6619D,2,GU-27C5BEE2B7EB,,
B-07B8B5ABFF01,C-7A132BF6619D,3,GU-9FB23D9F5566,,
B-07B8B5ABFF01,C-7A132BF6619D,4,GU-C716181B276F,,
B-07B8B5ABFF01,C-7A132BF6619D,5,GU-7308CAC0DEED,,
B-D65BE412F782,C-23CE3D6FEF08,1,GU-63912A7FB89C,62,M
B-D65BE412F782,C-23CE3D6FEF08,2,GU-2A5A40D80E67,51,F
B-F4511A8C62B6,C-432EF7725DC0,1,GU-BA580CA9DF07,56,M
B-F4511A8C62B6,C-432EF7725DC0,2,GU-45C9EC49170F,,
B-377198DB0644,C-23CE3D6FEF08,1,GU-AD13A760D5F1,21,F
B-377198DB0644,C-23CE3D6FEF08,2,GU-CF917FA173A5,16,M
B-3ECC426FB3AA,C-E547CAE65566,1,GU-22F143E3B43F,42,M
B-3ECC426FB3AA,C-E547CAE65566,2,GU-D20E339D4F8E,36,F
B-3ECC426FB3AA,C-E547CAE65566,3,GU-CEEC1FBD023C,5,M
B-3ECC426FB3AA,C-E547CAE65566,4,GU-D2CA50DD39A1,3,F
B-9630BD6624DA,C-A19580B271C6,1,GU-4AB17439F499,39,M
B-9630BD6624DA,C-A19580B271C6,2,GU-A3AF6E64B636,41,F
B-9630BD6624DA,C-A19580B271C6,3,GU-08599842ECCF,10,M
B-9630BD6624DA,C-A19580B271C6,4,GU-703D13A61416,3,M
B-6AB2059CDD66,C-00C008FD7F01,1,GU-74EAC7F9EB72,48,F
B-6AB2059CDD66,C-00C008FD7F01,2,GU-B771BF8B4F88,50,M
B-6AB2059CDD66,C-00C008FD7F01,3,GU-1F56205F836C,14,M
B-09B67A994DEA,C-F0C53F8EA03C,1,GU-CC8B3FB17DC7,25,M
B-09B67A994DEA,C-F0C53F8EA03C,2,GU-BE0E779E7D41,23,F
B-C0B40470BF3C,C-F0C53F8EA03C,1,GU-2B2186BFF7A7,26,M
B-C0B40470BF3C,C-F0C53F8EA03C,2,GU-E118FA3CE5B3,23,F
B-8722D4276CFB,C-E273179D3B61,1,GU-0F74E9ECC5EB,48,M
B-8722D4276CFB,C-E273179D3B61,2,GU-F07E7DBA074D,50,F
B-8722D4276CFB,C-E273179D3B61,3,GU-BF1870109BD0,16,M
B-3BC5860B498A,C-4E5C30622264,1,GU-80A51CC6FCA7,55,M
B-3BC5860B498A,C-4E5C30622264,2,GU-D1DE432F6942,55,F
B-3BC5860B498A,C-4E5C30622264,3,GU-683787038B3B,53,F
B-3BC5860B498A,C-4E5C30622264,4,GU-325F3226B34E,14,M
B-AF08AA09E8BC,C-4E5C30622264,1,GU-C79E4122726E,53,M
B-AF08AA09E8BC,C-4E5C30622264,2,GU-B8660BF6CC33,51,F
B-AF08AA09E8BC,C-4E5C30622264,3,GU-ED6B55B1E676,23,M
B-AF08AA09E8BC,C-4E5C30622264,4,GU-EA95CB42C724,16,M
B-40D784D6E759,C-2908A27B08BC,1,GU-213DA9555F75,61,M
B-40D784D6E759,C-2908A27B08BC,2,GU-E3FDDDCEEF8F,58,F
B-32719D3E893B,C-94DD1F7FB606,1,GU-F8346FB8884F,53,M
B-32719D3E893B,C-94DD1F7FB606,2,GU-D98C7ACACFB0,43,F
B-32719D3E893B,C-94DD1F7FB606,3,GU-F79944D0ED1D,8,F
B-39EC229FF2FC,C-1A5FC97CCA01,1,GU-879427E1EF40,52,M
B-39EC229FF2FC,C-1A5FC97CCA01,2,GU-17F881742436,48,F
B-BA89C42D5390,C-0F26F38990C0,1,GU-E2790FF6DBB0,22,M
B-BA89C42D5390,C-0F26F38990C0,2,GU-E2102576F7D4,21,F
B-278DE42CAA84,C-0F26F38990C0,1,GU-6BCF3096B577,22,
B-278DE42CAA84,C-0F26F38990C0,2,GU-04FB893F38DE,21,
B-324C6AAF8A0F,C-01BA1385327B,1,GU-0B7E16910638,49,
B-324C6AAF8A0F,C-01BA1385327B,2,GU-8FA34627292D,46,
B-324C6AAF8A0F,C-01BA1385327B,3,GU-8454CDC984A4,5,
B-218D1851C5F4,C-01BA1385327B,1,GU-AB56A1B3CAF7,49,M
B-218D1851C5F4,C-01BA1385327B,2,GU-E9C3012F4AF3,50,F
B-218D1851C5F4,C-01BA1385327B,3,GU-C3FC01DF4D4E,15,M
B-218D1851C5F4,C-01BA1385327B,4,GU-F84F1D2B4F00,10,F
B-218D1851C5F4,C-01BA1385327B,5,GU-4FBE3CEA6861,11,M
B-BAB99DD6F172,C-56B134F2B3AA,1,GU-D7CD6E03582F,38,F
B-BAB99DD6F172,C-56B134F2B3AA,2,GU-F2DCDB11AF75,37,M
B-40F96D5D6741,C-F3ED5E05F6FA,1,GU-10744DF2845F,61,F
B-40F96D5D6741,C-F3ED5E05F6FA,2,GU-B5DE12E2D400,24,F
B-40F96D5D6741,C-F3ED5E05F6FA,3,GU-17A0250661A7,21,M
B-40F96D5D6741,C-F3ED5E05F6FA,4,GU-0E594E23C7AC,61,M
B-6EE25395FE8C,C-585CA36C8064,1,GU-55EDC9603321,45,M
B-6EE25395FE8C,C-585CA36C8064,2,GU-506304569D78,6,M
B-6EE25395FE8C,C-585CA36C8064,3,GU-72684A97D414,43,F
B-6EE25395FE8C,C-585CA36C8064,4,GU-62CAFCDF41C9,5,F
B-D4FE6B833A9A,C-81DD7CE18ED3,1,GU-32B3E1AA4CE6,43,M
B-D4FE6B833A9A,C-81DD7CE18ED3,2,GU-4DC401C792EB,40,F
B-D4FE6B833A9A,C-81DD7CE18ED3,3,GU-646E6AC43C71,11,M
B-D4FE6B833A9A,C-81DD7CE18ED3,4,GU-CB42B3584D45,8,F
B-05942C415637,C-01BA1385327B,1,GU-99E486DA3FA6,,
B-05942C415637,C-01BA1385327B,2,GU-D9FF9E72855F,,
B-05942C415637,C-01BA1385327B,3,GU-E7EBECD7CFEA,,
B-9B29A025AA65,C-585CA36C8064,1,GU-D6106EADF674,45,
B-9B29A025AA65,C-585CA36C8064,2,GU-F0B321CC1ACA,43,
B-9B29A025AA65,C-585CA36C8064,3,GU-F963A0BA3F34,6,
B-9B29A025AA65,C-585CA36C8064,4,GU-A83BE8FAD344,5,
B-C268139FBFAB,C-5DA2480A1E1A,1,GU-5B16F8CA3270,29,F
B-C268139FBFAB,C-5DA2480A1E1A,2,GU-6F70988644D0,25,M
B-E1EB539EBFF3,C-7E39F86AC5BF,1,GU-B8B653062989,45,M
B-E1EB539EBFF3,C-7E39F86AC5BF,2,GU-139970523720,41,F
B-E1EB539EBFF3,C-7E39F86AC5BF,3,GU-7B761734767D,13,F
B-E1EB539EBFF3,C-7E39F86AC5BF,4,GU-AF76A1434D68,9,F
B-4A0759205801,,1,GU-F1033982D073,,
B-CE8AC2E7ADBA,C-2410EB732FFF,1,GU-5DE21077A4CF,55,F
B-CE8AC2E7ADBA,C-2410EB732FFF,2,GU-160F7388F5A4,8,F
B-CE8AC2E7ADBA,C-2410EB732FFF,3,GU-7B3743D768EA,56,M
B-9F0E5A4B66EF,C-2803C1B180F8,1,GU-8938B74EB533,54,F
B-9F0E5A4B66EF,C-2803C1B180F8,2,GU-3F97B6309FB4,22,M
B-9F0E5A4B66EF,C-2803C1B180F8,3,GU-98F5C9192550,25,M
B-9F0E5A4B66EF,C-2803C1B180F8,4,GU-6DF8F428892F,24,F
B-9F0E5A4B66EF,C-2803C1B180F8,5,GU-EB155C23C06E,21,F
B-9F0E5A4B66EF,C-2803C1B180F8,6,GU-382B95486B72,54,M
B-6FCA5C7FCD47,C-42F8E5AFCB0F,1,GU-AAAC01795C2A,45,F
B-6FCA5C7FCD47,C-42F8E5AFCB0F,2,GU-44494B5644DD,13,M
B-6FCA5C7FCD47,C-42F8E5AFCB0F,3,GU-6E4F8F1304EC,12,F
B-F23813895E00,C-42F8E5AFCB0F,1,GU-0181417B6DFC,46,F
B-F23813895E00,C-42F8E5AFCB0F,2,GU-4C1AECB905D0,13,F
B-F23813895E00,C-42F8E5AFCB0F,3,GU-63359B431D6E,9,M
B-F54E3A467DF2,C-42F8E5AFCB0F,1,GU-6288BADC34CF,47,M
B-F54E3A467DF2,C-42F8E5AFCB0F,2,GU-4CF42DD248CF,46,M
B-D3BE08FC0167,C-DD41EAF696F7,1,GU-DA7FF536CCDF,,
B-D3BE08FC0167,C-DD41EAF696F7,2,GU-BB48A8D88E35,,
B-A4F1331BDB11,C-50FC60348DC5,1,GU-EEAC4E64180B,43,M
B-A4F1331BDB11,C-50FC60348DC5,2,GU-CE37988F9869,41,F
B-A4F1331BDB11,C-50FC60348DC5,3,GU-1E56A592D6C2,1,M
B-B8B2B07ED9D5,,1,GU-9CA595BE9AA4,,
B-970693803156,C-C7E75627AA1C,1,GU-4FABCA74DD73,34,F
B-970693803156,C-C7E75627AA1C,2,GU-B04FC0BB957B,36,M
B-970693803156,C-C7E75627AA1C,3,GU-A91D33164290,2,M
B-3795C7CAE5D1,C-FF3056840D62,1,GU-55F9E6A57F54,55,F
B-3795C7CAE5D1,C-FF3056840D62,2,GU-604D12FFECDC,61,M
B-2EB76E7B3317,C-A04BB51B690A,1,GU-28C42A770F2D,44,F
B-2EB76E7B3317,C-A04BB51B690A,2,GU-B3AE0D9E8384,53,M
B-2EB76E7B3317,C-A04BB51B690A,3,GU-EDCD2D205BB8,15,M
B-B93932DA36F1,C-EDABA18C7A54,1,GU-0D10604EFB7C,44,M
B-B93932DA36F1,C-EDABA18C7A54,2,GU-EFD3EA19461D,44,F
B-B93932DA36F1,C-EDABA18C7A54,3,GU-2022FCDCF522,10,F
B-B93932DA36F1,C-EDABA18C7A54,4,GU-23CD3FEAEFF0,6,F
B-62F10D72376D,C-36B2F6BD1A51,1,GU-7BFB75EAA122,40,M
B-62F10D72376D,C-36B2F6BD1A51,2,GU-99CB52E867D5,35,F
B-62F10D72376D,C-36B2F6BD1A51,3,GU-8B5BD9E366B4,7,M
B-62F10D72376D,C-36B2F6BD1A51,4,GU-7957350EE00E,1,M
B-375998930475,C-668ACF4604DB,1,GU-FD24EC912760,,
B-375998930475,C-668ACF4604DB,2,GU-4C3E03BD4A5A,,
B-375998930475,C-668ACF4604DB,3,GU-69924328C384,,
B-375998930475,C-668ACF4604DB,4,GU-B3907ED68BED,,
B-03C2E5E33941,C-1184F21059B5,1,GU-3D656DA909F8,,
B-03C2E5E33941,C-1184F21059B5,2,GU-4D5BA09A5E82,,
B-03C2E5E33941,C-1184F21059B5,3,GU-99E665E9E345,,
B-03C2E5E33941,C-1184F21059B5,4,GU-F1F26F36AECA,,
B-2D019B13F643,C-9B5BE8A88103,1,GU-CDC677700EBE,37,M
B-2D019B13F643,C-9B5BE8A88103,2,GU-27E9D735EE69,44,M
B-2D019B13F643,C-9B5BE8A88103,3,GU-E21C86BE21FA,8,M
B-2D019B13F643,C-9B5BE8A88103,4,GU-ADD26753D6F2,3,M
B-65D9EBC4726B,,1,GU-F144F066C3E5,,
B-65D9EBC4726B,,2,GU-8F5C90157590,,
B-3CB26A51851B,C-4DAD28ED6663,1,GU-7E1CF6C39650,40,F
B-3CB26A51851B,C-4DAD28ED6663,2,GU-2857334FF3A9,43,M
B-3CB26A51851B,C-4DAD28ED6663,3,GU-817131549BF3,11,M
B-3CB26A51851B,C-4DAD28ED6663,4,GU-8A616FF4CDE4,4,F
B-3410E1E5AB25,C-3BEE0400190D,1,GU-8FF715058CFD,47,F
B-3410E1E5AB25,C-3BEE0400190D,2,GU-B034F3717401,49,M
B-3410E1E5AB25,C-3BEE0400190D,3,GU-7AD9DB7C9E75,11,M
B-9E5FDCDEFEB8,C-DE3FCCA7E8FF,1,GU-22C025FAB716,48,F
B-9E5FDCDEFEB8,C-DE3FCCA7E8FF,2,GU-DFD010DD4676,53,M
B-65F04AF5DB70,C-84B827707A06,1,GU-09358A4A7EF3,55,M
B-65F04AF5DB70,C-84B827707A06,2,GU-4F2BD3E5017D,52,F
B-E1440DDBB121,C-BEF5EC8017C1,1,GU-9E5E246F8253,47,M
B-E1440DDBB121,C-BEF5EC8017C1,2,GU-5AEEF24E89C2,44,F
B-F6DFCDADA877,C-35637D0F9B95,1,GU-57B81D4680BB,,
B-F6DFCDADA877,C-35637D0F9B95,2,GU-B99C38635E0C,,
B-00E53927EC9D,C-466C24447F45,1,GU-10FA41E787EE,46,M
B-00E53927EC9D,C-466C24447F45,2,GU-B9345019BE6F,49,F
B-00E53927EC9D,C-466C24447F45,3,GU-39995C3AE414,15,M
B-00E53927EC9D,C-466C24447F45,4,GU-FC4C90F25F05,13,M
B-FFE4095FC6A5,C-647C03F5BE44,1,GU-9891D783AB0E,64,M
B-FFE4095FC6A5,C-647C03F5BE44,2,GU-FBCAA8FAC0DF,55,F
B-DD13C1866C14,C-170317F77DC1,1,GU-0CEFC41295FF,28,F
B-DD13C1866C14,C-170317F77DC1,2,GU-021532066887,31,M
B-DD13C1866C14,C-170317F77DC1,3,GU-00F11C01B3D1,1,M
B-E9F864598A28,C-7910B3FBF7B5,1,GU-FEC0031F07DA,48,M
B-E9F864598A28,C-7910B3FBF7B5,2,GU-F5B747559786,45,F
B-07B753002D4A,C-929A0BA82987,1,GU-AEF7FFAFCA41,25,M
B-07B753002D4A,C-929A0BA82987,2,GU-21AC82FEAD0B,24,F
B-45F54F7856EF,C-E0DE63B355B1,1,GU-BB3AD9599609,41,F
B-45F54F7856EF,C-E0DE63B355B1,2,GU-F15EDE004BFD,45,M
B-45F54F7856EF,C-E0DE63B355B1,3,GU-29B4BAD342F4,7,M
B-67CCA64465DB,C-3150F378375B,1,GU-3DDBB70464E5,51,M
B-67CCA64465DB,C-3150F378375B,2,GU-3DB05281D36E,49,F
B-67CCA64465DB,C-3150F378375B,3,GU-619D8EDBB02F,14,M
B-84AC9D12A040,C-A428F11BEC35,1,GU-67B29113AE90,47,M
B-473F5249591D,C-1EEAFF0CD209,1,GU-2D51A2736242,33,M
B-473F5249591D,C-1EEAFF0CD209,2,GU-668E1CBFD7A2,30,F
B-473F5249591D,C-1EEAFF0CD209,3,GU-AF1C0C8C9481,1,F
B-8639FA8BD533,,1,GU-C79D98C2BB12,,
B-8639FA8BD533,,2,GU-108B83E5B139,,
B-DAE7AE42F4AB,,1,GU-274782FD64A9,,
B-DAE7AE42F4AB,,2,GU-F2A884849C8F,,
B-DAE7AE42F4AB,,3,GU-1382A3879A3F,,
B-DAE7AE42F4AB,,4,GU-7B7C2EF0DAEE,,
B-3BE426C5AC98,C-55F3AD41A6EB,1,GU-3E248A477BFF,47,M
B-3BE426C5AC98,C-55F3AD41A6EB,2,GU-A48684D97544,48,F
B-3BE426C5AC98,C-55F3AD41A6EB,3,GU-7B33F4EBBF6C,10,M
B-01CD907BE736,C-EBCE7F070E30,1,GU-8689A0F9D759,65,M
B-01CD907BE736,C-EBCE7F070E30,2,GU-15B3BE5AF76F,58,F
B-D435B64020AA,C-3BA7CABC58A9,1,GU-FCDA0837C977,,
B-D435B64020AA,C-3BA7CABC58A9,2,GU-A1EDA06AF95C,,
B-305B5EC05802,C-1AA12CD7540D,1,GU-CC34D5796CDB,,
B-305B5EC05802,C-1AA12CD7540D,2,GU-E8E5F6C9BC7A,,
B-AA9F1FEC19D7,C-1DCBE24D19CF,1,GU-228C54DE6DAF,45,F
B-AA9F1FEC19D7,C-1DCBE24D19CF,2,GU-6019ADC0B611,52,M
B-AA9F1FEC19D7,C-1DCBE24D19CF,3,GU-527C44CECB9E,8,M
B-AA9F1FEC19D7,C-1DCBE24D19CF,4,GU-948CAAF0F9AA,5,M
B-FE817D02081B,C-EF596431E9C6,1,GU-9C86175288A6,33,M
B-FE817D02081B,C-EF596431E9C6,2,GU-087AF9C6D363,34,F
B-FE817D02081B,C-EF596431E9C6,3,GU-C625E286ECA9,2,M
B-FE817D02081B,C-EF596431E9C6,4,GU-F5EC9FD8B83F,1,F
B-4FE5ECF7E5BE,C-EDFD8845FA15,1,GU-BBBFF31C35E7,40,F
B-4FE5ECF7E5BE,C-EDFD8845FA15,2,GU-D4B7BBAE0C86,44,M
B-4FE5ECF7E5BE,C-EDFD8845FA15,3,GU-A4F35A422F16,10,M
B-00EE732360DE,C-F99C2C30AC10,1,GU-E972D229DF9B,56,M
B-00EE732360DE,C-F99C2C30AC10,2,GU-2B02A921BC60,45,F
B-DB54B507670A,C-9CCF9205F79C,1,GU-FDDFE11F67D3,45,M
B-DB54B507670A,C-9CCF9205F79C,2,GU-75361B921D89,42,F
B-DB54B507670A,C-9CCF9205F79C,3,GU-9C323DE3967B,7,M
B-DB54B507670A,C-9CCF9205F79C,4,GU-1DF2A54B06C4,5,M
B-BD88BA7B268E,C-2EEDBEB779F0,1,GU-02A271FBED89,34,M
B-BD88BA7B268E,C-2EEDBEB779F0,2,GU-0DAAE5429CDF,32,F
B-BD88BA7B268E,C-2EEDBEB779F0,3,GU-05E9104F3A6A,8,M
B-BD88BA7B268E,C-2EEDBEB779F0,4,GU-E67F74F3C1E8,5,F
B-A38706C22E16,C-B4482A3450C7,1,GU-E47B94C1D7F6,27,F
B-A38706C22E16,C-B4482A3450C7,2,GU-D8EFFDF482D9,26,M
B-19339AEB1748,C-1687DA803C25,1,GU-D850F05AD0A8,49,F
B-19339AEB1748,C-1687DA803C25,2,GU-79694874FB95,54,M
B-19339AEB1748,C-1687DA803C25,3,GU-663F3D023AA8,18,M
B-19339AEB1748,C-1687DA803C25,4,GU-0CF47B8EBEC3,16,F
B-19339AEB1748,C-1687DA803C25,5,GU-8E91A9655AE3,16,F
B-9B00E2DEF37B,C-780DB743CEF9,1,GU-6503A710C22D,48,M
B-9B00E2DEF37B,C-780DB743CEF9,2,GU-B5351ED89637,9,M
B-DC14492EBFA5,C-780DB743CEF9,1,GU-D0E77914163D,48,F
B-DC14492EBFA5,C-780DB743CEF9,2,GU-E04C5351EB23,9,M
B-DC14492EBFA5,C-780DB743CEF9,3,GU-EDBF31115AC4,9,F
B-6009E9680561,C-5D5E42D292F6,1,GU-D660004985E7,41,M
B-6009E9680561,C-5D5E42D292F6,2,GU-97A0BC131C86,50,F
B-6009E9680561,C-5D5E42D292F6,3,GU-38C911ACD049,11,F
B-BD5DBB04D5A5,C-5D5E42D292F6,1,GU-258AB4E10415,72,M
B-BD5DBB04D5A5,C-5D5E42D292F6,2,GU-86709E298FEC,70,F
B-AE81706017AC,C-E4804B74C5EE,1,GU-6D81AB0861B4,49,M
B-AE81706017AC,C-E4804B74C5EE,2,GU-FC9F99422A63,46,F
B-AE81706017AC,C-E4804B74C5EE,3,GU-46615B02EEAE,13,F
B-B4064732AB73,C-889E558614A1,1,GU-2C1CEA70A29F,49,F
B-B4064732AB73,C-889E558614A1,2,GU-7107F06DA52C,15,F
B-B4064732AB73,C-889E558614A1,3,GU-10A6B4240505,12,M
B-B4064732AB73,C-889E558614A1,4,GU-82B8CB542BD5,86,F
B-D42389A0BBE5,C-BF6EC31CDE12,1,GU-E58788336AB0,52,M
B-D42389A0BBE5,C-BF6EC31CDE12,2,GU-68ECAF2D8679,11,M
B-D42389A0BBE5,C-BF6EC31CDE12,3,GU-57A9F004C36A,48,F
B-4550C7F6974A,C-1B04008FBBD5,1,GU-EBE1F85C0471,36,M
B-4550C7F6974A,C-1B04008FBBD5,2,GU-78656C2919EC,,
B-D3FFF6226D39,C-D796511B79AE,1,GU-1752071BC039,23,F
B-D3FFF6226D39,C-D796511B79AE,2,GU-1776D5A7455F,32,M
B-218137BC19B2,C-973D4759063F,1,GU-340820CEF8FB,79,M
B-218137BC19B2,C-973D4759063F,2,GU-C6DEB0452DF2,77,F
B-76365CEE2A21,C-4909C85A517A,1,GU-4B020A7DB241,47,M
B-76365CEE2A21,C-4909C85A517A,2,GU-554EF3C90377,7,M
B-76365CEE2A21,C-4909C85A517A,3,GU-30A0E4A17C50,11,M
B-76365CEE2A21,C-4909C85A517A,4,GU-7C5301710DA5,12,M
B-D497B74455EA,C-5FE886BDD882,1,GU-A16BB0282EF3,51,F
B-D497B74455EA,C-5FE886BDD882,2,GU-1F4E39764E33,59,M
B-720A6CF46231,C-5FE886BDD882,1,GU-10A3ED0B57C7,23,F
B-720A6CF46231,C-5FE886BDD882,2,GU-D23EC88AF32E,27,F
B-4CEC99374F87,C-08F152FD428D,1,GU-D8C639CF69A0,57,
B-4CEC99374F87,C-08F152FD428D,2,GU-DF2201B99A76,52,
B-5E6753ED3BED,C-252D8AF41727,1,GU-EED88D00E0EF,39,M
B-5E6753ED3BED,C-252D8AF41727,2,GU-612405BC7AE0,2,F
B-5E6753ED3BED,C-252D8AF41727,3,GU-129F7298CD51,15,F
B-5E6753ED3BED,C-252D8AF41727,4,GU-69F34B461789,13,M
B-5E6753ED3BED,C-252D8AF41727,5,GU-55F3275D2D73,37,F
B-9126B0A2565B,C-08F152FD428D,1,GU-899794373967,57,M
B-9126B0A2565B,C-08F152FD428D,2,GU-20796FC896A5,52,F
B-22159BECEAE6,C-8E99EF2EC177,1,GU-532DF4C24528,60,M
B-22159BECEAE6,C-8E99EF2EC177,2,GU-364CE3DB991C,61,F
B-22159BECEAE6,C-8E99EF2EC177,3,GU-933E7156361E,28,F
B-22159BECEAE6,C-8E99EF2EC177,4,GU-E35368881147,21,F
B-B4E7F75C74D6,C-AA122D275324,1,GU-9AD669255243,43,F
B-B4E7F75C74D6,C-AA122D275324,2,GU-C964B3166975,46,M
B-B4E7F75C74D6,C-AA122D275324,3,GU-B79EB4DAAAF0,10,F
B-B4E7F75C74D6,C-AA122D275324,4,GU-2E772092149F,4,F
B-BFEF78355D83,C-0FB0642D8D7F,1,GU-6E2815066959,45,M
B-BFEF78355D83,C-0FB0642D8D7F,2,GU-22BB27E11F40,7,M
B-BFEF78355D83,C-0FB0642D8D7F,3,GU-17E651D4B093,35,F
B-37D073E201C7,C-80E0A339B3B4,1,GU-ED25536D453F,36,M
B-37D073E201C7,C-80E0A339B3B4,2,GU-0F44881CD096,29,F
B-59D27DA32BF5,C-AA122D275324,1,GU-1AAD4961ADB2,47,F
B-59D27DA32BF5,C-AA122D275324,2,GU-4F3B51A56A73,47,M
B-59D27DA32BF5,C-AA122D275324,3,GU-411AC1AE2D99,8,F
B-668F3D21419A,C-ED7654B782F3,1,GU-06EF823091D7,49,F
B-668F3D21419A,C-ED7654B782F3,2,GU-54AB242A7E18,50,M
B-668F3D21419A,C-ED7654B782F3,3,GU-7F6A623D6766,15,F
B-49B92DA4A723,C-ED7654B782F3,1,GU-C4531C309E1B,45,F
B-49B92DA4A723,C-ED7654B782F3,2,GU-335780277F04,51,M
B-49B92DA4A723,C-ED7654B782F3,3,GU-AA6AD2599EBC,11,M
B-49B92DA4A723,C-ED7654B782F3,4,GU-3CD7FAEDBAAE,9,F
B-6EC22571F0B5,C-E735CAAA36D6,1,GU-2652BD36F433,44,M
B-6EC22571F0B5,C-E735CAAA36D6,2,GU-9B1C632AAF79,46,F
B-6EC22571F0B5,C-E735CAAA36D6,3,GU-B9C7BDE0AFBB,11,M
B-B50562EACC76,C-1AD073DFC132,1,GU-02544F42B70F,0,M
B-B50562EACC76,C-1AD073DFC132,2,GU-E3CC33A6B3C1,56,F
B-B50562EACC76,C-1AD073DFC132,3,GU-A4D88A2E819C,27,M
B-37F5A1B3CBFF,C-2FBDC58C8C9A,1,GU-688093C58477,46,M
B-37F5A1B3CBFF,C-2FBDC58C8C9A,2,GU-5F684F1CAD63,47,F
B-37F5A1B3CBFF,C-2FBDC58C8C9A,3,GU-8EAD79657877,7,F
B-9FCD38ABD39A,C-26E784B1EA7F,1,GU-8773B06170B4,,
B-9FCD38ABD39A,C-26E784B1EA7F,2,GU-58576B0FA999,,
B-9FCD38ABD39A,C-26E784B1EA7F,3,GU-14F8B498AD24,,
B-9FCD38ABD39A,C-26E784B1EA7F,4,GU-FC7FAF122933,,
B-C845F8C39C3E,C-F08A5AC39DC0,1,GU-505915A10855,35,M
B-C845F8C39C3E,C-F08A5AC39DC0,2,GU-327BCA7137BC,33,F
B-C845F8C39C3E,C-F08A5AC39DC0,3,GU-9A44F33EAA1F,0,M
B-C845F8C39C3E,C-F08A5AC39DC0,4,GU-C3055DE9D287,4,F
B-6F07C29CF55E,C-5F8C95ED16B0,1,GU-EA9D8AA1E6FC,40,M
B-6F07C29CF55E,C-5F8C95ED16B0,2,GU-6D34AC513F4B,32,F
B-6F07C29CF55E,C-5F8C95ED16B0,3,GU-DA052867426F,10,M
B-6F07C29CF55E,C-5F8C95ED16B0,4,GU-E1D97D23B84E,3,F
B-214DF2E9D337,C-56292A117F3D,1,GU-3CE59B510D7C,,
B-214DF2E9D337,C-56292A117F3D,2,GU-D2805DCB6A60,,
B-B0BF7C12DAAD,C-575A2A5EEEDA,1,GU-5118E5C26AE2,32,F
B-B0BF7C12DAAD,C-575A2A5EEEDA,2,GU-14ACCF027935,29,M
B-B0BF7C12DAAD,C-575A2A5EEEDA,3,GU-E9C1CBD4ABDA,71,F
B-B0BF7C12DAAD,C-575A2A5EEEDA,4,GU-4CF51BB207A3,70,M
B-B0BF7C12DAAD,C-575A2A5EEEDA,5,GU-11E1F2CD04ED,41,M
B-DEF528916792,C-BECAAE98A674,1,GU-97A42E6AF2D3,72,M
B-DEF528916792,C-BECAAE98A674,2,GU-1A3CCCA5662F,68,F
B-DEF528916792,C-BECAAE98A674,3,GU-C5268DCEBFC7,34,F
B-B9FE4E044357,C-6554BF9DF310,1,GU-6C3A6AE9AC9C,43,M
B-B9FE4E044357,C-6554BF9DF310,2,GU-C67397D0C193,41,F
B-B9FE4E044357,C-6554BF9DF310,3,GU-4DE8B1A39318,6,M
B-09BB821CD4B1,C-B1FB3AA50E13,1,GU-C535008230C3,37,M
B-09BB821CD4B1,C-B1FB3AA50E13,2,GU-5089CC2B61D6,30,F
B-09BB821CD4B1,C-B1FB3AA50E13,3,GU-F64D53E1278B,4,M
B-630D856043E0,C-34FB0489BE9F,1,GU-688366B2A27C,50,M
B-630D856043E0,C-34FB0489BE9F,2,GU-60B5ABC2EEC4,50,F
B-630D856043E0,C-34FB0489BE9F,3,GU-C22853013BDE,12,F
B-18C0089FBE35,C-34FB0489BE9F,1,GU-2C911E771301,52,M
B-18C0089FBE35,C-34FB0489BE9F,2,GU-4471341C8A2F,48,F
B-18C0089FBE35,C-34FB0489BE9F,3,GU-77E943559136,21,F
B-C855058A544D,C-EE39C43C0A07,1,GU-8223FC1C8257,33,
B-C855058A544D,C-EE39C43C0A07,2,GU-65A23D563104,34,
B-B0601A4CF312,,1,GU-79135C6D08BE,31,F
B-B0601A4CF312,,2,GU-807EB644D714,42,M
B-B0601A4CF312,,3,GU-EF4346E4CC45,0,M
B-2A7955717896,,1,GU-80B4BE6311BE,,
B-2A7955717896,,2,GU-BC7FD807ADE6,,
B-68E0A6CA0CCB,C-25C14F23E762,1,GU-032371DF81DC,55,M
B-68E0A6CA0CCB,C-25C14F23E762,2,GU-A1091001887F,43,F
B-616773B1B227,,1,GU-007DE7ABA2EC,,
B-616773B1B227,,2,GU-F072EE508DCF,,
B-524649C575BA,C-07B5273CE999,1,GU-0BAD14359F28,25,F
B-524649C575BA,C-07B5273CE999,2,GU-742F24E5D070,62,M
B-524649C575BA,C-07B5273CE999,3,GU-55FD8AF2A62E,57,F
B-14C8E88A5E1E,C-BA8FC9A6273C,1,GU-0D5E22169AEF,58,M
B-14C8E88A5E1E,C-BA8FC9A6273C,2,GU-816EC5007E65,54,F
B-14C8E88A5E1E,C-BA8FC9A6273C,3,GU-774C54EC695F,17,M
B-7694C75CCD64,,1,GU-8A2B033C4AB3,62,M
B-7694C75CCD64,,2,GU-4340C2A231B1,57,F
B-62C28D430359,C-132E83D790CC,1,GU-A96311C47376,,
B-62C28D430359,C-132E83D790CC,2,GU-79B412A4B0B6,,
B-62C28D430359,C-132E83D790CC,3,GU-EA2DEB93553F,,
B-CCB396155357,C-D8BCEDB42027,1,GU-F17C66A2C68F,27,F
B-CCB396155357,C-D8BCEDB42027,2,GU-6285FEEC9800,25,M
B-729BF83E629D,C-EB49FE5C63CD,1,GU-3B3CF701E937,38,F
B-729BF83E629D,C-EB49FE5C63CD,2,GU-8E8CAE8C727B,52,M
B-729BF83E629D,C-EB49FE5C63CD,3,GU-F397F03C7BE5,11,M
B-E676050203DA,,1,GU-A1605B694DD7,,
B-78C79ACB87BB,C-B73D51C6D5A5,1,GU-A906A7546D72,28,M
B-78C79ACB87BB,C-B73D51C6D5A5,2,GU-D2FC70BF83D5,31,F
B-F0E2D25DBF4D,,1,GU-22A0BB6D0D21,72,M
B-F0E2D25DBF4D,,2,GU-7073F2414E02,70,F
B-135DEEEC300A,C-A019C2399340,1,GU-54B2F8304DE2,,
B-135DEEEC300A,C-A019C2399340,2,GU-92BE5E8BC155,,
B-FB8DB8CDD623,C-09784A6EBEEE,1,GU-CE59BFC4B666,63,F
B-FB8DB8CDD623,C-09784A6EBEEE,2,GU-3665356EE46B,62,F
B-FB8DB8CDD623,C-09784A6EBEEE,3,GU-FACCFF4B7DDB,57,F
B-FB8DB8CDD623,C-09784A6EBEEE,4,GU-E58BA432D17C,62,F
B-D93527A91819,C-99998B630F1F,1,GU-86C3091B59E9,46,F
B-D93527A91819,C-99998B630F1F,2,GU-F60223682379,47,M
B-D93527A91819,C-99998B630F1F,3,GU-BCDD11963861,11,F
B-A3C5DB8A1746,C-5B27C4FB5B42,1,GU-60DDCED1ADD6,27,F
B-A3C5DB8A1746,C-5B27C4FB5B42,2,GU-41F1BAECA0C1,30,M
B-4251608D3593,C-722248F44E45,1,GU-7CA74270D970,52,M
B-4251608D3593,C-722248F44E45,2,GU-40C1DEBF4C3C,45,F
B-4251608D3593,C-722248F44E45,3,GU-F8FA30130BC9,17,F
B-4251608D3593,C-722248F44E45,4,GU-BA9F0C28F1AF,15,M
B-4251608D3593,C-722248F44E45,5,GU-BC9C3FD1D7C2,10,F
B-2B886D292293,C-8645F59A5DCF,1,GU-95EF9103F6EC,54,F
B-2B886D292293,C-8645F59A5DCF,2,GU-D1C59FF0FD23,59,M
B-2B886D292293,C-8645F59A5DCF,3,GU-F98721158BA8,15,F
B-7EAF0A86D3C0,C-BE2FA49646FB,1,GU-B6A766B27F32,46,M
B-7EAF0A86D3C0,C-BE2FA49646FB,2,GU-D937A59402B8,9,M
B-7EAF0A86D3C0,C-BE2FA49646FB,3,GU-D831DF7A7636,46,F
B-BA1FFF339C85,C-A1DD2D1150CA,1,GU-9D9338DF5521,52,F
B-BA1FFF339C85,C-A1DD2D1150CA,2,GU-6ACFD81FAAB0,54,M
B-BA1FFF339C85,C-A1DD2D1150CA,3,GU-EADA2117D4A0,21,M
B-BA1FFF339C85,C-A1DD2D1150CA,4,GU-CD4E83858A7A,17,F
B-BA1FFF339C85,C-A1DD2D1150CA,5,GU-7A9694FF7A37,80,M
B-BA1FFF339C85,C-A1DD2D1150CA,6,GU-8B32B67265D5,80,F
B-BEB0C3659954,C-ED180D58CC60,1,GU-09124426D98B,50,M
B-BEB0C3659954,C-ED180D58CC60,2,GU-3BF532A3ACB6,42,F
B-BEB0C3659954,C-ED180D58CC60,3,GU-DB000FFC34F3,3,M
B-D6F138BAED22,C-09DA7A5A7A9F,1,GU-991A0621FAE2,42,F
B-D6F138BAED22,C-09DA7A5A7A9F,2,GU-CA2A26469869,50,M
B-E842E6F34C0F,C-5074C5C1613D,1,GU-F621A4A395D6,,
B-E842E6F34C0F,C-5074C5C1613D,2,GU-2D6888621D6A,,
B-E842E6F34C0F,C-5074C5C1613D,3,GU-1BDF81E57ED9,,
B-7E07E8D524C9,,1,GU-8A398A912800,67,M
B-7E07E8D524C9,,2,GU-25918345E66D,64,F
B-E90FBE3CF819,C-E6EF23B85B2B,1,GU-419A9497E030,34,M
B-E90FBE3CF819,C-E6EF23B85B2B,2,GU-FC738D6E778B,33,F
B-E90FBE3CF819,C-E6EF23B85B2B,3,GU-3A4A413340DD,1,F
B-CDFD7CB0C35D,C-C07856E426CC,1,GU-DCBE1E9A771E,41,M
B-7E36A4220E44,,1,GU-5530539D4D56,55,F
B-7E36A4220E44,,2,GU-AF719942AFEB,15,F
B-3E1E57985442,C-83423A3BC1AC,1,GU-2A4D486B0C5E,50,M
B-3E1E57985442,C-83423A3BC1AC,2,GU-A93C6A4B08BD,49,F
B-3E1E57985442,C-83423A3BC1AC,3,GU-AA44E07C86FC,8,M
B-9E5D350F90D3,C-34FB0489BE9F,1,GU-189FAFE14685,56,M
B-9E5D350F90D3,C-34FB0489BE9F,2,GU-506971C6B533,49,F
B-9E5D350F90D3,C-34FB0489BE9F,3,GU-041B59B7773B,25,M
B-7992EB48FA41,C-696268EEB79D,1,GU-08FC43B0401D,43,M
B-7992EB48FA41,C-696268EEB79D,2,GU-7EAFDC2F511E,45,F
B-7992EB48FA41,C-696268EEB79D,3,GU-A238D662F21A,13,M
B-C34DD5C1D8EF,C-F8E70FA1CB80,1,GU-4BD6A14CC22D,,
B-C34DD5C1D8EF,C-F8E70FA1CB80,2,GU-3D7F3A42A83F,,
B-8CC1626DD155,C-F8E70FA1CB80,1,GU-21B1A123E627,,
B-8CC1626DD155,C-F8E70FA1CB80,2,GU-556E7968CF74,,
B-8CC1626DD155,C-F8E70FA1CB80,3,GU-67737E2A6903,,
B-FFBDC93C5B28,C-F7B2CE8BD405,1,GU-6E6F147F0031,37,M
B-FFBDC93C5B28,C-F7B2CE8BD405,2,GU-031492758D3F,33,F
B-6A632525CBA4,C-BB2A3F9930C1,1,GU-EF21D14D6011,42,F
B-6A632525CBA4,C-BB2A3F9930C1,2,GU-C3670FCA07A6,45,M
B-6A632525CBA4,C-BB2A3F9930C1,3,GU-6BCDED7B33B8,10,M
B-6A632525CBA4,C-BB2A3F9930C1,4,GU-2446DE205C3F,6,M
B-9FD987B83ADD,C-13FD88F62CEC,1,GU-7FEC39CC8B63,67,M
B-9FD987B83ADD,C-13FD88F62CEC,2,GU-8CC49DBE6665,56,F
B-BA60E449BE38,C-84B827707A06,1,GU-882CB68BECBB,,
B-BA60E449BE38,C-84B827707A06,2,GU-F216ADBFACD4,,
B-F525C716D97C,C-A029EF42CA01,1,GU-B2825FAF444A,,
B-F525C716D97C,C-A029EF42CA01,2,GU-C3C05A45BC06,,
B-F525C716D97C,C-A029EF42CA01,3,GU-5A9BD17F13D1,,
B-24B4450B6BA7,C-CB3E8236FD5C,1,GU-356BA70C53C8,43,M
B-24B4450B6BA7,C-CB3E8236FD5C,2,GU-AAAE808E5C98,15,M
B-24B4450B6BA7,C-CB3E8236FD5C,3,GU-8AEBB04A47D5,10,M
B-24B4450B6BA7,C-CB3E8236FD5C,4,GU-DE244CFDFC6E,43,F
B-8D69F2417F51,C-3924CE360910,1,GU-314CCB9DD484,34,M
B-8D69F2417F51,C-3924CE360910,2,GU-42CB9494094C,29,F
B-8D69F2417F51,C-3924CE360910,3,GU-161E71E0FF50,5,F
B-60CEEA8F26C6,C-3DEF737310E2,1,GU-834AEE78C62C,42,F
B-60CEEA8F26C6,C-3DEF737310E2,2,GU-9888285A28CC,51,M
B-98CDA819E8FD,C-648CF5610E7A,1,GU-971857C0148D,50,F
B-98CDA819E8FD,C-648CF5610E7A,2,GU-80D3B8DA3534,48,M
B-98CDA819E8FD,C-648CF5610E7A,3,GU-66E4BD3E7783,14,F
B-48AA9551CFBA,,1,GU-3B4D76BE6893,41,M
B-48AA9551CFBA,,2,GU-E02D8D2CDE48,3,M
B-48AA9551CFBA,,3,GU-287F6BDB1ABB,36,F
B-48AA9551CFBA,,4,GU-EFF10B56B231,3,M
B-46A2C665D572,C-924586728053,1,GU-111A6723E161,52,F
B-46A2C665D572,C-924586728053,2,GU-E2E76B15DCE8,53,M
B-46A2C665D572,C-924586728053,3,GU-44B5E74B6343,22,M
B-46A2C665D572,C-924586728053,4,GU-C087A09AB280,20,M
B-46A2C665D572,C-924586728053,5,GU-D5D4F089DB06,16,F
B-A3F9BF198387,C-133299F7A972,1,GU-414FEFF39315,37,F
B-A3F9BF198387,C-133299F7A972,2,GU-B33FC8AE756B,38,M
B-A3F9BF198387,C-133299F7A972,3,GU-4112E3671689,7,F
B-6FA86F84336B,C-343B9DC9131A,1,GU-F5E91B4B74BF,49,M
B-6FA86F84336B,C-343B9DC9131A,2,GU-989329D8A6BC,29,F
B-6FA86F84336B,C-343B9DC9131A,3,GU-FBF39BCA7E14,5,M
B-8D63F44EB521,C-6091AABC5CE3,1,GU-1F648A1FF07C,30,F
B-8D63F44EB521,C-6091AABC5CE3,2,GU-E19CB2EA7D51,29,M
B-8D63F44EB521,C-6091AABC5CE3,3,GU-23EBB84CC5DE,0,M
B-815115853719,C-3788A1A87A54,1,GU-AFDF4920DD18,47,F
B-815115853719,C-3788A1A87A54,2,GU-05133BA6C5B0,52,M
B-815115853719,C-3788A1A87A54,3,GU-A460CDF53313,9,M
B-815115853719,C-3788A1A87A54,4,GU-19CFB063643F,7,F
B-AC54138ACDCE,C-A5C91BB4708A,1,GU-47D2DDCE03AB,,
B-AC54138ACDCE,C-A5C91BB4708A,2,GU-FD160969E282,,
B-AC54138ACDCE,C-A5C91BB4708A,3,GU-0BB9EFAACF86,,
B-AC54138ACDCE,C-A5C91BB4708A,4,GU-7F12C8F67F87,,
B-9EA4B8C191EA,C-A5C91BB4708A,1,GU-951710414960,42,M
B-9EA4B8C191EA,C-A5C91BB4708A,2,GU-12BC32D0E3BB,41,F
B-9EA4B8C191EA,C-A5C91BB4708A,3,GU-693E5B844ADC,13,M
B-9EA4B8C191EA,C-A5C91BB4708A,4,GU-F21AC66BC93F,7,F
B-8EE0A9718F72,,1,GU-82052F922679,,
B-8EE0A9718F72,,2,GU-CCCDBD7DF373,,
B-28592D272EFB,,1,GU-91FD0DAA474A,,
B-28592D272EFB,,2,GU-F4F55629C532,,
B-28592D272EFB,,3,GU-E306789B5D7B,,
B-28592D272EFB,,4,GU-4A725DCBFE1C,,
B-0D3ED41AED01,C-A029EF42CA01,1,GU-166A5E5AEAE7,,
B-0D3ED41AED01,C-A029EF42CA01,2,GU-A00A10C9084A,,
B-0D3ED41AED01,C-A029EF42CA01,3,GU-73AFA97BE02E,,
B-A04A40D30B34,C-E37C92CD2408,1,GU-0C518EF59F24,56,M
B-A04A40D30B34,C-E37C92CD2408,2,GU-4DD27FEC8C79,57,F
B-A04A40D30B34,C-E37C92CD2408,3,GU-CD2A9FB4E385,17,M
B-9DB9C84F4DE6,C-EC1977504AC9,1,GU-0EAD20F948F7,31,M
B-9DB9C84F4DE6,C-EC1977504AC9,2,GU-0F0FDFB22D8B,30,F
B-F65B64792A6C,,1,GU-6E318F86EE90,,
B-F65B64792A6C,,2,GU-0BA81A0A6809,,
B-4CC901EFB384,,1,GU-A947EF152940,,
B-4CC901EFB384,,2,GU-E125E2877312,,
B-4CC901EFB384,,3,GU-881CF7C28EBF,,
B-4CC901EFB384,,4,GU-955B290B9B44,,
B-F50C5EC5108F,C-A8B599D7994E,1,GU-2194599B1598,26,M
B-F50C5EC5108F,C-A8B599D7994E,2,GU-E17039568E6C,30,F
B-F50C5EC5108F,C-A8B599D7994E,3,GU-97511337D00A,3,F
B-B0AC1B527E35,C-7EF30C31552C,1,GU-A8F4857CCD8F,60,M
B-B0AC1B527E35,C-7EF30C31552C,2,GU-73B3C1DCDBFF,53,F
B-3CC32164E06E,C-3E8E5F02E1BE,1,GU-CC0A268978B8,62,M
B-3CC32164E06E,C-3E8E5F02E1BE,2,GU-74FF59B3A725,60,F
B-6D1EBEF83A6F,C-B0D76FEE4F09,1,GU-96AF626DC1A5,33,F
B-6D1EBEF83A6F,C-B0D76FEE4F09,2,GU-B1937D54D8F5,35,M
B-4354968580AC,C-DEA1580FF369,1,GU-9438EE0EC210,39,F
B-4354968580AC,C-DEA1580FF369,2,GU-B13BD7AD0530,7,F
B-4354968580AC,C-DEA1580FF369,3,GU-75977F17C9E0,39,M
B-B53152F5A7A6,C-19BE71F03B12,1,GU-1DA549B08B63,47,M
B-B53152F5A7A6,C-19BE71F03B12,2,GU-E99CE3CB2D3E,49,F
B-F152E0FC61E2,C-AC53A28B4EFA,1,GU-E97843B9D61A,66,M
B-F152E0FC61E2,C-AC53A28B4EFA,2,GU-239C160C3E3D,64,F
B-3E1BBD65AF97,,1,GU-A79645A266AA,,
B-3E1BBD65AF97,,2,GU-C37902A05554,,
B-3E1BBD65AF97,,3,GU-FADD3A066B8C,,
B-3E1BBD65AF97,,4,GU-78BA2C80674C,,
B-FD8775790A39,,1,GU-2F708C6DB8D0,,
B-FD8775790A39,,2,GU-84B5BD946C4C,,
B-19FE096D6247,,1,GU-63DCBAFE9A2A,,
B-19FE096D6247,,2,GU-82F19473C480,,
B-19FE096D6247,,3,GU-D9CD3A9CB762,,
B-DCAC20377248,C-7999E3F93776,1,GU-8ABC7B58455F,82,M
B-DCAC20377248,C-7999E3F93776,2,GU-6733B2FF8833,80,F
B-A7B12A2042FC,C-C37512A8D10F,1,GU-C4CDFFF91874,62,M
B-A7B12A2042FC,C-C37512A8D10F,2,GU-241671057743,60,F
B-7C79EFDC155A,,1,GU-6292FC1C5A8C,,
B-7C79EFDC155A,,2,GU-C6894CE69008,,
B-D4724828D05D,C-2313517EFC33,1,GU-8836BF67080F,51,M
B-D4724828D05D,C-2313517EFC33,2,GU-46E0EB783EEF,47,F
B-D4724828D05D,C-2313517EFC33,3,GU-6C39ED91E3E9,13,M
B-9B9E123A8784,C-BCA39B241173,1,GU-E3D79FC7A07D,45,M
B-9B9E123A8784,C-BCA39B241173,2,GU-6369BFB0414E,39,F
B-9B9E123A8784,C-BCA39B241173,3,GU-36B246FC8362,5,M
B-9B9E123A8784,C-BCA39B241173,4,GU-631280D51DB7,3,F
B-39DD6121A238,C-2AA36616A588,1,GU-8783C84CB62C,22,M
B-39DD6121A238,C-2AA36616A588,2,GU-7514E6982EB3,27,F
B-931CC4FCA2C3,C-CE9DC1D836ED,1,GU-A5A5034DD056,,
B-931CC4FCA2C3,C-CE9DC1D836ED,2,GU-510BA36E681B,,
B-931CC4FCA2C3,C-CE9DC1D836ED,3,GU-046FDF004F18,,
B-931CC4FCA2C3,C-CE9DC1D836ED,4,GU-5E380618DD28,,
B-7BFADA6B156A,C-60E88AD73C09,1,GU-2DB00822504E,63,M
B-7BFADA6B156A,C-60E88AD73C09,2,GU-B7106624B5D6,26,F
B-7BFADA6B156A,C-60E88AD73C09,3,GU-1F6C83826731,23,M
B-7BFADA6B156A,C-60E88AD73C09,4,GU-CF699C5EC1CC,19,F
B-7BFADA6B156A,C-60E88AD73C09,5,GU-3EE3EF27414A,56,F
B-AF061CEB14EE,C-D99ED594D29B,1,GU-86ED8A0B7378,,
B-AF061CEB14EE,C-D99ED594D29B,2,GU-8CDC42FCF4E3,,
B-AF061CEB14EE,C-D99ED594D29B,3,GU-F6FB2B163DB1,,
B-AF061CEB14EE,C-D99ED594D29B,4,GU-509407F680F5,,
B-C7508A601108,C-31E87FF2CD72,1,GU-7C25358EEEEF,,
B-C7508A601108,C-31E87FF2CD72,2,GU-979A08537D61,,
B-C2A93CEA58A3,C-0308194D35EA,1,GU-25A8BF3C89D3,33,M
B-C2A93CEA58A3,C-0308194D35EA,2,GU-D31B79B01320,68,F
B-C2A93CEA58A3,C-0308194D35EA,3,GU-457DF00DA94D,73,M
B-C2A93CEA58A3,C-0308194D35EA,4,GU-3D381D7F76B6,33,F
B-D29617B65974,C-38DA12E19D41,1,GU-EC7960260205,35,F
B-D29617B65974,C-38DA12E19D41,2,GU-2F32512511CE,2,M
B-D29617B65974,C-38DA12E19D41,3,GU-51B2F755835B,41,M
B-DA7A7B9BD497,C-350279C72632,1,GU-DDD17D09B6EC,57,M
B-DA7A7B9BD497,C-350279C72632,2,GU-CAA4D4492C6D,50,F
B-EA5A89831AC2,C-57E17D52147C,1,GU-B9B70C31D55B,,
B-EA5A89831AC2,C-57E17D52147C,2,GU-097E525D6063,,
B-EA5A89831AC2,C-57E17D52147C,3,GU-CC1A88E8FDFB,,
B-44BC4E27CE4E,C-8F8D29AC1555,1,GU-F02E06F00953,41,M
B-44BC4E27CE4E,C-8F8D29AC1555,2,GU-AF6801B760AB,43,F
B-44BC4E27CE4E,C-8F8D29AC1555,3,GU-75C1FB0A3982,8,F
B-44BC4E27CE4E,C-8F8D29AC1555,4,GU-F4F615B8695F,4,F
B-EC65937F800F,C-F3B124255D4E,1,GU-003A71790C16,47,F
B-EC65937F800F,C-F3B124255D4E,2,GU-BE8221A99EAD,59,M
B-900673DDBE3F,C-84B827707A06,1,GU-A592F10C37C9,62,F
B-900673DDBE3F,C-84B827707A06,2,GU-79D105563C57,58,M
B-FF48095731AF,C-C2A8FA693C60,1,GU-F4E38BA16903,44,M
B-FF48095731AF,C-C2A8FA693C60,2,GU-AAB6440D574C,50,F
B-13FBAF2CF918,C-D7E8019C8CB2,1,GU-607FCF393B2A,54,M
B-13FBAF2CF918,C-D7E8019C8CB2,2,GU-ACF0B9E1FD6A,46,F
B-13FBAF2CF918,C-D7E8019C8CB2,3,GU-0D9657624587,7,F
B-75650884CA94,C-5F44EA19993B,1,GU-E82B7AEF429B,67,F
B-75650884CA94,C-5F44EA19993B,2,GU-7D8BE42AE035,68,M
B-A50D3F94D769,C-7FE87CE30D05,1,GU-8C191E5CF1D3,51,F
B-A50D3F94D769,C-7FE87CE30D05,2,GU-F0E3A731C14E,57,M
B-A50D3F94D769,C-7FE87CE30D05,3,GU-5088CAF92206,51,F
B-5BE9B9B503B9,C-4DEADF89D7B4,1,GU-94F23E54BB05,40,F
B-5BE9B9B503B9,C-4DEADF89D7B4,2,GU-39A7B7A6B71C,43,M
B-0F52A7A0D13F,,1,GU-E1843FD2C406,,
B-0F52A7A0D13F,,2,GU-91B54E27E7A7,,
B-2ACFDB8C172A,,1,GU-E6EB6BEB4C23,,
B-2ACFDB8C172A,,2,GU-0521BE101382,,
B-2ACFDB8C172A,,3,GU-FD38F3BE2345,,
B-5E71A89BF1B4,C-9AADB97FC6EC,1,GU-0BAA541DDE96,45,M
B-5E71A89BF1B4,C-9AADB97FC6EC,2,GU-66E972CA606B,40,F
B-5E71A89BF1B4,C-9AADB97FC6EC,3,GU-90943925F6FC,14,F
B-5E71A89BF1B4,C-9AADB97FC6EC,4,GU-B28A49FC2292,11,M
B-DF4378988F5D,C-613C95DCC5B9,1,GU-96216D1EDCEE,42,
B-DF4378988F5D,C-613C95DCC5B9,2,GU-022F66BA2283,35,
B-DF4378988F5D,C-613C95DCC5B9,3,GU-04AD501AF8E9,6,
B-DF4378988F5D,C-613C95DCC5B9,4,GU-5D57CA79A0CC,3,
B-676F90FD72E3,,1,GU-75E5690437AB,64,M
B-676F90FD72E3,,2,GU-796F79C3C461,62,F
B-84DF3C6A4975,,1,GU-826FCB60E76B,,
B-84DF3C6A4975,,2,GU-7C81839E8F88,,
B-84DF3C6A4975,,3,GU-AC94C64D6387,,
B-4CA5FDB811A8,C-ECCEA8BB9979,1,GU-19FDE96C2BF8,40,M
B-4CA5FDB811A8,C-ECCEA8BB9979,2,GU-07117904A164,55,F
B-4CA5FDB811A8,C-ECCEA8BB9979,3,GU-458E3CE2293C,11,F
B-D97D94AFFF10,,1,GU-EA1251AC8350,,
B-6CD94183D6FE,,1,GU-FDD4B88C1641,,
B-11E9C7AA91AE,C-C7B899C2F7F3,1,GU-33D18F06C589,25,F
B-11E9C7AA91AE,C-C7B899C2F7F3,2,GU-BE0C2B0641E7,25,M
B-B3F510B40349,C-26231B5075AC,1,GU-D8DC76D27625,36,F
B-B3F510B40349,C-26231B5075AC,2,GU-95C54C9F73B7,4,F
B-B3F510B40349,C-26231B5075AC,3,GU-463683123B56,38,M
B-45BAAF55D3F1,C-61290A802850,1,GU-EF2D522419C5,,
B-45BAAF55D3F1,C-61290A802850,2,GU-014355ED0522,,
B-06929007C66E,C-0124339D573A,1,GU-D4052F9FA1B1,35,M
B-06929007C66E,C-0124339D573A,2,GU-7E0413103542,38,F
B-F80246ED98B0,C-6FD3938C13B4,1,GU-C01B277F51C7,50,M
B-F80246ED98B0,C-6FD3938C13B4,2,GU-D0B1884753DC,46,F
B-F80246ED98B0,C-6FD3938C13B4,3,GU-CB16DF47728C,6,F
B-F80246ED98B0,C-6FD3938C13B4,4,GU-2C85A6B8D227,10,F
B-B12AAFB7F8F9,C-16EA91E904FB,1,GU-CD63776E8074,48,M
B-B12AAFB7F8F9,C-16EA91E904FB,2,GU-2EF2955F08B9,46,F
B-B12AAFB7F8F9,C-16EA91E904FB,3,GU-C83BB427CD09,11,M
B-B12AAFB7F8F9,C-16EA91E904FB,4,GU-4EC5E92E422B,13,F
B-58F3394F43F6,C-DD09DC048CF4,1,GU-9AC394BB2FF8,53,M
B-58F3394F43F6,C-DD09DC048CF4,2,GU-7441EFFE9781,37,F
B-58F3394F43F6,C-DD09DC048CF4,3,GU-E04D58F0026F,1,F
B-EC09A114A57C,C-8A16407629D2,1,GU-21AD37AD5550,52,M
B-EC09A114A57C,C-8A16407629D2,2,GU-6FC9B4EA3626,48,F
B-EC09A114A57C,C-8A16407629D2,3,GU-B109DCEB0203,15,F
B-EC09A114A57C,C-8A16407629D2,4,GU-221CE17F3629,11,F
B-7D8FA1AA7868,,1,GU-B3AAE47D1E27,,
B-AF493BB711A9,C-6CD863EABDBF,1,GU-3A9C347D7F09,,
B-AF493BB711A9,C-6CD863EABDBF,2,GU-F87C64347564,,
B-957FA06875D8,C-6CD863EABDBF,1,GU-09776A2A5D4F,,
B-957FA06875D8,C-6CD863EABDBF,2,GU-78394947D95B,,
B-FFFF29766E5A,C-051009D9E629,1,GU-77F74C92437E,31,M
B-FFFF29766E5A,C-051009D9E629,2,GU-1B0B513E71D1,32,F
B-4BC0A278CB3D,,1,GU-B164D955AD4E,44,F
B-4BC0A278CB3D,,2,GU-90CC2D298BB7,53,M
B-4BC0A278CB3D,,3,GU-6C69A6254EBE,15,M
B-6DEF5EACC1AB,C-A44F436146EB,1,GU-2B9FCB3500C1,56,M
B-6DEF5EACC1AB,C-A44F436146EB,2,GU-645A84576E5D,43,F
B-6DEF5EACC1AB,C-A44F436146EB,3,GU-A41237CE78D5,11,F
B-6DEF5EACC1AB,C-A44F436146EB,4,GU-44E0F3ECD8EA,8,F
B-4190EBAC1358,C-2BB24099641D,1,GU-E6F998FE00C4,,
B-4190EBAC1358,C-2BB24099641D,2,GU-F1410592FA70,,
B-34A2FA882477,C-6B3109F026B5,1,GU-2D9485F08566,31,F
B-34A2FA882477,C-6B3109F026B5,2,GU-DD7D817B803C,33,M
B-34A2FA882477,C-6B3109F026B5,3,GU-B277A0EC26CE,0,M
B-C3CA0AECB42C,,1,GU-939DAC4EE4E9,47,M
B-C3CA0AECB42C,,2,GU-B3984F53E10D,7,M
B-C3CA0AECB42C,,3,GU-2A19F17EC8CB,11,M
B-C3CA0AECB42C,,4,GU-59E606DC7539,12,F
B-B43F2554E6B6,C-EE6664F1E839,1,GU-1D6C8C31C3AC,,
B-F7051957F51F,C-CFC669D65847,1,GU-823BC5FBD850,52,M
B-F7051957F51F,C-CFC669D65847,2,GU-DE9F761830EB,50,F
B-F7051957F51F,C-CFC669D65847,3,GU-A8247DA62842,14,F
B-F7051957F51F,C-CFC669D65847,4,GU-F4416C82A533,10,M
B-75EFE167E508,C-D2F562A08F8E,1,GU-5F3136CCB992,45,F
B-75EFE167E508,C-D2F562A08F8E,2,GU-66067EC56948,49,M
B-75EFE167E508,C-D2F562A08F8E,3,GU-28B7EC5DA1D7,10,F
B-75EFE167E508,C-D2F562A08F8E,4,GU-EF98946BB956,13,M
B-E81A09C18591,C-FF751BEE73F4,1,GU-A69D52E09727,49,M
B-E81A09C18591,C-FF751BEE73F4,2,GU-D1B3575874F1,49,F
B-E81A09C18591,C-FF751BEE73F4,3,GU-7139A790CD84,16,F
B-527CD7A9BC7C,C-9FF908B750F2,1,GU-E87DB6976F6C,41,M
B-527CD7A9BC7C,C-9FF908B750F2,2,GU-5C3B2E3B64F0,42,F
B-527CD7A9BC7C,C-9FF908B750F2,3,GU-B2F859216E63,15,F
B-527CD7A9BC7C,C-9FF908B750F2,4,GU-2CFE77DEFB36,11,F
B-3C7AEEADD90B,C-31DDB3B77F67,1,GU-7358D7BB254A,48,M
B-3C7AEEADD90B,C-31DDB3B77F67,2,GU-88DFE4D28B35,46,F
B-3C7AEEADD90B,C-31DDB3B77F67,3,GU-EB6739BBF7B6,14,F
B-F76AE8492720,C-BDFBC5759399,1,GU-5A162BFD3F07,34,F
B-F76AE8492720,C-BDFBC5759399,2,GU-93274C8E5B87,38,M
B-F76AE8492720,C-BDFBC5759399,3,GU-DEAF264D9E6B,3,M
B-17DD4E542848,,1,GU-62A42E669C30,,
B-9C03DF2E7737,C-F5C011B6243E,1,GU-E9BC987AFAF0,47,M
B-9C03DF2E7737,C-F5C011B6243E,2,GU-15B3B6A0B9E8,38,M
B-91DE41C3B3EC,C-1CE2C98DF29F,1,GU-C2EF8BEDD59A,50,M
B-91DE41C3B3EC,C-1CE2C98DF29F,2,GU-1652F5830EDB,48,F
B-34F81EF982E8,C-EE6664F1E839,1,GU-52D375C26BCF,51,M
B-34F81EF982E8,C-EE6664F1E839,2,GU-B2E444C8CA8D,53,F
B-34F81EF982E8,C-EE6664F1E839,3,GU-FE1C2072D35E,16,F
B-7E399DFDA154,C-0B6B7417F9B3,1,GU-8E9E96781EC4,50,M
B-7E399DFDA154,C-0B6B7417F9B3,2,GU-559F2251955F,39,F
B-7E399DFDA154,C-0B6B7417F9B3,3,GU-4827574B1890,13,F
B-AA777967CF05,C-1AAA9124B47C,1,GU-431EC4C8E018,65,M
B-AA777967CF05,C-1AAA9124B47C,2,GU-15694ED37135,56,F
B-AA777967CF05,C-1AAA9124B47C,3,GU-B1D8152BB952,25,F
B-AA777967CF05,C-1AAA9124B47C,4,GU-5B106F295BFB,23,M
B-9EBF7647CF02,C-ED16F1907190,1,GU-6658984079B2,,
B-9EBF7647CF02,C-ED16F1907190,2,GU-4053C12CA16D,,
B-9EBF7647CF02,C-ED16F1907190,3,GU-85094A76C18B,,
B-9EBF7647CF02,C-ED16F1907190,4,GU-F0796C05B042,,
B-29E111F46D60,C-ED16F1907190,1,GU-2422C0B62216,,
B-29E111F46D60,C-ED16F1907190,2,GU-7DA67919BE74,,
B-A631AEFD927C,C-17484AB40B41,1,GU-81E12C706490,70,M
B-A631AEFD927C,C-17484AB40B41,2,GU-D5B53C7A54A1,68,F
B-F267F645C4AF,,1,GU-A0D9777CCD70,51,M
B-F267F645C4AF,,2,GU-E4B653979113,14,M
B-F267F645C4AF,,3,GU-570126CE6D22,49,F
B-F267F645C4AF,,4,GU-01EF5CDB493D,14,M
B-4AFAB8CC60CF,C-7B0CBAD881FF,1,GU-BF380EAE045F,84,M
B-4AFAB8CC60CF,C-7B0CBAD881FF,2,GU-3C1C5ED25E0A,75,F
B-147A04E957BA,C-515577468769,1,GU-606676823A4C,,
B-147A04E957BA,C-515577468769,2,GU-3DB484F9825B,,
B-147A04E957BA,C-515577468769,3,GU-3D6207F0C086,,
B-147A04E957BA,C-515577468769,4,GU-0B592CA47ACA,,
B-851688680772,,1,GU-925DF08920F1,,
B-851688680772,,2,GU-C986174B2C18,,
B-8D6ECA8A817E,C-57E17D52147C,1,GU-D34C60FFCA16,50,F
B-8D6ECA8A817E,C-57E17D52147C,2,GU-D60E284BEC51,57,M
B-8D6ECA8A817E,C-57E17D52147C,3,GU-F80337889A4D,11,F
B-C4EE18E11188,C-076204BBB3C9,1,GU-45AF48D90FD8,40,M
B-C4EE18E11188,C-076204BBB3C9,2,GU-0F47BBE0B5D5,42,F
B-C4EE18E11188,C-076204BBB3C9,3,GU-8B1BF41E0D14,16,F
B-C4EE18E11188,C-076204BBB3C9,4,GU-529D0BFE9B40,2,F
B-9B6CE9F4EC10,C-2B86A2B63A2D,1,GU-E12D69B88E60,34,M
B-9B6CE9F4EC10,C-2B86A2B63A2D,2,GU-3CD8820C2A5C,32,F
B-9B6CE9F4EC10,C-2B86A2B63A2D,3,GU-1C90280712F2,1,M
B-49F4B933DAAC,C-D6C87409B14B,1,GU-149EF6322C96,46,M
B-49F4B933DAAC,C-D6C87409B14B,2,GU-7BF96A2DA5F9,45,F
B-0950813E7C42,,1,GU-7BFFDF53F842,,
B-0950813E7C42,,2,GU-A1453A3C75A4,,
B-0950813E7C42,,3,GU-166C9C35E7B2,,
B-0950813E7C42,,4,GU-21A8BE041AC8,,
B-840022130C42,,1,GU-9DF1B2C71145,51,M
B-840022130C42,,2,GU-A37982B1E776,50,F
B-840022130C42,,3,GU-CB5A4C989182,20,F
B-840022130C42,,4,GU-2C4D8BCFC411,22,M
B-27EE52438203,,1,GU-E38A59354223,,
B-27EE52438203,,2,GU-12341C83EB1F,,
B-27EE52438203,,3,GU-61174DEB80EF,,
B-27EE52438203,,4,GU-966235BA2E40,,
B-198C2FD0F147,C-951D2D57157E,1,GU-874AD09AFBA3,44,F
B-198C2FD0F147,C-951D2D57157E,2,GU-04B52C12F229,51,M
B-34BDDDD799B0,C-B07C26BA25E9,1,GU-8107CCD88F1E,53,F
B-34BDDDD799B0,C-B07C26BA25E9,2,GU-710FC7240D82,50,F
B-5F2D8B9D9870,C-5FDE6EDF0628,1,GU-9B50DBE9723E,,
B-5F2D8B9D9870,C-5FDE6EDF0628,2,GU-26630A90761C,,
B-5F2D8B9D9870,C-5FDE6EDF0628,3,GU-8AD1EDE3FF17,,
B-5F2D8B9D9870,C-5FDE6EDF0628,4,GU-087D81755D45,,
B-49DF98511FF7,C-9BE47E7EA014,1,GU-FFD999C3D0DF,,
B-49DF98511FF7,C-9BE47E7EA014,2,GU-5871BCC91198,,
B-F42FAD29697A,C-608C82DF2E4D,1,GU-BDE874F168BA,46,M
B-F42FAD29697A,C-608C82DF2E4D,2,GU-CA7140B61868,48,F
B-F42FAD29697A,C-608C82DF2E4D,3,GU-6C927BDD8F23,14,M
B-F42FAD29697A,C-608C82DF2E4D,4,GU-8E62492949E1,11,F
B-9499E581861B,C-0FC3149E7AD4,1,GU-6D8D108CA56C,,
B-9499E581861B,C-0FC3149E7AD4,2,GU-921E5961CC02,,
B-9499E581861B,C-0FC3149E7AD4,3,GU-C0D3726462ED,,
B-9499E581861B,C-0FC3149E7AD4,4,GU-446F8E0779D7,,
B-65D0D7457997,C-5A58DC9B64AD,1,GU-888C06E0CE4E,,
B-65D0D7457997,C-5A58DC9B64AD,2,GU-0489327E9721,,
B-979931C12EB3,C-9A49540F0290,1,GU-C67766F7418F,44,F
B-D9BBAE7E60B0,C-80B3BF21FBEE,1,GU-B48A874081EF,64,M
B-D9BBAE7E60B0,C-80B3BF21FBEE,2,GU-4F2C253C75BA,59,F
B-D9BBAE7E60B0,C-80B3BF21FBEE,3,GU-5140D208E63B,18,F
B-59FAF6639D08,C-4677ACC1FF54,1,GU-180CD81F3E35,35,M
B-59FAF6639D08,C-4677ACC1FF54,2,GU-C395F3D3502C,31,F
B-59FAF6639D08,C-4677ACC1FF54,3,GU-0F5ADCE7F1F8,2,M
B-32D5ECD6AACD,C-0514977D3EBB,1,GU-A589FCD075BE,79,F
B-32D5ECD6AACD,C-0514977D3EBB,2,GU-E68F629984C3,83,M
B-32D5ECD6AACD,C-0514977D3EBB,3,GU-E6DCF0DE4A15,57,
B-32D5ECD6AACD,C-0514977D3EBB,4,GU-766BADDDC533,53,
B-32D5ECD6AACD,C-0514977D3EBB,5,GU-E7AF66C6752A,58,
B-0112C44FCED8,C-5566ACFB331D,1,GU-FE1AA1948F0D,52,F
B-0112C44FCED8,C-5566ACFB331D,2,GU-32325BB84610,51,M
B-0112C44FCED8,C-5566ACFB331D,3,GU-539683AC0841,13,F
B-B2EB94251899,C-C3AFB2D23EF0,1,GU-69C7D840F623,56,M
B-B2EB94251899,C-C3AFB2D23EF0,2,GU-4E9E2308C353,53,F
B-B2EB94251899,C-C3AFB2D23EF0,3,GU-9149DA560B9F,18,M
B-B2EB94251899,C-C3AFB2D23EF0,4,GU-D1E046BA8C32,12,F
B-E179F978F4CB,C-26C205FFBC4A,1,GU-8487FB700D0E,29,M
B-E179F978F4CB,C-26C205FFBC4A,2,GU-60CBE2A336D7,24,F
B-943D5D408D4D,,1,GU-D97DDA39A313,50,M
B-7751F9F13B8E,,1,GU-9AF7C6FC2C8E,44,F
B-EB8904FE8FE6,,1,GU-C20ECC1B739C,35,M
B-6C7A7F6AC494,C-0994CFD6A384,1,GU-0DD65EA57CEE,54,M
B-6C7A7F6AC494,C-0994CFD6A384,2,GU-F91AE7383019,48,F
B-6C7A7F6AC494,C-0994CFD6A384,3,GU-C621322820E7,10,F
B-6C7A7F6AC494,C-0994CFD6A384,4,GU-37443E9F61F7,13,F
B-275863EA929D,,1,GU-A00A5D471244,50,M
B-DE323743BB69,,1,GU-807F5CA0A149,48,M
B-DE323743BB69,,2,GU-698F29FA2C22,42,F
B-DE323743BB69,,3,GU-3F7FBB96180B,7,F
B-B90F169E765A,,1,GU-59123F21D8FC,51,M
B-5CAF65988227,,1,GU-693BFDA99B51,,
B-5CAF65988227,,2,GU-2124C4346019,,
B-4613F0B46564,,1,GU-0819B73D32C4,,
B-F15669F245DF,,1,GU-5CB09DDA05C8,,
B-588125302CFF,,1,GU-45DB5BA4E112,,
B-D4B7C33A45F6,C-A019C2399340,1,GU-BA24BFAB690B,,
B-D4B7C33A45F6,C-A019C2399340,2,GU-6AE69373B824,,
B-DABE827A4129,C-A019C2399340,1,GU-584BB771ED78,,
B-DABE827A4129,C-A019C2399340,2,GU-25A4BEC0BBFE,,
B-56F36926FC14,,1,GU-6B56FAB5A954,40,F
B-56F36926FC14,,2,GU-F94A9D1DD789,10,F
B-56F36926FC14,,3,GU-BDC063F7C224,3,M
B-56F36926FC14,,4,GU-0B819EF8D80D,3,M
B-56F36926FC14,,5,GU-DFE0A151C83A,45,F
B-023F28EDD82A,C-4145CC3E69B9,1,GU-E8D4E246E149,27,
B-023F28EDD82A,C-4145CC3E69B9,2,GU-811FA1655282,24,
B-77B020A732E7,C-2AD70FD29AB1,1,GU-E23F45923D17,43,M
B-77B020A732E7,C-2AD70FD29AB1,2,GU-BD13609F5FA1,41,F
B-77B020A732E7,C-2AD70FD29AB1,3,GU-98B53170FB07,12,F
B-77B020A732E7,C-2AD70FD29AB1,4,GU-7CE4DECF211C,10,M
B-77A49FC16DAF,C-8DA83FDF7BCD,1,GU-5C8922FF49E6,,
B-77A49FC16DAF,C-8DA83FDF7BCD,2,GU-764C494E4DBE,,
B-9797C0D5FD54,,1,GU-7E290074F7FF,,
B-9797C0D5FD54,,2,GU-72EDD875D0C2,,
B-3365E55987F0,C-4DA1116636D4,1,GU-5277446F4BB3,54,F
B-3365E55987F0,C-4DA1116636D4,2,GU-F28A7FBF5713,63,M
B-9030B10E24AD,,1,GU-1FB215BE2E8C,,
B-9030B10E24AD,,2,GU-CBDF95990D56,,
B-9030B10E24AD,,3,GU-CDA136EB6AB5,,
B-9030B10E24AD,,4,GU-EBB62826EA44,,
B-9030B10E24AD,,5,GU-FADE6583A6E1,,
B-B754EBE01C8C,,1,GU-BFA661337FAB,,
B-AD859D25C1B4,C-155E65ECCD72,1,GU-F07CE0F9ADEF,29,M
B-AD859D25C1B4,C-155E65ECCD72,2,GU-16D8FB06F4D6,30,F
B-AD859D25C1B4,C-155E65ECCD72,3,GU-349EF7897484,3,F
B-AFFD563F61B4,C-155E65ECCD72,1,GU-27C0FF5B3D07,30,F
B-AFFD563F61B4,C-155E65ECCD72,2,GU-5ECD01842319,32,M
B-AFFD563F61B4,C-155E65ECCD72,3,GU-578CC411DEF8,0,M
B-9C9BE9F6BBED,C-2E9BAFDF6079,1,GU-1C96DFCEBA43,35,M
B-9C9BE9F6BBED,C-2E9BAFDF6079,2,GU-E9CD4433F470,33,F
B-9C9BE9F6BBED,C-2E9BAFDF6079,3,GU-47DF95B5C06B,8,M
B-9C9BE9F6BBED,C-2E9BAFDF6079,4,GU-069C79F9463D,2,M
B-9C9BE9F6BBED,C-2E9BAFDF6079,5,GU-03F2F7A476C6,4,M
B-534F99523108,C-5B5066BBAE7D,1,GU-F0B036917492,,
B-534F99523108,C-5B5066BBAE7D,2,GU-AB9E68A87C4D,,
B-534F99523108,C-5B5066BBAE7D,3,GU-4787B4285DF9,,
B-893800560505,C-255C3526AB57,1,GU-06A056470139,36,
B-893800560505,C-255C3526AB57,2,GU-E48F1FDA713F,39,
B-7630EBEF5C3E,C-C755FADA379B,1,GU-6F6CB5333AC0,85,M
B-7630EBEF5C3E,C-C755FADA379B,2,GU-7393DC856163,78,F
B-7630EBEF5C3E,C-C755FADA379B,3,GU-526ED25C9252,55,F
B-76D4E7CA3D3E,C-B50CE14DEAD2,1,GU-3F6052DD05AC,23,M
B-76D4E7CA3D3E,C-B50CE14DEAD2,2,GU-C8AE3BB75CE7,24,F
B-76D4E7CA3D3E,C-B50CE14DEAD2,3,GU-27EFA468C18D,0,F
B-7A4A8457E8B6,C-2D08FA1E8399,1,GU-D9E5FB8B1E3C,41,
B-7A4A8457E8B6,C-2D08FA1E8399,2,GU-3C1A582A5E71,7,
B-7A4A8457E8B6,C-2D08FA1E8399,3,GU-D7B3EBB5B976,13,
B-7A4A8457E8B6,C-2D08FA1E8399,4,GU-05CAF55C20D0,41,
B-9614F431CF73,C-1BC9E7F7EDFB,1,GU-1DB7C14A98EE,,
B-9614F431CF73,C-1BC9E7F7EDFB,2,GU-361E3599C31E,,
B-9614F431CF73,C-1BC9E7F7EDFB,3,GU-60B5AA8B530A,,
B-9614F431CF73,C-1BC9E7F7EDFB,4,GU-BE25498AB336,,
B-9614F431CF73,C-1BC9E7F7EDFB,5,GU-CDA1B6B8B5D6,,
B-070BDCE51F11,C-2F7AAC6CEC31,1,GU-5CE3DDF99873,44,M
B-070BDCE51F11,C-2F7AAC6CEC31,2,GU-9F7FEDBED82D,48,F
B-070BDCE51F11,C-2F7AAC6CEC31,3,GU-B84CD5A02A8C,18,F
B-070BDCE51F11,C-2F7AAC6CEC31,4,GU-B9A2B3DCA2F7,14,M
B-E665D00F7357,C-BFB8B2CE5F17,1,GU-088E16CDC89E,38,M
B-E665D00F7357,C-BFB8B2CE5F17,2,GU-ACA7BAB7E7EE,34,F
B-E665D00F7357,C-BFB8B2CE5F17,3,GU-58961FF1FAD7,9,M
B-31D8D74769BE,C-A327588165CE,1,GU-76AD81BECD21,,
B-31D8D74769BE,C-A327588165CE,2,GU-CD05E0703B26,,
B-3EDB7B38B182,C-F019EEAF1CB0,1,GU-C19609D80AC9,58,M
B-3EDB7B38B182,C-F019EEAF1CB0,2,GU-3527358E7088,42,F
B-3EDB7B38B182,C-F019EEAF1CB0,3,GU-F967971BFDB4,12,M
B-8CC68D7F718F,C-644FB3D6A9B3,1,GU-A5BD0FDC82D2,55,M
B-8CC68D7F718F,C-644FB3D6A9B3,2,GU-2ED469BFB484,11,M
B-8CC68D7F718F,C-644FB3D6A9B3,3,GU-D4591D70FF88,50,F
B-8CC68D7F718F,C-644FB3D6A9B3,4,GU-A2A301AE096E,88,F
B-94C793492743,C-83D7EC57C798,1,GU-397A8CB243A1,71,M
B-94C793492743,C-83D7EC57C798,2,GU-D35633A077CA,64,F
B-916D073834AA,C-467BF34BBD60,1,GU-2DB38AD8C0E2,44,M
B-916D073834AA,C-467BF34BBD60,2,GU-57871642D418,50,F
B-916D073834AA,C-467BF34BBD60,3,GU-8A450567BFB0,13,F
B-5FC548BE1CBD,C-667022194944,1,GU-49142E222BC2,44,M
B-5FC548BE1CBD,C-667022194944,2,GU-68AD888B690D,50,F
B-5FC548BE1CBD,C-667022194944,3,GU-E5B94D9FDC30,9,F
B-5FC548BE1CBD,C-667022194944,4,GU-6FE40B59B687,22,
B-0B317C097A99,C-8B2FAFE24A11,1,GU-86D8097DD55E,37,M
B-0B317C097A99,C-8B2FAFE24A11,2,GU-D5344F42E85D,36,F
B-0B317C097A99,C-8B2FAFE24A11,3,GU-ACBC5D818470,2,M
B-BFA083D59AF4,C-10267A64D92F,1,GU-21B9A7E707BE,44,M
B-BFA083D59AF4,C-10267A64D92F,2,GU-3066DA70839F,40,F
B-BFA083D59AF4,C-10267A64D92F,3,GU-52C6D2985F74,4,F
B-BFA083D59AF4,C-10267A64D92F,4,GU-2D443B950B0B,0,M
B-AFB39A3577D5,,1,GU-3644BE20EFFA,,
B-B88D2379F2E2,,1,GU-242841C6E384,,
B-7F1D71CF8BEF,,1,GU-3C0003269C38,,
B-7F1D71CF8BEF,,2,GU-938B0FBDE992,,
B-DD1849659FBC,C-7CCADD1268E4,1,GU-F34444EE59D3,42,
B-DD1849659FBC,C-7CCADD1268E4,2,GU-8A6DBE174C69,59,
B-7BE70EBADCCD,C-5B5066BBAE7D,1,GU-BCCE17CA3925,53,M
B-7BE70EBADCCD,C-5B5066BBAE7D,2,GU-D84AF8C06A49,51,F
B-7BE70EBADCCD,C-5B5066BBAE7D,3,GU-E28A87080D50,14,F
B-11CF32B52306,C-2A60A97FF6F6,1,GU-D5B1AFD5B889,49,M
B-11CF32B52306,C-2A60A97FF6F6,2,GU-1747254E2B01,52,F
B-1056A3B2FCB1,C-D5FBBD80A5AC,1,GU-7D9278FE99DC,47,F
B-1056A3B2FCB1,C-D5FBBD80A5AC,2,GU-505BEFE1A23F,59,M
B-1056A3B2FCB1,C-D5FBBD80A5AC,3,GU-A37133D17F7A,7,M
B-1056A3B2FCB1,C-D5FBBD80A5AC,4,GU-6842E16CF9A9,4,F
B-AD52757A05D6,,1,GU-1E0D013BFCA3,,
B-AD52757A05D6,,2,GU-E8116B5E2815,,
B-AD52757A05D6,,3,GU-A9A1C5FCA3E2,,
B-AFF923D5EDE0,C-8DA83FDF7BCD,1,GU-41C258A8F309,35,M
B-AFF923D5EDE0,C-8DA83FDF7BCD,2,GU-1CBAF28FEA79,23,F
B-874458D3EBDC,C-335CC15F3E44,1,GU-4FBCB9E1E928,35,F
B-874458D3EBDC,C-335CC15F3E44,2,GU-1F934EA187A1,0,F
B-874458D3EBDC,C-335CC15F3E44,3,GU-C47DC6193927,35,M
B-D1245E1D8E13,C-1B3702C5E9CD,1,GU-645D544EA318,58,M
B-D1245E1D8E13,C-1B3702C5E9CD,2,GU-5369F67922C0,56,F
B-D1245E1D8E13,C-1B3702C5E9CD,3,GU-CD0E51C25452,18,F
B-D1245E1D8E13,C-1B3702C5E9CD,4,GU-1B10F3276B59,15,M
B-ED55E9468E39,C-D41D4D30ED22,1,GU-5C8A2F2088F8,55,M
B-ED55E9468E39,C-D41D4D30ED22,2,GU-76A09D309093,47,F
B-067815FFF54F,C-D41D4D30ED22,1,GU-2C77055C7C25,52,M
B-067815FFF54F,C-D41D4D30ED22,2,GU-66446A656CF2,52,F
B-82C184786CE1,C-4145CC3E69B9,1,GU-DCA8DE72410C,27,M
B-82C184786CE1,C-4145CC3E69B9,2,GU-2D6B56E7F441,24,F
B-264698F37503,C-729A88EAC8C2,1,GU-0D1E2E0D3AAD,51,M
B-264698F37503,C-729A88EAC8C2,2,GU-683ECC6B9AD9,14,M
B-264698F37503,C-729A88EAC8C2,3,GU-2C0CA25639A8,18,F
B-264698F37503,C-729A88EAC8C2,4,GU-5F016BFC76DE,51,F
B-187048E1076C,C-519E7A1E376F,1,GU-3F6C2F779E68,55,M
B-187048E1076C,C-519E7A1E376F,2,GU-1AD91EE84F94,53,F
B-187048E1076C,C-519E7A1E376F,3,GU-F28879B3390C,4,M
B-187048E1076C,C-519E7A1E376F,4,GU-3EADC57FFF5E,4,M
B-E804945A988C,C-C527A14B141D,1,GU-07B201590B05,46,M
B-E804945A988C,C-C527A14B141D,2,GU-21F7285859B5,55,F
B-E804945A988C,C-C527A14B141D,3,GU-F9DC4DD25785,20,F
B-E804945A988C,C-C527A14B141D,4,GU-DBA5CB292742,14,F
B-A73A7B6FE657,,1,GU-1548C17E9E68,,
B-6552A2F049BB,C-A590EF5E84CB,1,GU-DE9040CE8567,46,F
B-6552A2F049BB,C-A590EF5E84CB,2,GU-6421CE602AEA,56,M
B-6552A2F049BB,C-A590EF5E84CB,3,GU-17B8C07546A8,8,M
B-10EF9B9B7374,C-7FF843EBEA4F,1,GU-7565EF08C4AF,32,F
B-10EF9B9B7374,C-7FF843EBEA4F,2,GU-E2D2EF7BCEC2,36,M
B-00B69529A715,C-80C9BAA8D850,1,GU-77E3C65200FA,38,F
B-00B69529A715,C-80C9BAA8D850,2,GU-AFA1E2B00F85,45,M
B-00B69529A715,C-80C9BAA8D850,3,GU-29E8CC5FF761,69,M
B-00B69529A715,C-80C9BAA8D850,4,GU-D6FE19DE822D,61,F
B-00B69529A715,C-80C9BAA8D850,5,GU-A2E346E063EC,12,M
B-00B69529A715,C-80C9BAA8D850,6,GU-EC51E1E878CE,7,F
B-A995C83DE393,C-0FC3149E7AD4,1,GU-81A438DFFCB3,77,M
B-A995C83DE393,C-0FC3149E7AD4,2,GU-9BF58A2EB209,74,F
B-4DA7FDBFF707,,1,GU-15D34CDAA3C3,34,M
B-4DA7FDBFF707,,2,GU-474D609722C6,38,F
B-21B25C36F45D,,1,GU-DD173DC1613B,44,M
B-21B25C36F45D,,2,GU-59744A8E52FB,33,F
B-2B574C704B03,C-552E4F6F5BF8,1,GU-1A6E618078E7,27,M
B-2B574C704B03,C-552E4F6F5BF8,2,GU-A580638683C2,25,F
B-65E29F8594BD,,1,GU-7EB9CCE94F9D,,
B-1DEA99918579,C-16128676F59B,1,GU-D1ADE978D7F6,57,F
B-1DEA99918579,C-16128676F59B,2,GU-E482B8FD527A,52,M
B-DD191E40C7A8,C-E36AC3155BA3,1,GU-AE228B66B172,,
B-5D235D1713CD,C-D495201C1310,1,GU-CEC0DDDFEF64,,
B-5D235D1713CD,C-D495201C1310,2,GU-4F4C509F1E4E,,
B-709D7B5BC099,C-C2AA99C5D5AD,1,GU-4B54B51E2546,37,F
B-709D7B5BC099,C-C2AA99C5D5AD,2,GU-47084F312ACB,31,F
B-57330FD6B53D,C-A327588165CE,1,GU-1D0EDE402005,54,M
B-57330FD6B53D,C-A327588165CE,2,GU-8F193CA15187,,
B-D148C94D79A7,,1,GU-6BB5A69F696F,,
B-2C55CB073EE5,C-1E43A71E13DE,1,GU-3F3C0E45212E,48,F
B-2C55CB073EE5,C-1E43A71E13DE,2,GU-CFEB9183F6EB,47,M
B-2C55CB073EE5,C-1E43A71E13DE,3,GU-92F9063378BB,10,M
B-D250F5C38375,C-8EFB3A3CBFD9,1,GU-02D0F0F4DBAD,47,F
B-D250F5C38375,C-8EFB3A3CBFD9,2,GU-95553676F237,15,M
B-D250F5C38375,C-8EFB3A3CBFD9,3,GU-ECC062EF0E52,49,M
B-ECC917B008A4,C-F0103ED7653F,1,GU-50F42F639179,30,M
B-ECC917B008A4,C-F0103ED7653F,2,GU-F76EC200077F,26,F
B-C54EFB53A992,C-0BBBC2B4785C,1,GU-3C78A067D7F0,30,F
B-C54EFB53A992,C-0BBBC2B4785C,2,GU-DBA5EB65A109,32,M
B-C54EFB53A992,C-0BBBC2B4785C,3,GU-9DD5A4E3CA02,2,M
B-C54EFB53A992,C-0BBBC2B4785C,4,GU-F96489EF70E5,1,M
B-825F4BCF4BF7,,1,GU-DA021BBE9437,,
B-4EB104C0E091,C-1D1265FD14C3,1,GU-3F4621C4D392,43,F
B-4EB104C0E091,C-1D1265FD14C3,2,GU-6B4C8492747C,35,M
B-54F09D55089C,,1,GU-332C6AAAA5AB,,
B-54F09D55089C,,2,GU-1C343925ABA5,,
B-6E4B98835089,,1,GU-1BEAFCCB09DB,,
B-6E4B98835089,,2,GU-47CD3384C8D1,,
B-84C9235AB37A,,1,GU-8D3AD53E1FA9,,
B-84C9235AB37A,,2,GU-4ABC06410E00,,
B-D56541039331,C-490A6BB780F4,1,GU-F1ABBA58BD17,49,M
B-D56541039331,C-490A6BB780F4,2,GU-BA39A0CD87E1,47,F
B-D56541039331,C-490A6BB780F4,3,GU-04B70C12491A,12,F
B-D56541039331,C-490A6BB780F4,4,GU-22DE97EC2345,10,M
B-66E48DDA3F8A,C-7BC7DBD7A13E,1,GU-55A89E76302B,,
B-66E48DDA3F8A,C-7BC7DBD7A13E,2,GU-B80DEBC5957E,,
B-A79661D31358,,1,GU-824356B76D5F,45,M
B-A79661D31358,,2,GU-C852197C313D,,
B-A79661D31358,,3,GU-06C28906E8A8,,
B-A79661D31358,,4,GU-7D23A9B7FB15,,
B-A79661D31358,,5,GU-FBF5C972BD7E,,
B-A79661D31358,,6,GU-363128157A56,,
B-2F87B1B0FF99,,1,GU-A3C3B3A02303,,
B-2F87B1B0FF99,,2,GU-9444917A91F5,,
B-372A8B748998,C-F04DB4A54C30,1,GU-88B6465323EA,,
B-372A8B748998,C-F04DB4A54C30,2,GU-927E90397A82,,
B-6DAABF8982EE,,1,GU-919F615230ED,,
B-6DAABF8982EE,,2,GU-1ADA9E55AB25,,
B-6DAABF8982EE,,3,GU-CE043BFD0168,,
B-6DAABF8982EE,,4,GU-DF00ADA27D69,,
B-FFB7CAF6D096,C-F03BC374CA9F,1,GU-44BCFF2082C0,63,F
B-FFB7CAF6D096,C-F03BC374CA9F,2,GU-A6D817C1525D,67,M
B-0F2AB06BDE7C,C-40DB02C7F056,1,GU-30B149FF6AAD,,
B-0F2AB06BDE7C,C-40DB02C7F056,2,GU-6BE547F5350E,,
B-A0B4109503E1,C-4B10C187BC1D,1,GU-7D49AF23CE12,47,M
B-A0B4109503E1,C-4B10C187BC1D,2,GU-45DF732B1F2B,43,F
B-A0B4109503E1,C-4B10C187BC1D,3,GU-6C066BA78F90,16,M
B-A0B4109503E1,C-4B10C187BC1D,4,GU-87D33E0E7D2C,14,M
B-341C91F42B8D,,1,GU-D5BC6E38A429,,
B-341C91F42B8D,,2,GU-D20629A725CC,,
B-341C91F42B8D,,3,GU-814AB67131A3,,
B-341C91F42B8D,,4,GU-C7E0AD2485D5,,
B-F96316070AA8,C-D3C9609D6B62,1,GU-A56FC7D26158,,
B-F96316070AA8,C-D3C9609D6B62,2,GU-01C12C8C1F6B,,
B-F96316070AA8,C-D3C9609D6B62,3,GU-96A7AD25D8C8,,
B-75E22A8889B2,C-D3C9609D6B62,1,GU-6D67688F9046,44,M
B-75E22A8889B2,C-D3C9609D6B62,2,GU-0F0F306708AF,45,F
B-75E22A8889B2,C-D3C9609D6B62,3,GU-DC03F5EA00AA,3,F
B-0614BE5BBEDD,,1,GU-B32CFC4943C9,,
B-0614BE5BBEDD,,2,GU-79B9FCCE1808,,
B-0614BE5BBEDD,,3,GU-AB8CC43A85FF,,
B-0614BE5BBEDD,,4,GU-00C2C9949F8F,,
B-E5D98FBBD380,C-8C6D938BDB9F,1,GU-3E1F0903105B,59,M
B-E5D98FBBD380,C-8C6D938BDB9F,2,GU-5294AB28D819,61,F
B-E5D98FBBD380,C-8C6D938BDB9F,3,GU-E8D11B02CB10,20,F
B-B8FB06C6ECEA,C-6E5AB775AE56,1,GU-404E13581B74,62,M
B-B8FB06C6ECEA,C-6E5AB775AE56,2,GU-F017A76F2AE7,60,F
B-FEB53D15A9A8,C-D75AC360CA9C,1,GU-50AD23EB7EBB,48,M
B-FEB53D15A9A8,C-D75AC360CA9C,2,GU-694C4659EF13,44,F
B-FEB53D15A9A8,C-D75AC360CA9C,3,GU-09E7E03BE92D,10,F
B-FEB53D15A9A8,C-D75AC360CA9C,4,GU-7D9797D6D15C,6,F
B-56A93BD2F248,C-7A5441D6794C,1,GU-0B2D8CC9FA24,62,M
B-56A93BD2F248,C-7A5441D6794C,2,GU-D5FB82D38F79,16,M
B-56A93BD2F248,C-7A5441D6794C,3,GU-7605F564C25A,46,F
B-56A93BD2F248,C-7A5441D6794C,4,GU-C31746816333,13,M
B-56A93BD2F248,C-7A5441D6794C,5,GU-5200DD8C0FA8,81,F
B-56A93BD2F248,C-7A5441D6794C,6,GU-84A5D377B7F9,19,M
B-02919B9FFF40,C-37F172AD9C9E,1,GU-5AADEF9A2C0F,,
B-02919B9FFF40,C-37F172AD9C9E,2,GU-53A9D6148EB0,,
B-A6D71612AF46,C-3CE029370379,1,GU-BB89580A4DAB,45,M
B-A6D71612AF46,C-3CE029370379,2,GU-638C6DEBFCEC,44,F
B-A6D71612AF46,C-3CE029370379,3,GU-9937323471A7,12,F
B-A6D71612AF46,C-3CE029370379,4,GU-A062C0C664FF,8,M
B-A6D71612AF46,C-3CE029370379,5,GU-EC3FDF4B9EFE,5,M
B-3BB9CF247520,C-6A9A7CBC8A7A,1,GU-C9C8207DFE36,43,F
B-3BB9CF247520,C-6A9A7CBC8A7A,2,GU-DEED82E7CC07,47,M
B-E6DF9BC1925C,C-F1EA9A65907B,1,GU-540400D3F275,37,M
B-E6DF9BC1925C,C-F1EA9A65907B,2,GU-343528E69405,35,F
B-E6DF9BC1925C,C-F1EA9A65907B,3,GU-33929D64A48A,2,M
B-BA8DE352AD2D,C-80AA0FBE55C2,1,GU-1081644FFE7F,,
B-BA8DE352AD2D,C-80AA0FBE55C2,2,GU-20E99902067A,,
B-2F03476B7AB6,C-39C0B2CE1AA1,1,GU-23A790257348,31,F
B-2F03476B7AB6,C-39C0B2CE1AA1,2,GU-A0F388F54C35,3,F
B-2F03476B7AB6,C-39C0B2CE1AA1,3,GU-901225807812,0,M
B-2F03476B7AB6,C-39C0B2CE1AA1,4,GU-875C13ECF93C,38,M
B-C84B58AC1B04,C-F86E16384902,1,GU-668A103F7D39,36,M
B-C84B58AC1B04,C-F86E16384902,2,GU-0C4D6E2C8D91,29,F
B-370E69C0B5AD,C-C12C53BC6B5C,1,GU-468457B134ED,,
B-370E69C0B5AD,C-C12C53BC6B5C,2,GU-FD429AAD9AF1,,
B-EBBDB21E30AE,C-EB78E069D0D9,1,GU-D93423BCDF10,44,M
B-EBBDB21E30AE,C-EB78E069D0D9,2,GU-E9438068215A,52,M
B-3F948016B300,C-E5F533A6037E,1,GU-3AD950551A65,49,M
B-3F948016B300,C-E5F533A6037E,2,GU-00F3D751A8C0,49,F
B-3F948016B300,C-E5F533A6037E,3,GU-1F2F75D10235,19,F
B-3F948016B300,C-E5F533A6037E,4,GU-92E0C5FA7E27,17,F
B-3F948016B300,C-E5F533A6037E,5,GU-4CE03F3A2231,12,F
B-2E9646433BD1,,1,GU-76E45947CA07,,
B-8F5B7F2FC218,C-3465DC09CEE0,1,GU-03E0D9BA6440,,
B-8F5B7F2FC218,C-3465DC09CEE0,2,GU-13550D2D4B3B,,
B-8F5B7F2FC218,C-3465DC09CEE0,3,GU-5B7FC7652690,,
B-8DB60BB3FC53,,1,GU-F33B7C5F0B49,,
B-3C8CF60D5BEC,C-6179AE940B06,1,GU-AD430766C1E4,40,M
B-3C8CF60D5BEC,C-6179AE940B06,2,GU-4A8C231A4048,34,F
B-3C8CF60D5BEC,C-6179AE940B06,3,GU-51C2D082CF23,1,M
B-559E7F3EE87F,C-D5EC812F2FD9,1,GU-FF32E97DB240,34,M
B-559E7F3EE87F,C-D5EC812F2FD9,2,GU-6A15F183BE43,1,F
B-559E7F3EE87F,C-D5EC812F2FD9,3,GU-3211447E1480,33,F
B-3A63F18A8250,C-804E79C976F1,1,GU-2A73C88386D3,65,M
B-3A63F18A8250,C-804E79C976F1,2,GU-3AB44EBA1CE1,62,F
B-97872297BC84,C-3BCAD7C05FCA,1,GU-03A65C165798,39,F
B-97872297BC84,C-3BCAD7C05FCA,2,GU-5406B24C91CE,10,M
B-97872297BC84,C-3BCAD7C05FCA,3,GU-974A98EA626F,47,M
B-A92504B1AB92,C-49F719B4C962,1,GU-51500294A6BC,43,M
B-A92504B1AB92,C-49F719B4C962,2,GU-5E365BD119A0,44,F
B-A92504B1AB92,C-49F719B4C962,3,GU-4F347100AAB2,12,M
B-A92504B1AB92,C-49F719B4C962,4,GU-3E0828E033DD,9,F
B-247B867867F9,C-C15E6C70E988,1,GU-50011640F092,,
B-247B867867F9,C-C15E6C70E988,2,GU-18723C5D326E,,
B-247B867867F9,C-C15E6C70E988,3,GU-6EF883C8152A,,
B-73C68D93C0CB,C-281433661F58,1,GU-FEA8E9073143,31,F
B-73C68D93C0CB,C-281433661F58,2,GU-2FC233E33900,31,M
B-73C68D93C0CB,C-281433661F58,3,GU-E6BD980AB6F4,1,F
B-5A1B9E953FBA,C-CE9319EBA6F2,1,GU-EA1D4C6D102B,10,F
B-5A1B9E953FBA,C-CE9319EBA6F2,2,GU-A334CF47BA18,47,M
B-5A1B9E953FBA,C-CE9319EBA6F2,3,GU-CF31324D90EA,45,F
B-5A1B9E953FBA,C-CE9319EBA6F2,4,GU-5DF3CBCB5126,7,F
B-56ED7100DFFB,C-AF30AAE83594,1,GU-82EC51842DD9,50,F
B-56ED7100DFFB,C-AF30AAE83594,2,GU-BA858E24C5DB,7,F
B-56ED7100DFFB,C-AF30AAE83594,3,GU-237EE28B9A8B,55,M
B-97F553B37C8C,,1,GU-6399BFDF25FF,,
B-A7097E1CBA1C,C-81A16925DFD1,1,GU-866341C9A2D8,51,M
B-A7097E1CBA1C,C-81A16925DFD1,2,GU-099853E2ABA5,43,F
B-A7097E1CBA1C,C-81A16925DFD1,3,GU-A0F8FDC1A62D,2,F
B-B4F522EF89DE,,1,GU-62A9B9388294,,
B-FF24905ABE61,,1,GU-7C59A9FE0F01,79,M
B-FF24905ABE61,,2,GU-541F620C5878,74,F
B-B10102261346,,1,GU-2EDA2E107AB5,44,M
B-B10102261346,,2,GU-58EC5327FFE9,41,F
B-687A159F7DA1,C-8A0939A1CFCD,1,GU-96A12C70A40C,58,M
B-687A159F7DA1,C-8A0939A1CFCD,2,GU-1A07A6B684F5,53,F
B-687A159F7DA1,C-8A0939A1CFCD,3,GU-4C9C6787200D,15,M
B-71C98D343FCA,C-8A0939A1CFCD,1,GU-D6E54ECC90ED,51,M
B-71C98D343FCA,C-8A0939A1CFCD,2,GU-B05E6D77CB8F,50,F
B-71C98D343FCA,C-8A0939A1CFCD,3,GU-58054269237D,14,M
B-5A04D5AC3441,C-8A0939A1CFCD,1,GU-74C540F7DFE5,55,M
B-5A04D5AC3441,C-8A0939A1CFCD,2,GU-1624487A8483,57,F
B-5A04D5AC3441,C-8A0939A1CFCD,3,GU-AB137C541C02,17,M
B-9224396E7B4A,C-5169BF3F4787,1,GU-6E0E30D17B51,43,F
B-9224396E7B4A,C-5169BF3F4787,2,GU-6D013DE92B62,5,F
B-9224396E7B4A,C-5169BF3F4787,3,GU-98F652914D5F,47,M
B-F95C643610B0,,1,GU-3AF906E433E8,,
B-F95C643610B0,,2,GU-0A0ACFD10277,,
B-F3AEF0E7CDDC,C-0B80D410051E,1,GU-5E68E0CC2ABE,35,M
B-F3AEF0E7CDDC,C-0B80D410051E,2,GU-0DC06AD0507D,35,F
B-F3AEF0E7CDDC,C-0B80D410051E,3,GU-46530725AFCA,3,M
B-D0E28FC75F38,,1,GU-F3629E450F34,,
B-D0E28FC75F38,,2,GU-FA195D3F9657,,
B-D0E28FC75F38,,3,GU-25A56B9350F9,,
B-D0E28FC75F38,,4,GU-D32AC129A513,,
B-9AA9D9FE684F,,1,GU-2C4187545AD3,,
B-9AA9D9FE684F,,2,GU-E4627D761AAC,,
B-6DACF406D78E,,1,GU-F63B67ADA77B,37,M
B-6DACF406D78E,,2,GU-6C744E702F91,35,F
B-6DACF406D78E,,3,GU-8BCB5FC9641E,3,M
B-56ECE8E6443F,,1,GU-E2A5F408C0A1,46,M
B-56ECE8E6443F,,2,GU-56A63473E607,48,F
B-56ECE8E6443F,,3,GU-50CB5930CA28,10,F
B-F43C75F26AA6,,1,GU-B27466E7AA82,,
B-F43C75F26AA6,,2,GU-EE17305103B8,,
B-1964B77F7361,,1,GU-96BF2F73C5CC,,
B-1964B77F7361,,2,GU-080D06960AE1,,
B-DFCD8FA34285,,1,GU-B6BA1D519787,38,M
B-DFCD8FA34285,,2,GU-86F8C1C21252,34,F
B-DFCD8FA34285,,3,GU-8FCE5A67870E,12,F
B-DFCD8FA34285,,4,GU-FDD81AF30636,2,F
B-C345B3397CF1,,1,GU-9FE097755D37,,
B-C345B3397CF1,,2,GU-36092D669830,,
B-C345B3397CF1,,3,GU-A40F221D2F90,,
B-C345B3397CF1,,4,GU-FFC80963A618,,
B-771BBFAE06F5,C-DBAA2EA9B5DF,1,GU-6F5815B94FFC,50,M
B-771BBFAE06F5,C-DBAA2EA9B5DF,2,GU-4469D63C0D96,41,F
B-D2F2EFAC7DFC,C-CC89D6176862,1,GU-E8EEC8343896,52,M
B-D2F2EFAC7DFC,C-CC89D6176862,2,GU-225E8F98135D,47,F
B-D2F2EFAC7DFC,C-CC89D6176862,3,GU-99AF6515B1A7,5,F
B-78DD1E7FE9C7,C-49E9F4EC7E6F,1,GU-95D47F0784DC,34,
B-78DD1E7FE9C7,C-49E9F4EC7E6F,2,GU-8B582D0F3418,32,
B-78DD1E7FE9C7,C-49E9F4EC7E6F,3,GU-0564EAAC4B95,3,
B-114C38E7D383,C-5E2E83AB33EF,1,GU-C49A04D26590,49,M
B-114C38E7D383,C-5E2E83AB33EF,2,GU-BDF4AB0AAE6B,37,F
B-114C38E7D383,C-5E2E83AB33EF,3,GU-6086ED49EF2E,9,F
B-114C38E7D383,C-5E2E83AB33EF,4,GU-D4F7CAC9293B,3,F
B-3289ECFC5572,,1,GU-DE2C0CBBDB61,48,M
B-4D125DB15019,,1,GU-0C90B406B5F1,46,M
B-4D125DB15019,,2,GU-ECC70EADBA64,15,M
B-4D125DB15019,,3,GU-AAD252EFACD1,43,F
B-4D125DB15019,,4,GU-8156C444D7CC,12,M
B-F0D7E40082D1,,1,GU-04FB3FAFC14E,,
B-F0D7E40082D1,,2,GU-FA05A3F5EC1B,,
B-D5CCF8E6B3FC,C-76C4031E16F0,1,GU-0E0FA712FA92,37,F
B-D5CCF8E6B3FC,C-76C4031E16F0,2,GU-998AE5A2FA83,42,M
B-D5CCF8E6B3FC,C-76C4031E16F0,3,GU-7BE5F9E8EF22,3,F
B-86BB0881DF5D,C-76C4031E16F0,1,GU-70FED7EDF1D5,38,F
B-86BB0881DF5D,C-76C4031E16F0,2,GU-A5101183B54E,44,M
B-86BB0881DF5D,C-76C4031E16F0,3,GU-E69D252472AA,2,M
B-37D9DDC6EC95,C-CE535958A27B,1,GU-B4956BE25594,35,F
B-37D9DDC6EC95,C-CE535958A27B,2,GU-C79F85E2C826,36,M
B-37D9DDC6EC95,C-CE535958A27B,3,GU-46D945C14CB7,2,M
B-37D9DDC6EC95,C-CE535958A27B,4,GU-2F11384FE0A5,0,M
B-B7990196D17D,C-F1AF5DFEB051,1,GU-06CFCF870E2F,21,M
B-B7990196D17D,C-F1AF5DFEB051,2,GU-D961A0F369D0,27,F
B-E02BD661A422,,1,GU-A86BACB8FB7D,26,F
B-E02BD661A422,,2,GU-E2BE5BF860AC,28,M
B-D142722266C1,,1,GU-01863C4F124D,74,M
B-D142722266C1,,2,GU-1B94C6C4C3FA,75,F
B-3C8595B2B6C2,C-AF30AAE83594,1,GU-C5022F8F0938,56,F
B-3C8595B2B6C2,C-AF30AAE83594,2,GU-6DAC78B0F922,49,F
B-88D530979588,C-9B08493483F5,1,GU-CE014FF4B0E0,36,F
B-88D530979588,C-9B08493483F5,2,GU-347EE3D156CB,4,M
B-88D530979588,C-9B08493483F5,3,GU-A1341347C37B,35,M
B-7AD76C7C7951,,1,GU-E8FC01420D75,58,M
B-7AD76C7C7951,,2,GU-F1F87EFB56D4,53,F
B-0013DDDC67FB,C-D765344F59CF,1,GU-CA13B5357D8C,38,M
B-0013DDDC67FB,C-D765344F59CF,2,GU-E060B9E53B26,41,F
B-0013DDDC67FB,C-D765344F59CF,3,GU-D2CBB192259F,3,M
B-B44614231724,C-269303ABC42D,1,GU-DC41AAEAD753,39,M
B-B44614231724,C-269303ABC42D,2,GU-B8E8EC38DA25,33,F
B-B44614231724,C-269303ABC42D,3,GU-97AAEC74BA40,0,F
B-7D15AB43607A,C-269303ABC42D,1,GU-4863D1233E5A,42,M
B-7D15AB43607A,C-269303ABC42D,2,GU-226E5E6B98F5,39,F
B-534A1AA92CF8,,1,GU-E30526FB2226,,
B-534A1AA92CF8,,2,GU-1CB35BDB8518,,
B-E0FCD8854DEB,,1,GU-0B71EEDF9CBF,,
B-E0FCD8854DEB,,2,GU-6529FFE41FBC,,
B-713D96BA8122,,1,GU-CC7FC3D3A507,,
B-14AE53F1C6ED,C-F3D90DEFF653,1,GU-C43B2E3DD9BA,65,M
B-14AE53F1C6ED,C-F3D90DEFF653,2,GU-5993168547AF,57,F
B-91A35C0A844E,C-19D697862254,1,GU-BE62914C74BA,48,M
B-91A35C0A844E,C-19D697862254,2,GU-973FCFA6F811,10,M
B-91A35C0A844E,C-19D697862254,3,GU-2F1127F16072,4,F
B-91A35C0A844E,C-19D697862254,4,GU-A10D6C5A7957,45,F
B-91A35C0A844E,C-19D697862254,5,GU-FA98A41D2DBB,17,M
B-894CE473E463,C-8849BCE023BC,1,GU-49E64694CF2E,16,F
B-894CE473E463,C-8849BCE023BC,2,GU-A826E4E0E98F,0,M
B-894CE473E463,C-8849BCE023BC,3,GU-7A88B790FD34,48,F
B-358492126DAC,C-B84D384B0AD3,1,GU-D1B9563847CF,,
B-358492126DAC,C-B84D384B0AD3,2,GU-55D5C69FEB0B,,
B-66E5B6EFBD67,C-02DF4A66859D,1,GU-A15AC31445EC,62,M
B-66E5B6EFBD67,C-02DF4A66859D,2,GU-FAB4B2930C5A,58,F
B-415B3B85AA1A,C-E5B7A33CE7BA,1,GU-0C53D27E9439,41,F
B-415B3B85AA1A,C-E5B7A33CE7BA,2,GU-55B30D6A56A2,49,M
B-F9A3A535D46C,C-8426BA7927A6,1,GU-5804102A1383,,
B-F9A3A535D46C,C-8426BA7927A6,2,GU-17CDAA844A85,,
B-152F39FC26D3,,1,GU-D6496963498E,,
B-152F39FC26D3,,2,GU-C3BB273F3EB0,,
B-29C8A41CF97C,,1,GU-5C0C04C1E4AB,,
B-29C8A41CF97C,,2,GU-4F7010EA9BD6,,
B-48591247F1FF,C-D6E1A62DA12B,1,GU-F1020D804D38,,
B-48591247F1FF,C-D6E1A62DA12B,2,GU-D1A3E8C90410,,
B-48591247F1FF,C-D6E1A62DA12B,3,GU-F8B29DDB652D,,
B-48591247F1FF,C-D6E1A62DA12B,4,GU-CC5D9B81BED8,,
B-345D61FC208D,C-C4BDA2D7814D,1,GU-5BF52377941C,55,F
B-345D61FC208D,C-C4BDA2D7814D,2,GU-257243E57CF2,65,M
B-B830CB45658D,,1,GU-821F18EF3EA2,53,F
B-B830CB45658D,,2,GU-6268FEC0AE52,66,M
B-B830CB45658D,,3,GU-7BFB44F76F16,77,F
B-B830CB45658D,,4,GU-415A1B055876,48,M
B-02DA908CE3E5,,1,GU-3B0F6A4CCA55,54,M
B-02DA908CE3E5,,2,GU-C14A5FF5B102,52,F
B-02DA908CE3E5,,3,GU-93726E867121,16,F
B-FDD496DA8ACA,C-18CD5E3A82C3,1,GU-7171BD4977FE,,
B-FDD496DA8ACA,C-18CD5E3A82C3,2,GU-E7FD66010219,,
B-FDD496DA8ACA,C-18CD5E3A82C3,3,GU-219B6BFDB8CA,,
B-9F4E7B15D110,C-84F96AD7609F,1,GU-0FF58088F654,43,F
B-9F4E7B15D110,C-84F96AD7609F,2,GU-C312200703DB,7,F
B-9F4E7B15D110,C-84F96AD7609F,3,GU-3098378509CA,55,M
B-B2FEDFF06081,C-7BCAFA8EE703,1,GU-8DBCE806C5AC,66,M
B-B2FEDFF06081,C-7BCAFA8EE703,2,GU-A85E6BA7035B,63,F
B-2D9FD716A32C,C-A1C063318197,1,GU-0EECA1B81835,60,F
B-2D9FD716A32C,C-A1C063318197,2,GU-1D19D5D1E347,66,M
B-D67F6877E3B1,,1,GU-40F88728BE50,30,M
B-F2008B5D93DE,,1,GU-98573721AC31,,
B-F2008B5D93DE,,2,GU-837612638137,,
B-A9DB84B9682F,C-1E247CBF48AB,1,GU-E18AC85B82B6,48,M
B-A9DB84B9682F,C-1E247CBF48AB,2,GU-93C9EBC33C6A,41,F
B-8DA2CDB911FE,C-B13515E3FABD,1,GU-7C3FD0E85FF7,51,M
B-8DA2CDB911FE,C-B13515E3FABD,2,GU-9EE16455FD1A,48,F
B-AD47F487B0F2,C-225DC51CC1A5,1,GU-8574A83B78AA,57,M
B-AD47F487B0F2,C-225DC51CC1A5,2,GU-2AD718F24D35,50,F
B-AD47F487B0F2,C-225DC51CC1A5,3,GU-20000E1FD645,17,M
B-AD47F487B0F2,C-225DC51CC1A5,4,GU-2334446B9F2B,15,F
B-B39F1E72A306,C-9481D411FA0D,1,GU-3A7CD1376552,34,F
B-B39F1E72A306,C-9481D411FA0D,2,GU-E4D3473FFC61,34,F
B-B39F1E72A306,C-9481D411FA0D,3,GU-DEDC3985DE00,4,F
B-B39F1E72A306,C-9481D411FA0D,4,GU-D53476DA184E,1,F
B-322A8649E945,C-37478B9D291F,1,GU-6DCFED777DA7,39,F
B-322A8649E945,C-37478B9D291F,2,GU-4E24BD1D5CB5,42,M
B-322A8649E945,C-37478B9D291F,3,GU-6919261490FF,8,F
B-322A8649E945,C-37478B9D291F,4,GU-CC31319DFC0F,4,F
B-01A311AE590E,,1,GU-3BE8041B47DF,,
B-01A311AE590E,,2,GU-D99CA0D8D1B7,,
B-760C1BE29A4E,,1,GU-E138B8C7E78A,,
B-760C1BE29A4E,,2,GU-D20C2C9C7861,,
B-760C1BE29A4E,,3,GU-9AF17645CA2A,,
B-760C1BE29A4E,,4,GU-66D772DEC931,,
B-52B6D0A5A6AD,C-2BBA6C6EE612,1,GU-FB8CB1ADB32B,40,M
B-52B6D0A5A6AD,C-2BBA6C6EE612,2,GU-5FD38A2ED3BE,41,F
B-52B6D0A5A6AD,C-2BBA6C6EE612,3,GU-719E517EFEC1,6,F
B-52B6D0A5A6AD,C-2BBA6C6EE612,4,GU-191B279A9846,3,F
B-B66AC97465DD,C-BA6C9A7941A1,1,GU-0905DF306CEF,52,F
B-B66AC97465DD,C-BA6C9A7941A1,2,GU-9889157132C8,57,M
B-F2524C81C8CB,C-22441E6BA9A4,1,GU-5182C5D83A88,61,F
B-F2524C81C8CB,C-22441E6BA9A4,2,GU-E9DFF8CEC1EF,55,F
B-C62B1FABF5E5,C-9CEEBA873675,1,GU-C73D4F158ADD,38,F
B-C62B1FABF5E5,C-9CEEBA873675,2,GU-3F9A0B4A489F,8,F
B-C62B1FABF5E5,C-9CEEBA873675,3,GU-58A52DCA13BC,4,F
B-C62B1FABF5E5,C-9CEEBA873675,4,GU-FC4CAE8EFBF8,46,M
B-F9BF1436EBC1,C-F08A5AC39DC0,1,GU-0927229E49C9,,
B-F9BF1436EBC1,C-F08A5AC39DC0,2,GU-5071E7AA2E15,,
B-F9BF1436EBC1,C-F08A5AC39DC0,3,GU-667BE3373AFA,,
B-2DA6980379FD,,1,GU-0EB598CB4565,,
B-2DA6980379FD,,2,GU-F6624AD761D3,,
B-A519AF9775ED,C-F23EF65C19D5,1,GU-D62E4B648B5C,35,M
B-A519AF9775ED,C-F23EF65C19D5,2,GU-4AE933F761BF,26,F
B-A519AF9775ED,C-F23EF65C19D5,3,GU-88DE1423DBE9,2,F
B-299E9C9FE86D,C-AFCD01D5393C,1,GU-7E6D04414DDE,,
B-299E9C9FE86D,C-AFCD01D5393C,2,GU-450080435C1F,,
B-299E9C9FE86D,C-AFCD01D5393C,3,GU-A1D424176AD6,,
B-0379F3C016BC,C-CAB6029F8AA8,1,GU-B08DE76A597A,,
B-0379F3C016BC,C-CAB6029F8AA8,2,GU-CC49CD36E06E,,
B-5C02DBD8E104,,1,GU-137F3B11B981,,
B-5C02DBD8E104,,2,GU-937E69A89789,43,M
B-5C02DBD8E104,,3,GU-9819CBF5711F,34,F
B-2C4F2DCFCD6C,,1,GU-FDB84FC347C2,,
B-2C4F2DCFCD6C,,2,GU-0FF23CBF930C,,
B-23EC6AE798E3,C-C8D07F058C1E,1,GU-1A3552CEE79D,36,M
B-23EC6AE798E3,C-C8D07F058C1E,2,GU-8B619D038CE5,37,F
B-23EC6AE798E3,C-C8D07F058C1E,3,GU-14A7F2DD2DBD,2,M
B-23EC6AE798E3,C-C8D07F058C1E,4,GU-9EDCBE4521FD,0,M
B-D33E82E63011,C-04FD4282473D,1,GU-03AF3EF5A156,65,M
B-D33E82E63011,C-04FD4282473D,2,GU-4884DFA72FDF,64,F
B-AA5DFD11123A,C-FCA02D727924,1,GU-5EE92F447ABF,,
B-AA5DFD11123A,C-FCA02D727924,2,GU-BFA6EC445E59,,
B-AA5DFD11123A,C-FCA02D727924,3,GU-7C8302AA624B,,
B-AA5DFD11123A,C-FCA02D727924,4,GU-9971DBF4B2B0,,
B-6608A1FFDE5C,,1,GU-D8B16240E48F,,
B-90D37ADBDD42,,1,GU-4E428E0A1716,,
B-90D37ADBDD42,,2,GU-D66970312498,,
B-8B99A897320B,,1,GU-DCBD727D12BD,,
B-8B99A897320B,,2,GU-4EA024149E3C,,
B-8B99A897320B,,3,GU-A7C6EEA1ACB4,,
B-8B99A897320B,,4,GU-42B9C31AC8AA,,
B-539900AC9D1A,C-EA0629D90A90,1,GU-661E64FDA51D,48,F
B-539900AC9D1A,C-EA0629D90A90,2,GU-1DDE1D687B29,52,M
B-539900AC9D1A,C-EA0629D90A90,3,GU-078BCEA114E6,12,M
B-48B81CDA52D0,C-6F3D5E52E538,1,GU-50CDB54CDB85,55,M
B-48B81CDA52D0,C-6F3D5E52E538,2,GU-E5FF6538E70B,53,F
B-4C799E4232FE,,1,GU-49B9A4937DCC,,
B-4C799E4232FE,,2,GU-A25E30B6D383,,
B-45825D235353,C-7E5176F9BC8B,1,GU-74749226F115,34,F
B-45825D235353,C-7E5176F9BC8B,2,GU-B0A1B15F5222,1,M
B-45825D235353,C-7E5176F9BC8B,3,GU-CBBAC590A290,4,M
B-45825D235353,C-7E5176F9BC8B,4,GU-28994BE928FB,40,M
B-30966805C9CF,C-CE935D617EC6,1,GU-6B2BA38BC450,24,M
B-30966805C9CF,C-CE935D617EC6,2,GU-5A00AA1FF80F,20,F
B-519432875277,C-3473B875FF68,1,GU-DF126C576101,60,M
B-519432875277,C-3473B875FF68,2,GU-4BB573D31E2A,60,F
B-519432875277,C-3473B875FF68,3,GU-BAEAABEB9C86,27,M
B-768FE4F87904,,1,GU-E6D9E4258196,,
B-768FE4F87904,,2,GU-49B015ED8793,,
B-CB9FC384D1BD,C-C9849454694F,1,GU-484422C0B269,40,F
B-CB9FC384D1BD,C-C9849454694F,2,GU-139D05A77F7A,0,M
B-CB9FC384D1BD,C-C9849454694F,3,GU-32B400406364,42,M
B-C512C35C727E,C-703A861BE928,1,GU-AF34FC6A9C5C,,
B-C512C35C727E,C-703A861BE928,2,GU-042A65CBACB1,,
B-3F7CA382E5F6,C-703A861BE928,1,GU-9BFB2CA815D8,62,M
B-3F7CA382E5F6,C-703A861BE928,2,GU-2C012A2EF4AB,55,F
B-8FAA2A2355A0,,1,GU-3D4B85F521DE,36,F
B-8FAA2A2355A0,,2,GU-C66284B5645B,38,M
B-1F4257F0C527,,1,GU-C1B85B4C93CC,,
B-1F4257F0C527,,2,GU-90D363DE3D22,,
B-1F4257F0C527,,3,GU-4B0B8BB58CAB,,
B-0EEE5400755C,C-B8166F106D46,1,GU-33A3C3C66749,38,M
B-0EEE5400755C,C-B8166F106D46,2,GU-4A41F7EE9979,36,F
B-FF552BFAD123,C-B3ADED9C6C58,1,GU-7A1E2BEE635B,56,M
B-FF552BFAD123,C-B3ADED9C6C58,2,GU-AFAABA3669FB,53,F
B-4B7934E8DBD2,C-7FE735258110,1,GU-36C57334AF27,63,F
B-4B7934E8DBD2,C-7FE735258110,2,GU-6C5213EE2692,66,M
B-2DC4B88E0C3C,,1,GU-889ED992EA5B,,
B-2DC4B88E0C3C,,2,GU-8EFA45256ECB,,
B-BE80F898AE89,C-4B1C58049BE5,1,GU-21CD3EB80129,42,F
B-BE80F898AE89,C-4B1C58049BE5,2,GU-861E7BA6C7A3,45,M
B-BE80F898AE89,C-4B1C58049BE5,3,GU-DDDC51446BE5,16,M
B-BE80F898AE89,C-4B1C58049BE5,4,GU-DC2221D3110D,2,M
B-EA25352E2F52,,1,GU-CB8EB5B46112,,
B-EA25352E2F52,,2,GU-82524B1201DF,,
B-EA25352E2F52,,3,GU-4826FBD3751D,,
B-EA25352E2F52,,4,GU-4E1FF2012BC9,,
B-CE96234A7626,C-B77DA682E18D,1,GU-85482A1D030B,28,M
B-CE96234A7626,C-B77DA682E18D,2,GU-ABCE1FCAB8BF,26,F
B-2466BC0F9B3D,,1,GU-F864EF554DF7,44,F
B-2466BC0F9B3D,,2,GU-4B79218E4A60,53,M
B-72C14BCC1B95,,1,GU-4E48222565EE,,
B-72C14BCC1B95,,2,GU-8CA55F242BE9,,
B-8B55C2D4A7DC,,1,GU-6826E031346B,53,M
B-8B55C2D4A7DC,,2,GU-CA76B03B9F77,17,M
B-8B55C2D4A7DC,,3,GU-3CADDC891483,15,M
B-8B55C2D4A7DC,,4,GU-65EE8AC8243F,52,F
B-9EA2E10B1FB6,,1,GU-DF39DF02FBB6,51,M
B-9EA2E10B1FB6,,2,GU-5B4E48A14861,48,F
B-9EA2E10B1FB6,,3,GU-4D87CE934250,17,F
B-9EA2E10B1FB6,,4,GU-A426E21DCBDB,13,F
B-A9CFC16DA4D1,C-789443FAE38B,1,GU-1010749E840F,52,M
B-A9CFC16DA4D1,C-789443FAE38B,2,GU-60176B589AA6,52,F
B-F9EE23C88D1D,,1,GU-35785DBC641F,,
B-F9EE23C88D1D,,2,GU-0F0230594F6B,,
B-9103C51D04BA,C-DEB79102F0AB,1,GU-1BBA17ECD249,52,M
B-9103C51D04BA,C-DEB79102F0AB,2,GU-D8E78F5D020D,49,F
B-67BD68F2A916,,1,GU-08589DC905CC,67,M
B-67BD68F2A916,,2,GU-704A68C7B384,52,F
B-67BD68F2A916,,3,GU-2DEEF8316D3C,15,F
B-5BCB39D86AE9,C-43356A220622,1,GU-C6A854B0BD90,30,M
B-5BCB39D86AE9,C-43356A220622,2,GU-9945AFF2537A,26,F
B-61718009BE0B,C-698951CED156,1,GU-05090866878D,,
B-61718009BE0B,C-698951CED156,2,GU-ABEBC79FBE2C,,
B-3AFD03134724,C-B801CB4B76E5,1,GU-230431D616E1,6,F
B-3AFD03134724,C-B801CB4B76E5,2,GU-4DA49FCB44D6,75,M
B-3AFD03134724,C-B801CB4B76E5,3,GU-EE1C0F0B6B3B,22,M
B-3AFD03134724,C-B801CB4B76E5,4,GU-E3A123D602AC,22,M
B-1F0CCB9FAF6A,,1,GU-613D5EE5CB9A,,
B-1F0CCB9FAF6A,,2,GU-2B1871E7B05F,,
B-FB99558A9471,,1,GU-CE1A8CF3A426,66,M
B-FB99558A9471,,2,GU-1BAC45E5395A,57,F
B-21CCC4B59C33,C-8E935F3F8EFA,1,GU-32F47D13DFA6,44,F
B-21CCC4B59C33,C-8E935F3F8EFA,2,GU-7E7CB90D0487,51,M
B-21CCC4B59C33,C-8E935F3F8EFA,3,GU-D9F6C7FDAFF3,15,M
B-8E8F09EE37BE,C-0B371E4A87F1,1,GU-86B3CB66BBF3,46,M
B-8E8F09EE37BE,C-0B371E4A87F1,2,GU-B4D3FF88F6C9,34,F
B-FA9E95D2B89E,C-C1F9CE840891,1,GU-33C4A799D2A6,6,F
B-FA9E95D2B89E,C-C1F9CE840891,2,GU-3ED4A9AD1AB3,38,F
B-FA9E95D2B89E,C-C1F9CE840891,3,GU-22B0B3DEA0CC,1,M
B-FA9E95D2B89E,C-C1F9CE840891,4,GU-562656F7660F,43,M
B-EAF144BA6749,C-F26C706062C1,1,GU-B4B6C5287BB8,57,M
B-EAF144BA6749,C-F26C706062C1,2,GU-97AE8EB44BEF,54,F
B-EAF144BA6749,C-F26C706062C1,3,GU-176B3BA868CA,28,F
B-EAF144BA6749,C-F26C706062C1,4,GU-111C75AEA1B0,20,M
B-CC253B892173,C-64E6AE516EE2,1,GU-0FEA31DB9C56,40,M
B-CC253B892173,C-64E6AE516EE2,2,GU-DCFB25876E51,36,F
B-CC253B892173,C-64E6AE516EE2,3,GU-C618DB08D566,10,M
B-CC253B892173,C-64E6AE516EE2,4,GU-7A473C93187A,8,M
B-87C873EB1A45,,1,GU-198D7A7708C4,,
B-E1117F3145CE,C-1415A3E9FC72,1,GU-B0C18726C6E5,47,F
B-E1117F3145CE,C-1415A3E9FC72,2,GU-C755B6F720DD,13,M
B-E1117F3145CE,C-1415A3E9FC72,3,GU-00F3100ABC8E,8,M
B-7F7F9580B77A,C-C3CE6561F1D3,1,GU-F693971A0A98,33,M
B-7F7F9580B77A,C-C3CE6561F1D3,2,GU-B7668966FA72,32,F
B-74D9E58DB1AB,,1,GU-2487D5D6428D,,
B-74D9E58DB1AB,,2,GU-C501DDE94613,,
B-1EA43BC93F0E,C-11C80DD28540,1,GU-4FCFAC0C7917,,
B-1EA43BC93F0E,C-11C80DD28540,2,GU-115092E762BF,,
B-4FC02D76B52E,C-15D42C9A10E3,1,GU-22EE00773DFE,32,M
B-4FC02D76B52E,C-15D42C9A10E3,2,GU-AA73CD43EB43,33,F
B-9E1DA600932F,C-4B1C58049BE5,1,GU-A36125EC6044,48,M
B-9E1DA600932F,C-4B1C58049BE5,2,GU-522DE5374BDD,47,F
B-9E1DA600932F,C-4B1C58049BE5,3,GU-52056E3B52EB,16,M
B-9E1DA600932F,C-4B1C58049BE5,4,GU-C320986F7FFC,13,M
B-DD73550AB3EA,C-FA852F3E8C2F,1,GU-3933E6375641,,
B-DD73550AB3EA,C-FA852F3E8C2F,2,GU-3DD886CE7BE0,,
B-C9BAAA7CB8C6,,1,GU-2BC997134E97,,
B-D283F830CA59,,1,GU-42F20A2F3BAF,,
B-469BF570D325,,1,GU-207CEFFFFAD8,,
B-C1829DEDD088,,1,GU-3214EB91DEB2,,
B-A19421D1850B,C-A658D662D506,1,GU-DB6F394580C8,50,F
B-A19421D1850B,C-A658D662D506,2,GU-B4CB2E4670A7,52,M
B-38C58132E297,,1,GU-9B86793FF697,,
B-38C58132E297,,2,GU-4A08912F9C8C,,
B-D24AD3D8F9FA,C-AA34BDB5CA16,1,GU-262314E61A26,67,M
B-D24AD3D8F9FA,C-AA34BDB5CA16,2,GU-B3CBF23CA4AE,57,F
B-D24AD3D8F9FA,C-AA34BDB5CA16,3,GU-6ECF2DFDA467,22,M
B-7479079CE3A9,C-A1F83346F82D,1,GU-42FCA98EEADA,60,M
B-7479079CE3A9,C-A1F83346F82D,2,GU-4A3B63B6F9B9,25,M
B-7479079CE3A9,C-A1F83346F82D,3,GU-82FB9DA65450,61,F
B-7479079CE3A9,C-A1F83346F82D,4,GU-DF15C80275BF,20,F
B-1DDEA67BC6B9,C-369EEC4E32C4,1,GU-EBBEBA1AF32B,,
B-1DDEA67BC6B9,C-369EEC4E32C4,2,GU-60A9FA6A56B9,,
B-DD115E3D9737,C-17D4B3D36DDE,1,GU-CC95C8EAA576,39,F
B-DD115E3D9737,C-17D4B3D36DDE,2,GU-34718BBA49AE,7,M
B-DD115E3D9737,C-17D4B3D36DDE,3,GU-A0C65F58B50E,1,F
B-DD115E3D9737,C-17D4B3D36DDE,4,GU-82DF140AC8B8,35,M
B-AE36829B30E0,,1,GU-A3360D8FFF8B,,
B-C06BB1E87B3A,,1,GU-0186F7DAEA08,,
B-C06BB1E87B3A,,2,GU-6651E38283A7,,
B-B7DFA9724C76,C-6EF0ADEC6FBB,1,GU-AA779F402759,51,F
B-B7DFA9724C76,C-6EF0ADEC6FBB,2,GU-6C3CE18C04D3,48,M
B-24ADB4172206,C-79EF55C45B3E,1,GU-D6936905E435,51,M
B-24ADB4172206,C-79EF55C45B3E,2,GU-F7BD45DBA53F,51,F
B-24ADB4172206,C-79EF55C45B3E,3,GU-353D385E4A2E,14,M
B-24ADB4172206,C-79EF55C45B3E,4,GU-919EB8C2B35E,21,F
B-24ADB4172206,C-79EF55C45B3E,5,GU-839F8B5E3DC7,1,F
B-97F4159031A4,C-9DFE72BC2EC1,1,GU-30BDB7DFBAF7,39,F
B-97F4159031A4,C-9DFE72BC2EC1,2,GU-C6BAC6F27281,40,M
B-754A45EE2518,C-5481F66E8EE8,1,GU-78FB9B68180E,26,F
B-754A45EE2518,C-5481F66E8EE8,2,GU-5CDCE2568FBC,39,M
B-754A45EE2518,C-5481F66E8EE8,3,GU-AB78C46C6258,1,M
B-754A45EE2518,C-5481F66E8EE8,4,GU-2504FB3912FE,0,F
B-357A87219C2B,C-05C17E2E451D,1,GU-66E9AF5210F2,42,M
B-357A87219C2B,C-05C17E2E451D,2,GU-4BC0544E4C2B,38,F
B-357A87219C2B,C-05C17E2E451D,3,GU-8C7BC705BA18,11,F
B-357A87219C2B,C-05C17E2E451D,4,GU-E4ABA9E5A261,7,F
B-AD5E0A620637,C-D99ED594D29B,1,GU-63B9F02E07C7,44,M
B-AD5E0A620637,C-D99ED594D29B,2,GU-8C06F68B74F3,44,F
B-AD5E0A620637,C-D99ED594D29B,3,GU-8E166698E977,11,F
B-AD5E0A620637,C-D99ED594D29B,4,GU-14E14C38D128,6,F
B-4278E540B64B,C-C4938BB0CC30,1,GU-5AD98EECE07C,67,M
B-4278E540B64B,C-C4938BB0CC30,2,GU-AFF78079814C,64,F
B-75E31BF78E36,,1,GU-BFD67FF9DD03,36,M
B-75E31BF78E36,,2,GU-9E15E674268F,36,M
B-75E31BF78E36,,3,GU-C8B20541DB8D,36,F
B-75E31BF78E36,,4,GU-EFCD6405BCC7,6,M
B-166E4ED5C59C,C-867ACA8E962B,1,GU-475705AF7848,43,M
B-166E4ED5C59C,C-867ACA8E962B,2,GU-D17EE2ED10AB,36,F
B-8D564F02C7A1,C-867ACA8E962B,1,GU-27B7371D53E8,14,M
B-8D564F02C7A1,C-867ACA8E962B,2,GU-51E7FD0801F9,13,M
B-8D564F02C7A1,C-867ACA8E962B,3,GU-1C7E00B15CAB,20,M
B-40F86F343E48,C-867ACA8E962B,1,GU-0ED5F12C4353,45,F
B-40F86F343E48,C-867ACA8E962B,2,GU-5911CE76120D,8,M
B-40F86F343E48,C-867ACA8E962B,3,GU-5B43D217C67B,51,M
B-ED7F16F5DEDE,C-867ACA8E962B,1,GU-D9BE7EFE99FA,,
B-ED7F16F5DEDE,C-867ACA8E962B,2,GU-5637573743E5,,
B-ED7F16F5DEDE,C-867ACA8E962B,3,GU-3A937813B4D3,,
B-51334991AE23,C-867ACA8E962B,1,GU-6EEAB628D0CF,46,F
B-51334991AE23,C-867ACA8E962B,2,GU-3B924B7F78C9,38,M
B-703F9B386B17,C-867ACA8E962B,1,GU-C9B648AF52CE,,
B-703F9B386B17,C-867ACA8E962B,2,GU-5F6CEA3C917E,,
B-269E083723A3,C-52472D9DEB98,1,GU-9E4B6C208E6B,40,F
B-269E083723A3,C-52472D9DEB98,2,GU-8D94D9217FC6,9,F
B-269E083723A3,C-52472D9DEB98,3,GU-4D668214172D,4,F
B-269E083723A3,C-52472D9DEB98,4,GU-094E5511D27D,45,M
B-7801AA8D9CB3,C-5C5CA64F1A77,1,GU-95ED75299859,59,M
B-7801AA8D9CB3,C-5C5CA64F1A77,2,GU-B6DEAA33D202,52,F
B-D7BDC3B549F9,,1,GU-C29667D63454,,
B-D7BDC3B549F9,,2,GU-8D78D311A75B,,
B-1A08D92BD2DD,,1,GU-25C7068540E4,,
B-1A08D92BD2DD,,2,GU-2389A81A0926,,
B-1A08D92BD2DD,,3,GU-31D2CA562231,,
B-6D61D307FCC9,C-BF8A9B8FB4DE,1,GU-C5F2476428EF,43,F
B-6D61D307FCC9,C-BF8A9B8FB4DE,2,GU-FF66306AE176,44,M
B-6D61D307FCC9,C-BF8A9B8FB4DE,3,GU-EAD25353B58A,7,M
B-E1B329C5DEBC,,1,GU-E220B127D524,,
B-E1B329C5DEBC,,2,GU-C649B7EB1421,,
B-E1B329C5DEBC,,3,GU-4AB71DD98EEF,,
B-E1B329C5DEBC,,4,GU-BF39538AD338,,
B-E1B329C5DEBC,,5,GU-007B1B5F056E,,
B-E1B329C5DEBC,,6,GU-96474FC5E932,,
B-741A102330F6,,1,GU-1E3E2A8AAC5D,,
B-5709EAE3525E,C-2598F1DC6BFC,1,GU-F174D5C3B89C,48,M
B-5709EAE3525E,C-2598F1DC6BFC,2,GU-CC6E0F981DDE,48,F
B-5709EAE3525E,C-2598F1DC6BFC,3,GU-5B8776F472F4,15,F
B-5709EAE3525E,C-2598F1DC6BFC,4,GU-02D68E33EEC0,13,M
B-9681E7DFCFCE,C-5CA7D3CED547,1,GU-B54C50A96AE5,27,F
B-9681E7DFCFCE,C-5CA7D3CED547,2,GU-99FBC10D9C1A,31,M
B-9681E7DFCFCE,C-5CA7D3CED547,3,GU-9F40574BA9D6,1,M
B-577D81002677,C-3DC340B8C76E,1,GU-2DD7BEF8B552,52,F
B-577D81002677,C-3DC340B8C76E,2,GU-28FBC25BEB09,53,M
B-4C2F620C0302,C-CC9FCA793936,1,GU-8863CDEA33E7,43,F
B-4C2F620C0302,C-CC9FCA793936,2,GU-DEC892DD3AB4,12,F
B-4C2F620C0302,C-CC9FCA793936,3,GU-50FB5A04A699,47,M
B-9645DF851150,C-62D5AA866C51,1,GU-50435679C036,,
B-9645DF851150,C-62D5AA866C51,2,GU-ADC841B5254B,,
B-2FD9EB52C7F2,C-6B3109F026B5,1,GU-E9ABC21C453C,,
B-2FD9EB52C7F2,C-6B3109F026B5,2,GU-D563379101AD,,
B-2FD9EB52C7F2,C-6B3109F026B5,3,GU-D53B28C82053,,
B-981876BE96C2,C-44AD286D7246,1,GU-9505B58A7529,44,F
B-981876BE96C2,C-44AD286D7246,2,GU-239F0B333A26,44,M
B-B440D7247383,C-23F5B0AF5B8F,1,GU-55B8A5CB734E,22,M
B-B440D7247383,C-23F5B0AF5B8F,2,GU-876A224B1081,22,F
B-FF6E1C66AAFB,,1,GU-8EC74CF8A1B8,,
B-FF6E1C66AAFB,,2,GU-F388C7450F78,,
B-8E459A498D4E,,1,GU-0D0A8B1D9720,,
B-934A7BFEA415,,1,GU-B33321174875,,
B-934A7BFEA415,,2,GU-21B628DFCDB7,,
B-934A7BFEA415,,3,GU-C421EF4AE3C4,,
B-B28CCE8E2988,C-3B2EB8AE4757,1,GU-CFCE47591CD0,47,F
B-B28CCE8E2988,C-3B2EB8AE4757,2,GU-E7A360B9CD1D,52,M
B-B28CCE8E2988,C-3B2EB8AE4757,3,GU-40B024569A65,17,M
B-B28CCE8E2988,C-3B2EB8AE4757,4,GU-258B2C02361E,15,F
B-B4A624E23C09,C-A3680501C14B,1,GU-DC1DD9714124,49,M
B-B4A624E23C09,C-A3680501C14B,2,GU-D0E8C286F112,48,F
B-B4A624E23C09,C-A3680501C14B,3,GU-185699130657,18,F
B-B4A624E23C09,C-A3680501C14B,4,GU-6857B7251167,51,F
B-28769ADB50B6,C-9311E0DEBF71,1,GU-2535762EADA8,54,M
B-28769ADB50B6,C-9311E0DEBF71,2,GU-2D5E2313110E,17,F
B-28769ADB50B6,C-9311E0DEBF71,3,GU-97C4846C429E,51,F
B-F6F2F64A0BEA,C-D43897AE16C9,1,GU-247CE6EBBA41,35,F
B-F6F2F64A0BEA,C-D43897AE16C9,2,GU-561849D4C89C,39,M
B-F6F2F64A0BEA,C-D43897AE16C9,3,GU-2AB4CD0904F3,8,M
B-FECB9A23B112,,1,GU-835B4C29F1E2,46,M
B-FECB9A23B112,,2,GU-1C60561151C5,35,F
B-81FA1FBD5FCB,C-1E151EC6505E,1,GU-E78229292F0A,57,F
B-81FA1FBD5FCB,C-1E151EC6505E,2,GU-98BE39C809DA,77,M
B-ABAB6A9DCCAC,C-1E151EC6505E,1,GU-361A4D672D37,24,F
B-ABAB6A9DCCAC,C-1E151EC6505E,2,GU-F91231BE2DB4,24,F
B-B0ADBBE44D11,C-E5683DD006E1,1,GU-1060FCF57564,,
B-B0ADBBE44D11,C-E5683DD006E1,2,GU-9FB4989D1DF8,,
B-B0ADBBE44D11,C-E5683DD006E1,3,GU-8B1D001A40E5,,
B-B0ADBBE44D11,C-E5683DD006E1,4,GU-69E5A14F9D5D,,
B-EF26C43D84DD,C-83D8258A4BAB,1,GU-2001916AB215,,
B-EF26C43D84DD,C-83D8258A4BAB,2,GU-CA1A3FEAB70A,,
B-EF26C43D84DD,C-83D8258A4BAB,3,GU-EE8A421E6642,,
B-78B1879683BA,C-3B319B715838,1,GU-2CC6B5BCA762,48,F
B-78B1879683BA,C-3B319B715838,2,GU-A571567C31DC,51,M
B-78B1879683BA,C-3B319B715838,3,GU-9A70A0599E72,13,F
B-78B1879683BA,C-3B319B715838,4,GU-D6CE13381A3B,11,M
B-A9B137794225,C-EAA2F30DC198,1,GU-41356092B9BE,,
B-A9B137794225,C-EAA2F30DC198,2,GU-B7D8112EA1CC,,
B-F1EB305F094B,C-40570F0DD1EF,1,GU-9323BA3EB34A,,
B-F1EB305F094B,C-40570F0DD1EF,2,GU-F414572967B0,,
B-F1EB305F094B,C-40570F0DD1EF,3,GU-1E51C1AEC6DC,,
B-7B8E318F532A,C-226DD7552DD9,1,GU-E912D11D87F9,33,M
B-7B8E318F532A,C-226DD7552DD9,2,GU-935F0BE39BEA,31,F
B-7B8E318F532A,C-226DD7552DD9,3,GU-DF57EF2A52BD,0,M
B-C4E1486EAF10,,1,GU-B085209CC620,33,F
B-C4E1486EAF10,,2,GU-47CAB836C8C3,29,F
B-7D78681577CE,C-386B0838BF99,1,GU-E605C65A6ADA,51,M
B-7D78681577CE,C-386B0838BF99,2,GU-8FBA038E1BCC,46,F
B-1966F33CA7E9,C-386B0838BF99,1,GU-E5E2A8FF4369,46,M
B-1966F33CA7E9,C-386B0838BF99,2,GU-06D8DF74FF52,41,F
B-0DE2A1B9426D,C-386B0838BF99,1,GU-E2EFF2D10293,55,M
B-0DE2A1B9426D,C-386B0838BF99,2,GU-66183FAEEA75,48,F
B-C561FA7B1248,C-B9B7A67F2650,1,GU-E6587A2F8F24,,
B-C561FA7B1248,C-B9B7A67F2650,2,GU-DEBA05A38DEE,,
B-C561FA7B1248,C-B9B7A67F2650,3,GU-33EAD9B694E3,,
B-C561FA7B1248,C-B9B7A67F2650,4,GU-6285119EB424,,
B-302D43F93E89,C-7376A37CDB61,1,GU-F32E55AAD0D0,,
B-302D43F93E89,C-7376A37CDB61,2,GU-8946CD48B9C3,,
B-302D43F93E89,C-7376A37CDB61,3,GU-C745E9C77245,,
B-43939509072F,C-9E126F6F1B3E,1,GU-0E0F265D7AE6,,
B-43939509072F,C-9E126F6F1B3E,2,GU-0474EDD86245,,
B-43939509072F,C-9E126F6F1B3E,3,GU-64843B8F9972,,
B-89976869A559,C-F0E29B495AC1,1,GU-09882CCA8722,13,F
B-89976869A559,C-F0E29B495AC1,2,GU-831A709F6B54,39,F
B-89976869A559,C-F0E29B495AC1,3,GU-E6E9AC072C79,50,M
B-318677EFB558,C-CBF1DE56851C,1,GU-6F52201A5AF0,32,F
B-318677EFB558,C-CBF1DE56851C,2,GU-77514E91591E,31,M
B-318677EFB558,C-CBF1DE56851C,3,GU-C71E55A60F4A,7,M
B-318677EFB558,C-CBF1DE56851C,4,GU-1C8E09AFC261,1,M
B-96EC4B4A9CE1,C-90A2A2701E8E,1,GU-F5CABF79194E,47,M
B-049CF2315A8B,C-B3821E7B2E1E,1,GU-FF2A58FE30E8,,
B-049CF2315A8B,C-B3821E7B2E1E,2,GU-B2E786F5B1F0,,
B-049CF2315A8B,C-B3821E7B2E1E,3,GU-F83213B5A16D,,
B-049CF2315A8B,C-B3821E7B2E1E,4,GU-E3FD6266DD38,,
B-80A9A8A9EFC0,C-B3821E7B2E1E,1,GU-7C1CBB9B168C,46,F
B-80A9A8A9EFC0,C-B3821E7B2E1E,2,GU-6E581768F0F0,46,M
B-80A9A8A9EFC0,C-B3821E7B2E1E,3,GU-FFA8E6C331AD,7,M
B-80A9A8A9EFC0,C-B3821E7B2E1E,4,GU-08FC1BD08CA3,2,F
B-A4BD7C16B618,C-5BC61CA19294,1,GU-8DA378B4A959,56,F
B-A4BD7C16B618,C-5BC61CA19294,2,GU-FA4D6BCD9776,64,M
B-08851EFEFF25,C-5BC61CA19294,1,GU-AC409CC1DA40,71,M
B-08851EFEFF25,C-5BC61CA19294,2,GU-CE278C77825E,65,F
B-46D0F748C582,,1,GU-C5C9EC4DD54D,,
B-46D0F748C582,,2,GU-8F40B1E5F349,,
B-2D322AB4B6B8,C-CEC6914DC9F4,1,GU-5C33EC21362A,47,F
B-2D322AB4B6B8,C-CEC6914DC9F4,2,GU-DDDB95E7007F,20,F
B-2D322AB4B6B8,C-CEC6914DC9F4,3,GU-F898C09A3894,17,M
B-2D322AB4B6B8,C-CEC6914DC9F4,4,GU-7A0D25204089,47,M
B-CAA0EE39D741,C-3A50FBB8D5B1,1,GU-855FF541417D,35,F
B-CAA0EE39D741,C-3A50FBB8D5B1,2,GU-4C36B5CA1247,0,M
B-CAA0EE39D741,C-3A50FBB8D5B1,3,GU-D3AF23017F55,36,M
B-BE4475DB4BC6,C-06B8921144C5,1,GU-C6ED1D517C0F,24,F
B-BE4475DB4BC6,C-06B8921144C5,2,GU-672A299B3469,25,M
B-015DA38F1FA4,C-03B6BF033539,1,GU-9586DE569A1A,37,F
B-015DA38F1FA4,C-03B6BF033539,2,GU-337058FB7EF2,37,M
B-015DA38F1FA4,C-03B6BF033539,3,GU-C3687C32BC21,3,M
B-166A9642764F,C-145BA0C7597C,1,GU-EF125747978C,,
B-166A9642764F,C-145BA0C7597C,2,GU-C85BA471FADE,,
B-ED5BDD3033B2,C-145BA0C7597C,1,GU-AEA78F005E19,,
B-ED5BDD3033B2,C-145BA0C7597C,2,GU-4305EF44B23B,,
B-F49D43DD85B9,C-481D1BC4F8A2,1,GU-6BF5101BE836,40,F
B-F49D43DD85B9,C-481D1BC4F8A2,2,GU-B2EBE8647E45,39,M
B-F49D43DD85B9,C-481D1BC4F8A2,3,GU-067D3C935399,3,F
B-F49D43DD85B9,C-481D1BC4F8A2,4,GU-A0643015F896,1,M
B-23232C9AF233,,1,GU-24189507F3CA,50,M
B-23232C9AF233,,2,GU-DC429A8C1297,50,F
B-496D7E874308,C-E733DA72DE9C,1,GU-12333A84FF86,61,M
B-496D7E874308,C-E733DA72DE9C,2,GU-C85BD90FF276,19,F
B-496D7E874308,C-E733DA72DE9C,3,GU-40364BEF798B,51,F
B-496D7E874308,C-E733DA72DE9C,4,GU-B1DCF89A199F,78,F
B-1DBC1A44991E,C-FBF6837B2EAC,1,GU-5E8F851F6BAC,48,F
B-1DBC1A44991E,C-FBF6837B2EAC,2,GU-EA0A420B3EDC,17,F
B-1DBC1A44991E,C-FBF6837B2EAC,3,GU-A63B68D059AD,52,M
B-1DBC1A44991E,C-FBF6837B2EAC,4,GU-F293672FE7CF,17,M
B-1DBC1A44991E,C-FBF6837B2EAC,5,GU-D09CF11079FF,1,M
B-E481DCA407F8,,1,GU-2C42BAAA0B2B,,
B-E481DCA407F8,,2,GU-67FF6366BCCB,,
B-F3EB485EDCF4,C-F57AB510EF3E,1,GU-81E63B904839,52,M
B-F3EB485EDCF4,C-F57AB510EF3E,2,GU-E12B47AB7127,46,F
B-F3EB485EDCF4,C-F57AB510EF3E,3,GU-EDFB35736211,23,F
B-F3EB485EDCF4,C-F57AB510EF3E,4,GU-D7E3265BAA1C,19,M
B-F3EB485EDCF4,C-F57AB510EF3E,5,GU-752B2112A281,14,F
B-603BE840A12B,C-7394D6057231,1,GU-DF71C7D175AB,,
B-603BE840A12B,C-7394D6057231,2,GU-5FB192575FF8,,
B-603BE840A12B,C-7394D6057231,3,GU-B715CC4056D8,,
B-36FF6CE219B2,C-7394D6057231,1,GU-71E8DC931F30,,
B-36FF6CE219B2,C-7394D6057231,2,GU-45AE6AB14B5B,,
B-36FF6CE219B2,C-7394D6057231,3,GU-0CB5A18B2E2F,,
B-CC8E4A1F4490,C-83D8258A4BAB,1,GU-29C192E71FBB,53,M
B-CC8E4A1F4490,C-83D8258A4BAB,2,GU-CCAD18253044,55,F
B-CC8E4A1F4490,C-83D8258A4BAB,3,GU-9E05A21CD3C7,14,F
B-3C8BF128E3A8,C-698951CED156,1,GU-B838C82E6926,,
B-3C8BF128E3A8,C-698951CED156,2,GU-D59F3711591F,,
B-6D5ADB5A00FC,C-AEEA65D580CD,1,GU-894C476BBEB6,60,M
B-6D5ADB5A00FC,C-AEEA65D580CD,2,GU-CB18923C19C5,60,F
B-5988C6038779,C-1DFF537455BC,1,GU-62A219DF4153,64,M
B-5988C6038779,C-1DFF537455BC,2,GU-8517A454C77D,24,F
B-5988C6038779,C-1DFF537455BC,3,GU-89A1498F8BD1,51,F
B-5988C6038779,C-1DFF537455BC,4,GU-F9771EEC93D2,19,F
B-1C37124C0EC7,C-3E89C926D966,1,GU-550402750A26,,
B-1C37124C0EC7,C-3E89C926D966,2,GU-516C9E9CDA89,,
B-1C37124C0EC7,C-3E89C926D966,3,GU-B9F9B1055845,,
B-E4ED47DCF4D6,C-87AC54319D3B,1,GU-1574FD715411,53,M
B-E4ED47DCF4D6,C-87AC54319D3B,2,GU-DE9E2B43379D,15,F
B-E4ED47DCF4D6,C-87AC54319D3B,3,GU-57FC84A4F026,10,F
B-72DD7CEA0DA6,C-28A4A7113847,1,GU-A2165F54F24F,63,M
B-72DD7CEA0DA6,C-28A4A7113847,2,GU-1DA3875589D8,49,F
B-56A1649B34DA,,1,GU-AFD84B3312EF,,
B-56A1649B34DA,,2,GU-6CBE83A742B1,,
B-56A1649B34DA,,3,GU-015908CCBC22,,
B-D19006AA85BA,C-47404D364CF0,1,GU-507CA19254D2,55,F
B-D19006AA85BA,C-47404D364CF0,2,GU-F7DE9E3B6139,62,M
B-D19006AA85BA,C-47404D364CF0,3,GU-C20A5E56F129,17,F
B-539F83222690,C-E6932D5EC04E,1,GU-161C760B5092,42,F
B-539F83222690,C-E6932D5EC04E,2,GU-435DB369C1F8,42,M
B-539F83222690,C-E6932D5EC04E,3,GU-9A9D06C2534D,9,M
B-539F83222690,C-E6932D5EC04E,4,GU-B21DFDCAD971,6,M
B-539F83222690,C-E6932D5EC04E,5,GU-28D0DB48B55D,14,F
B-BDDE59B1E788,C-0EE8876BCE9C,1,GU-7D1D783D3589,45,M
B-BDDE59B1E788,C-0EE8876BCE9C,2,GU-5D822A89E1C3,15,F
B-BDDE59B1E788,C-0EE8876BCE9C,3,GU-C6ADF5788F1D,11,M
B-BDDE59B1E788,C-0EE8876BCE9C,4,GU-17678F209EEF,46,F
B-7C459EA634E7,C-C516990F77A1,1,GU-D21D740A81C1,59,M
B-7C459EA634E7,C-C516990F77A1,2,GU-2C50FE2BF45D,59,F
B-8F65B29F9BF6,C-1A6A5B970AA9,1,GU-A66440BC2EF5,43,F
B-8F65B29F9BF6,C-1A6A5B970AA9,2,GU-4D79F9BA21AC,52,M
B-2DA8A43E55DE,,1,GU-165EF73A4C26,,
B-2DA8A43E55DE,,2,GU-1334166B8DBC,,
B-64E12CD23BAA,,1,GU-72CC58B5BD54,,
B-64E12CD23BAA,,2,GU-AE01086DE2E3,,
B-716AD078255A,C-E2EF9900C50F,1,GU-063E3A580829,,
B-716AD078255A,C-E2EF9900C50F,2,GU-D3B725615715,,
B-716AD078255A,C-E2EF9900C50F,3,GU-1B1AE67D8A88,,
B-7E19445A352F,,1,GU-F4C2C24590C9,44,M
B-7E19445A352F,,2,GU-DE45051AEC7E,30,F
B-45185D2866A3,C-E4D34FC548CA,1,GU-05FEA848B57E,41,M
B-45185D2866A3,C-E4D34FC548CA,2,GU-7205A8A3E961,42,F
B-45185D2866A3,C-E4D34FC548CA,3,GU-6A7663648E7C,7,F
B-45185D2866A3,C-E4D34FC548CA,4,GU-16E87F8AE4DC,0,F
B-06D29C5AE6B9,C-DCD81AA27FB8,1,GU-F8046ED78565,37,M
B-06D29C5AE6B9,C-DCD81AA27FB8,2,GU-280A1128827F,36,F
B-06D29C5AE6B9,C-DCD81AA27FB8,3,GU-1B0C8100AFCE,0,F
B-AC9011976D99,C-D77781F9786B,1,GU-CC2BA1CF8D6C,53,M
B-AC9011976D99,C-D77781F9786B,2,GU-D5A69A22EC4A,53,F
B-AC9011976D99,C-D77781F9786B,3,GU-6561F6B029F3,22,M
B-AC9011976D99,C-D77781F9786B,4,GU-D5282BBB2B50,20,F
B-0409EA3F2EAA,C-A0796D910AA5,1,GU-7C5C39F4CF80,40,M
B-0409EA3F2EAA,C-A0796D910AA5,2,GU-B93739E00281,35,F
B-0409EA3F2EAA,C-A0796D910AA5,3,GU-E27BDF241F9B,5,F
B-0409EA3F2EAA,C-A0796D910AA5,4,GU-1E095BFB0D4D,0,F
B-F75330296B41,C-F8DC1E343621,1,GU-B68B8A0D9428,57,F
B-F75330296B41,C-F8DC1E343621,2,GU-7D20CABA2EFC,63,M
B-6C1F21530D32,C-44C7E9A4D5C2,1,GU-6F7A251571BF,40,F
B-6C1F21530D32,C-44C7E9A4D5C2,2,GU-C5051EDD8920,45,M
B-6C1F21530D32,C-44C7E9A4D5C2,3,GU-4C4D39BB4F28,10,F
B-6C1F21530D32,C-44C7E9A4D5C2,4,GU-937CB42384B4,3,M
B-6C1F21530D32,C-44C7E9A4D5C2,5,GU-14C33DF19FA6,3,M
B-16AD19334936,C-3890F88E84E4,1,GU-23F3B55905DB,34,F
B-16AD19334936,C-3890F88E84E4,2,GU-1C3B77AD1A36,35,M
B-16AD19334936,C-3890F88E84E4,3,GU-B4232BEC6321,2,F
B-16AD19334936,C-3890F88E84E4,4,GU-EE642824E89E,2,F
B-07F0473AF808,C-3890F88E84E4,1,GU-16441942D617,21,F
B-07F0473AF808,C-3890F88E84E4,2,GU-6CD40CF57B43,32,M
B-07F0473AF808,C-3890F88E84E4,3,GU-80E8AF635675,0,F
B-07F0473AF808,C-3890F88E84E4,4,GU-9C7C0B0F1490,1,F
B-B46B0BFBD79A,C-EACEF813F66E,1,GU-0CFBF6229C2B,21,F
B-B46B0BFBD79A,C-EACEF813F66E,2,GU-A6140FDB9A27,21,M
B-8ACB21E8149E,,1,GU-D652F64B492E,49,M
B-8ACB21E8149E,,2,GU-2BE8BC9C85AC,46,F
B-A10D6B63B34C,C-303D32830C37,1,GU-A96006DE39A9,63,F
B-A10D6B63B34C,C-303D32830C37,2,GU-E509F07B0B58,72,M
B-1EF0B26D8642,C-B285DC4AFB47,1,GU-93DEB428A5FF,31,F
B-1EF0B26D8642,C-B285DC4AFB47,2,GU-93CF3D1AFDD8,36,M
B-1EF0B26D8642,C-B285DC4AFB47,3,GU-116D593B751C,3,F
B-1EF0B26D8642,C-B285DC4AFB47,4,GU-BAF362DEED29,1,M
B-DA724F65C741,C-4E9BFDB054D7,1,GU-6C0A3DF4388C,63,M
B-DA724F65C741,C-4E9BFDB054D7,2,GU-E4F9D5A68E3F,59,F
B-DA724F65C741,C-4E9BFDB054D7,3,GU-D478CB09D1C4,15,F
B-EE91C3533AA9,C-44D8745CAB9D,1,GU-9B012F71312B,46,M
B-EE91C3533AA9,C-44D8745CAB9D,2,GU-4B445BE48CDF,50,F
B-EE91C3533AA9,C-44D8745CAB9D,3,GU-2CF861D2A6F6,19,M
B-18EC19B7C77B,C-26A64E3719A8,1,GU-206807F1D6D3,48,F
B-18EC19B7C77B,C-26A64E3719A8,2,GU-6F804422CC22,48,M
B-FAE6EB3694F2,C-0B4B6E74BB45,1,GU-CB52505F8E53,66,M
B-FAE6EB3694F2,C-0B4B6E74BB45,2,GU-D21069FA0FF2,62,F
B-9E394F38C464,C-5044C639A7E9,1,GU-30A528270A1D,63,M
B-9E394F38C464,C-5044C639A7E9,2,GU-85E5E2F8FFAD,59,F
B-8B4FFAC133A1,C-5077821DB8E8,1,GU-CADCD8A682E8,45,F
B-8B4FFAC133A1,C-5077821DB8E8,2,GU-92738F5901CE,46,M
B-B22C6E8172E4,,1,GU-438AE58A2C1D,,
B-B22C6E8172E4,,2,GU-A283A1C73AFF,,
B-DB666E8C912C,,1,GU-AC2F5F8F9430,,
B-DB666E8C912C,,2,GU-4CD7991631D7,,
B-6FA5892799F7,C-EE2154F9445C,1,GU-770BD8FB3992,,
B-6FA5892799F7,C-EE2154F9445C,2,GU-155400FAB9EE,,
B-6FA5892799F7,C-EE2154F9445C,3,GU-8EDAABDA10D3,,
B-027930D493F9,C-EE2154F9445C,1,GU-F424AE63F65C,,
B-027930D493F9,C-EE2154F9445C,2,GU-5B55212A93F0,,
B-E0F33F3CDBA7,C-2F75D7885468,1,GU-4CCBD864B5B6,44,M
B-E0F33F3CDBA7,C-2F75D7885468,2,GU-7A590FB3BB06,39,F
B-E0F33F3CDBA7,C-2F75D7885468,3,GU-308E339E76C3,8,F
B-E0F33F3CDBA7,C-2F75D7885468,4,GU-D836AADC5AF0,6,F
B-3BE263B096BF,C-40DAC088134A,1,GU-1AEA03D606B2,83,M
B-3BE263B096BF,C-40DAC088134A,2,GU-349182696418,77,F
B-7AAD47A12441,C-EE2154F9445C,1,GU-82E8B50595D2,40,F
B-7AAD47A12441,C-EE2154F9445C,2,GU-DAED5B2C841B,43,M
B-7AAD47A12441,C-EE2154F9445C,3,GU-A88516C527E6,42,M
B-7AAD47A12441,C-EE2154F9445C,4,GU-A40DDBED5387,42,F
B-7AAD47A12441,C-EE2154F9445C,5,GU-EC08896854C7,2,M
B-437D2D500AC5,,1,GU-46EE0CDBB62A,52,M
B-437D2D500AC5,,2,GU-02950C197EED,46,F
B-437D2D500AC5,,3,GU-58172E482A65,18,M
B-437D2D500AC5,,4,GU-AA138AF30D52,14,F
B-C1214EE3B4D1,,1,GU-A752D42005B0,58,M
B-C1214EE3B4D1,,2,GU-CEAFDF82170C,55,F
B-2168977DD3CD,C-61152E2E3F45,1,GU-EAE0CBBECF41,55,M
B-2168977DD3CD,C-61152E2E3F45,2,GU-6397696A5274,48,F
B-2168977DD3CD,C-61152E2E3F45,3,GU-9B1036B80AAF,10,F
B-9EE99E210226,C-A301676A7D69,1,GU-5801BCBFF9E4,39,
B-9EE99E210226,C-A301676A7D69,2,GU-F07D96028113,35,
B-9EE99E210226,C-A301676A7D69,3,GU-EF2E06FBFC2E,7,
B-9EE99E210226,C-A301676A7D69,4,GU-D68023F58506,1,
B-673906C5D673,C-0FC3D64D4848,1,GU-B9CEEA632E06,42,M
B-673906C5D673,C-0FC3D64D4848,2,GU-F0CD2C404E0A,44,F
B-673906C5D673,C-0FC3D64D4848,3,GU-F2FDFDB5467B,5,F
B-DCC11C18B6C2,,1,GU-444C3EB22EFE,,
B-DCC11C18B6C2,,2,GU-686F574E79BA,,
B-CAE2CC39C08E,,1,GU-964010D3AB8F,,
B-CAE2CC39C08E,,2,GU-6572E0343664,,
B-CE26791F47FD,C-35C4652C496F,1,GU-C9C6FA6C8807,,
B-CE26791F47FD,C-35C4652C496F,2,GU-4C4038EFDFFB,,
B-6551F60AA764,C-12E5ADD44AB6,1,GU-BCC4F8A6EF1D,59,M
B-6551F60AA764,C-12E5ADD44AB6,2,GU-EA3C67C94C8E,54,F
B-2FD08D81E73D,C-E2EF9900C50F,1,GU-9818C38BA31B,,
B-2FD08D81E73D,C-E2EF9900C50F,2,GU-FB743926FC20,,
B-2FD08D81E73D,C-E2EF9900C50F,3,GU-EF2B3F3304BD,,
B-7F80555CB192,C-20A40D5E0014,1,GU-4B42929FB160,51,F
B-7F80555CB192,C-20A40D5E0014,2,GU-F1491A3E5F51,18,M
B-7F80555CB192,C-20A40D5E0014,3,GU-F541FADCA537,48,M
B-343A11B7BFBC,C-18CD5E3A82C3,1,GU-8915920566ED,,
B-343A11B7BFBC,C-18CD5E3A82C3,2,GU-C0EA207AF822,,
B-343A11B7BFBC,C-18CD5E3A82C3,3,GU-12F5C17377AE,,
B-FA75EDECC0D4,,1,GU-827E52A06940,,
B-FA75EDECC0D4,,2,GU-5CA2C57DD9ED,,
B-58D992DAA370,C-4429BA7B7DDA,1,GU-92B6456C5ADB,49,F
B-58D992DAA370,C-4429BA7B7DDA,2,GU-76F72D63D964,51,M
B-58D992DAA370,C-4429BA7B7DDA,3,GU-90041F815208,23,M
B-58D992DAA370,C-4429BA7B7DDA,4,GU-15A587E7C513,17,F
B-B729673C7712,C-EAC65F9E9569,1,GU-F4EDED2BBE4C,44,M
B-B729673C7712,C-EAC65F9E9569,2,GU-FBA0751FFD84,43,F
B-B729673C7712,C-EAC65F9E9569,3,GU-7790CE52DE90,10,F
B-B729673C7712,C-EAC65F9E9569,4,GU-52AA912E12E0,3,F
B-5017543A6E87,C-EAC65F9E9569,1,GU-70C03F602472,44,M
B-5017543A6E87,C-EAC65F9E9569,2,GU-F30DAB632BFA,43,F
B-5017543A6E87,C-EAC65F9E9569,3,GU-375235212535,10,F
B-5017543A6E87,C-EAC65F9E9569,4,GU-3881F3729134,3,F
B-B04CFAAA2C92,C-2CC7DF586812,1,GU-2EBC7B717A29,36,F
B-B04CFAAA2C92,C-2CC7DF586812,2,GU-0602B36CC5EE,39,M
B-B04CFAAA2C92,C-2CC7DF586812,3,GU-73B8562B9988,4,F
B-B04CFAAA2C92,C-2CC7DF586812,4,GU-2654B0C59972,7,F
B-39103BD83415,C-14252A03B043,1,GU-B8C3E06795CA,42,M
B-39103BD83415,C-14252A03B043,2,GU-37EE298AC43A,8,F
B-39103BD83415,C-14252A03B043,3,GU-AA146B3D9811,42,F
B-4400D4B4620A,,1,GU-AC6A1FD5CD33,,
B-4400D4B4620A,,2,GU-4F22CBAAF2AE,,
B-703F5805EA58,,1,GU-3E2C3F450B54,,
B-703F5805EA58,,2,GU-A2659D7842C7,,
B-703F5805EA58,,3,GU-262CB0CF4A87,,
B-703F5805EA58,,4,GU-D92F4BE5F3E1,,
B-05E4DD0E81CA,,1,GU-8A4D63DBB28E,,
B-05E4DD0E81CA,,2,GU-A43D914D5867,,
B-F64592B1FC08,C-E35E89A6B3F7,1,GU-7A494ACBF5E0,57,M
B-F64592B1FC08,C-E35E89A6B3F7,2,GU-CB334C6BBDCE,54,F
B-B050874246BB,,1,GU-7A0227C6C22E,,
B-4097FC02AFC4,C-C2766A95EC3A,1,GU-266A1A1F9C38,30,M
B-4097FC02AFC4,C-C2766A95EC3A,2,GU-D753CA06475E,40,F
B-4097FC02AFC4,C-C2766A95EC3A,3,GU-DCCAC8889504,3,F
B-EE6FD4F9A236,C-93B5344D6A9E,1,GU-54FADF753D05,51,F
B-EE6FD4F9A236,C-93B5344D6A9E,2,GU-06706F74B3E3,55,M
B-CC6099E6509B,C-1057ADE75D01,1,GU-74A9DD980429,,
B-CC6099E6509B,C-1057ADE75D01,2,GU-24D1B6A55B28,,
B-CC6099E6509B,C-1057ADE75D01,3,GU-89648EBF582F,,
B-CC6099E6509B,C-1057ADE75D01,4,GU-B3512B3F24D6,,
B-E546F5AEFF09,C-7376A37CDB61,1,GU-24D9E691CD02,37,M
B-E546F5AEFF09,C-7376A37CDB61,2,GU-74A8C09DE7B1,35,F
B-E546F5AEFF09,C-7376A37CDB61,3,GU-1F58495BBA3B,3,M
B-EADC73E1E23A,C-3728A6D70342,1,GU-6556808EC09F,33,M
B-EADC73E1E23A,C-3728A6D70342,2,GU-34B934B9FED4,32,F
B-EADC73E1E23A,C-3728A6D70342,3,GU-96B40D278AEA,9,F
B-EADC73E1E23A,C-3728A6D70342,4,GU-2B40FD98C1F8,7,M
B-EADC73E1E23A,C-3728A6D70342,5,GU-CA577F01DE10,0,F
B-DB1CED63726D,C-42ED6828223C,1,GU-6AF743C1FF63,,
B-DB1CED63726D,C-42ED6828223C,2,GU-349D81689895,,
B-DB1CED63726D,C-42ED6828223C,3,GU-F68B0B45B1AF,,
B-DB1CED63726D,C-42ED6828223C,4,GU-BF6DC665588B,,
B-E3560598B229,C-1E559E434CCE,1,GU-B6B8132C976D,44,F
B-E3560598B229,C-1E559E434CCE,2,GU-76F02CAF242C,11,F
B-E3560598B229,C-1E559E434CCE,3,GU-2018D412BA8D,9,F
B-E3560598B229,C-1E559E434CCE,4,GU-D52E6F85B029,49,M
B-27E100678FF3,,1,GU-45C75B99331E,,
B-377E0352D75D,C-711241D865C7,1,GU-BC22AA57A3EA,,
B-377E0352D75D,C-711241D865C7,2,GU-F5FC54B99F80,,
B-B10843222F38,C-CC47A1EE11BC,1,GU-3FD90900DE9E,64,M
B-B10843222F38,C-CC47A1EE11BC,2,GU-D8C5E6D8B9AD,63,F
B-90F85B7E8B0A,,1,GU-BDC18C8DFE9B,,
B-90F85B7E8B0A,,2,GU-8A1243833FFE,,
B-90F85B7E8B0A,,3,GU-6A0359D8DB04,,
B-4CE51F7EB8BB,C-8C4EE5DEB283,1,GU-D6E95C9E6445,37,M
B-4CE51F7EB8BB,C-8C4EE5DEB283,2,GU-2E19D36C50A6,36,F
B-4CE51F7EB8BB,C-8C4EE5DEB283,3,GU-AA9E929A1C7D,7,F
B-4CE51F7EB8BB,C-8C4EE5DEB283,4,GU-29A0C26FE19C,0,F
B-E2174394B12B,,1,GU-F73033C027D0,,
B-E6878A1EFB45,,1,GU-C015A95E72B0,,
B-B5F2EBC9822E,C-7866E46797A3,1,GU-F093E9FB1176,49,M
B-B5F2EBC9822E,C-7866E46797A3,2,GU-C67C4A707B98,44,F
B-B5F2EBC9822E,C-7866E46797A3,3,GU-0845D1BAF76E,18,F
B-B5F2EBC9822E,C-7866E46797A3,4,GU-978DDF2622C4,12,F
B-73D59DA6015A,C-18CD5E3A82C3,1,GU-3BCF945AAC95,49,M
B-73D59DA6015A,C-18CD5E3A82C3,2,GU-28E9CF069D34,49,F
B-73D59DA6015A,C-18CD5E3A82C3,3,GU-797D7CECBDA0,6,F
B-4227A8506277,C-A65B2F4EF422,1,GU-DE67DDFCF019,40,M
B-4227A8506277,C-A65B2F4EF422,2,GU-BEA1D1FF01E3,46,F
B-4227A8506277,C-A65B2F4EF422,3,GU-84522B92AA7B,5,F
B-F64B1153CE31,C-6271933E752F,1,GU-C9C16F35EC75,60,
B-F64B1153CE31,C-6271933E752F,2,GU-74DC1A2AF90C,59,
B-F64B1153CE31,C-6271933E752F,3,GU-926DDD2E39B8,29,
B-F64B1153CE31,C-6271933E752F,4,GU-5CE362F1B8BC,22,
B-9E0DD97C87E3,C-6271933E752F,1,GU-7E37A3CB9BB1,59,F
B-9E0DD97C87E3,C-6271933E752F,2,GU-6DF87E00614F,60,M
B-9E0DD97C87E3,C-6271933E752F,3,GU-73B6C50AF1C1,22,M
B-9E0DD97C87E3,C-6271933E752F,4,GU-E3A80689B014,29,F
B-86AFB3CB5C61,C-07CFF2057935,1,GU-9E7D6E0CA40C,48,F
B-86AFB3CB5C61,C-07CFF2057935,2,GU-B8C6C9AF691E,48,M
B-3598711BE2DF,C-097108323F99,1,GU-C640672E99FF,33,M
B-3598711BE2DF,C-097108323F99,2,GU-AB16BD68C86A,37,F
B-3598711BE2DF,C-097108323F99,3,GU-115165CD5738,1,F
B-FB8878135775,C-21F7D44F4D8E,1,GU-793F140CB0D4,34,F
B-FB8878135775,C-21F7D44F4D8E,2,GU-CFE336F08480,40,M
B-331E953C666C,C-593BA8770100,1,GU-43E7C036FF3A,49,F
B-80EE81A4889D,C-EAB39AC4DB49,1,GU-301665F8B6D9,38,F
B-80EE81A4889D,C-EAB39AC4DB49,2,GU-B5FDF6635A71,40,M
B-7660E77DBB8C,C-3265BCA2EB66,1,GU-1EC119702749,56,M
B-7660E77DBB8C,C-3265BCA2EB66,2,GU-96D1012B6D25,9,M
B-7660E77DBB8C,C-3265BCA2EB66,3,GU-506DA4206E50,52,F
B-5CF25B0BC465,C-3CB22950F7F7,1,GU-4D7AD6DE2791,43,M
B-5CF25B0BC465,C-3CB22950F7F7,2,GU-EFDDA0464A79,40,F
B-5CF25B0BC465,C-3CB22950F7F7,3,GU-28EF1CE00B1B,10,F
B-5CF25B0BC465,C-3CB22950F7F7,4,GU-398D586BBA3B,7,M
B-4B4456C7C8E0,,1,GU-A9E34B02BBCC,,
B-4B4456C7C8E0,,2,GU-F1ECA4DD2DAC,79,M
B-4B4456C7C8E0,,3,GU-D7E9A7CFD688,,
B-C9D48362F1F7,C-44F4640DCF40,1,GU-A7CC7BF58F3A,33,M
B-C9D48362F1F7,C-44F4640DCF40,2,GU-387774FBAD8D,31,F
B-C9D48362F1F7,C-44F4640DCF40,3,GU-1D7A752FD6E0,3,M
B-72E3D3B46C3B,C-7E0689DD38DA,1,GU-0F9F49DF8098,46,F
B-72E3D3B46C3B,C-7E0689DD38DA,2,GU-9E5DA50DA013,46,M
B-72E3D3B46C3B,C-7E0689DD38DA,3,GU-6DCD62FA3BD8,15,M
B-72E3D3B46C3B,C-7E0689DD38DA,4,GU-9DD1D213E01E,11,M
B-6F5404B5724C,,1,GU-0A5CFDDF8A4E,,
B-36CE3F2F00DA,C-7E7C924AC95A,1,GU-732061602B23,,
B-36CE3F2F00DA,C-7E7C924AC95A,2,GU-849FD3B91E2B,,
B-36CE3F2F00DA,C-7E7C924AC95A,3,GU-C43696BE2572,,
B-36CE3F2F00DA,C-7E7C924AC95A,4,GU-1B25BA1ED61E,,
B-F0A3C5AA51A5,C-7557976C7AB3,1,GU-7173411B9103,48,F
B-F0A3C5AA51A5,C-7557976C7AB3,2,GU-C6D3FFF77207,6,M
B-F0A3C5AA51A5,C-7557976C7AB3,3,GU-53ECE1777355,71,M
B-F0A3C5AA51A5,C-7557976C7AB3,4,GU-8D9611D1D8DB,73,F
B-F0A3C5AA51A5,C-7557976C7AB3,5,GU-A586ECF079D3,17,M
B-F7CE9EF80F93,C-785D2321E007,1,GU-D717B9D8ECD9,,
B-F7CE9EF80F93,C-785D2321E007,2,GU-76373D54006A,,
B-0944C70D61E8,C-52E403F4394C,1,GU-B2D1BECC7F83,56,M
B-0944C70D61E8,C-52E403F4394C,2,GU-A625B587D95E,52,F
B-FE9FC46CFCBC,,1,GU-329A0FEE8EDC,,
B-FE9FC46CFCBC,,2,GU-4265ADEA9370,,
B-FE9FC46CFCBC,,3,GU-134A3F49CC14,,
B-FE9FC46CFCBC,,4,GU-64D6F06F2D57,,
B-F61B39490821,C-0F642A56B8A9,1,GU-F14E6F886A8E,43,M
B-F61B39490821,C-0F642A56B8A9,2,GU-DB3A3BF03F1D,42,F
B-F61B39490821,C-0F642A56B8A9,3,GU-EFFB5B1D3D81,14,F
B-F61B39490821,C-0F642A56B8A9,4,GU-6F8CEC0D3B10,10,F
B-C288B27C9C41,C-711241D865C7,1,GU-94F452FBEAE9,37,F
B-C288B27C9C41,C-711241D865C7,2,GU-5051345154CE,43,M
B-2D483B961BAD,C-79B493A49282,1,GU-4FD8379A5D78,26,F
B-2D483B961BAD,C-79B493A49282,2,GU-91F40C5C2600,30,M
B-340CEDF70122,,1,GU-2EC5844D432E,,
B-340CEDF70122,,2,GU-7E091E47818F,,
B-340CEDF70122,,3,GU-DA8A0811A36E,,
B-340CEDF70122,,4,GU-9FC495C0E8D0,,
B-C0CE7CCCF6EF,C-7799D712D40F,1,GU-FABCA7CFF932,46,M
B-C0CE7CCCF6EF,C-7799D712D40F,2,GU-AABB43E6C411,39,F
B-C0CE7CCCF6EF,C-7799D712D40F,3,GU-6E8E27EF5BA7,12,F
B-F692EFCBD103,C-3F3055B088DD,1,GU-816F4B10CB8C,62,
B-F692EFCBD103,C-3F3055B088DD,2,GU-10CB4FF11E29,49,
B-F692EFCBD103,C-3F3055B088DD,3,GU-FA438C7D01EE,22,
B-F692EFCBD103,C-3F3055B088DD,4,GU-AB4E21738DCE,10,
B-A047BDBF23C4,C-29584C445ED3,1,GU-86ABF65E3C2D,47,M
B-A047BDBF23C4,C-29584C445ED3,2,GU-05B0B0F9F423,11,M
B-A047BDBF23C4,C-29584C445ED3,3,GU-40A71DAE9670,47,F
B-A047BDBF23C4,C-29584C445ED3,4,GU-37C612E97077,14,M
B-36A31DEBF2F7,C-4B8264EE1D82,1,GU-A625B2F78354,53,M
B-36A31DEBF2F7,C-4B8264EE1D82,2,GU-59737927506C,49,F
B-36A31DEBF2F7,C-4B8264EE1D82,3,GU-CAA85069479E,20,F
B-36A31DEBF2F7,C-4B8264EE1D82,4,GU-C72400F042A3,16,F
B-F42B03E4CF69,C-BFA72CF27533,1,GU-8F6EA363C10D,61,M
B-F42B03E4CF69,C-BFA72CF27533,2,GU-BF88BEA6C8B8,62,F
B-1951621A0EF5,C-C0E8A6F89B79,1,GU-B4C16CC79ECE,39,F
B-1951621A0EF5,C-C0E8A6F89B79,2,GU-CA51A4F97CF8,48,M
B-FACCF78B4CDF,C-8435668A2435,1,GU-710098187F01,61,F
B-FACCF78B4CDF,C-8435668A2435,2,GU-9221EDFF123E,18,F
B-FACCF78B4CDF,C-8435668A2435,3,GU-7826FF4AFA2F,56,M
B-ACE4B50DCEB7,C-FD74A7BC1839,1,GU-FAEF8853982D,59,M
B-ACE4B50DCEB7,C-FD74A7BC1839,2,GU-576D7AD4996D,51,F
B-00508EA6C6FD,,1,GU-570B1FEAB848,42,M
B-00508EA6C6FD,,2,GU-6D9D3268AB19,40,F
B-00508EA6C6FD,,3,GU-123BD7986305,8,M
B-00508EA6C6FD,,4,GU-7A1ED14E284B,8,M
B-E5B50A3CA3BD,C-8A73131388C1,1,GU-5117BC31EAFE,51,M
B-E5B50A3CA3BD,C-8A73131388C1,2,GU-AD195776CDBA,42,F
B-E5B50A3CA3BD,C-8A73131388C1,3,GU-6EA64F6760D2,11,M
B-E5B50A3CA3BD,C-8A73131388C1,4,GU-62918F0A2E8B,7,M
B-E5B50A3CA3BD,C-8A73131388C1,5,GU-739CC0075FEC,7,F
B-A3A068BA7034,,1,GU-891669709414,47,F
B-9E8350687BA9,C-02846618877D,1,GU-4710FC2FED97,47,F
B-9E8350687BA9,C-02846618877D,2,GU-F5D7293513F5,54,M
B-9E8350687BA9,C-02846618877D,3,GU-883B0746D05A,16,F
B-9E8350687BA9,C-02846618877D,4,GU-91EDF2CACCDE,13,M
B-883DC9FC357E,C-EA82E61BA273,1,GU-24EC888AAD7B,24,F
B-883DC9FC357E,C-EA82E61BA273,2,GU-53502AF5B2C9,37,M
B-B95A3841F965,C-9B882BDEDA78,1,GU-14DDB401624D,39,M
B-B95A3841F965,C-9B882BDEDA78,2,GU-33D29B8750C4,38,F
B-A87A380C0684,C-5817B7A352D7,1,GU-8A3DC38D45B5,43,M
B-A87A380C0684,C-5817B7A352D7,2,GU-9A615713672C,30,F
B-A87A380C0684,C-5817B7A352D7,3,GU-48BCC1D1B492,2,F
B-A87A380C0684,C-5817B7A352D7,4,GU-64A277C6E7FC,43,F
B-9AB755E996AB,C-4312469FFB6D,1,GU-FD021D7EECF4,,
B-9AB755E996AB,C-4312469FFB6D,2,GU-9466B1C5540D,,
B-6622387D90EB,C-C5ED9451EFA3,1,GU-0F647442D6CB,65,M
B-6622387D90EB,C-C5ED9451EFA3,2,GU-32A3E91BDF4F,17,F
B-6622387D90EB,C-C5ED9451EFA3,3,GU-12282A01D5E7,57,F
B-9DE0ABEFEF08,,1,GU-7956E5173D81,,
B-9DE0ABEFEF08,,2,GU-15EE2C71DFB5,,
B-28B6047E7D72,C-8041369873DD,1,GU-8F4C2F98DA6E,57,M
B-28B6047E7D72,C-8041369873DD,2,GU-B63B76188372,53,F
B-28B6047E7D72,C-8041369873DD,3,GU-7DD9D45BA8B5,9,F
B-26DA62B6B94C,,1,GU-DF173EADD4C7,,
B-26DA62B6B94C,,2,GU-CF73B133424D,,
B-861C8354A204,,1,GU-540588D3EBB7,,
B-861C8354A204,,2,GU-949654F8207B,,
B-993E8D9BC35A,C-78A30E454B3C,1,GU-AEB1F32BEBF7,60,M
B-993E8D9BC35A,C-78A30E454B3C,2,GU-121DDCD1401A,59,F
B-993E8D9BC35A,C-78A30E454B3C,3,GU-34EA507CB8AD,18,M
B-E0B4D02205F0,C-C3EB8205D9E8,1,GU-3EA04394339E,49,F
B-E0B4D02205F0,C-C3EB8205D9E8,2,GU-89ECFE1EE2B6,58,M
B-E0B4D02205F0,C-C3EB8205D9E8,3,GU-671CE2ACC6FB,11,M
B-59FA7C57A771,C-0ABBB6950450,1,GU-652E099D5BBF,41,M
B-59FA7C57A771,C-0ABBB6950450,2,GU-B279210CE3E8,41,F
B-9C9F43571621,C-195A88B9D21E,1,GU-8AC5632006EC,46,M
B-9C9F43571621,C-195A88B9D21E,2,GU-648EBE6AF53E,45,F
B-61D4162672AC,,1,GU-FF97B9B6FBBD,,
B-61D4162672AC,,2,GU-8D6EEB48E6EB,,
B-61D4162672AC,,3,GU-74690AEFED22,,
B-61D4162672AC,,4,GU-326854941F20,,
B-AEC6B9DB24EF,C-2FE4E81C7267,1,GU-DBED6ABEAAF6,61,M
B-AEC6B9DB24EF,C-2FE4E81C7267,2,GU-452B3B2AA25E,59,F
B-3F4D5DDF93B9,C-2FE4E81C7267,1,GU-3E6E6B73D89C,23,F
B-3F4D5DDF93B9,C-2FE4E81C7267,2,GU-15C103DFEB55,25,F
B-D81C1451000A,C-C5270E86B79B,1,GU-69E605FED62C,,
B-D81C1451000A,C-C5270E86B79B,2,GU-DB9B0C27084E,,
B-D81C1451000A,C-C5270E86B79B,3,GU-1178AC0C0838,,
B-705CD6EB1D30,C-47FD4BAF2EA5,1,GU-D6593A18E902,,
B-705CD6EB1D30,C-47FD4BAF2EA5,2,GU-5064D5691FCC,,
B-7B6B9618B831,C-47FD4BAF2EA5,1,GU-8C2DAE451ED7,,
B-7B6B9618B831,C-47FD4BAF2EA5,2,GU-71B68D3B8385,,
B-412A0A6CF686,C-7A33E75FD019,1,GU-3AAB30B774A4,38,M
B-412A0A6CF686,C-7A33E75FD019,2,GU-F880350320A4,42,F
B-B79D401A82DA,C-540780615911,1,GU-4B895F8C67A7,56,F
B-B79D401A82DA,C-540780615911,2,GU-CD0597479689,20,F
B-B79D401A82DA,C-540780615911,3,GU-EC14965928D9,55,M
B-AF0368763CF4,C-C98EE33E8FCC,1,GU-3AF175051A78,23,F
B-AF0368763CF4,C-C98EE33E8FCC,2,GU-11F917F1E069,32,M
B-A78A15A0F67A,C-4BA7D1EFD8DC,1,GU-2462C18B7DD5,47,M
B-A78A15A0F67A,C-4BA7D1EFD8DC,2,GU-2443B56D6D04,40,F
B-A78A15A0F67A,C-4BA7D1EFD8DC,3,GU-24A9624057E1,6,F
B-8A4004C0EB80,,1,GU-3EF934A8EDF9,,
B-1E1B7711DCC8,,1,GU-6848DB99791C,,
B-0A2C3FD37D6D,,1,GU-ED08AEB38BDC,,
B-E1D92B03D6E3,,1,GU-4E1A269C8361,,
B-1347FC87578A,,1,GU-DB894CACF353,,
B-99159F1DAA4F,C-22CFD7B8D00C,1,GU-DCFF0DF01EC0,39,F
B-99159F1DAA4F,C-22CFD7B8D00C,2,GU-597CCE322F07,49,M
B-4EE61D4588D3,,1,GU-8830D4C633FD,,
B-4EE61D4588D3,,2,GU-611A869DCA9E,,
B-4EE61D4588D3,,3,GU-C41E53E70B95,,
B-4EE61D4588D3,,4,GU-7A47C3740CBF,,
B-4EE61D4588D3,,5,GU-E762F222B5A4,,
B-4EE61D4588D3,,6,GU-7456D67A7AAD,,
B-87E40636454D,,1,GU-3C43FE5B8D1B,,
B-87E40636454D,,2,GU-CA3B352C90B6,,
B-852FE3BA8983,C-2627AB6DAC63,1,GU-B009858EF208,46,M
B-852FE3BA8983,C-2627AB6DAC63,2,GU-E9DBA5149853,51,F
B-852FE3BA8983,C-2627AB6DAC63,3,GU-0DF637827B2A,1,F
B-748BB88133B0,C-D061925758DB,1,GU-C7DD497FC739,63,F
B-748BB88133B0,C-D061925758DB,2,GU-B9FAB231110C,51,M
B-748BB88133B0,C-D061925758DB,3,GU-79FEE349C693,28,F
B-38FBAF126D58,C-D61E4AC45D2F,1,GU-D7682AFF72FF,46,F
B-38FBAF126D58,C-D61E4AC45D2F,2,GU-8443B874D86C,19,F
B-38FBAF126D58,C-D61E4AC45D2F,3,GU-6E6DDE82CC3A,15,F
B-38FBAF126D58,C-D61E4AC45D2F,4,GU-041285D592FF,48,M
B-D49C4A26F661,C-8D46027573E5,1,GU-9BF5198F26E0,32,M
B-D49C4A26F661,C-8D46027573E5,2,GU-6727F300C0BC,32,F
B-D49C4A26F661,C-8D46027573E5,3,GU-838911E589F2,0,M
B-536BB58E8E74,C-5F6CE448EEEB,1,GU-1C6945BAFF9F,65,M
B-536BB58E8E74,C-5F6CE448EEEB,2,GU-29EB43C69088,65,F
B-5E554EEA8DE6,,1,GU-2547EDA095B3,,
B-5E554EEA8DE6,,2,GU-922D9602F150,,
B-F0563CC2E731,,1,GU-9221A42F1875,30,M
B-F0563CC2E731,,2,GU-BC39B9AB9B29,30,F
B-DA29A2136A7F,C-DACE496D7BBC,1,GU-6E8C88372082,59,M
B-DA29A2136A7F,C-DACE496D7BBC,2,GU-65DEB2E9F51D,58,F
B-7965B8704B56,C-F4ECB03D91C6,1,GU-295B2AD44E0C,51,M
B-7965B8704B56,C-F4ECB03D91C6,2,GU-0D2C16A184CC,51,F
B-98CCEBD6229F,C-A9C2E4992734,1,GU-5FCD23B6A467,42,M
B-98CCEBD6229F,C-A9C2E4992734,2,GU-05CA583A6EF9,42,F
B-98CCEBD6229F,C-A9C2E4992734,3,GU-26A999863ADC,16,M
B-B03BB563F87E,C-A07D346EFCDE,1,GU-A1AD889C7DB4,51,M
B-B03BB563F87E,C-A07D346EFCDE,2,GU-4889274BB25D,46,F
B-B03BB563F87E,C-A07D346EFCDE,3,GU-2C8A687D0A79,16,F
B-B03BB563F87E,C-A07D346EFCDE,4,GU-B757410094B9,12,M
B-1498452F8660,C-BA7479758508,1,GU-2AD370A20EB3,38,F
B-1498452F8660,C-BA7479758508,2,GU-1A071AF48DB7,39,M
B-1498452F8660,C-BA7479758508,3,GU-56928D9DAE52,3,F
B-1498452F8660,C-BA7479758508,4,GU-E7541D356153,3,F
B-CF4626AA8988,C-6465BCC22B42,1,GU-E6BC976C9A7A,53,M
B-CF4626AA8988,C-6465BCC22B42,2,GU-47F5BCD539CB,50,F
B-CF4626AA8988,C-6465BCC22B42,3,GU-9E6B09A4E4DA,15,M
B-CF4626AA8988,C-6465BCC22B42,4,GU-02C766DE59AD,14,F
B-05B3853D4925,C-30A8273CC6C5,1,GU-A58115635FBA,64,M
B-05B3853D4925,C-30A8273CC6C5,2,GU-AC32D9A4D6EF,61,F
B-05B3853D4925,C-30A8273CC6C5,3,GU-31382866F465,27,F
B-040C798A6689,,1,GU-4F091C7951D8,46,M
B-F5A4CC69630F,,1,GU-E398220F003A,56,M
B-3D4C9F4E707B,,1,GU-6C05B976439B,47,M
B-D92223346BCB,,1,GU-162132FA4748,51,M
B-91813B18C78A,C-F26F32A61386,1,GU-3F339EEEC19D,53,F
B-91813B18C78A,C-F26F32A61386,2,GU-1D1F22FD1256,14,M
B-91813B18C78A,C-F26F32A61386,3,GU-BAB96296A4E8,56,M
B-975517A7462A,C-6D46FACF1D05,1,GU-D42710AFA530,43,M
B-975517A7462A,C-6D46FACF1D05,2,GU-BFC0C4A4F647,42,F
B-975517A7462A,C-6D46FACF1D05,3,GU-38A8183AEE6B,12,F
B-975517A7462A,C-6D46FACF1D05,4,GU-0BBECBBA30E7,9,F
B-02B9FB0DC682,,1,GU-76EC658A7236,,
B-02B9FB0DC682,,2,GU-E36D5741D2AB,,
B-02B9FB0DC682,,3,GU-149A75EF97D2,,
B-C99A62FC1B2B,,1,GU-19785E588BBA,,
B-C99A62FC1B2B,,2,GU-1E1C8FEC2B6D,,
B-C99A62FC1B2B,,3,GU-B8968E819590,,
B-C99A62FC1B2B,,4,GU-9DA132EACD33,,
B-6FA58CD5AC6B,,1,GU-153E5A6E0873,,
B-6FA58CD5AC6B,,2,GU-9A4E8D626CBC,,
B-0C4B5C64B488,C-4E64FEB47C61,1,GU-7B078474AEA6,49,M
B-0C4B5C64B488,C-4E64FEB47C61,2,GU-BFC6D9204AC8,43,F
B-0C4B5C64B488,C-4E64FEB47C61,3,GU-205CC7F97A92,11,F
B-0C4B5C64B488,C-4E64FEB47C61,4,GU-F7FE1532122B,6,F
B-E55A488C7284,C-7A4340B84BF4,1,GU-13D7C94A2021,75,M
B-E55A488C7284,C-7A4340B84BF4,2,GU-3D2082B193D0,75,F
B-76C9C10BD1B8,C-7A4340B84BF4,1,GU-F70523944F8B,39,M
B-76C9C10BD1B8,C-7A4340B84BF4,2,GU-78A2E4DB82DC,34,F
B-76C9C10BD1B8,C-7A4340B84BF4,3,GU-D3A957BFCEE5,5,M
B-76C9C10BD1B8,C-7A4340B84BF4,4,GU-B1FEACA18F03,1,F
B-429599D1AEA7,C-708DC3D2F82E,1,GU-84B0A7DA381C,,
B-429599D1AEA7,C-708DC3D2F82E,2,GU-5F881C9DC424,,
B-5A89F31E2474,C-B10CC4B97BC6,1,GU-84E8BA1BEB83,,
B-5A89F31E2474,C-B10CC4B97BC6,2,GU-FCE363DEB99B,,
B-5A89F31E2474,C-B10CC4B97BC6,3,GU-7063483C0000,,
B-148D3AE28224,,1,GU-4264D6933F63,37,M
B-148D3AE28224,,2,GU-AC1AEC26FF1F,45,F
B-7D67C90CADB9,C-2908A27B08BC,1,GU-0921311BE7B4,61,M
B-7D67C90CADB9,C-2908A27B08BC,2,GU-66E2081A44E2,58,F
B-7D67C90CADB9,C-2908A27B08BC,3,GU-FFE7AA2FA8AF,22,F
B-7B2316A7F775,C-AC72371B864F,1,GU-B76F70735836,50,M
B-7B2316A7F775,C-AC72371B864F,2,GU-1856B8378311,15,F
B-7B2316A7F775,C-AC72371B864F,3,GU-3EF208F199CB,46,F
B-7B2316A7F775,C-AC72371B864F,4,GU-CA63F5054849,18,M
B-0428617FAA67,C-AC72371B864F,1,GU-9273C2EDFAFC,53,M
B-0428617FAA67,C-AC72371B864F,2,GU-1D2FA7F57BD5,52,F
B-0428617FAA67,C-AC72371B864F,3,GU-5AF2C9C944B0,15,F
B-ABD890D42DA7,C-C691DC16F8C9,1,GU-938C743E340C,43,F
B-ABD890D42DA7,C-C691DC16F8C9,2,GU-5043A8302A61,52,M
B-B87EB04E0E95,C-C691DC16F8C9,1,GU-5D4BDBF336ED,15,F
B-B87EB04E0E95,C-C691DC16F8C9,2,GU-571D712AA4A6,23,F
B-B87EB04E0E95,C-C691DC16F8C9,3,GU-B36B7ABA8597,17,M
B-B87EB04E0E95,C-C691DC16F8C9,4,GU-732A5B8EDBDB,9,M
B-B3D44C1F7794,C-95EAD1ACAFEB,1,GU-07E183B8FF07,54,F
B-B3D44C1F7794,C-95EAD1ACAFEB,2,GU-4FADE84B6098,53,M
B-B3D44C1F7794,C-95EAD1ACAFEB,3,GU-BC4F158D53DC,12,F
B-19B8B8FED2C6,C-604CC66E4CAC,1,GU-180AC8A419EB,56,M
B-19B8B8FED2C6,C-604CC66E4CAC,2,GU-F8C7EC9F406F,19,F
B-19B8B8FED2C6,C-604CC66E4CAC,3,GU-34F6A4F5B5CE,53,F
B-19B8B8FED2C6,C-604CC66E4CAC,4,GU-3BDA1BD77E1E,17,M
B-19B8B8FED2C6,C-604CC66E4CAC,5,GU-BDF80398A385,11,M
B-D1E94D699374,C-1EA7A544CB1C,1,GU-94D7A13B340B,71,F
B-D1E94D699374,C-1EA7A544CB1C,2,GU-7B0A6E57DCDF,75,M
B-5906395B7E89,C-04A6EA6B36AC,1,GU-B107BFBDF071,53,M
B-5906395B7E89,C-04A6EA6B36AC,2,GU-1E38F5009061,50,F
B-3964FE77AE25,C-F06E5592A016,1,GU-9C3DE9FD9767,52,F
B-3964FE77AE25,C-F06E5592A016,2,GU-64582F31432B,60,M
B-0F1FDBC7B6DE,C-170343ADBF98,1,GU-4F02F32AFA39,63,M
B-0F1FDBC7B6DE,C-170343ADBF98,2,GU-B9C18EF1456B,61,F
B-CD4E6C907A6E,C-E37260E932A3,1,GU-98D2CDFE68CE,35,M
B-CD4E6C907A6E,C-E37260E932A3,2,GU-8C10E37D748D,36,F
B-CD4E6C907A6E,C-E37260E932A3,3,GU-F3466D1EC7A2,2,M
B-4FA955167F23,C-647C03F5BE44,1,GU-497D3B14228E,,
B-4FA955167F23,C-647C03F5BE44,2,GU-A923FA28C8F6,,
B-2F3CC5A132F1,C-78BBEDD15BEA,1,GU-795DFD717E1F,53,F
B-2F3CC5A132F1,C-78BBEDD15BEA,2,GU-034DC290692C,58,M
B-E40AF468BF80,C-DCF562EAEA10,1,GU-B8C20FBEFEE0,57,M
B-E40AF468BF80,C-DCF562EAEA10,2,GU-77E7CD3E079A,54,F
B-1ADBF4C82BC0,,1,GU-1C3BD3A877A6,,
B-1ADBF4C82BC0,,2,GU-4315DE21951A,,
B-30A3A14BE9EE,,1,GU-6CBC8F57B6EE,,
B-30A3A14BE9EE,,2,GU-D3AA1E0FB1EE,,
B-3EA9875FDDC5,C-5811C5EAC5C3,1,GU-F430B128392C,42,F
B-3EA9875FDDC5,C-5811C5EAC5C3,2,GU-C7E60889601F,57,M
B-3EA9875FDDC5,C-5811C5EAC5C3,3,GU-1B01399B187B,10,F
B-3EA9875FDDC5,C-5811C5EAC5C3,4,GU-07B5F38EB75B,12,M
B-3EA9875FDDC5,C-5811C5EAC5C3,5,GU-2BA6FB524248,15,F
B-BD2C16F31780,,1,GU-7DDB57EF26BC,29,F
B-BD2C16F31780,,2,GU-5F92728A0300,0,M
B-BD2C16F31780,,3,GU-A76BEC10D6C6,,
B-BD2C16F31780,,4,GU-F7137D6CB707,,
B-A40A7A175804,C-3E0E80CC93B8,1,GU-08067C448691,42,F
B-A40A7A175804,C-3E0E80CC93B8,2,GU-8A9F7FE1E3CB,48,M
B-847EC262BBE3,C-E84294F124BE,1,GU-8A346802012F,58,M
B-847EC262BBE3,C-E84294F124BE,2,GU-678610B0B8DD,57,F
B-4D5D171332C9,C-E84294F124BE,1,GU-45E8EE46237F,56,M
B-4D5D171332C9,C-E84294F124BE,2,GU-2F8028511C69,52,F
B-F09ACC31A611,C-0C75D6E2CBCA,1,GU-729E0D54FFAB,52,M
B-F09ACC31A611,C-0C75D6E2CBCA,2,GU-971C0147EC82,56,F
B-6BEAB4A1E5CF,C-63DB366392EE,1,GU-84B8C3C60B06,51,F
B-6BEAB4A1E5CF,C-63DB366392EE,2,GU-5A7F023178FE,56,M
B-6BEAB4A1E5CF,C-63DB366392EE,3,GU-CA57BF2B7190,24,M
B-6BEAB4A1E5CF,C-63DB366392EE,4,GU-01E9CABB25E8,21,F
B-8E2071F05281,C-A639B8837879,1,GU-BABA23C2F753,57,M
B-8E2071F05281,C-A639B8837879,2,GU-35E447688536,55,F
B-9C5645FEA7AD,C-55F4E81AAA7A,1,GU-265AE9A659A0,50,M
B-9C5645FEA7AD,C-55F4E81AAA7A,2,GU-9257D1C2BD37,43,F
B-0E7BE0D759E5,C-077563C51F81,1,GU-7ED8969F1399,48,M
B-0E7BE0D759E5,C-077563C51F81,2,GU-4DE810BB5EA9,47,F
B-0E7BE0D759E5,C-077563C51F81,3,GU-FCDE7A05C8A3,0,F
B-5A70783B6C08,,1,GU-FC8601787811,,
B-5A70783B6C08,,2,GU-6D82226E0B74,,
B-5A70783B6C08,,3,GU-72E8918036D7,,
B-0CB7C25FC266,,1,GU-E2BB0AEC6B47,40,F
B-0CB7C25FC266,,2,GU-1CA9F70E4D17,40,M
B-A3212BF8A2E9,C-BA1DC2E7EBDD,1,GU-6722EEFA1CD9,44,M
B-A3212BF8A2E9,C-BA1DC2E7EBDD,2,GU-FA29E0C1C58C,35,F
B-A3212BF8A2E9,C-BA1DC2E7EBDD,3,GU-92E25B62A62B,8,F
B-E555A8A440F7,C-B5517520BF6F,1,GU-BA9BEB61ED3A,50,M
B-E555A8A440F7,C-B5517520BF6F,2,GU-3313EBD6368E,38,F
B-E555A8A440F7,C-B5517520BF6F,3,GU-6657092FC128,4,F
B-E555A8A440F7,C-B5517520BF6F,4,GU-F9B52B29D004,1,M
B-819D82FF7F9E,C-17686DF0F578,1,GU-904247A0D8E3,54,F
B-819D82FF7F9E,C-17686DF0F578,2,GU-4CC3DCCD1F3F,56,M
B-C983FE3D9122,,1,GU-093367C51E2F,45,M
B-C983FE3D9122,,2,GU-8A3FC9F3CE40,42,F
B-C983FE3D9122,,3,GU-DECAC72C4C0F,9,F
B-C983FE3D9122,,4,GU-63CD3B10B116,14,F
B-E487000B6259,,1,GU-938AD73472C4,,
B-E487000B6259,,2,GU-7700AAEE85A6,,
B-E487000B6259,,3,GU-18D9B7497A0D,,
B-E487000B6259,,4,GU-3AD3E2C75ED4,,
B-E487000B6259,,5,GU-217AF473A448,,
B-20BC271CFD0B,,1,GU-1CAC2A34A60A,49,M
B-20BC271CFD0B,,2,GU-D4D85CF9EB28,46,F
B-20BC271CFD0B,,3,GU-0E711E50C80F,11,M
B-1AA71401B7F3,,1,GU-38A5EF878273,48,M
B-1AA71401B7F3,,2,GU-9C53C66AC411,52,F
B-1AA71401B7F3,,3,GU-8E4CFA763EB4,5,F
B-9C16E6BEF772,,1,GU-2AA3A09BF278,53,M
B-9C16E6BEF772,,2,GU-1582C709BF65,4,F
B-9C16E6BEF772,,3,GU-082D59ADF8CB,47,F
B-9C16E6BEF772,,4,GU-652BAD48A8C4,13,F
B-FA2AEB2C2AD6,,1,GU-6A9E7C088F62,58,M
B-FA2AEB2C2AD6,,2,GU-BE919C28B222,54,F
B-FA2AEB2C2AD6,,3,GU-648B980AC7A6,12,M
B-FA2AEB2C2AD6,,4,GU-B999EA68857A,10,F
B-B1EE0F0ACFF0,,1,GU-C85415BF04C6,43,M
B-B1EE0F0ACFF0,,2,GU-389DEF29FB3D,43,F
B-B1EE0F0ACFF0,,3,GU-0D4AEF96744A,11,M
B-B1EE0F0ACFF0,,4,GU-B3E65086961B,6,F
B-200E55B7376B,C-F33A03EDB621,1,GU-3AA21BDCB0D0,62,F
B-200E55B7376B,C-F33A03EDB621,2,GU-EAD34A2AF267,40,F
B-200E55B7376B,C-F33A03EDB621,3,GU-1672C873C170,0,F
B-200E55B7376B,C-F33A03EDB621,4,GU-2436FA0972B9,11,M
B-EFEB2FEAF5FB,C-F33A03EDB621,1,GU-A84D15C9AD2F,33,M
B-EFEB2FEAF5FB,C-F33A03EDB621,2,GU-D53495DB45D2,71,M
B-EFEB2FEAF5FB,C-F33A03EDB621,3,GU-ECB632CA74D8,8,F
B-EFEB2FEAF5FB,C-F33A03EDB621,4,GU-01570888A2B9,35,F
B-EFEB2FEAF5FB,C-F33A03EDB621,5,GU-7819C7E6ABDD,31,M
B-12B413FDE7BF,,1,GU-44CA9BF29E42,20,M
B-12B413FDE7BF,,2,GU-BC7223E2ED64,20,F
B-7C432975DFD3,C-2EEDBEB779F0,1,GU-F54D52F03741,8,M
B-7C432975DFD3,C-2EEDBEB779F0,2,GU-8F811038EE66,34,M
B-7C432975DFD3,C-2EEDBEB779F0,3,GU-8A642CBFFD72,5,F
B-7C432975DFD3,C-2EEDBEB779F0,4,GU-2ED3A8D31830,32,F
B-627BA6172FF6,,1,GU-1B041F8A886F,,
B-627BA6172FF6,,2,GU-C9154829088C,,
B-974C9BCEFD3A,C-9EC120755B29,1,GU-F5E56A5A94E4,43,M
B-974C9BCEFD3A,C-9EC120755B29,2,GU-A631CD8D5901,16,M
B-974C9BCEFD3A,C-9EC120755B29,3,GU-ED38DB5A15D1,55,F
B-C39690823397,C-EEE807E7518C,1,GU-068FB74BB816,55,F
B-C39690823397,C-EEE807E7518C,2,GU-5BCA9C277215,59,M
B-C39690823397,C-EEE807E7518C,3,GU-6668214542FE,17,F
B-50F1BBC6CD35,,1,GU-341D6E44D677,34,M
B-50F1BBC6CD35,,2,GU-75555D38B12D,38,M
B-791BBDA31A53,C-C9CB4C32CADA,1,GU-4D9A2DAABFD1,56,M
B-791BBDA31A53,C-C9CB4C32CADA,2,GU-2E3771CB3D84,7,M
B-791BBDA31A53,C-C9CB4C32CADA,3,GU-913A09A6F46D,51,F
B-454AB13B8D8A,C-82407DDCDEB7,1,GU-087CE5B7495A,44,M
B-454AB13B8D8A,C-82407DDCDEB7,2,GU-27A9F74F9E25,37,F
B-454AB13B8D8A,C-82407DDCDEB7,3,GU-732C0C00F54B,10,F
B-454AB13B8D8A,C-82407DDCDEB7,4,GU-D7E77DCEC9AF,6,M
B-7148D36D00DF,C-0DB8AE492A83,1,GU-627160EE0A39,42,M
B-7148D36D00DF,C-0DB8AE492A83,2,GU-010530A10EF1,44,F
B-7148D36D00DF,C-0DB8AE492A83,3,GU-CC0AD8B8A503,7,M
B-7148D36D00DF,C-0DB8AE492A83,4,GU-FE0FFBE87CDA,5,F
B-9DB81726D97B,C-0DB8AE492A83,1,GU-F36CE48BB2C3,72,M
B-9DB81726D97B,C-0DB8AE492A83,2,GU-8CD04D15E06C,69,F
B-FD8B2AD8D012,C-6B4FE03B9C63,1,GU-DB7B728B276C,61,M
B-FD8B2AD8D012,C-6B4FE03B9C63,2,GU-E776A0ED25E7,57,F
B-F9237A8AC945,C-9E408C1EBAA6,1,GU-1D3C5DEC4F99,,
B-F9237A8AC945,C-9E408C1EBAA6,2,GU-A2351CFC32FA,,
B-F9237A8AC945,C-9E408C1EBAA6,3,GU-B8396D23937A,,
B-2B64A53C13F3,C-4BDD867AB33D,1,GU-2D007A0C5FAF,61,M
B-2B64A53C13F3,C-4BDD867AB33D,2,GU-199B247E92B8,52,F
B-E8A04CACCB7C,C-363F8C2C6826,1,GU-E6FFF3B4CE40,36,M
B-E8A04CACCB7C,C-363F8C2C6826,2,GU-B1B833F3E629,40,F
B-E8A04CACCB7C,C-363F8C2C6826,3,GU-6BC7572B90B2,9,M
B-EC67A6341D39,C-9FECC8500077,1,GU-4748CA1267B5,30,F
B-EC67A6341D39,C-9FECC8500077,2,GU-30CECBC6E796,37,M
B-B00FBC68218A,C-9E408C1EBAA6,1,GU-F6CD735D4CBC,58,F
B-B00FBC68218A,C-9E408C1EBAA6,2,GU-9D4D8F2B2FAC,18,F
B-B00FBC68218A,C-9E408C1EBAA6,3,GU-B2C245A8AC12,17,M
B-ED54DE48B388,,1,GU-F5B3F1025369,51,M
B-ED54DE48B388,,2,GU-20E1CBA1B82B,16,F
B-ED54DE48B388,,3,GU-823571706B8B,51,M
B-1798832CE1EE,,1,GU-4A72AB160336,57,M
B-1798832CE1EE,,2,GU-D61A88B95553,58,F
B-FE1D52C12432,,1,GU-6999EB8C3F11,49,M
B-FE1D52C12432,,2,GU-A1A2FFCCCBC1,46,F
B-FE1D52C12432,,3,GU-076925B74C04,7,F
B-FE1D52C12432,,4,GU-4BC558941925,9,M
B-6F3DB305DBB0,C-33F4406FF7BE,1,GU-97CDC997103F,50,M
B-6F3DB305DBB0,C-33F4406FF7BE,2,GU-E49EBBABAB33,39,F
B-AB6EA1D6C398,C-569E75AE973A,1,GU-5013D16E982D,,
B-AB6EA1D6C398,C-569E75AE973A,2,GU-B703894872A6,,
B-B5888471C2FF,C-8DB691144036,1,GU-8428B7F986BD,33,F
B-B5888471C2FF,C-8DB691144036,2,GU-638DAD80260C,49,M
B-093C81662FA1,C-B68DFB647DE0,1,GU-0FD71E956D4E,49,M
B-093C81662FA1,C-B68DFB647DE0,2,GU-5C25DD88FE82,50,F
B-F8840F40DB10,C-4215B252026C,1,GU-5138421F05BA,75,M
B-F8840F40DB10,C-4215B252026C,2,GU-920B03B23487,71,F
B-B06FD3DF835F,C-5A235B754BB4,1,GU-042DB605DE39,50,M
B-B06FD3DF835F,C-5A235B754BB4,2,GU-6FB98818F381,54,F
B-B06FD3DF835F,C-5A235B754BB4,3,GU-D2D98EFF1614,14,M
B-B06FD3DF835F,C-5A235B754BB4,4,GU-7F87B1F7B3C1,16,M
B-6E54FCE288D7,,1,GU-65ED1F5AC3AF,,
B-6E54FCE288D7,,2,GU-451B2EE2C6DC,,
B-6E54FCE288D7,,3,GU-0917666602B8,,
B-6E54FCE288D7,,4,GU-7385CB98DA58,,
B-26639AB876D3,C-5265621D5CFF,1,GU-06BB85060C12,26,M
B-26639AB876D3,C-5265621D5CFF,2,GU-1C08CC15BC28,26,F
B-D4F3E1132678,C-BA3FC9FFF4A0,1,GU-4CEF6BECF40B,55,M
B-D4F3E1132678,C-BA3FC9FFF4A0,2,GU-EE72C9BDFB53,31,M
B-29494D0B0AA5,C-24B5BC50A22A,1,GU-C398705D76FB,62,M
B-29494D0B0AA5,C-24B5BC50A22A,2,GU-EDE864D7A355,51,F
B-4AF1467036B2,C-A5690AF0B98B,1,GU-099FD466B20E,60,M
B-4AF1467036B2,C-A5690AF0B98B,2,GU-9BAD371E9058,56,F
B-FAAE88BC0EEF,C-12CF31DC54C9,1,GU-5CF36BEFB2D9,24,M
B-05D39DAD41F8,C-43D681D2C8FD,1,GU-29900B498988,25,M
B-F9730061BA96,C-83AA6F29EBA3,1,GU-23EBF0D2A75B,33,M
B-3CD3215D1FB4,C-84FEB1AA7848,1,GU-5766682B783C,53,M
B-3CD3215D1FB4,C-84FEB1AA7848,2,GU-A783F2E8EBDC,66,F
B-C99062DAD956,,1,GU-933311E572F2,17,F
B-C99062DAD956,,2,GU-F586DBCE37B6,19,M
B-F31A965C58FF,,1,GU-56C6EE163648,63,M
B-F31A965C58FF,,2,GU-2DC03005E176,63,F
B-F31A965C58FF,,3,GU-A1EF020CA891,58,M
B-F31A965C58FF,,4,GU-8B82746564EB,23,F
B-19AD8548C6FF,C-58CA425EE0A4,1,GU-8B3A60C8D72A,43,M
B-19AD8548C6FF,C-58CA425EE0A4,2,GU-4AFAB1CE1311,40,F
B-19AD8548C6FF,C-58CA425EE0A4,3,GU-3089E92C7F3B,3,M
B-886180F261DE,C-9432CD3E1533,1,GU-E86E1583533A,46,M
B-886180F261DE,C-9432CD3E1533,2,GU-ED03227715B5,41,F
B-238C1DC8D6F2,C-47F43BBAD998,1,GU-485F2DA190C8,60,M
B-238C1DC8D6F2,C-47F43BBAD998,2,GU-36EBD6E2AA51,58,F
B-4235C0A98A25,,1,GU-1718DB7A675B,25,F
B-4235C0A98A25,,2,GU-4F937C8A2C8C,29,M
B-35787311EFD6,C-E16C68D73A2C,1,GU-1F1016F96440,22,M
B-35787311EFD6,C-E16C68D73A2C,2,GU-9B308B63C646,30,M
B-64D35973F2FB,,1,GU-9A40F38156E5,,
B-64D35973F2FB,,2,GU-9B72177BB8C1,,
B-CDD4C6DCF79A,C-D72BA81216F5,1,GU-02EFC324D83B,58,M
B-CDD4C6DCF79A,C-D72BA81216F5,2,GU-E10102E607BD,52,F
B-A73ABE206F42,C-D72BA81216F5,1,GU-0BB849124084,53,M
B-A73ABE206F42,C-D72BA81216F5,2,GU-D6EAAA47CBDF,47,F
B-F20CDE680FA6,C-82D4C975DB19,1,GU-2B881B712D78,61,M
B-F20CDE680FA6,C-82D4C975DB19,2,GU-774721A2ABC7,56,F
B-7EF35B26B98F,,1,GU-81205B464A32,58,M
B-7EF35B26B98F,,2,GU-4FCB56269148,59,F
B-618D55B73D96,,1,GU-38EC6F0A6D64,24,M
B-618D55B73D96,,2,GU-077419F4C04E,24,F
B-3F35D7265A33,,1,GU-ED0C5DD314ED,31,M
B-3F35D7265A33,,2,GU-ABCF2EF26304,29,F
B-14F86574747D,,1,GU-512A1270E580,63,M
B-14F86574747D,,2,GU-52F58F324C30,60,F
B-EC32912FD33E,,1,GU-A4A950AFA737,34,F
B-EC32912FD33E,,2,GU-42BE633786CF,37,M
B-0E58B4386729,,1,GU-E60225FF3285,51,M
B-0E58B4386729,,2,GU-251E3827C449,48,F
B-997CBBC1AB22,,1,GU-ADF0A154720C,49,M
B-997CBBC1AB22,,2,GU-8BF6209343A9,46,F
B-269A2B9DBFD0,,1,GU-1F4066C03077,36,M
B-269A2B9DBFD0,,2,GU-4B739621283C,31,F
B-0B600F0F0388,,1,GU-B79780DC17FC,50,M
B-0B600F0F0388,,2,GU-32A1F44FD19C,48,F
B-07DCD0C6D8E0,,1,GU-7B657D9AEEB5,58,M
B-07DCD0C6D8E0,,2,GU-47CBDCF47F5B,,
B-0F26D7B55EB5,,1,GU-6A736DA97A5D,31,M
B-0F26D7B55EB5,,2,GU-048600916497,36,F
B-48556A2A40B7,,1,GU-4B37C168B36F,56,M
B-48556A2A40B7,,2,GU-6903570C227D,36,M
B-12DA4957F972,,1,GU-315569A6328A,20,F
B-12DA4957F972,,2,GU-B29021FF53B1,16,M
B-12DA4957F972,,3,GU-FA1FC411F2E4,14,F
B-F98E5CB7619E,,1,GU-7EA83177CF79,46,M
B-F98E5CB7619E,,2,GU-217CE752A9A7,43,F
B-F98E5CB7619E,,3,GU-88B781D5775B,7,M
B-AF93623CE5A5,,1,GU-69812DFEB1BC,41,M
B-AF93623CE5A5,,2,GU-26BC74A52D29,34,F
B-AF93623CE5A5,,3,GU-01F17051497E,10,F
B-CC8D7D738533,,1,GU-BD4F1BC08737,35,M
B-CC8D7D738533,,2,GU-9AACE02A2433,33,F
B-CC8D7D738533,,3,GU-8524F76ACE9F,15,M
B-CC8D7D738533,,4,GU-773BB501B98C,12,M
B-45E39D6B27BF,,1,GU-1FC5D888DE70,38,F
B-45E39D6B27BF,,2,GU-6C47D156994F,44,M
B-45E39D6B27BF,,3,GU-AD59AB950471,9,M
B-45E39D6B27BF,,4,GU-B5CEF3E53423,8,M
B-CA1C1892AAFC,,1,GU-698838F26D96,51,M
B-9D36472C9C4F,,1,GU-319AE724AF9E,,
B-9D36472C9C4F,,2,GU-9BD59F26FDD8,,
B-9D36472C9C4F,,3,GU-97D685BDB88E,,
B-9D36472C9C4F,,4,GU-C3EAFD018E09,,
B-588355134CAF,C-624D23EBFEF2,1,GU-D82D627D1CC5,,
B-588355134CAF,C-624D23EBFEF2,2,GU-4F8608E74136,,
B-588355134CAF,C-624D23EBFEF2,3,GU-27FEF64BF135,,
B-588355134CAF,C-624D23EBFEF2,4,GU-547437A53EEB,,
B-4CF597C0A311,C-3B308D9451D1,1,GU-54E09DC061EA,,
B-4CF597C0A311,C-3B308D9451D1,2,GU-7DD3608B440B,,
B-4CF597C0A311,C-3B308D9451D1,3,GU-EBF8390B42E8,,
B-4CF597C0A311,C-3B308D9451D1,4,GU-F1C9908DD2FD,,
B-64481E23C139,C-F04ED5B8CEF3,1,GU-A0001CC0C5F4,71,F
B-64481E23C139,C-F04ED5B8CEF3,2,GU-F1B2F9E70339,51,M
B-64481E23C139,C-F04ED5B8CEF3,3,GU-0592A2658166,45,F
B-64481E23C139,C-F04ED5B8CEF3,4,GU-75768B553E9A,,
B-64481E23C139,C-F04ED5B8CEF3,5,GU-A9114DDD4C6B,,
B-64481E23C139,C-F04ED5B8CEF3,6,GU-8DDBB5AF4AEE,,
B-373940EC358C,C-F9A3385520A7,1,GU-3F9BEB35BEAD,,
B-6B6161EDB522,C-CFC25E9AD6EC,1,GU-61FC4062F951,,
B-6B6161EDB522,C-CFC25E9AD6EC,2,GU-B20C484DD686,,
B-6B6161EDB522,C-CFC25E9AD6EC,3,GU-32F42289983E,,
B-6B6161EDB522,C-CFC25E9AD6EC,4,GU-685F0CEDF5D2,,
B-9D686F349862,C-85E27E40F625,1,GU-8C280F27252B,,
B-9D686F349862,C-85E27E40F625,2,GU-D02092B47440,,
B-9D686F349862,C-85E27E40F625,3,GU-70BB2A28771D,,
B-9D686F349862,C-85E27E40F625,4,GU-A74746DF6619,,
B-6693BC3FC3AB,C-154DF10B0E62,1,GU-B39628A5BA25,,
B-6693BC3FC3AB,C-154DF10B0E62,2,GU-0B7E820A5B55,,
B-6693BC3FC3AB,C-154DF10B0E62,3,GU-91DEAAD50B4A,,
B-6693BC3FC3AB,C-154DF10B0E62,4,GU-C090DA75F15D,,
B-6693BC3FC3AB,C-154DF10B0E62,5,GU-22AAAAFF69EA,,
B-6693BC3FC3AB,C-154DF10B0E62,6,GU-B38A83009D5B,,
B-904008F11D84,C-13959671115C,1,GU-BFB0FAF02296,75,F
B-904008F11D84,C-13959671115C,2,GU-A0FDCB4B8EDA,71,F
B-904008F11D84,C-13959671115C,3,GU-946E860E0412,8,F
B-904008F11D84,C-13959671115C,4,GU-48AB7B1B1316,14,F
B-904008F11D84,C-13959671115C,5,GU-4F0896E6C6EE,47,M
B-904008F11D84,C-13959671115C,6,GU-9F9CB99E9EFC,46,F
B-A84DCFC76B01,C-13959671115C,1,GU-EF43CAB0319C,,
B-A84DCFC76B01,C-13959671115C,2,GU-CC171B4B1AA5,,
B-A84DCFC76B01,C-13959671115C,3,GU-0F6332F78262,,
B-A84DCFC76B01,C-13959671115C,4,GU-B9EC9D3B46FE,,
B-A84DCFC76B01,C-13959671115C,5,GU-3185858AC749,,
B-A84DCFC76B01,C-13959671115C,6,GU-68DC0732ED3A,,
B-6E67DF1DE54A,C-F9A3385520A7,1,GU-1D1D4AC4725A,60,M
B-6E67DF1DE54A,C-F9A3385520A7,2,GU-678305D26261,52,F
B-CB4B1C39AFC9,C-8279B2DF7B23,1,GU-942D8CB3BAF6,,
B-CB4B1C39AFC9,C-8279B2DF7B23,2,GU-3E2CBEC9CCB6,,
B-CB4B1C39AFC9,C-8279B2DF7B23,3,GU-0C6C2125B525,,
B-CB4B1C39AFC9,C-8279B2DF7B23,4,GU-622C8D245867,,
B-CB4B1C39AFC9,C-8279B2DF7B23,5,GU-7538AACBCC54,,
B-CB4B1C39AFC9,C-8279B2DF7B23,6,GU-B5ECD2AA36D6,,
B-506FA641ECA4,C-69E31EF8C485,1,GU-ADABD4A5E4FB,,
B-506FA641ECA4,C-69E31EF8C485,2,GU-C9166C7AFE1B,,
B-506FA641ECA4,C-69E31EF8C485,3,GU-7AA6C3CADF9B,,
B-506FA641ECA4,C-69E31EF8C485,4,GU-1719931C6753,,
B-506FA641ECA4,C-69E31EF8C485,5,GU-E42989B3CA53,,
B-506FA641ECA4,C-69E31EF8C485,6,GU-E0BFCBFA56B3,,
B-BD0D995941C2,C-65B8F0560716,1,GU-25C2DFF21FFF,,
B-BD0D995941C2,C-65B8F0560716,2,GU-3B817F734462,,
B-BD0D995941C2,C-65B8F0560716,3,GU-E638B07D34CA,,
B-E9080EE723E0,C-65B8F0560716,1,GU-79A2C5379503,,
B-E9080EE723E0,C-65B8F0560716,2,GU-BB382E45ED38,,
B-E9080EE723E0,C-65B8F0560716,3,GU-B1234ADDF38A,,
B-8A1FF977ACC6,C-5F1D2DD37C66,1,GU-1BA55F56B43A,,
B-8A1FF977ACC6,C-5F1D2DD37C66,2,GU-69A5BD333C03,,
B-80E2FCE928EA,C-29AF70DD936A,1,GU-FC8B73BB44CA,53,
B-80E2FCE928EA,C-29AF70DD936A,2,GU-D3375CF3F9E7,52,
B-80E2FCE928EA,C-29AF70DD936A,3,GU-34CB0CBDF2D3,21,
B-5BC8F37B37F6,C-F9A3385520A7,1,GU-3E3D4A958AD1,66,F
B-5BC8F37B37F6,C-F9A3385520A7,2,GU-3C3AB092AF59,71,M
B-16AD51B11D6C,C-8441D178BFAC,1,GU-83851AB602D3,,
B-16AD51B11D6C,C-8441D178BFAC,2,GU-201397EB5593,,
B-16AD51B11D6C,C-8441D178BFAC,3,GU-DF93B5233646,,
B-16AD51B11D6C,C-8441D178BFAC,4,GU-95FE990C7E92,,
B-16AD51B11D6C,C-8441D178BFAC,5,GU-84521089E8C8,,
B-9E23A0D614C2,C-8441D178BFAC,1,GU-6A9202705B90,50,F
B-9E23A0D614C2,C-8441D178BFAC,2,GU-0C007C0FFBBC,15,M
B-9E23A0D614C2,C-8441D178BFAC,3,GU-5015810EB608,15,F
B-9E23A0D614C2,C-8441D178BFAC,4,GU-9778E1C36154,51,M
B-9E23A0D614C2,C-8441D178BFAC,5,GU-C9DD5FDBC9E7,15,M
B-2BAEF0A96159,C-9D1F9712DBF1,1,GU-307C7AE35336,47,M
B-2BAEF0A96159,C-9D1F9712DBF1,2,GU-647CA3D787A7,44,F
B-2BAEF0A96159,C-9D1F9712DBF1,3,GU-8BFCCC84C5EE,13,M
B-2BAEF0A96159,C-9D1F9712DBF1,4,GU-52CD61699D1A,16,M
B-2BAEF0A96159,C-9D1F9712DBF1,5,GU-B48DE96136EB,16,M
B-6EDD4BB973EC,C-7E19811E6792,1,GU-32A94E6188E4,59,F
B-6EDD4BB973EC,C-7E19811E6792,2,GU-9EDF58B0DB6D,55,M
B-6EDD4BB973EC,C-7E19811E6792,3,GU-3D76C87FDAC3,27,F
B-6EDD4BB973EC,C-7E19811E6792,4,GU-C1D02AF1BCF8,21,M
B-77B3A0966732,C-7E19811E6792,1,GU-BE14FE27121A,,
B-77B3A0966732,C-7E19811E6792,2,GU-7673EC3F7534,,
B-07BBC332EC2C,C-AB1DBE976EC9,1,GU-13380A38ADAB,,
B-07BBC332EC2C,C-AB1DBE976EC9,2,GU-304835C9B75D,,
B-07BBC332EC2C,C-AB1DBE976EC9,3,GU-93DD8C68C1F8,,
B-3F7F87C7D34C,C-C5BB2E1DC0C7,1,GU-866A76FA2A7A,,
B-3F7F87C7D34C,C-C5BB2E1DC0C7,2,GU-C486735BCD0B,,
B-3F7F87C7D34C,C-C5BB2E1DC0C7,3,GU-C8DA356A4D2C,,
B-45B21538AEB0,C-C5BB2E1DC0C7,1,GU-B29E494DDDAC,,
B-45B21538AEB0,C-C5BB2E1DC0C7,2,GU-8DBF7ABFAE5D,,
B-45B21538AEB0,C-C5BB2E1DC0C7,3,GU-82AC068E8184,,
B-131F503CAA39,C-D539840D92B9,1,GU-92092D5B36D9,,
B-131F503CAA39,C-D539840D92B9,2,GU-6D4C9B64B722,,
B-131F503CAA39,C-D539840D92B9,3,GU-CBD06F00841F,,
B-131F503CAA39,C-D539840D92B9,4,GU-8002BCFDE638,,
B-131F503CAA39,C-D539840D92B9,5,GU-44528ECB7E29,,
B-131F503CAA39,C-D539840D92B9,6,GU-69FD49E9A371,,
B-9BA9B6A65055,C-1D8A6C86233A,1,GU-A11994D4CE88,,
B-9BA9B6A65055,C-1D8A6C86233A,2,GU-923915471D17,,
B-9BA9B6A65055,C-1D8A6C86233A,3,GU-FB537A34E45A,,
B-9BA9B6A65055,C-1D8A6C86233A,4,GU-084CECCA40C2,,
B-9BA9B6A65055,C-1D8A6C86233A,5,GU-D41CE7C10658,,
B-9BA9B6A65055,C-1D8A6C86233A,6,GU-30364C0B0A35,,
B-BB17B7008C37,C-7CDC7F758D90,1,GU-7F8A6C1415A8,71,F
B-BB17B7008C37,C-7CDC7F758D90,2,GU-0FA997BCDACD,66,M
B-BB17B7008C37,C-7CDC7F758D90,3,GU-D3BCF25851F4,45,F
B-BB17B7008C37,C-7CDC7F758D90,4,GU-17867704C8EE,13,M
B-BB17B7008C37,C-7CDC7F758D90,5,GU-783BCE579430,11,F
B-61A03F5161D7,C-4CA054F71FE8,1,GU-121BB6A00B4C,76,M
B-61A03F5161D7,C-4CA054F71FE8,2,GU-E57E69B9EB06,46,F
B-61A03F5161D7,C-4CA054F71FE8,3,GU-3450060147AA,39,F
B-61A03F5161D7,C-4CA054F71FE8,4,GU-A1B4BB5E104B,52,M
B-61A03F5161D7,C-4CA054F71FE8,5,GU-669D0C145A64,19,F
B-61A03F5161D7,C-4CA054F71FE8,6,GU-A51B5D4634D2,41,M
B-61A03F5161D7,C-4CA054F71FE8,7,GU-F4667E8800E8,1,F
B-5247F153A961,C-886C3C1BA9E5,1,GU-786F9BDE76AB,51,F
B-5247F153A961,C-886C3C1BA9E5,2,GU-BCA020334748,55,M
B-5247F153A961,C-886C3C1BA9E5,3,GU-FA85D5796442,21,M
B-5247F153A961,C-886C3C1BA9E5,4,GU-54B448AFF39C,24,F
B-5247F153A961,C-886C3C1BA9E5,5,GU-BC279C94AC8F,23,F
B-5247F153A961,C-886C3C1BA9E5,6,GU-D3FED6E4DA83,23,M
B-36790957FBA8,C-ED9EEB2193B5,1,GU-B36D890E1654,57,M
B-36790957FBA8,C-ED9EEB2193B5,2,GU-309FF6ED7DD4,51,F
B-36790957FBA8,C-ED9EEB2193B5,3,GU-84BD99DEEA2D,25,F
B-36790957FBA8,C-ED9EEB2193B5,4,GU-6C987EB3B9EA,,
B-36790957FBA8,C-ED9EEB2193B5,5,GU-98A17198D11D,,
B-36790957FBA8,C-ED9EEB2193B5,6,GU-C90B7F3A48C1,,
B-BC77A0A2358D,C-5ADA55FEEFB3,1,GU-238D935D6DA3,,
B-BC77A0A2358D,C-5ADA55FEEFB3,2,GU-2CF77EC06534,,
B-BC77A0A2358D,C-5ADA55FEEFB3,3,GU-82E843AF1403,,
B-BC77A0A2358D,C-5ADA55FEEFB3,4,GU-60BE56B168B6,,
B-BC77A0A2358D,C-5ADA55FEEFB3,5,GU-DF2248D03618,,
B-BC77A0A2358D,C-5ADA55FEEFB3,6,GU-BDE772769491,,
B-131CF31FF3D5,C-5383D4621044,1,GU-8D5AF5612D65,,
B-A3163844E472,C-6866FCD0BFC3,1,GU-E76C8AEB1FEA,,
B-A3163844E472,C-6866FCD0BFC3,2,GU-B429C38493B3,,
B-A3163844E472,C-6866FCD0BFC3,3,GU-B385EA21FE19,,
B-F15D5EE4D1D3,C-A0FC258288B1,1,GU-04C268FEE23D,,
B-F15D5EE4D1D3,C-A0FC258288B1,2,GU-9856697BAB73,,
B-F15D5EE4D1D3,C-A0FC258288B1,3,GU-05568C597B66,,
B-F15D5EE4D1D3,C-A0FC258288B1,4,GU-79165EE73142,,
B-0564F7013AD2,C-1AAC21727B10,1,GU-4A1E0E68AF4B,,
B-0564F7013AD2,C-1AAC21727B10,2,GU-D3CBC11B47D1,,
B-0564F7013AD2,C-1AAC21727B10,3,GU-A0D0C3E9BEB5,,
B-0564F7013AD2,C-1AAC21727B10,4,GU-CC3009100F4C,,
B-0564F7013AD2,C-1AAC21727B10,5,GU-28BB54BAA8E1,,
B-0564F7013AD2,C-1AAC21727B10,6,GU-ADD367C13EA8,,
B-0619D13A201D,C-F13B78D8E79D,1,GU-33F85DCB737F,,
B-0619D13A201D,C-F13B78D8E79D,2,GU-EE5C418BE0AB,,
B-0619D13A201D,C-F13B78D8E79D,3,GU-232FB197E346,,
B-0619D13A201D,C-F13B78D8E79D,4,GU-E045DBD2AF1D,,
B-0619D13A201D,C-F13B78D8E79D,5,GU-D7CA3696E8DE,,
B-0619D13A201D,C-F13B78D8E79D,6,GU-46BF89E65799,,
B-FB57D3639954,C-5DB08D59376E,1,GU-16F38C873DC3,47,M
B-FB57D3639954,C-5DB08D59376E,2,GU-0A1805F65735,44,F
B-FB57D3639954,C-5DB08D59376E,3,GU-908E00DBED0E,17,F
B-FB57D3639954,C-5DB08D59376E,4,GU-49AFC86285A5,21,F
B-FB57D3639954,C-5DB08D59376E,5,GU-D6C8EEAA4160,24,M
B-5D4B6CDB6573,C-13B04E446174,1,GU-1B37A1CEE844,58,F
B-5D4B6CDB6573,C-13B04E446174,2,GU-E1F01D80D128,61,M
B-5D4B6CDB6573,C-13B04E446174,3,GU-9F25305650FB,24,F
B-12CE8BF1E080,C-C5B289893167,1,GU-D0FEF4BC76E3,60,M
B-12CE8BF1E080,C-C5B289893167,2,GU-E7BD80B889DC,58,F
B-F4305BCFF5B6,C-5D54176CCE53,1,GU-30C3B2BAE09C,,
B-F4305BCFF5B6,C-5D54176CCE53,2,GU-321A107EEAFC,,
B-F4305BCFF5B6,C-5D54176CCE53,3,GU-AC1C6E5267BB,,
B-F4305BCFF5B6,C-5D54176CCE53,4,GU-CA3A14FE4A8B,,
B-F4305BCFF5B6,C-5D54176CCE53,5,GU-16FDC418EC62,,
B-F4305BCFF5B6,C-5D54176CCE53,6,GU-832CA9D2599E,,
B-7C300B84D7CC,C-69D8F19FBBEF,1,GU-0A7CA53DFA20,,
B-7C300B84D7CC,C-69D8F19FBBEF,2,GU-69B91A1CDCFD,,
B-7C300B84D7CC,C-69D8F19FBBEF,3,GU-9D3F633F8607,,
B-7C300B84D7CC,C-69D8F19FBBEF,4,GU-666FFFCF79B9,,
B-7C300B84D7CC,C-69D8F19FBBEF,5,GU-CAB2032956AC,,
B-7C300B84D7CC,C-69D8F19FBBEF,6,GU-105F1DEE046C,,
B-0843F2C0EE4D,C-6899179E45B6,1,GU-00EB635F038A,,
B-0843F2C0EE4D,C-6899179E45B6,2,GU-C5CA42A1E608,,
B-0843F2C0EE4D,C-6899179E45B6,3,GU-25E1E3D296E8,,
B-0843F2C0EE4D,C-6899179E45B6,4,GU-3F3894404904,,
B-0843F2C0EE4D,C-6899179E45B6,5,GU-D460859E9C76,,
B-0843F2C0EE4D,C-6899179E45B6,6,GU-50964C249D0A,,
B-2E89B8E3AB84,C-ADA2CAD305DC,1,GU-0AF923512F59,,
B-2E89B8E3AB84,C-ADA2CAD305DC,2,GU-50311AA3CC5B,,
B-2E89B8E3AB84,C-ADA2CAD305DC,3,GU-03476B3AA44F,,
B-2E89B8E3AB84,C-ADA2CAD305DC,4,GU-AF6DD01A37F6,,
B-2E89B8E3AB84,C-ADA2CAD305DC,5,GU-2EBB6D794423,,
B-2E89B8E3AB84,C-ADA2CAD305DC,6,GU-E5B496A064F5,,
B-C170534043F1,C-C74AA0A8FF29,1,GU-DEAAD02AF194,59,M
B-C170534043F1,C-C74AA0A8FF29,2,GU-9EA40B003E2E,57,F
B-C170534043F1,C-C74AA0A8FF29,3,GU-6B199184D35A,28,M
B-C170534043F1,C-C74AA0A8FF29,4,GU-1F1D1810D196,27,F
B-C170534043F1,C-C74AA0A8FF29,5,GU-A0FF56AAE07D,24,F
B-C170534043F1,C-C74AA0A8FF29,6,GU-CB0E1F920CB8,27,M
B-183814828B88,C-14E59BDF766E,1,GU-713689FBF18E,,
B-183814828B88,C-14E59BDF766E,2,GU-4EBDCB9DC839,,
B-183814828B88,C-14E59BDF766E,3,GU-321883289C5C,,
B-183814828B88,C-14E59BDF766E,4,GU-C113C75010C0,,
B-183814828B88,C-14E59BDF766E,5,GU-D07935546559,,
B-183814828B88,C-14E59BDF766E,6,GU-F46B1F0BBE30,,
B-DF72E2A56A06,C-33E1243EF14F,1,GU-A69E806D6CEA,,
B-DF72E2A56A06,C-33E1243EF14F,2,GU-180368D07EEB,,
B-DF72E2A56A06,C-33E1243EF14F,3,GU-58D8F1968F0D,,
B-DF72E2A56A06,C-33E1243EF14F,4,GU-6273DEA94261,,
B-DF72E2A56A06,C-33E1243EF14F,5,GU-E141717EB691,,
B-DF72E2A56A06,C-33E1243EF14F,6,GU-E38B486E3341,,
B-72C1E87B4475,C-B1B3B8D35633,1,GU-38BA5E5A254B,57,M
B-72C1E87B4475,C-B1B3B8D35633,2,GU-64E43F81AB93,56,F
B-72C1E87B4475,C-B1B3B8D35633,3,GU-1DB2CD4B277D,21,M
B-72C1E87B4475,C-B1B3B8D35633,4,GU-77A10AD14FA5,17,F
B-72C1E87B4475,C-B1B3B8D35633,5,GU-379BCDFE11F3,,
B-72C1E87B4475,C-B1B3B8D35633,6,GU-55329CA32BDF,,
B-B48960D20441,C-7048CA35F33D,1,GU-1C2EF399E7A9,,
B-B48960D20441,C-7048CA35F33D,2,GU-BB3AB1C267AB,,
B-0F4D6D6B286E,C-62B02A1C8E9B,1,GU-9F0FE72B4060,,
B-0F4D6D6B286E,C-62B02A1C8E9B,2,GU-107DFA049203,,
B-0F4D6D6B286E,C-62B02A1C8E9B,3,GU-7C42599F0F72,,
B-0F4D6D6B286E,C-62B02A1C8E9B,4,GU-397EBBB78AC4,,
B-0F4D6D6B286E,C-62B02A1C8E9B,5,GU-D680B0E118AD,,
B-B2A125988979,C-62B02A1C8E9B,1,GU-C5E75734BECC,,
B-B2A125988979,C-62B02A1C8E9B,2,GU-11112CD74998,,
B-B2A125988979,C-62B02A1C8E9B,3,GU-D3EFBD5D1771,,
B-B2A125988979,C-62B02A1C8E9B,4,GU-8DCDFF1A9CA0,,
B-B2A125988979,C-62B02A1C8E9B,5,GU-BE04E471FFA5,,
B-B2A125988979,C-62B02A1C8E9B,6,GU-8DF6EDD90E6F,,
B-9544D312C435,C-5191171BCA37,1,GU-C8DE81DDA614,47,M
B-9544D312C435,C-5191171BCA37,2,GU-C8A6DF9E5C2A,47,F
B-9544D312C435,C-5191171BCA37,3,GU-AF9ECB6D802E,18,F
B-9544D312C435,C-5191171BCA37,4,GU-106F81CAA21C,19,M
B-DAB270AA1B0B,C-5191171BCA37,1,GU-489A567FE1B8,74,M
B-DAB270AA1B0B,C-5191171BCA37,2,GU-64729E41F757,36,M
B-DAB270AA1B0B,C-5191171BCA37,3,GU-116884C0A23D,38,F
B-DAB270AA1B0B,C-5191171BCA37,4,GU-B7DBFFAF6A1C,2,M
B-DAB270AA1B0B,C-5191171BCA37,5,GU-197846C141FD,7,F
B-DAB270AA1B0B,C-5191171BCA37,6,GU-DACC1E763CF0,45,F
B-DAB270AA1B0B,C-5191171BCA37,7,GU-9D32BF4C3A65,71,
B-BCBFE0CF8F2F,C-652E610D5D6E,1,GU-D13CB1F42595,,
B-BCBFE0CF8F2F,C-652E610D5D6E,2,GU-A3ECE87BD2EB,,
B-46E2899EC24B,C-D8AEE706D0E1,1,GU-A16C091BDBD1,,
B-46E2899EC24B,C-D8AEE706D0E1,2,GU-CC27F6C6E83A,,
B-46E2899EC24B,C-D8AEE706D0E1,3,GU-1FC90B7369C7,,
B-46E2899EC24B,C-D8AEE706D0E1,4,GU-8EDA8B1D2BC6,,
B-46E2899EC24B,C-D8AEE706D0E1,5,GU-BA6C8695929E,,
B-46E2899EC24B,C-D8AEE706D0E1,6,GU-803A8746F3C8,,
B-E22BDF1020CF,C-FC1E72E36A6A,1,GU-C24E5FB1B456,,
B-E22BDF1020CF,C-FC1E72E36A6A,2,GU-0EC0119A9427,,
B-A1C5E9311BFC,C-CFF1E8ABF128,1,GU-D204DD9812BB,51,M
B-A1C5E9311BFC,C-CFF1E8ABF128,2,GU-209E2145AEE2,47,F
B-A1C5E9311BFC,C-CFF1E8ABF128,3,GU-CAEB50F709F7,11,M
B-A1C5E9311BFC,C-CFF1E8ABF128,4,GU-5E0A31C13EF0,9,F
B-A1C5E9311BFC,C-CFF1E8ABF128,5,GU-3E7CCADE647A,6,F
B-F499F46C713B,C-DBD1F0044E2D,1,GU-7BBC9DA36E2F,55,F
B-F499F46C713B,C-DBD1F0044E2D,2,GU-9E07F3128EBD,56,M
B-F499F46C713B,C-DBD1F0044E2D,3,GU-89423940CD1A,17,M
B-F499F46C713B,C-DBD1F0044E2D,4,GU-4B45C7BE29BA,20,M
B-F499F46C713B,C-DBD1F0044E2D,5,GU-F2E7D5BE08D3,,
B-F499F46C713B,C-DBD1F0044E2D,6,GU-6B15E6D0750B,,
B-4E5D3CA30B39,C-DBD1F0044E2D,1,GU-E733FADF2F32,,
B-4E5D3CA30B39,C-DBD1F0044E2D,2,GU-624BE9C511C9,,
B-4E5D3CA30B39,C-DBD1F0044E2D,3,GU-35B7DDC627B7,,
B-4E5D3CA30B39,C-DBD1F0044E2D,4,GU-5612DADA6966,,
B-4E5D3CA30B39,C-DBD1F0044E2D,5,GU-317EE6B121AB,,
B-4E5D3CA30B39,C-DBD1F0044E2D,6,GU-0544AE1D1898,,
B-21931B7DCBD0,C-2C383BA1DFDB,1,GU-84E480A865D0,50,
B-21931B7DCBD0,C-2C383BA1DFDB,2,GU-FBED91F8CE77,49,
B-21931B7DCBD0,C-2C383BA1DFDB,3,GU-44CC3DBF0A26,22,
B-21931B7DCBD0,C-2C383BA1DFDB,4,GU-7AB93073C8C8,19,
B-21931B7DCBD0,C-2C383BA1DFDB,5,GU-5EBD9B6C2626,14,
B-21931B7DCBD0,C-2C383BA1DFDB,6,GU-ED822F154F46,22,
B-1CE5DEF3D3E0,C-2C383BA1DFDB,1,GU-385E42F8477A,50,
B-1CE5DEF3D3E0,C-2C383BA1DFDB,2,GU-349584AC5001,49,
B-1CE5DEF3D3E0,C-2C383BA1DFDB,3,GU-1F1FC9B1B4A1,19,
B-1CE5DEF3D3E0,C-2C383BA1DFDB,4,GU-77AC8CE45EA2,,
B-1CE5DEF3D3E0,C-2C383BA1DFDB,5,GU-0EA1AA39C21A,14,
B-1CE5DEF3D3E0,C-2C383BA1DFDB,6,GU-CB7DE7A884AD,22,
B-A66EDBE9D47D,C-27761CB2FE3C,1,GU-510538535885,64,M
B-A66EDBE9D47D,C-27761CB2FE3C,2,GU-1D46F7CC9840,62,F
B-A66EDBE9D47D,C-27761CB2FE3C,3,GU-FDFB137759C5,26,F
B-A66EDBE9D47D,C-27761CB2FE3C,4,GU-94276EB03EB9,,
B-A66EDBE9D47D,C-27761CB2FE3C,5,GU-D4322FC053F8,,
B-A66EDBE9D47D,C-27761CB2FE3C,6,GU-953379D06288,,
B-285B7431D6E8,C-219676491855,1,GU-17DB7BCFEEDB,61,F
B-285B7431D6E8,C-219676491855,2,GU-4FB1ECED0AAE,57,M
B-285B7431D6E8,C-219676491855,3,GU-CDA1A9C7F516,19,F
B-290018B6EB40,C-30199C36A081,1,GU-B49E5EDBCCC2,,
B-290018B6EB40,C-30199C36A081,2,GU-0F8EE007BD22,,
B-290018B6EB40,C-30199C36A081,3,GU-6F1F66121A12,,
B-290018B6EB40,C-30199C36A081,4,GU-555E6FD06EF7,,
B-290018B6EB40,C-30199C36A081,5,GU-CF7EC874C42E,,
B-290018B6EB40,C-30199C36A081,6,GU-E579D218FFA8,,
B-59B60B2D6843,C-28ACFE111CE7,1,GU-275F57C89E59,,
B-59B60B2D6843,C-28ACFE111CE7,2,GU-96C2018F6B65,,
B-59B60B2D6843,C-28ACFE111CE7,3,GU-FC919E3F2B34,,
B-59B60B2D6843,C-28ACFE111CE7,4,GU-F5C3B4618C6A,,
B-4FB0F51C1C1A,C-51C5EDC4CC2C,1,GU-E14E9679B42C,,
B-4FB0F51C1C1A,C-51C5EDC4CC2C,2,GU-75D9C54C2C95,,
B-4FB0F51C1C1A,C-51C5EDC4CC2C,3,GU-8886C120BFF3,,
B-4FB0F51C1C1A,C-51C5EDC4CC2C,4,GU-D70C5568EA1B,,
B-4FB0F51C1C1A,C-51C5EDC4CC2C,5,GU-FE0054616BAB,,
B-4FB0F51C1C1A,C-51C5EDC4CC2C,6,GU-727F0A1E153A,,
B-FCB09DB112EC,C-A6D8CFCE23C6,1,GU-F9BECA0362C6,55,M
B-FCB09DB112EC,C-A6D8CFCE23C6,2,GU-820F2FC8DBAB,53,F
B-FCB09DB112EC,C-A6D8CFCE23C6,3,GU-6B7B62C7D5C3,,
B-FCB09DB112EC,C-A6D8CFCE23C6,4,GU-D114341A95B0,,
B-48789E6516EA,C-55E76A953249,1,GU-1026D9844285,,
B-48789E6516EA,C-55E76A953249,2,GU-6EB89F713E71,,
B-48789E6516EA,C-55E76A953249,3,GU-7D90A80F8BEE,,
B-48789E6516EA,C-55E76A953249,4,GU-546220BCA162,,
B-206BD8A2BFA6,C-A8795BE62FAC,1,GU-572E257AEB7C,,
B-206BD8A2BFA6,C-A8795BE62FAC,2,GU-1DF29563B461,,
B-206BD8A2BFA6,C-A8795BE62FAC,3,GU-6B9EBC07C61A,,
B-206BD8A2BFA6,C-A8795BE62FAC,4,GU-3F0A355C4DB6,,
B-206BD8A2BFA6,C-A8795BE62FAC,5,GU-88154905CA11,,
B-206BD8A2BFA6,C-A8795BE62FAC,6,GU-7F621CC41C0C,,
B-B7BFEA1AD9FA,C-FCD66A40ECDC,1,GU-5CB9F8D2C4B0,55,M
B-B7BFEA1AD9FA,C-FCD66A40ECDC,2,GU-227A245EE668,17,M
B-B7BFEA1AD9FA,C-FCD66A40ECDC,3,GU-76FCF0B6209E,14,M
B-DFAD4ECB432D,C-070CFE7B6550,1,GU-6B3479F0B428,55,F
B-E3635E4A3033,C-F9A3385520A7,1,GU-6B3967EC5D8C,67,F
B-E3635E4A3033,C-F9A3385520A7,2,GU-529BBBB4A2F2,74,M
B-E3635E4A3033,C-F9A3385520A7,3,GU-82C63605399F,69,F
B-E3635E4A3033,C-F9A3385520A7,4,GU-27CD673BB588,25,M
B-E3635E4A3033,C-F9A3385520A7,5,GU-6A726321D7E9,64,F
B-E3635E4A3033,C-F9A3385520A7,6,GU-DC0701A3F9D5,63,F
B-D9DE44DD82F8,C-F9A3385520A7,1,GU-282BED5C7D3F,,
B-D9DE44DD82F8,C-F9A3385520A7,2,GU-16C0F42BCD93,,
B-D9DE44DD82F8,C-F9A3385520A7,3,GU-4C60EA1C70DB,,
B-D9DE44DD82F8,C-F9A3385520A7,4,GU-2B2E3D0993E8,,
B-D9DE44DD82F8,C-F9A3385520A7,5,GU-286C0135D8B4,,
B-D9DE44DD82F8,C-F9A3385520A7,6,GU-0AA02E690D7C,,
B-B40362E714FC,C-7F3E8C1A9D02,1,GU-F83B32FDBC6C,72,M
B-B40362E714FC,C-7F3E8C1A9D02,2,GU-0DEB024D9045,69,F
B-B40362E714FC,C-7F3E8C1A9D02,3,GU-81649961338A,13,M
B-B40362E714FC,C-7F3E8C1A9D02,4,GU-88D53CD647CF,11,F
B-B40362E714FC,C-7F3E8C1A9D02,5,GU-C444A89F5458,,
B-B40362E714FC,C-7F3E8C1A9D02,6,GU-CBEDA800B1B7,,
B-D03F61377330,C-7F3E8C1A9D02,1,GU-64BF63909411,,
B-D03F61377330,C-7F3E8C1A9D02,2,GU-F6B628BED84D,,
B-D03F61377330,C-7F3E8C1A9D02,3,GU-A2ADF6059C56,,
B-D03F61377330,C-7F3E8C1A9D02,4,GU-C7677B903F84,,
B-452EF263F5F6,C-0BE230EAB716,1,GU-A7B1A7C33B64,,
B-452EF263F5F6,C-0BE230EAB716,2,GU-6DC37E74F9AC,,
B-452EF263F5F6,C-0BE230EAB716,3,GU-7AC2F4BC70BA,,
B-452EF263F5F6,C-0BE230EAB716,4,GU-64EB1BA528C8,,
B-B2A07D68E589,C-41E94281C3D1,1,GU-A3DA83659109,,
B-B2A07D68E589,C-41E94281C3D1,2,GU-92AA33EEBB57,,
B-B2A07D68E589,C-41E94281C3D1,3,GU-F8336B625893,,
B-B2A07D68E589,C-41E94281C3D1,4,GU-4DB63579D70E,,
B-B2A07D68E589,C-41E94281C3D1,5,GU-D9BA4D01373F,,
B-B2A07D68E589,C-41E94281C3D1,6,GU-3BD4777F31F9,,
B-8E74894AA5EB,C-41E94281C3D1,1,GU-80123B20A015,,
B-8E74894AA5EB,C-41E94281C3D1,2,GU-E5CD5C3364E3,,
B-8E74894AA5EB,C-41E94281C3D1,3,GU-B0860D3F86A1,,
B-8E74894AA5EB,C-41E94281C3D1,4,GU-FFB044744C0D,,
B-8E74894AA5EB,C-41E94281C3D1,5,GU-4B79E6BC4255,,
B-8E74894AA5EB,C-41E94281C3D1,6,GU-F3564DA32BE6,,
B-7A29E77154D3,C-BD8B3F659F71,1,GU-C2F75E9EA3D2,,
B-7A29E77154D3,C-BD8B3F659F71,2,GU-E9C4841A7DFC,,
B-7A29E77154D3,C-BD8B3F659F71,3,GU-BC4D894E3A09,,
B-7A29E77154D3,C-BD8B3F659F71,4,GU-492E04D813D9,,
B-7A29E77154D3,C-BD8B3F659F71,5,GU-8FE0F2761733,,
B-7A29E77154D3,C-BD8B3F659F71,6,GU-C5C165EE2AC9,,
B-46412BBE415F,C-ADA2CAD305DC,1,GU-C422BFFC606A,55,F
B-46412BBE415F,C-ADA2CAD305DC,2,GU-CAEAA00973C3,53,M
B-46412BBE415F,C-ADA2CAD305DC,3,GU-42B63DA42673,19,F
B-46412BBE415F,C-ADA2CAD305DC,4,GU-A265DC76BC02,22,M
B-46412BBE415F,C-ADA2CAD305DC,5,GU-A1F7FA201D39,19,F
B-BDD492FBBA91,C-F9A3385520A7,1,GU-3145995620A0,75,M
B-CF7C787EA532,C-F9A3385520A7,1,GU-38B04A41A847,,
B-A212F94A42B1,C-F9A3385520A7,1,GU-0675DE7B7F2E,,
B-DF725A7B35D9,C-F9A3385520A7,1,GU-B7D2EB28BF0B,,
B-7AC55468C32E,C-69E31EF8C485,1,GU-56BA47148B7D,,
B-7AC55468C32E,C-69E31EF8C485,2,GU-FE954046DB06,,
B-7AC55468C32E,C-69E31EF8C485,3,GU-C3082EB57981,,
B-7AC55468C32E,C-69E31EF8C485,4,GU-EF20EACE5302,,
B-7AC55468C32E,C-69E31EF8C485,5,GU-4EE73EC174A8,,
B-7AC55468C32E,C-69E31EF8C485,6,GU-E6017D9B99F5,,
B-4960CC6503C2,C-6302B8C97A17,1,GU-C287A237B123,,
B-4960CC6503C2,C-6302B8C97A17,2,GU-80B088DECB39,,
B-4960CC6503C2,C-6302B8C97A17,3,GU-9E8716D9730A,,
B-4960CC6503C2,C-6302B8C97A17,4,GU-350DFC04CFFC,,
B-EAC8F8EA0F29,C-5530F491EF53,1,GU-13C0C33329E2,,
B-EAC8F8EA0F29,C-5530F491EF53,2,GU-ADDD39BFF44B,,
B-EAC8F8EA0F29,C-5530F491EF53,3,GU-7BFF198D5E75,,
B-EAC8F8EA0F29,C-5530F491EF53,4,GU-9E57AC348FF3,,
B-EAC8F8EA0F29,C-5530F491EF53,5,GU-3B3998AEB5B2,,
B-56A5038300CB,C-5530F491EF53,1,GU-8BE32C8AC8CD,,
B-56A5038300CB,C-5530F491EF53,2,GU-C7B838568A00,,
B-34BAAFFAACA6,C-05B2828BE238,1,GU-C74EF547661C,,
B-34BAAFFAACA6,C-05B2828BE238,2,GU-993D76B5F4A8,,
B-34BAAFFAACA6,C-05B2828BE238,3,GU-C3A458D7BB47,,
B-34BAAFFAACA6,C-05B2828BE238,4,GU-450C32ED32DD,,
B-82A161C873CB,C-8388E52E6E29,1,GU-58F87E7DC158,48,M
B-82A161C873CB,C-8388E52E6E29,2,GU-9AA5295B1A90,11,M
B-82A161C873CB,C-8388E52E6E29,3,GU-C2E5D30630AB,52,F
B-754A672B1652,C-1D11D4CC6478,1,GU-FB69652C55A9,83,M
B-754A672B1652,C-1D11D4CC6478,2,GU-02AB6E8969F8,80,F
B-A03E6E8C11EB,C-1D11D4CC6478,1,GU-8284EAACAB87,83,M
B-A03E6E8C11EB,C-1D11D4CC6478,2,GU-762FC15D247D,80,F
B-4ED760A0BAD0,C-0D0A8A6449BE,1,GU-7B13ADF4443B,64,M
B-4ED760A0BAD0,C-0D0A8A6449BE,2,GU-6E80A0C12933,62,F
B-4ED760A0BAD0,C-0D0A8A6449BE,3,GU-49D466D1AD7C,31,M
B-4ED760A0BAD0,C-0D0A8A6449BE,4,GU-DB332F5036D1,35,M
B-4ED760A0BAD0,C-0D0A8A6449BE,5,GU-E0B9353E1EF5,34,F
B-4ED760A0BAD0,C-0D0A8A6449BE,6,GU-3E7337DAB4C9,,
B-4ED760A0BAD0,C-0D0A8A6449BE,7,GU-D2D96671A390,,
B-F9496B6075A6,C-B95EC643FF70,1,GU-2A7586E98701,58,M
B-F9496B6075A6,C-B95EC643FF70,2,GU-09E88DAFEB4A,55,F
B-F9496B6075A6,C-B95EC643FF70,3,GU-EB66FADEBD45,17,M
B-F9496B6075A6,C-B95EC643FF70,4,GU-811E1537124D,18,F
B-C4E9D06E57C2,C-BBED0A7FBBD2,1,GU-BB23071AC60B,68,F
B-C4E9D06E57C2,C-BBED0A7FBBD2,2,GU-7256DAE5FAB0,39,F
B-C4E9D06E57C2,C-BBED0A7FBBD2,3,GU-3FDCBC9730DD,69,M
B-27B3085F43EE,C-BBED0A7FBBD2,1,GU-B1E702A24A74,9,F
B-27B3085F43EE,C-BBED0A7FBBD2,2,GU-3BB641BC8244,42,F
B-27B3085F43EE,C-BBED0A7FBBD2,3,GU-A27E8F11C71A,13,F
B-27B3085F43EE,C-BBED0A7FBBD2,4,GU-F7E6835F460B,68,F
B-27B3085F43EE,C-BBED0A7FBBD2,5,GU-08A8E2B2EA6F,69,M
B-25DED31BE360,C-6A94DE2D9884,1,GU-2D7223C73468,52,
B-25DED31BE360,C-6A94DE2D9884,2,GU-A1AFF15E39C6,49,
B-25DED31BE360,C-6A94DE2D9884,3,GU-2B66A78CCCC3,10,
B-25DED31BE360,C-6A94DE2D9884,4,GU-0D218B504540,9,
B-25DED31BE360,C-6A94DE2D9884,5,GU-72E25BB6F881,14,
B-25DED31BE360,C-6A94DE2D9884,6,GU-5A2F1D2FC119,8,
B-D53F55C09908,C-594D9E2A6992,1,GU-77DD1B21DB4A,,
B-D53F55C09908,C-594D9E2A6992,2,GU-D878A281451B,,
B-D53F55C09908,C-594D9E2A6992,3,GU-BDDBA6C8C906,,
B-249CC3A5A840,C-594D9E2A6992,1,GU-2C546804D988,,
B-249CC3A5A840,C-594D9E2A6992,2,GU-68D5392C336E,,
B-249CC3A5A840,C-594D9E2A6992,3,GU-3CCE50F19F9F,,
B-5C7D269D5763,C-6E6795804F3E,1,GU-192C6226EA90,,
B-5C7D269D5763,C-6E6795804F3E,2,GU-AA3CE4301EAF,,
B-FCDA2875F21D,C-6E6795804F3E,1,GU-B9EA6B584FCD,,
B-FCDA2875F21D,C-6E6795804F3E,2,GU-0456DCB110A5,,
B-1CFEB6240DDF,C-A773AE1C7F4F,1,GU-F676685F4DF8,,
B-1CFEB6240DDF,C-A773AE1C7F4F,2,GU-919256A65D96,,
B-1CFEB6240DDF,C-A773AE1C7F4F,3,GU-66E1DD573F47,,
B-1CFEB6240DDF,C-A773AE1C7F4F,4,GU-C94D176218D0,,
B-1CFEB6240DDF,C-A773AE1C7F4F,5,GU-52EBF0529951,,
B-1CFEB6240DDF,C-A773AE1C7F4F,6,GU-A1466DCAC661,,
B-E16DF823F4C0,C-6B41A81FB204,1,GU-32AD8EF05EFC,81,M
B-E16DF823F4C0,C-6B41A81FB204,2,GU-259E1177B8DA,77,F
B-A36001764BE2,C-6B41A81FB204,1,GU-704D32464B44,,
B-F1D910188061,C-1DCB55684D16,1,GU-A9E7651445E1,54,M
B-F1D910188061,C-1DCB55684D16,2,GU-A5BA21EA0239,48,F
B-749A3CCEC8A9,C-652E610D5D6E,1,GU-2E627DCE974A,68,M
B-749A3CCEC8A9,C-652E610D5D6E,2,GU-CA8E0B6D9592,63,F
B-7BA9518C7A25,C-74909A5DF273,1,GU-99A4A239966B,48,F
B-7BA9518C7A25,C-74909A5DF273,2,GU-CE08B4155BEF,51,M
B-7BA9518C7A25,C-74909A5DF273,3,GU-B53AEA03B50C,15,M
B-7BA9518C7A25,C-74909A5DF273,4,GU-C7885A968CED,16,F
B-7BA9518C7A25,C-74909A5DF273,5,GU-849F3D2C250B,,
B-7BA9518C7A25,C-74909A5DF273,6,GU-2C30F641009B,,
B-CB2EAFA33D73,C-F49AE7A0A7CF,1,GU-0C3234CDC647,58,M
B-CB2EAFA33D73,C-F49AE7A0A7CF,2,GU-19DE9D9F1412,57,F
B-191DB50D7BFF,C-5E1C1C7B2AFB,1,GU-CC80558CB369,,
B-191DB50D7BFF,C-5E1C1C7B2AFB,2,GU-2525803E0EFD,,
B-191DB50D7BFF,C-5E1C1C7B2AFB,3,GU-CF6EB4ED6C7C,,
B-191DB50D7BFF,C-5E1C1C7B2AFB,4,GU-DE92FD51840E,,
B-191DB50D7BFF,C-5E1C1C7B2AFB,5,GU-754745D7A82A,,
B-191DB50D7BFF,C-5E1C1C7B2AFB,6,GU-46843A8C17B2,,
B-7B9B274B6345,C-F9A3385520A7,1,GU-9A7E273AC969,,
B-7B9B274B6345,C-F9A3385520A7,2,GU-DBA01BF5ACAF,,
B-7B9B274B6345,C-F9A3385520A7,3,GU-8D0333FA1547,,
B-7B9B274B6345,C-F9A3385520A7,4,GU-A2E902B2B096,,
B-7B9B274B6345,C-F9A3385520A7,5,GU-C6CDBE2DBD5C,,
B-AAEDD0E5C1C2,C-BD7BECB6F629,1,GU-7773FA86B6D3,,
B-AAEDD0E5C1C2,C-BD7BECB6F629,2,GU-39498F0E06C2,,
B-AAEDD0E5C1C2,C-BD7BECB6F629,3,GU-9B0276EEE4B3,,
B-AAEDD0E5C1C2,C-BD7BECB6F629,4,GU-C3A4AFF975D3,,
B-B70D17668746,C-BD7BECB6F629,1,GU-293AD88C0CBF,,
B-B70D17668746,C-BD7BECB6F629,2,GU-9A1D849EEF88,,
B-B70D17668746,C-BD7BECB6F629,3,GU-B5693F73DE2D,,
B-B70D17668746,C-BD7BECB6F629,4,GU-41ACA96103F8,,
B-3A26AD1B9D50,C-FC99C7ABFE2F,1,GU-1FAB3AAD3483,,
B-3A26AD1B9D50,C-FC99C7ABFE2F,2,GU-ACDB4F63BBA5,,
B-3A26AD1B9D50,C-FC99C7ABFE2F,3,GU-19EA8FDDF0A5,,
B-3A26AD1B9D50,C-FC99C7ABFE2F,4,GU-06EB9FE3F87C,,
B-27C4242BE262,C-6C458A05EE20,1,GU-F1AAD05BB003,66,M
B-27C4242BE262,C-6C458A05EE20,2,GU-7F600DD0C0BD,55,M
B-27C4242BE262,C-6C458A05EE20,3,GU-67519B60F064,55,M
B-27C4242BE262,C-6C458A05EE20,4,GU-446546F3F874,,
B-22D2C52EE300,C-C2BA58EC537A,1,GU-EBE1B129C8CC,65,M
B-22D2C52EE300,C-C2BA58EC537A,2,GU-E5F892D4707B,63,F
B-FC28CECC697D,C-C2BA58EC537A,1,GU-DCD90921F059,54,F
B-FC28CECC697D,C-C2BA58EC537A,2,GU-A443103A0DF7,57,M
B-FC28CECC697D,C-C2BA58EC537A,3,GU-0F2745D23E33,18,M
B-FC28CECC697D,C-C2BA58EC537A,4,GU-2F6C0BB3B0B3,,
B-D351B85FBFB4,C-B102ABEEACC8,1,GU-0613C777AD82,,
B-D351B85FBFB4,C-B102ABEEACC8,2,GU-3BF01902BB35,,
B-D351B85FBFB4,C-B102ABEEACC8,3,GU-8B88749C85CE,,
B-D351B85FBFB4,C-B102ABEEACC8,4,GU-E178C7AC8E86,,
B-D351B85FBFB4,C-B102ABEEACC8,5,GU-6E6997700206,,
B-D351B85FBFB4,C-B102ABEEACC8,6,GU-6E7CEFC2F803,,
B-AB01049B54CC,C-7C6A7C9E238B,1,GU-52F0F7ADA38E,,
B-AB01049B54CC,C-7C6A7C9E238B,2,GU-689F8D41A7CF,,
B-AB01049B54CC,C-7C6A7C9E238B,3,GU-F7C000146A13,,
B-AB01049B54CC,C-7C6A7C9E238B,4,GU-4FC44F76E2C7,,
B-AB01049B54CC,C-7C6A7C9E238B,5,GU-F5D69F9AF843,,
B-AB01049B54CC,C-7C6A7C9E238B,6,GU-5CDC9608CBDF,,
B-1F871F0282AE,C-E94D732C451C,1,GU-240C03D96AAA,41,F
B-1F871F0282AE,C-E94D732C451C,2,GU-5D171728A1D0,13,F
B-1F871F0282AE,C-E94D732C451C,3,GU-CAEA3F0CDEE6,48,M
B-1F871F0282AE,C-E94D732C451C,4,GU-F984544A75F5,14,F
B-1F871F0282AE,C-E94D732C451C,5,GU-62B369D37687,12,M
B-1F871F0282AE,C-E94D732C451C,6,GU-496DC5E15A59,,
B-986CB2D30188,C-D372638056F5,1,GU-0C8960C59865,,
B-986CB2D30188,C-D372638056F5,2,GU-8D36B47E7047,,
B-986CB2D30188,C-D372638056F5,3,GU-72C858BAF77B,,
B-986CB2D30188,C-D372638056F5,4,GU-912C1E03DEA5,,
B-A5D8D466CD4C,C-EBB9DF2B851D,1,GU-C78E7CEAB958,,
B-A5D8D466CD4C,C-EBB9DF2B851D,2,GU-7EDD10FFDFE0,,
B-A5D8D466CD4C,C-EBB9DF2B851D,3,GU-686831F5C5DF,,
B-48CEE42B1007,C-6951D8C7DCD4,1,GU-5D48953E01E6,,
B-48CEE42B1007,C-6951D8C7DCD4,2,GU-6BEEF5F5C2AC,,
B-48CEE42B1007,C-6951D8C7DCD4,3,GU-F2D0C09F44F0,,
B-48CEE42B1007,C-6951D8C7DCD4,4,GU-FE9F22D93A43,,
B-48CEE42B1007,C-6951D8C7DCD4,5,GU-EBB3E4DC2B22,,
B-48CEE42B1007,C-6951D8C7DCD4,6,GU-6947B2389747,,
B-7731782F7F54,C-C2BA58EC537A,1,GU-B79CA7158FA3,,
B-7731782F7F54,C-C2BA58EC537A,2,GU-2309E2771405,,
B-7731782F7F54,C-C2BA58EC537A,3,GU-21F8754629F2,,
B-7731782F7F54,C-C2BA58EC537A,4,GU-AAA879624624,,
B-7731782F7F54,C-C2BA58EC537A,5,GU-174AEA4977CA,,
B-7731782F7F54,C-C2BA58EC537A,6,GU-6AD6BDB523CA,,
B-40B2C54A3F6A,C-5A1FAB0A48BA,1,GU-6F06F782A2BE,,
B-40B2C54A3F6A,C-5A1FAB0A48BA,2,GU-CA40C26778C1,,
B-40B2C54A3F6A,C-5A1FAB0A48BA,3,GU-5F6C8A99F918,,
B-40B2C54A3F6A,C-5A1FAB0A48BA,4,GU-3D83A2AEC6C9,,
B-40B2C54A3F6A,C-5A1FAB0A48BA,5,GU-665BD6DB9228,,
B-40B2C54A3F6A,C-5A1FAB0A48BA,6,GU-B0584D5ACFDE,,
B-852EF8118E1D,C-5A1FAB0A48BA,1,GU-E4EEFB6A45C7,,
B-852EF8118E1D,C-5A1FAB0A48BA,2,GU-6E5979259B3E,,
B-852EF8118E1D,C-5A1FAB0A48BA,3,GU-659BE0A41902,,
B-852EF8118E1D,C-5A1FAB0A48BA,4,GU-1E66B26A4A9B,,
B-852EF8118E1D,C-5A1FAB0A48BA,5,GU-EC521FBC5524,,
B-852EF8118E1D,C-5A1FAB0A48BA,6,GU-9AE5C43538DB,,
B-7CE2C9E82502,C-3C220C8F3345,1,GU-4EF7DAAEB5AA,54,M
B-7CE2C9E82502,C-3C220C8F3345,2,GU-C5640897B23B,51,F
B-7CE2C9E82502,C-3C220C8F3345,3,GU-DCDF352C8345,19,M
B-7CE2C9E82502,C-3C220C8F3345,4,GU-B0FD920B2E13,15,F
B-C355BDE3BA1F,C-35AB0871C9CB,1,GU-4B63D75D0E83,59,M
B-C355BDE3BA1F,C-35AB0871C9CB,2,GU-C3B4F8472D80,60,F
B-C355BDE3BA1F,C-35AB0871C9CB,3,GU-CE9B980FEA26,24,F
B-C355BDE3BA1F,C-35AB0871C9CB,4,GU-7091E65B792F,,
B-BC832886B44E,C-35AB0871C9CB,1,GU-26DEEDE5E9EE,,
B-BC832886B44E,C-35AB0871C9CB,2,GU-C60B98ACCAFF,,
B-8B864BF628C3,C-13115904A245,1,GU-680B83BF2AAD,,
B-8B864BF628C3,C-13115904A245,2,GU-BF861DE4F84C,,
B-3467E3A9E572,C-13115904A245,1,GU-84FD24F91E4E,,
B-3467E3A9E572,C-13115904A245,2,GU-28DDBFB0E798,,
B-3467E3A9E572,C-13115904A245,3,GU-3D8118F0D90B,,
B-3467E3A9E572,C-13115904A245,4,GU-3DC5C0C7161C,,
B-3467E3A9E572,C-13115904A245,5,GU-B28B09CCB113,,
B-3467E3A9E572,C-13115904A245,6,GU-9ADD7823165F,,
B-21BB34814EB4,C-A6A6086F1819,1,GU-4D41AEEC8D17,,
B-21BB34814EB4,C-A6A6086F1819,2,GU-D250A71B4919,,
B-21BB34814EB4,C-A6A6086F1819,3,GU-02C16A0FB5DA,,
B-21BB34814EB4,C-A6A6086F1819,4,GU-45DD38F8ECBE,,
B-21BB34814EB4,C-A6A6086F1819,5,GU-2EEE98469EC4,,
B-21BB34814EB4,C-A6A6086F1819,6,GU-CA1A2138D477,,
B-8C0639BED16B,C-EB456C61442A,1,GU-1BABD5E83BD8,,
B-8C0639BED16B,C-EB456C61442A,2,GU-9CA22EA099DA,,
B-8C0639BED16B,C-EB456C61442A,3,GU-47114A5BA099,,
B-8C0639BED16B,C-EB456C61442A,4,GU-7BC729099D5E,,
B-8C0639BED16B,C-EB456C61442A,5,GU-C2475F36EFB2,,
B-8C0639BED16B,C-EB456C61442A,6,GU-DAC15BDD387C,,
B-58C845CEBC0A,C-EB456C61442A,1,GU-F8CB36690F6D,,
B-58C845CEBC0A,C-EB456C61442A,2,GU-27241B0DE82D,,
B-58C845CEBC0A,C-EB456C61442A,3,GU-2C97DC6B324E,,
B-58C845CEBC0A,C-EB456C61442A,4,GU-F8239D842617,,
B-58C845CEBC0A,C-EB456C61442A,5,GU-32478DCA7C9C,,
B-58C845CEBC0A,C-EB456C61442A,6,GU-D09087319091,,
B-A03007C4F577,C-C59B38FF32B7,1,GU-893B6DC0FF05,,
B-A03007C4F577,C-C59B38FF32B7,2,GU-B872E2B9D18A,,
B-A03007C4F577,C-C59B38FF32B7,3,GU-327E818A975F,,
B-A03007C4F577,C-C59B38FF32B7,4,GU-98147F1FBD5F,,
B-A03007C4F577,C-C59B38FF32B7,5,GU-F3B4C772F3E0,,
B-A03007C4F577,C-C59B38FF32B7,6,GU-959A5D2F3BE7,,
B-CFC47855E561,C-5FB3B043F8BC,1,GU-CCCCA458AA5E,58,F
B-CFC47855E561,C-5FB3B043F8BC,2,GU-26C6220B7434,61,M
B-CFC47855E561,C-5FB3B043F8BC,3,GU-94A2D736AD42,21,F
B-CFC47855E561,C-5FB3B043F8BC,4,GU-BD3CF77C2428,18,M
B-B769FDB4E874,C-9E5EE4A23017,1,GU-1A136218D2CB,,
B-B769FDB4E874,C-9E5EE4A23017,2,GU-8DD1CBDD5261,,
B-B769FDB4E874,C-9E5EE4A23017,3,GU-65ECAED0BD78,,
B-B769FDB4E874,C-9E5EE4A23017,4,GU-A401726BCFEB,,
B-B769FDB4E874,C-9E5EE4A23017,5,GU-F683CEFDD906,,
B-B769FDB4E874,C-9E5EE4A23017,6,GU-90093B47E6DD,,
B-115E485C9E97,C-E0E5E7292F9A,1,GU-E32DA30BDE42,,
B-115E485C9E97,C-E0E5E7292F9A,2,GU-9D6372D1B45F,,
B-115E485C9E97,C-E0E5E7292F9A,3,GU-62A9FB434144,,
B-115E485C9E97,C-E0E5E7292F9A,4,GU-68F8EA4CCEEB,,
B-115E485C9E97,C-E0E5E7292F9A,5,GU-AEA6B49CE630,,
B-115E485C9E97,C-E0E5E7292F9A,6,GU-01D7FDC634C4,,
B-430FDFF8C918,C-B35395A87968,1,GU-98BB32ED440B,46,M
B-430FDFF8C918,C-B35395A87968,2,GU-01E656AD40B8,17,F
B-430FDFF8C918,C-B35395A87968,3,GU-19529A1F7640,3,M
B-430FDFF8C918,C-B35395A87968,4,GU-1054F0D48352,41,F
B-D22B373949CD,C-EA1D6959C4F4,1,GU-9B9CF66E71CB,55,F
B-D22B373949CD,C-EA1D6959C4F4,2,GU-66CADFAF0239,57,M
B-D22B373949CD,C-EA1D6959C4F4,3,GU-0386C76F125A,,
B-D22B373949CD,C-EA1D6959C4F4,4,GU-1D1720253709,,
B-C322F35EC6AA,C-EA1D6959C4F4,1,GU-32845FB3BEBE,,
B-C322F35EC6AA,C-EA1D6959C4F4,2,GU-A405F1110819,,
B-C322F35EC6AA,C-EA1D6959C4F4,3,GU-B8366A23436D,,
B-C322F35EC6AA,C-EA1D6959C4F4,4,GU-02F191BCEC22,,
B-BE2DFB316E8B,C-BE5FED03025E,1,GU-71C20D90D1D3,,
B-BE2DFB316E8B,C-BE5FED03025E,2,GU-9FDE668A6A83,,
B-BE2DFB316E8B,C-BE5FED03025E,3,GU-8AA60F1954F7,,
B-BE2DFB316E8B,C-BE5FED03025E,4,GU-24093D270DCC,,
B-BE2DFB316E8B,C-BE5FED03025E,5,GU-76C738BCCF8D,,
B-BE2DFB316E8B,C-BE5FED03025E,6,GU-50910222BE68,,
B-2793E9C6B1C2,C-BE5FED03025E,1,GU-602F89C3DFF2,,
B-2793E9C6B1C2,C-BE5FED03025E,2,GU-0E285C671FB0,,
B-2793E9C6B1C2,C-BE5FED03025E,3,GU-25A26685F662,,
B-2793E9C6B1C2,C-BE5FED03025E,4,GU-364D51C0C3DC,,
B-2793E9C6B1C2,C-BE5FED03025E,5,GU-BCA82F2A1CF5,,
B-2793E9C6B1C2,C-BE5FED03025E,6,GU-0AE540E37B67,,
B-5E6D95447BCD,C-67DA40D18D6C,1,GU-62517F518DB2,,
B-5E6D95447BCD,C-67DA40D18D6C,2,GU-85FC67F8CE29,,
B-5E6D95447BCD,C-67DA40D18D6C,3,GU-AD0DC4E1875C,,
B-5E6D95447BCD,C-67DA40D18D6C,4,GU-129FCE345A16,,
B-5E6D95447BCD,C-67DA40D18D6C,5,GU-C82B119EE779,,
B-5E6D95447BCD,C-67DA40D18D6C,6,GU-38BCAAEB62A4,,
B-1801D227E752,C-2A9DFA707775,1,GU-BA5D5F490E94,68,M
B-1801D227E752,C-2A9DFA707775,2,GU-EB0B6B2B3E04,60,F
B-1801D227E752,C-2A9DFA707775,3,GU-4D390B7DE163,26,M
B-163508CB4D9A,C-8BA15807D3A5,1,GU-12232AABA34F,59,F
B-163508CB4D9A,C-8BA15807D3A5,2,GU-A3101EBB6AA1,64,M
B-163508CB4D9A,C-8BA15807D3A5,3,GU-38F5BB83F024,21,M
B-D4365975513A,C-BD044A720BCC,1,GU-F91B051AB8CC,19,M
B-D4365975513A,C-BD044A720BCC,2,GU-6145652C02D0,20,F
B-3DA70DBE4FFE,C-BD044A720BCC,1,GU-F2F7217B4660,64,M
B-3DA70DBE4FFE,C-BD044A720BCC,2,GU-22C3E61D00CE,60,F
B-2ADE38F6250C,C-0498D2627168,1,GU-12E86D1B629B,,
B-2ADE38F6250C,C-0498D2627168,2,GU-325E07B1A126,,
B-13FC877FD80A,C-674987A13365,1,GU-B410B40F4CA7,,
B-13FC877FD80A,C-674987A13365,2,GU-3674CDF5DB1B,,
B-13FC877FD80A,C-674987A13365,3,GU-87A3D925EA51,,
B-13FC877FD80A,C-674987A13365,4,GU-EA140DE82A52,,
B-13FC877FD80A,C-674987A13365,5,GU-2BE3F450F785,,
B-13FC877FD80A,C-674987A13365,6,GU-C281B3FA9173,,
B-A8E7A7EFDC6B,C-A95519540828,1,GU-95D380149546,,
B-A8E7A7EFDC6B,C-A95519540828,2,GU-45B8DED0AED5,,
B-A8E7A7EFDC6B,C-A95519540828,3,GU-67A20BF939CF,,
B-79EEA8A3FCE6,C-89087DC730E7,1,GU-5288BB249332,67,M
B-79EEA8A3FCE6,C-89087DC730E7,2,GU-FF6CFA6E7574,68,F
B-79EEA8A3FCE6,C-89087DC730E7,3,GU-FF0A36E16879,70,M
B-79EEA8A3FCE6,C-89087DC730E7,4,GU-B834E6944589,63,F
B-79EEA8A3FCE6,C-89087DC730E7,5,GU-737371A3F33D,,
B-79EEA8A3FCE6,C-89087DC730E7,6,GU-DD05AE988FA2,,
B-ED88AA6E09F6,C-89087DC730E7,1,GU-4A9FFAF77ED2,,
B-ED88AA6E09F6,C-89087DC730E7,2,GU-B06B29361DE5,,
B-ED88AA6E09F6,C-89087DC730E7,3,GU-87F2AD75C2F7,,
B-ED88AA6E09F6,C-89087DC730E7,4,GU-1A555ED95985,,
B-ED88AA6E09F6,C-89087DC730E7,5,GU-AE561FC7E62C,,
B-ED88AA6E09F6,C-89087DC730E7,6,GU-0D6EDB72B5DD,,
B-90B543686299,C-21967106A86B,1,GU-73C4AFCFD1BB,,
B-90B543686299,C-21967106A86B,2,GU-096CF6E9907C,,
B-90B543686299,C-21967106A86B,3,GU-6CB037463000,,
B-90B543686299,C-21967106A86B,4,GU-E118E64BB205,,
B-90B543686299,C-21967106A86B,5,GU-0632C09C8C1F,,
B-90B543686299,C-21967106A86B,6,GU-1F69B62829B0,,
B-7AD23629A52A,C-6972C510C3E8,1,GU-84EE8EE618B5,45,M
B-7AD23629A52A,C-6972C510C3E8,2,GU-81B3B6B789F5,42,F
B-059753DFC128,C-6972C510C3E8,1,GU-0D8A5D9B4BEF,44,M
B-059753DFC128,C-6972C510C3E8,2,GU-0234EAAC7FB2,35,F
B-4EFE487D97BF,C-AD49F7486485,1,GU-F440868FD523,52,F
B-4EFE487D97BF,C-AD49F7486485,2,GU-404D0965441A,52,M
B-4EFE487D97BF,C-AD49F7486485,3,GU-B369F8653F28,16,M
B-4EFE487D97BF,C-AD49F7486485,4,GU-8A63B93B1A27,12,M
B-4EFE487D97BF,C-AD49F7486485,5,GU-4DB2620997A6,,
B-4EFE487D97BF,C-AD49F7486485,6,GU-FA5F7D986EBD,,
B-B9950FE775C5,C-AD49F7486485,1,GU-54C15EF741DE,,
B-B9950FE775C5,C-AD49F7486485,2,GU-423A46F2C4EB,,
B-B9950FE775C5,C-AD49F7486485,3,GU-B8301E7C8259,,
B-B9950FE775C5,C-AD49F7486485,4,GU-65C12C135542,,
B-B9950FE775C5,C-AD49F7486485,5,GU-5A2802F3C09D,,
B-B9950FE775C5,C-AD49F7486485,6,GU-F6D351241C85,,
B-2945DB1AB1CB,C-895ECED2D0F9,1,GU-E3F0BBA17D8F,,
B-2945DB1AB1CB,C-895ECED2D0F9,2,GU-7A4159622B68,,
B-2945DB1AB1CB,C-895ECED2D0F9,3,GU-EC071AD27E6C,,
B-2945DB1AB1CB,C-895ECED2D0F9,4,GU-98CF069F7399,,
B-2945DB1AB1CB,C-895ECED2D0F9,5,GU-83329ACDD8C9,,
B-2945DB1AB1CB,C-895ECED2D0F9,6,GU-3E3F677AFDCC,,
B-2E6EBF6B84C5,C-D0B2DBF8AB30,1,GU-6BA8E470973F,,
B-2E6EBF6B84C5,C-D0B2DBF8AB30,2,GU-B2005E9C7D07,,
B-2E6EBF6B84C5,C-D0B2DBF8AB30,3,GU-1E7F29A75D35,,
B-2E6EBF6B84C5,C-D0B2DBF8AB30,4,GU-1ACDD358D61B,,
B-2E6EBF6B84C5,C-D0B2DBF8AB30,5,GU-CAF6DAD656A3,,
B-2E6EBF6B84C5,C-D0B2DBF8AB30,6,GU-9DE9FB40D3B1,,
B-F33AA1BF1583,C-472F2D27EB57,1,GU-D390FE7453AE,,
B-DBDA0F782E78,C-771F3CF60872,1,GU-3C411B54A0F7,,
B-DBDA0F782E78,C-771F3CF60872,2,GU-FED36E66E632,,
B-DBDA0F782E78,C-771F3CF60872,3,GU-CCE68B9BF7DF,,
B-DBDA0F782E78,C-771F3CF60872,4,GU-99C8BFD5B8A9,,
B-DBDA0F782E78,C-771F3CF60872,5,GU-ED1A6BB0AA77,,
B-DBDA0F782E78,C-771F3CF60872,6,GU-32ED051BD0F1,,
B-D605D3BAEBC7,C-BD8B3F659F71,1,GU-7F82952B91DD,,
B-D605D3BAEBC7,C-BD8B3F659F71,2,GU-E109B45B47C3,,
B-D605D3BAEBC7,C-BD8B3F659F71,3,GU-20F773A2301C,,
B-D605D3BAEBC7,C-BD8B3F659F71,4,GU-43AE40B31B57,,
B-D605D3BAEBC7,C-BD8B3F659F71,5,GU-5BFA3D64E9CC,,
B-D605D3BAEBC7,C-BD8B3F659F71,6,GU-77184049F5F6,,
B-FCBFB62ED035,C-11278BB9C6DF,1,GU-8F36CF3AC161,60,M
B-FCBFB62ED035,C-11278BB9C6DF,2,GU-6034E205950D,55,F
B-FCBFB62ED035,C-11278BB9C6DF,3,GU-A62457B494DA,,
B-FCBFB62ED035,C-11278BB9C6DF,4,GU-24C4A791AA9E,,
B-FCBFB62ED035,C-11278BB9C6DF,5,GU-AAE160C003D1,,
B-FCBFB62ED035,C-11278BB9C6DF,6,GU-2DDA49ECA01C,,
B-AF97979E46FC,C-1A3E848033F1,1,GU-629E3169CBFC,56,M
B-AF97979E46FC,C-1A3E848033F1,2,GU-405809643F82,49,F
B-AF97979E46FC,C-1A3E848033F1,3,GU-002490C18515,18,F
B-AF97979E46FC,C-1A3E848033F1,4,GU-642BCEE3A617,16,M
B-DE2685284154,C-1A3E848033F1,1,GU-E2A07CBE28B3,,
B-DE2685284154,C-1A3E848033F1,2,GU-C6F001971EE5,,
B-573040D79CB8,C-1C4DF21BC699,1,GU-EC4A2B93F984,,
B-573040D79CB8,C-1C4DF21BC699,2,GU-778EBF9DFA54,,
B-573040D79CB8,C-1C4DF21BC699,3,GU-C308D0A8E069,,
B-F21C334B33AD,C-DAF9526A5570,1,GU-2AC42BD0D4CF,,
B-F21C334B33AD,C-DAF9526A5570,2,GU-5B26D3731E17,,
B-F21C334B33AD,C-DAF9526A5570,3,GU-B28948B96B27,,
B-6A04E205A38B,C-DAF9526A5570,1,GU-70CC1C0FC5B7,,
B-6A04E205A38B,C-DAF9526A5570,2,GU-0E60C2333A7C,,
B-6A04E205A38B,C-DAF9526A5570,3,GU-0244FBE18712,,
B-CE7B84EABBFB,C-DAF9526A5570,1,GU-3B9C8767483E,,
B-5D0342CE235F,C-F332E2CA715E,1,GU-6C5147A837B5,,
B-5D0342CE235F,C-F332E2CA715E,2,GU-8C43A17BEAAB,,
B-5D0342CE235F,C-F332E2CA715E,3,GU-54F43A0FB557,,
B-5D0342CE235F,C-F332E2CA715E,4,GU-7388306DED86,,
B-8245B9F14E36,C-F332E2CA715E,1,GU-D6707E9F3F63,,
B-8245B9F14E36,C-F332E2CA715E,2,GU-39FBC0E67EBA,,
B-8245B9F14E36,C-F332E2CA715E,3,GU-BB9AA1395087,,
B-8245B9F14E36,C-F332E2CA715E,4,GU-F474469ADA7C,,
B-8245B9F14E36,C-F332E2CA715E,5,GU-E81AE3889C23,,
B-8245B9F14E36,C-F332E2CA715E,6,GU-CC374B39FE72,,
B-5EDB52FECCCF,,1,GU-7D7F8EA59F11,,
B-5EDB52FECCCF,,2,GU-00DF577B50D9,,
B-5EDB52FECCCF,,3,GU-B5E0CF88A23F,,
B-5EDB52FECCCF,,4,GU-357279A54789,,
B-5EDB52FECCCF,,5,GU-70DF24BF04F9,,
B-5EDB52FECCCF,,6,GU-BDB3FCF425E9,,
B-B935B53096A4,C-2A97C701496A,1,GU-7EAF4061193E,,
B-B935B53096A4,C-2A97C701496A,2,GU-858A12B6F1A4,,
B-B935B53096A4,C-2A97C701496A,3,GU-73CB7AD22BD6,,
B-B935B53096A4,C-2A97C701496A,4,GU-7F02DA254FE3,,
B-B935B53096A4,C-2A97C701496A,5,GU-793FE784B6B1,,
B-B935B53096A4,C-2A97C701496A,6,GU-888CAFAEE35A,,
B-DE3A14DC1A15,C-258FFD1F18BB,1,GU-9C5D3AE197E8,78,M
B-DE3A14DC1A15,C-258FFD1F18BB,2,GU-53C413A28351,74,F
B-1F3BEE0061D9,C-474C284B9FE4,1,GU-96025132C5E7,53,F
B-1F3BEE0061D9,C-474C284B9FE4,2,GU-0CA30820FF18,20,M
B-1F3BEE0061D9,C-474C284B9FE4,3,GU-0E91BB5994A3,19,M
B-1F3BEE0061D9,C-474C284B9FE4,4,GU-8E3B6ABAA217,53,M
B-1757B368A6A2,C-15275A1E8684,1,GU-3018450EB845,52,
B-1757B368A6A2,C-15275A1E8684,2,GU-E9A682C9515E,53,
B-1757B368A6A2,C-15275A1E8684,3,GU-AFA83D2053E4,16,
B-1757B368A6A2,C-15275A1E8684,4,GU-C6CF6B56A5F4,16,
B-D752A84BBC9D,C-30B161C84089,1,GU-6B72FF9F5A1D,,
B-FE881E9E9214,C-30B161C84089,1,GU-3AE608A0641D,,
B-84D48D118564,C-E62E4367D45C,1,GU-441428951DBA,,
B-84D48D118564,C-E62E4367D45C,2,GU-4E05A29BD5E1,,
B-84D48D118564,C-E62E4367D45C,3,GU-959B478423C5,,
B-84D48D118564,C-E62E4367D45C,4,GU-B7DBE2FBED88,,
B-84D48D118564,C-E62E4367D45C,5,GU-6EA5D382CC23,,
B-84D48D118564,C-E62E4367D45C,6,GU-D8B09053D3AA,,
B-595A2C2A821E,C-E62E4367D45C,1,GU-23824DEA0CB8,,
B-595A2C2A821E,C-E62E4367D45C,2,GU-54F38BDCD095,,
B-595A2C2A821E,C-E62E4367D45C,3,GU-5C650F3448F9,,
B-595A2C2A821E,C-E62E4367D45C,4,GU-90288CC90627,,
B-CD440CABF87E,C-8726F00F1133,1,GU-4E71E33238D0,43,F
B-CD440CABF87E,C-8726F00F1133,2,GU-BD2C33EE75A8,43,M
B-CD440CABF87E,C-8726F00F1133,3,GU-148FA3AE8D02,5,F
B-CD440CABF87E,C-8726F00F1133,4,GU-8BDA8AC06BDF,1,M
B-625A8A1E1002,C-43064B6F4592,1,GU-08B43286559E,,
B-625A8A1E1002,C-43064B6F4592,2,GU-0246E7FB45C9,,
B-625A8A1E1002,C-43064B6F4592,3,GU-22769E36A1DD,,
B-625A8A1E1002,C-43064B6F4592,4,GU-6E196242E3B5,,
B-2AA94C9DF171,C-E62E4367D45C,1,GU-50B731FF3C55,,
B-2AA94C9DF171,C-E62E4367D45C,2,GU-7A684E69E86B,,
B-2AA94C9DF171,C-E62E4367D45C,3,GU-25D584498930,,
B-5EE6FFBE8D1D,C-E2BD1160BDBF,1,GU-589AD9EA1F78,45,F
B-5EE6FFBE8D1D,C-E2BD1160BDBF,2,GU-49E96DF17F96,49,M
B-5EE6FFBE8D1D,C-E2BD1160BDBF,3,GU-0EEFFC223C63,13,F
B-5EE6FFBE8D1D,C-E2BD1160BDBF,4,GU-92893E20BCFC,11,F
B-75CE37EB7D70,C-7C728E52021D,1,GU-31DE3F91B303,62,M
B-75CE37EB7D70,C-7C728E52021D,2,GU-62B1F80C6077,49,F
B-DCBD513C48CA,,1,GU-D29D180B734C,,
B-DCBD513C48CA,,2,GU-E89917ED3EEE,,
B-DCBD513C48CA,,3,GU-122B7D7B785D,,
B-DCBD513C48CA,,4,GU-47BB606CC456,,
B-6555979BF2E2,,1,GU-A078A0486C25,,
B-6555979BF2E2,,2,GU-B909A9BD7DD2,,
B-283D74F87C6C,C-B9B3842FC2FC,1,GU-27FD7BB0D3AD,,
B-283D74F87C6C,C-B9B3842FC2FC,2,GU-F5C8FC019E34,,
B-0FF8476DD0BF,C-B9B3842FC2FC,1,GU-AC10534FC7BA,,
B-0FF8476DD0BF,C-B9B3842FC2FC,2,GU-E5BCEB52447A,,
B-0FF8476DD0BF,C-B9B3842FC2FC,3,GU-872A0D57E6FA,,
B-0FF8476DD0BF,C-B9B3842FC2FC,4,GU-243694C5257A,,
B-0FF8476DD0BF,C-B9B3842FC2FC,5,GU-0C91784882FF,,
B-176557A638A1,C-57F7F50C555E,1,GU-88EAAFE92013,61,F
B-176557A638A1,C-57F7F50C555E,2,GU-1D5D3D2D3FF6,66,M
B-176557A638A1,C-57F7F50C555E,3,GU-8033CB76329E,29,F
B-13958E56BACE,C-A97AEB542671,1,GU-705779F7F79B,63,M
B-13958E56BACE,C-A97AEB542671,2,GU-79007EFB9544,51,F
B-13958E56BACE,C-A97AEB542671,3,GU-3093F6A44380,10,M
B-5F140DB15A78,,1,GU-DFD9D2D1BAC7,,
B-5F140DB15A78,,2,GU-44D25CBC113A,,
B-915137D9E5EF,C-DF437567D267,1,GU-7ACC5BD4FCA7,59,M
B-915137D9E5EF,C-DF437567D267,2,GU-D00F5CB8B0A7,49,F
B-915137D9E5EF,C-DF437567D267,3,GU-3A071FE85A55,8,F
B-915137D9E5EF,C-DF437567D267,4,GU-833A51DFC36E,10,F
B-915137D9E5EF,C-DF437567D267,5,GU-836BA57A2F7A,76,F
B-DF51386034FF,C-96B4838E0DFD,1,GU-AC85381F0A51,48,M
B-DF51386034FF,C-96B4838E0DFD,2,GU-CD1BD0B5E727,47,F
B-DF51386034FF,C-96B4838E0DFD,3,GU-034F81669FDE,8,F
B-B511C0066594,C-CB2AAD34FD86,1,GU-5F354610107D,,
B-B511C0066594,C-CB2AAD34FD86,2,GU-930D12FDDD1B,,
B-B511C0066594,C-CB2AAD34FD86,3,GU-837261A01743,,
B-B511C0066594,C-CB2AAD34FD86,4,GU-7C899CD162C6,,
B-A3CBC059CB86,,1,GU-45187B192EFA,,
B-A3CBC059CB86,,2,GU-F87DF1E16D4B,,
B-A3CBC059CB86,,3,GU-0F974FBCB7AA,,
B-A3CBC059CB86,,4,GU-6925B95821D2,,
B-A3CBC059CB86,,5,GU-2CC8A7900080,,
B-A3CBC059CB86,,6,GU-FDF07CF89B16,,
B-EE135D6B5F97,,1,GU-ECAFE330270A,,
B-EE135D6B5F97,,2,GU-5F41979BE681,,
B-EE135D6B5F97,,3,GU-C4DDE38E4835,,
B-EE135D6B5F97,,4,GU-7A364FCF144B,,
B-EE135D6B5F97,,5,GU-D6BE34047488,,
B-EE135D6B5F97,,6,GU-7B916064BD41,,
B-7A4192644364,,1,GU-4D47362E581F,,
B-7A4192644364,,2,GU-9FE4F26D7645,,
B-7A4192644364,,3,GU-4B466D66C980,,
B-7A4192644364,,4,GU-24ED3CF48137,,
B-7A4192644364,,5,GU-25A399A201F1,,
B-7A4192644364,,6,GU-C6216A1E0012,,
B-2CC72BE3E586,C-B811E4AE9C65,1,GU-A294698BDF2E,43,M
B-2CC72BE3E586,C-B811E4AE9C65,2,GU-C313468B97B0,41,F
B-2CC72BE3E586,C-B811E4AE9C65,3,GU-DBB77B6BA350,3,M
B-13DEC7CC3A8E,C-E62E4367D45C,1,GU-18CACAF30A36,16,
B-13DEC7CC3A8E,C-E62E4367D45C,2,GU-62AF74016BE6,49,
B-34F6BA6D61E8,C-C4BC38E85A50,1,GU-65E063078B8E,,
B-34F6BA6D61E8,C-C4BC38E85A50,2,GU-620798D4CD83,,
B-34F6BA6D61E8,C-C4BC38E85A50,3,GU-6C3AE79A617D,,
B-34F6BA6D61E8,C-C4BC38E85A50,4,GU-3F5321AB6049,,
B-34F6BA6D61E8,C-C4BC38E85A50,5,GU-C881D4223873,,
B-34F6BA6D61E8,C-C4BC38E85A50,6,GU-928AEDF5372C,,
B-E94932D3F00F,,1,GU-83B513380FF1,,
B-E94932D3F00F,,2,GU-E08F74C27286,,
B-E94932D3F00F,,3,GU-983212772CE6,,
B-E94932D3F00F,,4,GU-8485B12C795B,,
B-E94932D3F00F,,5,GU-C45C487ADECE,,
B-E94932D3F00F,,6,GU-89A426E2618D,,
B-7D35C9614A5A,C-B5A4DD4D4F01,1,GU-ED23071039F8,,
B-7D35C9614A5A,C-B5A4DD4D4F01,2,GU-373D9C899A35,,
B-7D35C9614A5A,C-B5A4DD4D4F01,3,GU-8B58B1018074,,
B-7D35C9614A5A,C-B5A4DD4D4F01,4,GU-3DBEEE93A55A,,
B-D170869E4A42,C-2CD17ABA69FB,1,GU-92233D57081C,48,F
B-D170869E4A42,C-2CD17ABA69FB,2,GU-45B6534A5BA1,52,M
B-D170869E4A42,C-2CD17ABA69FB,3,GU-7CEFFF5C5FBB,8,M
B-D170869E4A42,C-2CD17ABA69FB,4,GU-6E6DF138232D,80,F
B-67912D5542FC,C-862107548188,1,GU-6BDF8B99CAE6,44,F
B-67912D5542FC,C-862107548188,2,GU-B4FCF6C137CC,50,F
B-67912D5542FC,C-862107548188,3,GU-33EAA67D80F3,7,M
B-67912D5542FC,C-862107548188,4,GU-D2795A04333C,11,M
B-64E78BA692BF,C-FBE6148D7346,1,GU-939893B9CBCF,46,M
B-64E78BA692BF,C-FBE6148D7346,2,GU-57AF76061329,9,F
B-64E78BA692BF,C-FBE6148D7346,3,GU-77B4ADF4EE1D,4,M
B-64E78BA692BF,C-FBE6148D7346,4,GU-9CD352A7A693,43,F
B-90C8997E4054,C-8A06BF05E143,1,GU-F463D744760A,,
B-90C8997E4054,C-8A06BF05E143,2,GU-B720368A1281,,
B-25B947286501,C-E47E91CF6B2B,1,GU-DABAEB50D6CC,68,M
B-25B947286501,C-E47E91CF6B2B,2,GU-AC85300F0179,66,F
B-660F79477C16,C-084FFAAF8082,1,GU-15D1BC5F5EF8,45,F
B-660F79477C16,C-084FFAAF8082,2,GU-90191C87AC17,52,M
B-660F79477C16,C-084FFAAF8082,3,GU-91A7C752ABFE,14,F
B-660F79477C16,C-084FFAAF8082,4,GU-5DD574B3C4DD,8,F
B-A60FEFC3F62C,C-538173DE6DCC,1,GU-FAE80DFF2CE1,,
B-A60FEFC3F62C,C-538173DE6DCC,2,GU-11030DEE9845,,
B-489BE62583E8,C-1851766B9D7A,1,GU-502DDC92DC9E,60,F
B-489BE62583E8,C-1851766B9D7A,2,GU-7D35AE82D540,83,F
B-534C7F4FAF14,C-88F99C1837E3,1,GU-C8B7EDC7A6AA,48,F
B-534C7F4FAF14,C-88F99C1837E3,2,GU-4A9C42B726F7,53,M
B-534C7F4FAF14,C-88F99C1837E3,3,GU-4DADB7608892,18,M
B-534C7F4FAF14,C-88F99C1837E3,4,GU-304403CD6286,16,M
B-46724AE396C9,C-25626718FE1E,1,GU-7E74F733A287,71,M
B-46724AE396C9,C-25626718FE1E,2,GU-7E6862C1E76C,62,F
B-3EC28EBA61CC,C-36C9DBA550D9,1,GU-1239C9B4A960,60,M
B-3EC28EBA61CC,C-36C9DBA550D9,2,GU-AD75207F564E,51,F
B-2B0A46453537,C-54A30645AF47,1,GU-444F55703E14,,
B-2B0A46453537,C-54A30645AF47,2,GU-D051D1FD5524,,
B-754DEA9E646D,C-8571630919AF,1,GU-8179BE1F3A37,45,M
B-754DEA9E646D,C-8571630919AF,2,GU-934C4C175011,45,F
B-754DEA9E646D,C-8571630919AF,3,GU-6AF753ED304F,11,M
B-5183253FD069,C-2BF359F4F312,1,GU-C411FDCB7BC0,,
B-5183253FD069,C-2BF359F4F312,2,GU-961273A48562,,
B-5183253FD069,C-2BF359F4F312,3,GU-E770F4BD252F,,
B-BE2B143CA839,C-4C9E97C06BF2,1,GU-8B7A19D237EA,43,M
B-BE2B143CA839,C-4C9E97C06BF2,2,GU-A291A8BB0A86,43,F
B-BE2B143CA839,C-4C9E97C06BF2,3,GU-27E6C4F4D13E,3,M
B-49DF66D5D45C,C-7D59BD0B06C2,1,GU-D87680AD1323,26,M
B-49DF66D5D45C,C-7D59BD0B06C2,2,GU-8389651530E6,22,F
B-AD5C58F031FA,C-C2206236E390,1,GU-1D17AEDC117F,,
B-AD5C58F031FA,C-C2206236E390,2,GU-B5CEE9E9EFFA,,
B-AD5C58F031FA,C-C2206236E390,3,GU-40E4D0AB1B87,,
B-AD5C58F031FA,C-C2206236E390,4,GU-84A80070D638,,
B-3E68E771825C,C-301F6E9B480D,1,GU-D052BB3EC5FC,52,M
B-3E68E771825C,C-301F6E9B480D,2,GU-69D8BB55AFC2,47,F
B-3E68E771825C,C-301F6E9B480D,3,GU-009B9683EFA3,14,F
B-5D3F16892384,C-301F6E9B480D,1,GU-8C571856AF13,52,M
B-5D3F16892384,C-301F6E9B480D,2,GU-A815E57786B9,49,F
B-5D3F16892384,C-301F6E9B480D,3,GU-6134784C7935,12,F
B-63CC5F42AE8C,C-445759321875,1,GU-33F9E078A5F4,43,F
B-63CC5F42AE8C,C-445759321875,2,GU-E58F84193ABF,45,M
B-63CC5F42AE8C,C-445759321875,3,GU-FDF2464E097F,7,M
B-63CC5F42AE8C,C-445759321875,4,GU-AED638F5F96C,10,M
B-5D941B3BA4A6,C-03F46E198D3A,1,GU-21D32DC5BC37,73,
B-5D941B3BA4A6,C-03F46E198D3A,2,GU-5A2567FBFB7F,76,
B-9986E05723B9,C-03F46E198D3A,1,GU-1B668BE450F0,38,
B-9986E05723B9,C-03F46E198D3A,2,GU-D4833408A1EA,38,
B-9986E05723B9,C-03F46E198D3A,3,GU-8F1CD2DFDC3B,3,
B-9EA2B7770967,C-1638FCB8D9D5,1,GU-EEEB3D3CCCCE,50,F
B-9EA2B7770967,C-1638FCB8D9D5,2,GU-FB021A7EF9F9,53,M
B-123B5DD5D9A3,C-E0BB3955F346,1,GU-C3EF7BB66BC0,48,M
B-123B5DD5D9A3,C-E0BB3955F346,2,GU-32D1426D5BCA,6,M
B-123B5DD5D9A3,C-E0BB3955F346,3,GU-0A7F00BD28B1,47,F
B-12381A1D2F89,C-0E1860D1EF27,1,GU-ED20E9F43C83,43,F
B-12381A1D2F89,C-0E1860D1EF27,2,GU-841ACD8F010D,69,F
B-12381A1D2F89,C-0E1860D1EF27,3,GU-7B2AE36F8806,74,M
B-D75458ADF30D,C-4A080123A60B,1,GU-58E2CCFA512F,46,F
B-D75458ADF30D,C-4A080123A60B,2,GU-E3C7D7D9A0F0,54,M
B-D75458ADF30D,C-4A080123A60B,3,GU-E69014DEEA6A,10,M
B-D75458ADF30D,C-4A080123A60B,4,GU-F2703131ED8B,18,M
B-D650DFF616D4,C-56292A117F3D,1,GU-63031163DCBD,,
B-D650DFF616D4,C-56292A117F3D,2,GU-AA3CB374A598,,
B-2F7BD47D1FDD,C-5CE6CEA2E9CB,1,GU-BCCE8FF2B066,,
B-2F7BD47D1FDD,C-5CE6CEA2E9CB,2,GU-93080012350E,,
B-829B13765B39,C-1FFB17EC04B0,1,GU-C4CD3BD5776F,33,F
B-829B13765B39,C-1FFB17EC04B0,2,GU-BE5DBCF148A5,36,M
B-D27004A8D069,,1,GU-90A2A1CE167B,,
B-D27004A8D069,,2,GU-9F06E1AA4357,,
B-073C3DA4D6F0,C-244E7EE2DCE6,1,GU-E0ACE7B0B931,72,M
B-073C3DA4D6F0,C-244E7EE2DCE6,2,GU-8E33D1F37C6A,67,F
B-685770C63095,C-0DB5EB89DB6F,1,GU-3F9E2D75D6F9,52,M
B-685770C63095,C-0DB5EB89DB6F,2,GU-1C22E2E7AB7A,49,F
B-685770C63095,C-0DB5EB89DB6F,3,GU-D8F0B6C4BBEF,14,M
B-685770C63095,C-0DB5EB89DB6F,4,GU-483CBB5348F2,5,F
B-959A1A8E62E8,C-F7D1B7C8E14D,1,GU-9D0A7149FE9B,39,M
B-959A1A8E62E8,C-F7D1B7C8E14D,2,GU-EACAFDB5E068,37,F
B-959A1A8E62E8,C-F7D1B7C8E14D,3,GU-F06B04B3FA3B,7,F
B-959A1A8E62E8,C-F7D1B7C8E14D,4,GU-E7F33363BEC2,2,F
B-38E0AEB472C6,,1,GU-1251D57526E7,,
B-38E0AEB472C6,,2,GU-8E2B06C3D665,,
B-18F8C5BD32A5,,1,GU-A027FE2E400C,,
B-18F8C5BD32A5,,2,GU-6860237BBA5A,,
B-18F8C5BD32A5,,3,GU-044B05BB765B,,
B-A6B3954EE2C4,C-A642C2741A81,1,GU-002A9CC366E4,35,F
B-A6B3954EE2C4,C-A642C2741A81,2,GU-F15ED239A785,36,M
B-A6B3954EE2C4,C-A642C2741A81,3,GU-075A6D288E15,3,F
B-A6B3954EE2C4,C-A642C2741A81,4,GU-C435E867C812,0,F
B-6001DA87E3BA,C-A642C2741A81,1,GU-F4F533A63F0E,68,M
B-6001DA87E3BA,C-A642C2741A81,2,GU-1EFE4656148D,62,F
B-2B6C06A0A049,C-811CE3209229,1,GU-DE2F5DE45D73,45,M
B-2B6C06A0A049,C-811CE3209229,2,GU-6EC91970FE14,42,F
B-2B6C06A0A049,C-811CE3209229,3,GU-9BF85097C243,10,F
B-0839477A20ED,C-C24F8FA46394,1,GU-1E958A823553,47,M
B-0839477A20ED,C-C24F8FA46394,2,GU-232AA486C383,8,M
B-96C049061BDC,C-5CE6CEA2E9CB,1,GU-789277D4C2CC,,
B-96C049061BDC,C-5CE6CEA2E9CB,2,GU-421F8D545332,,
B-FD56C3D12E70,C-41DE1F3BAF11,1,GU-C56D60051745,55,
B-FD56C3D12E70,C-41DE1F3BAF11,2,GU-A45FEE55E550,55,
B-D627BFF0A30B,C-263F24EA1334,1,GU-5B3D608065D9,,
B-D627BFF0A30B,C-263F24EA1334,2,GU-6D1AE7BE0CA9,,
B-575936C29EAB,C-811070516DF1,1,GU-0FDB519591B7,34,F
B-575936C29EAB,C-811070516DF1,2,GU-D11A84FD9600,38,M
B-575936C29EAB,C-811070516DF1,3,GU-02089B5BFD2C,6,M
B-6C5C5A9C88C0,,1,GU-5209E0AC2F92,44,F
B-6C5C5A9C88C0,,2,GU-A010B8B6E201,7,M
B-69CBB8FD3F6B,C-76891269DE58,1,GU-D6BE9831DD86,62,F
B-69CBB8FD3F6B,C-76891269DE58,2,GU-BEB9CF674693,73,F
B-69CBB8FD3F6B,C-76891269DE58,3,GU-CE43E97DE544,70,F
B-3CE11DBF0BB7,C-C28C49C1B273,1,GU-58A6260A390B,47,M
B-3CE11DBF0BB7,C-C28C49C1B273,2,GU-8758C344EEEA,38,F
B-3CE11DBF0BB7,C-C28C49C1B273,3,GU-5F432EE914C9,3,F
B-AE85C00371BE,C-F875ABE3266D,1,GU-89E146F720E5,41,
B-AE85C00371BE,C-F875ABE3266D,2,GU-FA2B793B7A0D,45,
B-A99E9A1F9F1E,C-CD3467E8389F,1,GU-BA4CFFE03584,71,
B-A99E9A1F9F1E,C-CD3467E8389F,2,GU-E694A629D169,69,
B-A99E9A1F9F1E,C-CD3467E8389F,3,GU-63D0128E5A03,9,
B-9F8FA67586BF,C-F57F3D4CF12F,1,GU-341253F7A00C,27,F
B-9F8FA67586BF,C-F57F3D4CF12F,2,GU-3F24D37FE420,28,M
B-743D836C46CD,C-86C6F9F0E46D,1,GU-35751ABADF7D,,
B-743D836C46CD,C-86C6F9F0E46D,2,GU-74020175BF19,,
B-743D836C46CD,C-86C6F9F0E46D,3,GU-8A0EDE2962EF,,
B-743D836C46CD,C-86C6F9F0E46D,4,GU-582CD3F208F7,,
B-1FA5EF73C489,C-A8F709EEC1B6,1,GU-3DC00FAF750E,31,M
B-1FA5EF73C489,C-A8F709EEC1B6,2,GU-D1183AE745A6,29,F
B-1FA5EF73C489,C-A8F709EEC1B6,3,GU-762A918F3AA1,2,M
B-E8CA521CD434,C-B5371CA52C73,1,GU-996313F1416A,63,M
B-E8CA521CD434,C-B5371CA52C73,2,GU-6AB51BCC2010,58,F
B-E8CA521CD434,C-B5371CA52C73,3,GU-DF8817E1D941,17,F
B-4F92F8324C6D,C-65A38B240E47,1,GU-4D2C14853986,,
B-4F92F8324C6D,C-65A38B240E47,2,GU-F7B8DBF21BB5,,
B-4F92F8324C6D,C-65A38B240E47,3,GU-40A4976CA94A,,
B-79B829FE3A6D,C-AF8605BBC50B,1,GU-804447B7BC94,42,M
B-79B829FE3A6D,C-AF8605BBC50B,2,GU-408C48AF7F32,12,F
B-79B829FE3A6D,C-AF8605BBC50B,3,GU-CBEAE012A58C,10,M
B-79B829FE3A6D,C-AF8605BBC50B,4,GU-5CE598F6162A,40,F
B-AC68698D2CCD,C-478C184ECF5B,1,GU-7389C22C083F,44,
B-AC68698D2CCD,C-478C184ECF5B,2,GU-75B91660B4A7,43,
B-AC68698D2CCD,C-478C184ECF5B,3,GU-8A01A5445B4B,12,
B-AC68698D2CCD,C-478C184ECF5B,4,GU-E44031D771A3,8,
B-AC68698D2CCD,C-478C184ECF5B,5,GU-412644D0D94B,5,
B-E33D55402418,C-866FFBDB58EE,1,GU-F4F1F56F3B7B,53,M
B-E33D55402418,C-866FFBDB58EE,2,GU-D8BF9A2ACDEB,43,F
B-E33D55402418,C-866FFBDB58EE,3,GU-825182FE70C9,14,F
B-DEA8E7C64282,C-CE04D66CCB6A,1,GU-6D0FC26AB59C,53,F
B-DEA8E7C64282,C-CE04D66CCB6A,2,GU-5456665C0EB8,51,M
B-DEA8E7C64282,C-CE04D66CCB6A,3,GU-DE12A8B41D98,16,F
B-DEA8E7C64282,C-CE04D66CCB6A,4,GU-E4A2ECCAD955,14,M
B-20146EE30C41,C-6D55E1D1B03E,1,GU-8F74327A8ADD,39,M
B-20146EE30C41,C-6D55E1D1B03E,2,GU-7A92E58A171C,9,M
B-20146EE30C41,C-6D55E1D1B03E,3,GU-4A0B86661CB0,6,M
B-15B994A08674,C-57AC08AF2060,1,GU-31D517FC9746,51,M
B-15B994A08674,C-57AC08AF2060,2,GU-16DE4867334A,47,F
B-15B994A08674,C-57AC08AF2060,3,GU-DAF7051F4F4D,13,F
B-3CC51666F460,C-478C184ECF5B,1,GU-52F57BA24F25,44,M
B-3CC51666F460,C-478C184ECF5B,2,GU-69843D714DB4,43,F
B-3CC51666F460,C-478C184ECF5B,3,GU-C4C7392D1F8D,8,M
B-3CC51666F460,C-478C184ECF5B,4,GU-F89058FCCAB2,5,F
B-3CC51666F460,C-478C184ECF5B,5,GU-A873F8DFE230,12,F
B-088BB6E5AAEF,C-382B22009E81,1,GU-69585655CFA1,57,M
B-088BB6E5AAEF,C-382B22009E81,2,GU-17EF0B45AACF,58,F
B-088BB6E5AAEF,C-382B22009E81,3,GU-1A3C15ED95D7,23,F
B-C3E83B219F0B,C-733BD23865D7,1,GU-91CA1D61B606,44,F
B-C3E83B219F0B,C-733BD23865D7,2,GU-FB00ED9BC3F5,14,M
B-C3E83B219F0B,C-733BD23865D7,3,GU-8C485B3793EC,12,M
B-E71F4D97108C,C-183CAC9BE4E6,1,GU-2E541930E8E3,,
B-E71F4D97108C,C-183CAC9BE4E6,2,GU-FFF4CD416985,,
B-E71F4D97108C,C-183CAC9BE4E6,3,GU-248B1C52AEA4,,
B-A892AD878DBC,C-7EA1A4E605D8,1,GU-49AFDC6ECF74,55,M
B-A892AD878DBC,C-7EA1A4E605D8,2,GU-8097B0E6E1AD,48,F
B-A892AD878DBC,C-7EA1A4E605D8,3,GU-A98DD1352AF1,12,F
B-466BBF2CFFB9,C-FF407A3AD687,1,GU-708CEAFEE082,52,M
B-466BBF2CFFB9,C-FF407A3AD687,2,GU-1512BCD8A9BB,17,F
B-466BBF2CFFB9,C-FF407A3AD687,3,GU-3167D940039D,14,F
B-626C130673A2,C-FF407A3AD687,1,GU-219C92767200,,
B-626C130673A2,C-FF407A3AD687,2,GU-EEA9348A30C2,,
B-78C1E17AE5B6,C-FF407A3AD687,1,GU-08E7B0CF4C7F,,
B-78C1E17AE5B6,C-FF407A3AD687,2,GU-036878814594,,
B-709CDCDBDDC1,C-FF407A3AD687,1,GU-57F98B9B2EA5,,
B-709CDCDBDDC1,C-FF407A3AD687,2,GU-B5AFF7EC8E9D,,
B-9D855AC24E0D,C-A97AEB542671,1,GU-22F828BEA5BE,47,F
B-9D855AC24E0D,C-A97AEB542671,2,GU-7B7519F7D93B,62,M
B-6FC9C29216DD,C-499C682222D5,1,GU-DC7A275F12E3,,
B-6FC9C29216DD,C-499C682222D5,2,GU-43511ACE34A0,,
B-32D9EDD26B5B,C-499C682222D5,1,GU-20E015E239C5,,
B-32D9EDD26B5B,C-499C682222D5,2,GU-BAAACB259F66,,
B-AD5BB434CD98,C-7A40453E9B82,1,GU-E2E17776469B,75,M
B-AD5BB434CD98,C-7A40453E9B82,2,GU-106BE09FD8ED,72,F
B-48278D35C0AA,C-3315F0C3C2CE,1,GU-4A56E92E78CD,71,M
B-48278D35C0AA,C-3315F0C3C2CE,2,GU-2CDFBF8453CF,71,F
B-77B32F761091,C-B8CFA3BBD93D,1,GU-7949A9465134,,
B-77B32F761091,C-B8CFA3BBD93D,2,GU-D0C1F0D59C19,,
B-77B32F761091,C-B8CFA3BBD93D,3,GU-D0A8D4A68266,,
B-77B32F761091,C-B8CFA3BBD93D,4,GU-8E6B9EAAF76D,,
B-817FD15B6A5B,C-2F2BCC2F5C43,1,GU-2E7E167C1239,37,M
B-817FD15B6A5B,C-2F2BCC2F5C43,2,GU-362E45CB916F,6,M
B-817FD15B6A5B,C-2F2BCC2F5C43,3,GU-5F0E5055B3BC,0,F
B-817FD15B6A5B,C-2F2BCC2F5C43,4,GU-EA18EB464070,37,F
B-817FD15B6A5B,C-2F2BCC2F5C43,5,GU-6603620613E0,58,F
B-817FD15B6A5B,C-2F2BCC2F5C43,6,GU-D853FA414A9A,67,M
B-C57821A55F33,C-85CB12E9FA4D,1,GU-E6188374ADDB,40,M
B-C57821A55F33,C-85CB12E9FA4D,2,GU-FB5AD2EE89BE,36,F
B-C57821A55F33,C-85CB12E9FA4D,3,GU-5327AF1DA8A5,5,M
B-C57821A55F33,C-85CB12E9FA4D,4,GU-352A5F7DC74E,0,F
B-196BBD40F346,,1,GU-A50CB1D69E59,47,M
B-196BBD40F346,,2,GU-F6008AF73864,52,F
B-196BBD40F346,,3,GU-2DDA2DD24A75,10,F
B-196BBD40F346,,4,GU-E539AA39B9C3,12,M
B-A4C824CB49F8,C-F02C97432DAC,1,GU-6A758027C6A2,22,F
B-A4C824CB49F8,C-F02C97432DAC,2,GU-55EFFDF747B9,22,M
B-B3CDFDC232A8,C-D65969AC2C46,1,GU-195C69170E2A,40,F
B-B3CDFDC232A8,C-D65969AC2C46,2,GU-FC1113CBA3A9,47,M
B-B3CDFDC232A8,C-D65969AC2C46,3,GU-58A36221632E,13,M
B-B3CDFDC232A8,C-D65969AC2C46,4,GU-B11699DB8D32,10,F
B-B3CDFDC232A8,C-D65969AC2C46,5,GU-7EE5530B480C,6,F
B-E5672BF69624,C-A2D08F9C14C9,1,GU-94774572F400,24,
B-E5672BF69624,C-A2D08F9C14C9,2,GU-24289C7442A3,22,
B-0782D589883F,,1,GU-3E54CE693FB0,43,F
B-0782D589883F,,2,GU-25B0A899ECB6,47,F
B-0782D589883F,,3,GU-41F8299C9871,13,M
B-0782D589883F,,4,GU-AFABCDD0000B,10,F
B-0782D589883F,,5,GU-7C6D0BD4F9EA,11,F
B-05F012B6AF7C,C-8BA9FCED011D,1,GU-3179ACE33E99,,
B-05F012B6AF7C,C-8BA9FCED011D,2,GU-9517932C9F52,,
B-05F012B6AF7C,C-8BA9FCED011D,3,GU-B3C56D74790E,,
B-F66B1D7C4A00,C-C033C64741FD,1,GU-72B1D8F690FD,31,F
B-F66B1D7C4A00,C-C033C64741FD,2,GU-93073954D0DA,4,M
B-F66B1D7C4A00,C-C033C64741FD,3,GU-1ED7DF3009C9,38,M
B-505FF178BD5C,C-1ED966E7DD1F,1,GU-C145B7F6F0F9,42,
B-505FF178BD5C,C-1ED966E7DD1F,2,GU-4FC0A79D9AD7,47,
B-505FF178BD5C,C-1ED966E7DD1F,3,GU-D27D74353519,6,
B-8E04F04764B7,C-D7975BB17AB9,1,GU-5CCF96C558CB,53,M
B-8E04F04764B7,C-D7975BB17AB9,2,GU-E83175690C08,45,F
B-8E04F04764B7,C-D7975BB17AB9,3,GU-E0366B6A931C,4,F
B-31B0F56A176B,C-E7BDF65377D7,1,GU-C263176C0744,49,F
B-31B0F56A176B,C-E7BDF65377D7,2,GU-21D0C4120D5D,50,F
B-31B0F56A176B,C-E7BDF65377D7,3,GU-C09177AC6C77,14,M
B-31B0F56A176B,C-E7BDF65377D7,4,GU-EDA70100ACD5,10,F
B-7BFE6950ADD1,C-26CB675B7A5D,1,GU-42E1AD83A7B6,47,F
B-7BFE6950ADD1,C-26CB675B7A5D,2,GU-44C6BABA7456,50,M
B-7BFE6950ADD1,C-26CB675B7A5D,3,GU-E1B936F24636,18,M
B-7BFE6950ADD1,C-26CB675B7A5D,4,GU-3CDE9B42C3DD,16,F
B-7BFE6950ADD1,C-26CB675B7A5D,5,GU-8B4B922C5C8A,14,M
B-F2455B1BBC83,C-7145103BE7B0,1,GU-19723F3E5087,50,F
B-F2455B1BBC83,C-7145103BE7B0,2,GU-94A32790FFF0,15,M
B-2F4D49E0A8E2,C-3C701C816CC7,1,GU-821F8FAD369C,51,M
B-2F4D49E0A8E2,C-3C701C816CC7,2,GU-CC66134C2101,43,F
B-2F4D49E0A8E2,C-3C701C816CC7,3,GU-BE6C77E5A060,17,F
B-2F4D49E0A8E2,C-3C701C816CC7,4,GU-3A48E3ACF1A4,15,M
B-EC4393465727,C-A504B39A7102,1,GU-6B44CA7DB6AC,55,M
B-EC4393465727,C-A504B39A7102,2,GU-964508E3A05D,50,F
B-EC4393465727,C-A504B39A7102,3,GU-0EE2EA44F945,17,F
B-EC4393465727,C-A504B39A7102,4,GU-1150FE8D01EC,15,M
B-C5C1588F2001,C-796AECB75984,1,GU-3C38BA4AE41F,58,M
B-C5C1588F2001,C-796AECB75984,2,GU-B28326E070E1,17,F
B-C5C1588F2001,C-796AECB75984,3,GU-BDE57A68F472,51,F
B-2894821CE7D0,C-B0870F6E5008,1,GU-63804390B243,58,M
B-2894821CE7D0,C-B0870F6E5008,2,GU-F83C7C196F4D,12,M
B-2894821CE7D0,C-B0870F6E5008,3,GU-A20FFA7D0E79,12,M
B-2894821CE7D0,C-B0870F6E5008,4,GU-CE59431D1206,59,F
B-2894821CE7D0,C-B0870F6E5008,5,GU-573FC1436044,29,F
B-EB2AA830AC1B,C-44C7E9A4D5C2,1,GU-38838ED22B5E,41,F
B-EB2AA830AC1B,C-44C7E9A4D5C2,2,GU-671391AFDDB9,46,M
B-EB2AA830AC1B,C-44C7E9A4D5C2,3,GU-BD975A9B5ABC,11,F
B-EB2AA830AC1B,C-44C7E9A4D5C2,4,GU-7C22BE155C44,4,M
B-EB2AA830AC1B,C-44C7E9A4D5C2,5,GU-6006E3D8C624,4,M
B-2FD4D95DF009,C-1956D0651817,1,GU-1327282329F3,59,M
B-2FD4D95DF009,C-1956D0651817,2,GU-CFA068900245,54,F
B-0F2ED4346FED,C-82A924566FF8,1,GU-912BEEE7F453,52,M
B-0F2ED4346FED,C-82A924566FF8,2,GU-35D7DA0E9356,47,F
B-0F2ED4346FED,C-82A924566FF8,3,GU-CE09D85DFB3A,17,F
B-0F2ED4346FED,C-82A924566FF8,4,GU-68DCABF91920,12,M
B-7B1C34B81EDC,C-DA730D105997,1,GU-9D075B80DDF0,46,M
B-7B1C34B81EDC,C-DA730D105997,2,GU-B3010BDEDF38,50,F
B-CE5B75AAD493,C-D47AE8FD363A,1,GU-029E07D357E7,57,M
B-CE5B75AAD493,C-D47AE8FD363A,2,GU-63582EEA2196,49,F
B-DF85B19FB14B,C-B0870F6E5008,1,GU-8EAA88F66F7B,,
B-DF85B19FB14B,C-B0870F6E5008,2,GU-5C68D812A02C,,
B-DF85B19FB14B,C-B0870F6E5008,3,GU-C02D5A3A5BA6,,
B-DF85B19FB14B,C-B0870F6E5008,4,GU-5C2B9246496C,,
B-AFCF02EE1788,C-34CF50E31F70,1,GU-0E1FC3A2938D,51,M
B-AFCF02EE1788,C-34CF50E31F70,2,GU-4DE07AAE2251,50,F
B-AFCF02EE1788,C-34CF50E31F70,3,GU-CC2B7D09CBB5,16,F
B-AFCF02EE1788,C-34CF50E31F70,4,GU-52F1CA60D778,14,M
B-540D1AB3F366,C-312BBB8F4AF5,1,GU-4FFC9E43CF8F,65,M
B-540D1AB3F366,C-312BBB8F4AF5,2,GU-E6916181269A,65,F
B-540D1AB3F366,C-312BBB8F4AF5,3,GU-926FC87CE7E6,32,F
B-540D1AB3F366,C-312BBB8F4AF5,4,GU-4A618E3D3221,,
B-04F98A553801,C-312BBB8F4AF5,1,GU-13334040C6DA,25,F
B-04F98A553801,C-312BBB8F4AF5,2,GU-290FC5D3A068,,
B-6D205D646883,C-64DEE709C5E7,1,GU-6B55F89C131F,50,M
B-6D205D646883,C-64DEE709C5E7,2,GU-405C340FB2A0,52,F
B-6D205D646883,C-64DEE709C5E7,3,GU-735D3AED6148,12,F
B-6D205D646883,C-64DEE709C5E7,4,GU-A066FE0D900E,12,F
B-3460A71618AF,C-090CC0BF1581,1,GU-B0076362806A,44,F
B-3460A71618AF,C-090CC0BF1581,2,GU-1E205613462E,49,M
B-3460A71618AF,C-090CC0BF1581,3,GU-2A68CA61089E,16,M
B-3460A71618AF,C-090CC0BF1581,4,GU-EED4C8F7EE28,11,M
B-3460A71618AF,C-090CC0BF1581,5,GU-0DBC092A84A4,9,F
B-71B954685E7C,C-9C0638AB2742,1,GU-DB0A7C3BCCD7,45,F
B-71B954685E7C,C-9C0638AB2742,2,GU-6AB0F770C627,56,M
B-71B954685E7C,C-9C0638AB2742,3,GU-7BDF4DDCAE20,14,F
B-71B954685E7C,C-9C0638AB2742,4,GU-F222617C6766,7,M
B-B0EBD84873AE,C-91DE6FD61F5D,1,GU-7D1BEA4E5FB9,,
B-B0EBD84873AE,C-91DE6FD61F5D,2,GU-DB17AC89E021,,
B-B0EBD84873AE,C-91DE6FD61F5D,3,GU-41A082FD21A2,,
B-0E42A2F2AF1A,C-CCC16F584B0C,1,GU-48567B75CB25,52,M
B-0E42A2F2AF1A,C-CCC16F584B0C,2,GU-91AB5EDF93DB,50,F
B-0E42A2F2AF1A,C-CCC16F584B0C,3,GU-459E6406F193,20,F
B-0E42A2F2AF1A,C-CCC16F584B0C,4,GU-F20EDC011E8E,18,M
B-2CF3EE7BFAED,,1,GU-B0FD473AAC91,27,F
B-2CF3EE7BFAED,,2,GU-6FE290F0E020,35,M
B-EE4A741AE33C,C-C3E48B37DF7D,1,GU-676A4AE647BD,41,F
B-EE4A741AE33C,C-C3E48B37DF7D,2,GU-F7FD8B54E686,8,M
B-EE4A741AE33C,C-C3E48B37DF7D,3,GU-42E811A98622,4,M
B-EE4A741AE33C,C-C3E48B37DF7D,4,GU-4F6A8FE1DEB5,41,M
B-D9F8640201F0,C-5794D50C8970,1,GU-222B001557D6,55,M
B-D9F8640201F0,C-5794D50C8970,2,GU-9E6D5B49E8B7,52,F
B-A40C52607697,C-534AB06957C4,1,GU-191F68F5A157,50,M
B-A40C52607697,C-534AB06957C4,2,GU-883A0BE4621D,49,F
B-775F0C97F33C,C-A0D98BE60DC8,1,GU-A6F5BFDE7A16,60,M
B-775F0C97F33C,C-A0D98BE60DC8,2,GU-0986826068B1,58,F
B-4F5C1B56A160,,1,GU-261CDD49E853,37,F
B-4F5C1B56A160,,2,GU-7898DE0DE49F,36,M
B-4F5C1B56A160,,3,GU-0261E371887A,12,M
B-4F5C1B56A160,,4,GU-61D530D3E813,6,M
B-246CEFFCA25F,C-FE334F93B517,1,GU-B4F582F2C6B2,,
B-246CEFFCA25F,C-FE334F93B517,2,GU-904D83157781,,
B-05760FAAA964,C-87BEB0E85665,1,GU-4257162D1ECA,31,M
B-05760FAAA964,C-87BEB0E85665,2,GU-6CBEA0FD4E2A,28,F
B-8D76188629AB,C-C884407A11CE,1,GU-5248FCAB5AC5,65,M
B-8D76188629AB,C-C884407A11CE,2,GU-B4300C214171,60,F
B-8D76188629AB,C-C884407A11CE,3,GU-4F5AC9BE26E4,31,F
B-1FD9DB082F19,C-C793DA7E6070,1,GU-D18B79C518B3,52,M
B-1FD9DB082F19,C-C793DA7E6070,2,GU-7B77C547AC32,45,F
B-1FD9DB082F19,C-C793DA7E6070,3,GU-0E530BFCFCE1,13,F
B-1FD9DB082F19,C-C793DA7E6070,4,GU-4F009F9259B7,10,M
B-1FD9DB082F19,C-C793DA7E6070,5,GU-330DC0F46347,8,M
B-6EF6CF1B546E,C-6672D9214AED,1,GU-E5EC7EF8BB70,,
B-6EF6CF1B546E,C-6672D9214AED,2,GU-BC9557D9565A,,
B-6EF6CF1B546E,C-6672D9214AED,3,GU-649DAAC2E96F,,
B-6EF6CF1B546E,C-6672D9214AED,4,GU-37DB4E099F6B,,
B-EA4186A1DBAE,C-6BF64606F672,1,GU-D77439BE129F,,
B-EA4186A1DBAE,C-6BF64606F672,2,GU-EFD758302DBA,,
B-EA4186A1DBAE,C-6BF64606F672,3,GU-33188F59322C,,
B-123D1B4C3F94,C-6BF64606F672,1,GU-8ADE63008059,,
B-123D1B4C3F94,C-6BF64606F672,2,GU-5DDC38A99943,,
B-123D1B4C3F94,C-6BF64606F672,3,GU-9E07F02285BE,,
B-C988177DA189,C-B47A78E277A9,1,GU-83397C18D470,45,F
B-C988177DA189,C-B47A78E277A9,2,GU-3D4674598F7E,10,M
B-74BA5689EC87,C-C7BE65A1B243,1,GU-A9C001C66FEB,49,M
B-74BA5689EC87,C-C7BE65A1B243,2,GU-33A878B3AB94,48,F
B-B369730E429D,C-C7BE65A1B243,1,GU-F88DE332A0A6,17,F
B-B369730E429D,C-C7BE65A1B243,2,GU-8F6840C4BDEC,14,M
B-2B90565EC031,C-AF276B09112E,1,GU-D8D6BAC29FA7,55,F
B-2B90565EC031,C-AF276B09112E,2,GU-D004DB76F0BB,56,M
B-3171B93A43D6,C-3CD568606F44,1,GU-A54E0B464FA6,66,M
B-3171B93A43D6,C-3CD568606F44,2,GU-2E37D0C260F3,63,F
B-114B39142D28,C-6B5364AA5704,1,GU-0D67048EEC3A,42,F
B-114B39142D28,C-6B5364AA5704,2,GU-591BACDDDB68,42,M
B-114B39142D28,C-6B5364AA5704,3,GU-64B1C03E35C0,10,M
B-114B39142D28,C-6B5364AA5704,4,GU-78AFE6C41421,4,M
B-56489CD329DB,C-955ADCEFA254,1,GU-BAEB54C4D789,,
B-56489CD329DB,C-955ADCEFA254,2,GU-9706F8CC3447,,
B-F2B9F1BAD6D8,C-B2643998F350,1,GU-676F1E0C95C9,49,F
B-F2B9F1BAD6D8,C-B2643998F350,2,GU-AA5DC413AEB1,9,M
B-F2B9F1BAD6D8,C-B2643998F350,3,GU-220216A9CE27,9,M
B-F2B9F1BAD6D8,C-B2643998F350,4,GU-B6CA4EEF8FF2,53,M
B-47D1D43D3B93,C-D40FCDC9E7A6,1,GU-7E5CACDE7954,,
B-47D1D43D3B93,C-D40FCDC9E7A6,2,GU-403DAFFD2534,,
B-6D3DC19B2581,C-E64C366E05A6,1,GU-A81FADDFE626,50,M
B-6D3DC19B2581,C-E64C366E05A6,2,GU-B7CF3319082A,12,F
B-6D3DC19B2581,C-E64C366E05A6,3,GU-AC1B05971760,9,F
B-8084D4CC0906,C-4093291A455D,1,GU-4A468B6B62ED,60,M
B-8084D4CC0906,C-4093291A455D,2,GU-DF13454F2CE4,59,F
B-8084D4CC0906,C-4093291A455D,3,GU-804CAEA1DBCF,93,F
B-2E15DD39C3BE,C-AC2F1AC49132,1,GU-2C212F2001B5,53,F
B-2E15DD39C3BE,C-AC2F1AC49132,2,GU-0B3509704C7B,56,M
B-2E15DD39C3BE,C-AC2F1AC49132,3,GU-E0D786BAD0A1,21,M
B-56FC0CD4BB99,C-955ADCEFA254,1,GU-325103D94E0B,61,F
B-56FC0CD4BB99,C-955ADCEFA254,2,GU-B05299128207,25,M
B-83A834EFC247,C-AEF195DEC6DE,1,GU-A80AD0604857,44,M
B-83A834EFC247,C-AEF195DEC6DE,2,GU-4873525463A2,44,F
B-83A834EFC247,C-AEF195DEC6DE,3,GU-BF0D148FA0B5,6,M
B-83A834EFC247,C-AEF195DEC6DE,4,GU-686E61D9C8F8,13,M
B-83A834EFC247,C-AEF195DEC6DE,5,GU-3CFD229186C8,15,M
B-8C1D8FF9B9BA,C-072DC4CA3943,1,GU-D322A8A5B770,,
B-8C1D8FF9B9BA,C-072DC4CA3943,2,GU-F5D92F8FE83B,,
B-8C1D8FF9B9BA,C-072DC4CA3943,3,GU-58F62FD58B36,,
B-B93B71458C93,C-894AAEC5664A,1,GU-63B69978E509,58,F
B-B93B71458C93,C-894AAEC5664A,2,GU-D2910C423352,60,M
B-9DDB33234467,C-894AAEC5664A,1,GU-AAB456FDEF62,61,M
B-9DDB33234467,C-894AAEC5664A,2,GU-0032CB3C8161,62,F
B-816A53A1C162,C-1AD0DCF8B112,1,GU-C32E77FC0A56,55,M
B-816A53A1C162,C-1AD0DCF8B112,2,GU-6663851593EF,48,F
B-816A53A1C162,C-1AD0DCF8B112,3,GU-A87A15D25F3D,17,F
B-816A53A1C162,C-1AD0DCF8B112,4,GU-8416188DDECB,14,M
B-541AFC756278,C-FA9CF31746B6,1,GU-1E50D73C8ECE,46,F
B-541AFC756278,C-FA9CF31746B6,2,GU-67FDB447D980,47,M
B-541AFC756278,C-FA9CF31746B6,3,GU-31C7BDDB0353,12,M
B-541AFC756278,C-FA9CF31746B6,4,GU-B04161842E47,8,M
B-774F63A1AE81,C-A49138354DEC,1,GU-535944A500DB,34,F
B-774F63A1AE81,C-A49138354DEC,2,GU-D16E4D0D59F3,37,M
B-EC69B32FA43E,C-694747344501,1,GU-E3212FF1ED6F,,
B-EC69B32FA43E,C-694747344501,2,GU-79641E68FAE6,,
B-2BD067A27B91,C-7E132A3FC6A8,1,GU-A2D912AFAD85,49,M
B-2BD067A27B91,C-7E132A3FC6A8,2,GU-BE895FA69D07,43,F
B-2BD067A27B91,C-7E132A3FC6A8,3,GU-4645DD83EA24,16,M
B-2BD067A27B91,C-7E132A3FC6A8,4,GU-B266EB8B42BE,2,F
B-14FE1DEFCFEA,C-982F51184E35,1,GU-4034D2AB5A04,50,F
B-14FE1DEFCFEA,C-982F51184E35,2,GU-B73F93A2DF73,52,M
B-694A96A66420,C-43FBFB30F426,1,GU-EAA498CB0099,31,F
B-694A96A66420,C-43FBFB30F426,2,GU-AC9EA69AF41E,31,M
B-DDE2A50EFE2F,C-BEC44DAA825B,1,GU-11D254865EDF,,
B-DDE2A50EFE2F,C-BEC44DAA825B,2,GU-C4574F82F8FF,,
B-5F8B9CD45A35,C-ED6BD18FD4B5,1,GU-2DD485277C5D,51,
B-5F8B9CD45A35,C-ED6BD18FD4B5,2,GU-A358209424FD,54,
B-5F8B9CD45A35,C-ED6BD18FD4B5,3,GU-AA2DA41F155E,18,
B-5DB7FCBE1E29,,1,GU-5352DA98BBF7,,
B-5DB7FCBE1E29,,2,GU-534969122A45,,
B-5DB7FCBE1E29,,3,GU-57B9ED231146,,
B-5DB7FCBE1E29,,4,GU-CEDF97A676A3,,
B-5DB7FCBE1E29,,5,GU-416645903B39,,
B-5DB7FCBE1E29,,6,GU-B8E4558390EA,,
B-E7CB8D099BC9,C-F582CAA431E3,1,GU-3C049627518E,,
B-E7CB8D099BC9,C-F582CAA431E3,2,GU-5F3E49F99CBF,,
B-E7CB8D099BC9,C-F582CAA431E3,3,GU-B4B2227B4922,,
B-E7CB8D099BC9,C-F582CAA431E3,4,GU-AB4D494BDEAF,,
B-E7CB8D099BC9,C-F582CAA431E3,5,GU-4EA465B274AF,,
B-E7CB8D099BC9,C-F582CAA431E3,6,GU-6128BF8244B0,,
B-9D99402AAC4B,C-F582CAA431E3,1,GU-D65F40F53D9D,,
B-9D99402AAC4B,C-F582CAA431E3,2,GU-20E2CB57C029,,
B-9D99402AAC4B,C-F582CAA431E3,3,GU-015914BBAD15,,
B-9755DBDC23CF,C-51B6EAF98BFA,1,GU-40CEF04537BB,,
B-9755DBDC23CF,C-51B6EAF98BFA,2,GU-8E69AC1B0F37,,
B-9755DBDC23CF,C-51B6EAF98BFA,3,GU-958586A26A29,,
B-C4B92B4F21A7,,1,GU-FD5702BBCA4B,37,M
B-C4B92B4F21A7,,2,GU-12A79DA7EB0B,,
B-C4B92B4F21A7,,3,GU-E25FE8103653,,
B-A775221AC351,C-51B6EAF98BFA,1,GU-A7EE26161262,,
B-A775221AC351,C-51B6EAF98BFA,2,GU-4A4A4F5F50F5,,
B-A775221AC351,C-51B6EAF98BFA,3,GU-C5E799D5DABC,,
B-220A1407D5DE,C-68DFB8514939,1,GU-FA5F55AD4F34,34,F
B-220A1407D5DE,C-68DFB8514939,2,GU-4E40D7881223,38,M
B-220A1407D5DE,C-68DFB8514939,3,GU-1B96761EA06F,4,M
B-145BF96C5BE1,,1,GU-ED83BF33DBE2,36,M
B-145BF96C5BE1,,2,GU-C4535DF98AE0,39,M
B-145BF96C5BE1,,3,GU-8FA6FA3DABDF,36,M
B-A2A4C6529DD3,,1,GU-888EDF06D2CC,56,M
B-A2A4C6529DD3,,2,GU-1E24DCB1599F,32,M
B-A2A4C6529DD3,,3,GU-6CA2F1F1DB78,49,M
B-A2A4C6529DD3,,4,GU-97116D2336A1,41,M
B-A2A4C6529DD3,,5,GU-CA94DA977310,43,M
B-A2A4C6529DD3,,6,GU-621D196C4A32,39,M
B-3F9CDE41C495,,1,GU-C583570A100F,32,M
B-3F9CDE41C495,,2,GU-7144EF48AAE9,41,M
B-3F9CDE41C495,,3,GU-A8D2BC6C30AA,32,M
B-3F9CDE41C495,,4,GU-477586404C48,31,M
B-3F9CDE41C495,,5,GU-CAF7D429AD8C,44,M
B-3F9CDE41C495,,6,GU-102F72A67736,37,M
B-95363C9053CA,,1,GU-1310D207B18A,49,F
B-95363C9053CA,,2,GU-931D187F9742,54,M
B-95363C9053CA,,3,GU-2CABAC870526,21,
B-8813B244F9EF,,1,GU-5A24EBCC6A9B,57,M
B-8813B244F9EF,,2,GU-957CA13ADB67,53,F
B-BEBCE125A5F7,C-51B6EAF98BFA,1,GU-5CA98A87725F,,
B-BEBCE125A5F7,C-51B6EAF98BFA,2,GU-387E4A00AC83,,
B-BEBCE125A5F7,C-51B6EAF98BFA,3,GU-BD2F983DE731,,
B-2AF330ADDD76,,1,GU-EC1EB703C074,62,F
B-2AF330ADDD76,,2,GU-564534043F16,63,M
B-D53634F439E9,,1,GU-B70C67361B41,55,M
B-D53634F439E9,,2,GU-22AA93489864,55,M
B-D53634F439E9,,3,GU-FC81430E547B,52,M
B-D53634F439E9,,4,GU-5CCA6DE8C5D8,55,M
B-1397AA757468,C-E4804B74C5EE,1,GU-C14A9C5D1C0F,,
B-1397AA757468,C-E4804B74C5EE,2,GU-2D79398BAE59,,
B-1397AA757468,C-E4804B74C5EE,3,GU-8B45A412B966,,
B-40225891D8E7,,1,GU-CDE6EB2C27F6,53,M
B-40225891D8E7,,2,GU-73735436AB3F,41,M
B-40225891D8E7,,3,GU-AE58891B973D,57,M
B-40225891D8E7,,4,GU-B45C64D81E63,54,M
B-E6ACDB89FF9C,,1,GU-CF4682B909FE,31,M
B-E6ACDB89FF9C,,2,GU-A6D2DCD793CF,39,M
B-E6ACDB89FF9C,,3,GU-7A3D389CC3BB,29,M
B-E6ACDB89FF9C,,4,GU-BA0672956CE9,26,M
B-6ABE1BF57A5C,,1,GU-7E65F10657C0,57,M
B-6ABE1BF57A5C,,2,GU-14450AF7CE1C,55,M
B-6ABE1BF57A5C,,3,GU-DD30E8F63045,29,M
B-B6BCCB136F9A,,1,GU-FEC7D28A93D8,29,
B-B6BCCB136F9A,,2,GU-2D8F7A606052,49,
B-B6BCCB136F9A,,3,GU-476E911A3F8A,35,
B-B6BCCB136F9A,,4,GU-258381096839,47,
B-E6DD676FC7B5,,1,GU-990CAAA366FC,58,M
B-E6DD676FC7B5,,2,GU-1339ECD4C99D,53,M
B-F402934C3440,,1,GU-FFCB3B862A6C,55,M
B-F402934C3440,,2,GU-1052A9CB1831,54,M
B-87EB9CB777FD,,1,GU-B214ED0D9832,58,M
B-87EB9CB777FD,,2,GU-D4C6E25F6738,58,F
B-C28FBA08DC7B,C-92CDD4DFA0FE,1,GU-FCEF20747D53,44,
B-C28FBA08DC7B,C-92CDD4DFA0FE,2,GU-18D0E97B38E1,42,
B-C28FBA08DC7B,C-92CDD4DFA0FE,3,GU-00049861CFC0,10,
B-C28FBA08DC7B,C-92CDD4DFA0FE,4,GU-25E0E5CE6F99,12,
B-6DBB79D1D4EC,C-9A12C0B6E658,1,GU-6ECFA7C27574,,
B-6DBB79D1D4EC,C-9A12C0B6E658,2,GU-D1C7EA2C84B2,,
B-6DBB79D1D4EC,C-9A12C0B6E658,3,GU-342CE460EEFE,,
B-6DBB79D1D4EC,C-9A12C0B6E658,4,GU-3F1735760544,,
B-40F321EBA67A,C-9A12C0B6E658,1,GU-C22534C1B9BB,,
B-40F321EBA67A,C-9A12C0B6E658,2,GU-BC6213F0542C,,
B-40F321EBA67A,C-9A12C0B6E658,3,GU-E3CD7BC2D815,,
B-40F321EBA67A,C-9A12C0B6E658,4,GU-9F109ABF93A3,,
B-7ACFDE3363FE,C-92CDD4DFA0FE,1,GU-162502B391B7,,
B-7ACFDE3363FE,C-92CDD4DFA0FE,2,GU-748CEA7CBBEE,,
B-7ACFDE3363FE,C-92CDD4DFA0FE,3,GU-3C7514DC63D4,,
B-7ACFDE3363FE,C-92CDD4DFA0FE,4,GU-15D63ED64A3C,,
B-A4AB3D5A8972,C-85F85A4CBAFA,1,GU-2DA518BACA79,64,F
B-A4AB3D5A8972,C-85F85A4CBAFA,2,GU-1060B53AAC5D,65,M
B-159C4E8FE9DA,C-5F56654C3E90,1,GU-3EB592ECB73E,42,M
B-159C4E8FE9DA,C-5F56654C3E90,2,GU-26BA2C5C2881,34,F
B-159C4E8FE9DA,C-5F56654C3E90,3,GU-853904112C98,2,M
B-159C4E8FE9DA,C-5F56654C3E90,4,GU-697E2CA540E3,0,M
B-2437CE5D600C,C-51B6EAF98BFA,1,GU-1653C9647D5E,,
B-2437CE5D600C,C-51B6EAF98BFA,2,GU-13C1E7DC6FEA,,
B-2437CE5D600C,C-51B6EAF98BFA,3,GU-D708099AC8EC,,
B-0AA5B8069C65,C-8ED7B525A5F4,1,GU-B099EC4F194C,44,M
B-0AA5B8069C65,C-8ED7B525A5F4,2,GU-1CB27D969514,45,F
B-0AA5B8069C65,C-8ED7B525A5F4,3,GU-7A02CBBF6092,12,F
B-0AA5B8069C65,C-8ED7B525A5F4,4,GU-C45BB3B0FD26,7,F
B-34376EB9ACDC,C-ED6BD18FD4B5,1,GU-FC31DF38C487,51,F
B-34376EB9ACDC,C-ED6BD18FD4B5,2,GU-DB648799EA13,54,M
B-34376EB9ACDC,C-ED6BD18FD4B5,3,GU-656DC493CB86,18,F
B-B96FE9D8EAF6,C-3BDB8374C291,1,GU-21F812E191DC,28,F
B-B96FE9D8EAF6,C-3BDB8374C291,2,GU-F462221B1D40,39,M
B-B96FE9D8EAF6,C-3BDB8374C291,3,GU-2A7BB06C1B4E,0,F
B-0CB567E3F32B,C-5830FF6C8BA4,1,GU-0C7915BAD8D0,,
B-0CB567E3F32B,C-5830FF6C8BA4,2,GU-90412211830A,,
B-0CB567E3F32B,C-5830FF6C8BA4,3,GU-16E6608B0A00,,
B-0CB567E3F32B,C-5830FF6C8BA4,4,GU-FD5CB0192DE8,,
B-A458B61C3BBF,C-D7E8019C8CB2,1,GU-8E71D69BB605,55,M
B-A458B61C3BBF,C-D7E8019C8CB2,2,GU-8D9F6AB096F6,48,F
B-A458B61C3BBF,C-D7E8019C8CB2,3,GU-95F44ADDD3CF,7,F
B-B9B703CC590D,C-630B7FC8B780,1,GU-A208F58D05DD,38,M
B-B9B703CC590D,C-630B7FC8B780,2,GU-BB1C93DF7AF0,37,F
B-B9B703CC590D,C-630B7FC8B780,3,GU-369B150CDA1F,7,M
B-B9B703CC590D,C-630B7FC8B780,4,GU-629E8A65BA82,0,M
B-D973511AA001,C-A126AB3B7A53,1,GU-1371B938C02A,53,M
B-D973511AA001,C-A126AB3B7A53,2,GU-B3105297ED1C,36,F
B-D973511AA001,C-A126AB3B7A53,3,GU-1949D4AC4796,3,M
B-DF051796CEB9,,1,GU-2B2F9F5E6AF8,50,M
B-DF051796CEB9,,2,GU-424CE751825F,15,M
B-DF051796CEB9,,3,GU-47499DE4D8DF,48,M
B-DF051796CEB9,,4,GU-A512CC9DBDD2,10,M
B-DF051796CEB9,,5,GU-530CA3D81DBD,13,M
B-549B96D5E393,,1,GU-AEFE4859E8DA,,
B-549B96D5E393,,2,GU-E9C26E08A100,,
B-549B96D5E393,,3,GU-C4B6A24CCB70,,
B-E2F0E3953F05,,1,GU-46F8B4CA7484,56,M
B-E2F0E3953F05,,2,GU-751945CF6B71,57,F
B-4480E741294D,,1,GU-A7B089ABA820,69,M
B-D8B1C40B7D3B,,1,GU-E9B718AE8704,35,M
B-D8B1C40B7D3B,,2,GU-A249916FE304,36,M
B-D8B1C40B7D3B,,3,GU-AAD692D1F30E,30,M
B-D8B1C40B7D3B,,4,GU-9ABA83295DFC,35,M
B-D8B1C40B7D3B,,5,GU-5E08241CBBD8,35,M
B-654DC32350A2,,1,GU-C384DF0B1E33,33,M
B-654DC32350A2,,2,GU-208364E4C2AC,28,M
B-654DC32350A2,,3,GU-718B34884BF4,48,M
B-654DC32350A2,,4,GU-0C2F6C7FC856,36,M
B-654DC32350A2,,5,GU-E9D8FD450BF9,34,M
B-B746170E0072,,1,GU-149255854701,40,M
B-B746170E0072,,2,GU-3759FD9F495F,7,F
B-B746170E0072,,3,GU-0A603DB82104,38,F
B-B746170E0072,,4,GU-BCA100931199,3,F
B-CEA58D069B97,C-BEF0C9EEF202,1,GU-245462E18BC5,42,M
B-CEA58D069B97,C-BEF0C9EEF202,2,GU-AE4164E427A4,39,F
B-CEA58D069B97,C-BEF0C9EEF202,3,GU-585BA899BFE6,7,F
B-CEA58D069B97,C-BEF0C9EEF202,4,GU-5610E83AC398,34,M
B-69EAEFEE9E66,C-78C5E250367A,1,GU-8050DF8C7779,49,M
B-69EAEFEE9E66,C-78C5E250367A,2,GU-6587BFD5E618,44,F
B-147D0D524B56,,1,GU-BB11D160148F,41,
B-147D0D524B56,,2,GU-1A4F36547C55,45,
B-147D0D524B56,,3,GU-FA174B890EB7,7,
B-147D0D524B56,,4,GU-69D3479CBDF5,2,
B-E6C515AFFADE,,1,GU-5681948C7701,52,M
B-E6C515AFFADE,,2,GU-89FB7C74876F,52,F
B-C07D3A15D30D,,1,GU-BA6A936105DE,43,M
B-C07D3A15D30D,,2,GU-A84B9790632C,40,F
B-C07D3A15D30D,,3,GU-F0885B68621F,14,M
B-C07D3A15D30D,,4,GU-EF0A4FF4E44A,12,F
B-C07D3A15D30D,,5,GU-339A9246CD13,6,M
B-041510891AE7,,1,GU-91108946DBF4,59,F
B-041510891AE7,,2,GU-8000460C9F2B,57,M
B-61D37A0B2C3E,,1,GU-5F6AF216A704,33,F
B-61D37A0B2C3E,,2,GU-B6C04968B662,35,M
B-E03312FA352E,,1,GU-911985C10529,40,M
B-E03312FA352E,,2,GU-251E7BB60BA1,39,F
B-E03312FA352E,,3,GU-E1C96DF0CD2F,4,M
B-E03312FA352E,,4,GU-CA2971A2F5A3,7,F
B-052A463E9DCA,,1,GU-2945F506424D,42,
B-052A463E9DCA,,2,GU-BB5F070B0ED5,41,
B-052A463E9DCA,,3,GU-F244FE216457,15,
B-052A463E9DCA,,4,GU-6B135347DC9F,13,
B-052A463E9DCA,,5,GU-A7F3559E7452,13,
B-2B84A4219661,C-827F3A759ACC,1,GU-239C8FDFDCB8,54,M
B-2B84A4219661,C-827F3A759ACC,2,GU-55A24A2BF89E,51,F
B-2B84A4219661,C-827F3A759ACC,3,GU-E55B120FF52C,9,M
B-2A7317A3CACD,C-827F3A759ACC,1,GU-339A311AF1CE,23,M
B-2A7317A3CACD,C-827F3A759ACC,2,GU-35804C4871EC,19,F
B-0384E94A0FAC,C-EC3B9ADF56B2,1,GU-B5608613ADE8,45,F
B-0384E94A0FAC,C-EC3B9ADF56B2,2,GU-6F1C70D248AB,41,M
B-0384E94A0FAC,C-EC3B9ADF56B2,3,GU-8389E01FF077,10,F
B-0384E94A0FAC,C-EC3B9ADF56B2,4,GU-E877C6DA7692,6,F
B-24CE7DF1CD66,C-5918F51C711E,1,GU-A365CB6F8215,58,F
B-24CE7DF1CD66,C-5918F51C711E,2,GU-1DCBC10D5BE4,42,M
B-E652E7E7F9F9,C-50832F0D5B36,1,GU-CA6413A3FC7D,56,
B-E652E7E7F9F9,C-50832F0D5B36,2,GU-B976EEBB7596,45,
B-E652E7E7F9F9,C-50832F0D5B36,3,GU-116742EAAE18,9,
B-6C9748B0A78E,C-F7BC0A8308D1,1,GU-AD00E43A156E,32,F
B-6C9748B0A78E,C-F7BC0A8308D1,2,GU-A6A3A7C724E3,41,F
B-02362F924353,C-996B6CE4474C,1,GU-3E193F6C89BE,,
B-02362F924353,C-996B6CE4474C,2,GU-34D476E0816F,,
B-699FFD8DDC4A,C-08E66C54FA8F,1,GU-2DB0274E64EC,,
B-699FFD8DDC4A,C-08E66C54FA8F,2,GU-093214476A9E,78,M
B-699FFD8DDC4A,C-08E66C54FA8F,3,GU-6B24B13E9548,73,F
B-699FFD8DDC4A,C-08E66C54FA8F,4,GU-FC3640F45DF2,,
B-699FFD8DDC4A,C-08E66C54FA8F,5,GU-7563CF056CFE,,
B-699FFD8DDC4A,C-08E66C54FA8F,6,GU-46D4F74E7F99,,
B-B4C9FC3E9928,C-1FAF6DBF3242,1,GU-A9A7C9A9E0A1,51,M
B-B4C9FC3E9928,C-1FAF6DBF3242,2,GU-79CA8C92C897,47,F
B-B4C9FC3E9928,C-1FAF6DBF3242,3,GU-B77EF61E5C4A,16,F
B-54FC8BD3FFF6,,1,GU-1F34C641E044,67,M
B-54FC8BD3FFF6,,2,GU-49ACE2A050F6,54,F
B-7CA49A95EFAB,,1,GU-FB432D397225,47,M
B-7CA49A95EFAB,,2,GU-E5819B58DE52,37,F
B-7CA49A95EFAB,,3,GU-DCE3E464F73A,10,F
B-4A8F176CB372,C-273A0914AD77,1,GU-7495A1E77016,61,M
B-4A8F176CB372,C-273A0914AD77,2,GU-BA79BCCABD98,60,F
B-5A1CC707131C,C-5C9190861B7B,1,GU-AD5FF75487C1,57,M
B-5A1CC707131C,C-5C9190861B7B,2,GU-39B94C6F5A1C,57,F
B-5A1CC707131C,C-5C9190861B7B,3,GU-DDFC78E0ADDD,28,F
B-5A1CC707131C,C-5C9190861B7B,4,GU-7F1AC2B1D504,25,F
B-3AC8E040A937,C-2E4EA3464474,1,GU-6A84B0D2B6E9,41,F
B-3AC8E040A937,C-2E4EA3464474,2,GU-E9D08F698F39,45,M
B-3AC8E040A937,C-2E4EA3464474,3,GU-A33ABCE64ECB,9,M
B-3AC8E040A937,C-2E4EA3464474,4,GU-411DC68AE5CC,12,F
B-8F7CD6CA91B8,C-516D743F4EF7,1,GU-EDAD5BD25CC6,68,M
B-8F7CD6CA91B8,C-516D743F4EF7,2,GU-69F40DC2F4DA,61,F
B-1ADA86F97715,C-EA7803B01735,1,GU-D6FFF3CB28A4,,
B-1ADA86F97715,C-EA7803B01735,2,GU-F995D761CC00,,
B-1ADA86F97715,C-EA7803B01735,3,GU-96B708BC0B6C,,
B-1ADA86F97715,C-EA7803B01735,4,GU-103A89EEB9BD,,
B-4A2F13E7A58B,,1,GU-9944F0B6EF87,63,
B-4A2F13E7A58B,,2,GU-DDCA93E27209,51,
B-BADB325CEDA6,,1,GU-E5417F521CEE,55,F
B-BADB325CEDA6,,2,GU-015A2BD5AF0B,71,M
B-76961BF46027,C-7375A8BF4210,1,GU-35E83AC58193,42,M
B-76961BF46027,C-7375A8BF4210,2,GU-2A22E22B4D87,40,F
B-76961BF46027,C-7375A8BF4210,3,GU-2150D2AFD2CC,9,M
B-76961BF46027,C-7375A8BF4210,4,GU-951563BC5F17,3,M
B-7E3D01725BE9,C-E0D406FA85BB,1,GU-16259FD4FDC4,44,F
B-7E3D01725BE9,C-E0D406FA85BB,2,GU-481AFDD0E122,49,M
B-7E3D01725BE9,C-E0D406FA85BB,3,GU-04CE0F205FDD,13,M
B-7E3D01725BE9,C-E0D406FA85BB,4,GU-41E262DD7378,9,M
B-DC335C82502F,C-E0D406FA85BB,1,GU-80AB2C88DD23,62,F
B-DC335C82502F,C-E0D406FA85BB,2,GU-2AE84E8875C0,63,M
B-DC335C82502F,C-E0D406FA85BB,3,GU-B88527ED69D6,28,F
B-8E9936F58C08,C-E0D406FA85BB,1,GU-E80A46B158B3,70,M
B-8E9936F58C08,C-E0D406FA85BB,2,GU-914287861F20,65,F
B-50EE31D6ABDE,C-E0D406FA85BB,1,GU-EFACB00511FB,46,F
B-50EE31D6ABDE,C-E0D406FA85BB,2,GU-9828268A9A3D,53,M
B-50EE31D6ABDE,C-E0D406FA85BB,3,GU-ED1E489374BA,14,M
B-50EE31D6ABDE,C-E0D406FA85BB,4,GU-A0F589635CEE,22,F
B-C03BD1B1BFD3,C-E0D406FA85BB,1,GU-AA1910DDF48F,67,M
B-C03BD1B1BFD3,C-E0D406FA85BB,2,GU-BC16F7DBEA08,53,F
B-C03BD1B1BFD3,C-E0D406FA85BB,3,GU-F049D18396B7,11,M
B-D1DD270A95C7,C-E0D406FA85BB,1,GU-DBEC978F339F,80,F
B-D1DD270A95C7,C-E0D406FA85BB,2,GU-79EEA25B7840,23,F
B-23C59ACE4439,C-E0D406FA85BB,1,GU-AF4C48FAF5BB,,
B-23C59ACE4439,C-E0D406FA85BB,2,GU-81ECF43A254D,,
B-745095DAAD5A,C-B46DE379690E,1,GU-FFE8FB12742E,48,M
B-745095DAAD5A,C-B46DE379690E,2,GU-9E0CCEA2CEDD,45,F
B-745095DAAD5A,C-B46DE379690E,3,GU-BF36E0C8FE14,6,F
B-6DDBC06ADEFB,C-093BC22755A7,1,GU-C84E3B0A8C56,39,F
B-6DDBC06ADEFB,C-093BC22755A7,2,GU-B8811E25341A,47,M
B-6DDBC06ADEFB,C-093BC22755A7,3,GU-2BCDA494B80E,9,F
B-ADBDACD38657,C-10946CF1D060,1,GU-49643DE72986,,
B-ADBDACD38657,C-10946CF1D060,2,GU-CF151A68955A,,
B-ADBDACD38657,C-10946CF1D060,3,GU-13B429B478E1,,
B-E03EE72AAF82,C-10946CF1D060,1,GU-25E0D756FA51,,
B-E03EE72AAF82,C-10946CF1D060,2,GU-3866DDE89D28,,
B-E03EE72AAF82,C-10946CF1D060,3,GU-FD7CA8D46001,,
B-85E81D2BFF54,,1,GU-8BEBEFC7599B,30,M
B-85E81D2BFF54,,2,GU-AD128D4153EC,41,M
B-85E81D2BFF54,,3,GU-5DBECC3C3C95,31,M
B-85E81D2BFF54,,4,GU-BE31F51BCA5B,27,M
B-85E81D2BFF54,,5,GU-7859861E6918,35,M
B-85E81D2BFF54,,6,GU-830549DC199E,28,M
B-1B1C275D4B68,,1,GU-E87E3272BDAC,43,M
B-1B1C275D4B68,,2,GU-33CC49CB7C72,49,M
B-1B1C275D4B68,,3,GU-6BBFCF276D3C,39,M
B-1B1C275D4B68,,4,GU-A3ACF18B53AE,43,M
B-1B1C275D4B68,,5,GU-67E1512D5AE4,49,M
B-2BABA50E12C4,,1,GU-665138602AE6,54,M
B-2BABA50E12C4,,2,GU-1AE8D1A120EE,65,M
B-2BABA50E12C4,,3,GU-3119D2A65209,58,M
B-2BABA50E12C4,,4,GU-097861523FA5,54,M
B-2BABA50E12C4,,5,GU-7266675B521F,56,M
B-0ECAF00171E9,,1,GU-56EFD769C419,61,M
B-0ECAF00171E9,,2,GU-BB01E9F81E7A,61,M
B-0ECAF00171E9,,3,GU-93A31FCE5606,54,M
B-0ECAF00171E9,,4,GU-2F5C73628299,62,M
B-0ECAF00171E9,,5,GU-47D54093E05B,58,M
B-9EE1515D1D30,,1,GU-767DF4C19E98,20,M
B-9EE1515D1D30,,2,GU-EE782846BB4A,61,M
B-9EE1515D1D30,,3,GU-D15FD3CE5ED2,61,M
B-9EE1515D1D30,,4,GU-F8360E852CE1,66,M
B-9EE1515D1D30,,5,GU-EFA5466F589E,45,M
B-EE16E4EEFC72,,1,GU-4C1D5A9CB5D6,42,M
B-EE16E4EEFC72,,2,GU-A16F15FF0B92,37,M
B-EE16E4EEFC72,,3,GU-C963750F6D60,37,M
B-EE16E4EEFC72,,4,GU-DC2ED6046AD9,34,M
B-EE16E4EEFC72,,5,GU-59BE1E62692B,25,M
B-3F7ECC5450F1,,1,GU-AB4EC62FC003,61,M
B-3F7ECC5450F1,,2,GU-8F576333F50B,14,M
B-A4106D13B3D1,,1,GU-7FEB819009AD,39,M
B-A4106D13B3D1,,2,GU-0E7DE0EAE154,30,F
B-A4106D13B3D1,,3,GU-DD5B15E6880F,6,M
B-A4106D13B3D1,,4,GU-F503FA4DB237,1,F
B-59C5A8B99BDE,,1,GU-187820C074B2,47,M
B-59C5A8B99BDE,,2,GU-705EA2ED1302,41,F
B-59C5A8B99BDE,,3,GU-6311017E60EA,3,M
B-2035D67C7D07,,1,GU-5A46373697AF,59,M
B-31F0A499D235,C-72DBC09A190D,1,GU-30DE97D96680,44,M
B-31F0A499D235,C-72DBC09A190D,2,GU-EDEBD48A08B5,47,F
B-31F0A499D235,C-72DBC09A190D,3,GU-47A5376F1FD2,8,M
B-31F0A499D235,C-72DBC09A190D,4,GU-2171151C5F35,6,M
B-31F0A499D235,C-72DBC09A190D,5,GU-6249AFB4253E,5,F
B-EE26213E5321,C-37A552A7BCCB,1,GU-2A7E62445DD7,3,M
B-EE26213E5321,C-37A552A7BCCB,2,GU-4B8E5D0C8C12,7,M
B-EE26213E5321,C-37A552A7BCCB,3,GU-21A8E2F9A6DB,12,F
B-EE26213E5321,C-37A552A7BCCB,4,GU-F67ADFA02673,37,F
B-EE26213E5321,C-37A552A7BCCB,5,GU-422289A0A461,44,M
B-2177848766FC,C-D72355999429,1,GU-C66FB981BACE,66,M
B-2177848766FC,C-D72355999429,2,GU-F05AA3C92568,61,F
B-989709C20CDF,,1,GU-778253F9444F,50,F
B-989709C20CDF,,2,GU-98D64257115C,55,M
B-989709C20CDF,,3,GU-E207C62390AF,17,M
B-56133107838D,C-E329775B5EC0,1,GU-3E3A50F744C3,60,F
B-56133107838D,C-E329775B5EC0,2,GU-607D7E9B8469,59,F
B-A7AC6F029ED2,C-E886BBA8DE2F,1,GU-5686EC4CEA6D,43,M
B-A7AC6F029ED2,C-E886BBA8DE2F,2,GU-E81BEB00315D,40,F
B-A7AC6F029ED2,C-E886BBA8DE2F,3,GU-FE735DF165BD,4,M
B-9D26DC79C298,C-2E47EE83552B,1,GU-460800E93B1A,34,F
B-9D26DC79C298,C-2E47EE83552B,2,GU-CDACFA50E79A,40,M
B-9D26DC79C298,C-2E47EE83552B,3,GU-5F9A80315018,9,M
B-9D26DC79C298,C-2E47EE83552B,4,GU-EE81CA27EEFF,4,F
B-4FB8F3A5B0F1,C-2E47EE83552B,1,GU-41CAA1A699A6,3,F
B-4FB8F3A5B0F1,C-2E47EE83552B,2,GU-3C0D739EB1BA,37,M
B-4FB8F3A5B0F1,C-2E47EE83552B,3,GU-3A090F260B67,36,F
B-5E6E306DAD2A,C-2EC39FF8D2A9,1,GU-79E21A154858,55,M
B-5E6E306DAD2A,C-2EC39FF8D2A9,2,GU-F9C04C5B49A0,51,F
B-5001526F54CC,C-2EC39FF8D2A9,1,GU-73622D4C6BF7,56,M
B-5001526F54CC,C-2EC39FF8D2A9,2,GU-F89FF6261E81,53,F
B-66A7C53E0C9A,,1,GU-091207D15A59,,
B-66A7C53E0C9A,,2,GU-9D6772F49984,,
B-66A7C53E0C9A,,3,GU-DBBC5DCDFA9D,,
B-0B4BDC28DF2F,C-E064F981DA7B,1,GU-F61A49EFADE3,69,M
B-0B4BDC28DF2F,C-E064F981DA7B,2,GU-09152E6CD949,70,F
B-3625EF9C1446,C-87CFF01DD779,1,GU-201EDE71AB7B,43,
B-3625EF9C1446,C-87CFF01DD779,2,GU-6B27CBF2C7CB,44,
B-3625EF9C1446,C-87CFF01DD779,3,GU-55C549B63634,6,
B-1C98E93135BD,C-87CFF01DD779,1,GU-EFE48DD43E52,43,
B-1C98E93135BD,C-87CFF01DD779,2,GU-973E56A19B51,44,
B-1C98E93135BD,C-87CFF01DD779,3,GU-D8103DE41F6C,6,
B-8A796C79CB8D,C-F54D1694333A,1,GU-AA141AB32C19,37,F
B-8A796C79CB8D,C-F54D1694333A,2,GU-B24D4F767A73,39,M
B-8A796C79CB8D,C-F54D1694333A,3,GU-ADAC94FD5056,12,F
B-8A796C79CB8D,C-F54D1694333A,4,GU-F13C45AA7A45,6,F
B-B561894C887F,C-78F9841CF516,1,GU-A0F2B039FAA6,55,M
B-B561894C887F,C-78F9841CF516,2,GU-D3E4E948C1A3,52,F
B-344139D0AF05,C-AABF3A4479FA,1,GU-DCC50F2A3BF3,37,M
B-344139D0AF05,C-AABF3A4479FA,2,GU-21AA51715F64,33,F
B-344139D0AF05,C-AABF3A4479FA,3,GU-346DFABD8A2B,2,F
B-07B107A9B2D2,,1,GU-8935D80EBDEE,36,M
B-07B107A9B2D2,,2,GU-C084EDDEB50D,31,F
B-7CB03BEF437B,,1,GU-160D9AB3C636,64,M
B-7CB03BEF437B,,2,GU-867E04B0D45D,56,M
B-7CB03BEF437B,,3,GU-CC996A570F45,,
B-7CB03BEF437B,,4,GU-3726544E22F6,47,M
B-8A6B3F4599EF,,1,GU-7EF3E8650BE6,50,M
B-8A6B3F4599EF,,2,GU-97C98A77EBD7,35,M
B-8A6B3F4599EF,,3,GU-1D9DB9955287,50,M
B-E181CC6F0663,C-E79107BB1242,1,GU-C940089A5757,25,
B-E181CC6F0663,C-E79107BB1242,2,GU-9923EBAB6FD1,32,
B-E181CC6F0663,C-E79107BB1242,3,GU-74B6D81D74EC,36,
B-E181CC6F0663,C-E79107BB1242,4,GU-66A10AAF7EF8,62,
B-E181CC6F0663,C-E79107BB1242,5,GU-6175345E576D,57,
B-E181CC6F0663,C-E79107BB1242,6,GU-7C978299C73E,5,
B-E181CC6F0663,C-E79107BB1242,7,GU-9078E76BF21F,1,
B-00C957B2F727,,1,GU-63A329D51A17,31,M
B-00C957B2F727,,2,GU-DF15506AE111,38,M
B-00C957B2F727,,3,GU-C868AE7F93F2,40,M
B-00C957B2F727,,4,GU-9A23BCB636DC,43,M
B-00C957B2F727,,5,GU-6A18E44B7931,43,M
B-00C957B2F727,,6,GU-796464C58E41,39,M
B-986DEF1251A0,,1,GU-13BEC1E5F2B0,37,M
B-986DEF1251A0,,2,GU-2A41D3FD72F1,41,M
B-986DEF1251A0,,3,GU-813ADBF04961,41,M
B-986DEF1251A0,,4,GU-3CFBD0F682AB,40,M
B-986DEF1251A0,,5,GU-54A4CBDB4C7F,29,M
B-986DEF1251A0,,6,GU-4ABC780E54B1,37,M
B-CD4FAFD820EE,C-AD29B7BF096D,1,GU-14DF4C7FC879,45,M
B-CD4FAFD820EE,C-AD29B7BF096D,2,GU-61B715B7CB9C,46,F
B-CD4FAFD820EE,C-AD29B7BF096D,3,GU-D58797DED3B5,11,F
B-CD4FAFD820EE,C-AD29B7BF096D,4,GU-0E54544DDDD6,8,F
B-156DBA60D7A8,C-6CD9DD0957A1,1,GU-AF85F67177FB,33,F
B-156DBA60D7A8,C-6CD9DD0957A1,2,GU-06A90357649D,32,M
B-EE78C26EE8D0,C-A8E60A0BC2D0,1,GU-289331BFEA2D,,
B-EE78C26EE8D0,C-A8E60A0BC2D0,2,GU-1AA69E0A53AB,,
B-EE78C26EE8D0,C-A8E60A0BC2D0,3,GU-20E1932E06E8,,
B-EE78C26EE8D0,C-A8E60A0BC2D0,4,GU-A03FDCF1A7A0,,
B-EE78C26EE8D0,C-A8E60A0BC2D0,5,GU-BE032C10E922,,
B-EE78C26EE8D0,C-A8E60A0BC2D0,6,GU-2C4A3E194D1F,,
B-81524004CAFB,C-0B3A5A157CDC,1,GU-AFFF8A3EBA9E,35,F
B-81524004CAFB,C-0B3A5A157CDC,2,GU-6DC442CFB71D,34,M
B-81524004CAFB,C-0B3A5A157CDC,3,GU-4E7951390B20,6,F
B-81524004CAFB,C-0B3A5A157CDC,4,GU-736B88D3336B,4,F
B-81524004CAFB,C-0B3A5A157CDC,5,GU-FC585CEFE983,7,F
B-A62E54EDF58F,C-CEDE14405465,1,GU-0AA6C9CF2B38,51,M
B-A62E54EDF58F,C-CEDE14405465,2,GU-CF1FBE45DD6D,51,F
B-FC586E3E174F,,1,GU-753FCF6C20DD,41,F
B-FC586E3E174F,,2,GU-1B364DFED5AA,41,M
B-FC586E3E174F,,3,GU-E65C1C3C1D7B,5,M
B-FC586E3E174F,,4,GU-ADAF94156A54,2,F
B-13EFE7910B7A,C-C3BC7C7F92B2,1,GU-A5DF6E19BF13,43,F
B-13EFE7910B7A,C-C3BC7C7F92B2,2,GU-713668C4E719,43,M
B-13EFE7910B7A,C-C3BC7C7F92B2,3,GU-2A5ABFFE3958,11,M
B-13EFE7910B7A,C-C3BC7C7F92B2,4,GU-A630CD74B863,9,M
B-C807850EB619,,1,GU-E580C82D9821,68,M
B-C807850EB619,,2,GU-59663082A1E6,58,M
B-46D9B1BC70F4,,1,GU-ED127A720433,45,M
B-46D9B1BC70F4,,2,GU-0148155728CA,44,F
B-46D9B1BC70F4,,3,GU-5BAE8B91EC77,12,F
B-26DB150F8A91,,1,GU-729E4493ED59,55,M
B-26DB150F8A91,,2,GU-DF293769F84C,51,F
B-18483EA2EED2,,1,GU-60E3E14DF9CC,,
B-18483EA2EED2,,2,GU-26F59A32A280,,
B-EB1D03B7A133,,1,GU-4EAC23A28EC0,,
B-EB1D03B7A133,,2,GU-766E7E296478,,
B-EB1D03B7A133,,3,GU-519930B21538,,
B-54820382E7B5,,1,GU-0C42CA9E7C5D,53,
B-54820382E7B5,,2,GU-FA46C30802F3,52,
B-54820382E7B5,,3,GU-1A2CE625C120,24,
B-54820382E7B5,,4,GU-2944CCF8496F,21,
B-A1212797A44E,,1,GU-B9B002FE7554,56,
B-A1212797A44E,,2,GU-B07B8E093A7E,48,
B-A1212797A44E,,3,GU-86402B038726,19,
B-A1212797A44E,,4,GU-C2FF14B42FEC,10,
B-1D4CAD87AB1C,,1,GU-531155C7DB63,80,
B-1D4CAD87AB1C,,2,GU-B4A71D221E9A,77,
B-1D4CAD87AB1C,,3,GU-71410254D972,53,
B-1D4CAD87AB1C,,4,GU-F574B394EBAA,16,
B-81FA422B7A75,,1,GU-81D006FA709C,35,F
B-81FA422B7A75,,2,GU-F42B74523D6E,38,M
B-81FA422B7A75,,3,GU-26E86B9CD099,2,F
B-47F2F19C9546,C-AEAAE17B6732,1,GU-DA92BB15F6D4,,
B-47F2F19C9546,C-AEAAE17B6732,2,GU-D44C7CC643FA,,
B-BA4704D218E4,C-AEAAE17B6732,1,GU-92D3EBBDD22B,,
B-BA4704D218E4,C-AEAAE17B6732,2,GU-B171A099D3C1,,
B-BA4704D218E4,C-AEAAE17B6732,3,GU-70D8A13BE8FF,,
B-27B91F8B6BF5,,1,GU-3BF23C4A8C61,41,M
B-27B91F8B6BF5,,2,GU-80D8F277B81B,56,M
B-27B91F8B6BF5,,3,GU-790E615604D9,72,M
B-27B91F8B6BF5,,4,GU-934D84445C27,70,M
B-C68B48FD6165,C-4EAB6933B347,1,GU-0AC43CE1CDDC,43,F
B-C68B48FD6165,C-4EAB6933B347,2,GU-571DB5EC8BA0,48,M
B-C68B48FD6165,C-4EAB6933B347,3,GU-14794F2387B8,8,M
B-027B21D81BF3,,1,GU-CB8719E467D0,45,M
B-027B21D81BF3,,2,GU-5F3B13494EB7,42,M
B-027B21D81BF3,,3,GU-FFF207591521,46,M
B-027B21D81BF3,,4,GU-7412ACDA55CD,41,M
B-027B21D81BF3,,5,GU-C3D600C00EA0,37,M
B-A1D7F7566831,,1,GU-A03749B78AED,35,M
B-A1D7F7566831,,2,GU-AE6FCEAFCDDE,33,
B-A1D7F7566831,,3,GU-BFFA32493606,31,M
B-A1D7F7566831,,4,GU-78F9B049DCB9,35,M
B-D1E297180A72,,1,GU-413A6BECF2CC,40,M
B-D1E297180A72,,2,GU-E1D2EB4B4E01,42,M
B-D1E297180A72,,3,GU-76081DB45A16,40,M
B-D1E297180A72,,4,GU-845BB562E0E7,37,M
B-D1E297180A72,,5,GU-60F2D934CC7F,36,
B-E7F1D090BD0B,,1,GU-0E15AC78FFA5,36,M
B-E7F1D090BD0B,,2,GU-E56611790890,40,F
B-DC544ED3FA74,C-17F64E5574EA,1,GU-B48A1047AD30,30,
B-DC544ED3FA74,C-17F64E5574EA,2,GU-C5F6010E8DC1,32,
B-DC544ED3FA74,C-17F64E5574EA,3,GU-F026E43AF8E3,1,
B-C1E6D9227855,,1,GU-134DC25F23AB,41,F
B-C1E6D9227855,,2,GU-B83A4CD935E5,44,M
B-C1E6D9227855,,3,GU-A70D43072774,11,M
B-FDE00CC17D63,C-935A32DF6860,1,GU-E65C3EFC48C7,,
B-FDE00CC17D63,C-935A32DF6860,2,GU-9E5CEBB0B0C5,,
B-FDE00CC17D63,C-935A32DF6860,3,GU-268B3C7D854E,,
B-365779B11216,,1,GU-9CFA133F8F4F,31,F
B-365779B11216,,2,GU-A9C27868739F,38,M
B-365779B11216,,3,GU-C3A37C2A7675,6,M
B-75E80EDD7FF4,,1,GU-A264C9D69019,48,F
B-75E80EDD7FF4,,2,GU-7CFD4E954437,55,M
B-75E80EDD7FF4,,3,GU-89E093E79E3D,17,F
B-065CFA593178,C-0E9D4425CA4A,1,GU-E01AEEC7A9C5,72,M
B-065CFA593178,C-0E9D4425CA4A,2,GU-215F63F85AF8,68,F
B-5E00107072F6,,1,GU-2DBBABD803AF,50,F
B-5E00107072F6,,2,GU-4FD2E5A2A96B,17,F
B-5E00107072F6,,3,GU-4D7E1A52DA51,15,F
B-1165C18B91AD,,1,GU-0BA6C0A24CA2,58,F
B-1165C18B91AD,,2,GU-FFA34B177C17,53,M
B-1165C18B91AD,,3,GU-23FD2950DD6F,10,F
B-1165C18B91AD,,4,GU-13C4D8F2B7E3,60,F
B-8EF6374C6104,,1,GU-735D2A5A9A0C,43,M
B-8EF6374C6104,,2,GU-01DE53004F82,36,F
B-8EF6374C6104,,3,GU-8FB8E2005775,8,M
B-8EF6374C6104,,4,GU-C9E51234B604,12,F
B-616FE17B2F1B,,1,GU-95D635EB7F8C,51,M
B-616FE17B2F1B,,2,GU-5905B09A82AE,40,F
B-616FE17B2F1B,,3,GU-7A6C172D131B,8,F
B-616FE17B2F1B,,4,GU-6625A1CD2547,9,F
B-616FE17B2F1B,,5,GU-AAB89BA7951C,12,F
B-656E193237D5,C-23DD344274B4,1,GU-DE74E0203400,43,M
B-656E193237D5,C-23DD344274B4,2,GU-2BEAC5CDF0DB,37,F
B-656E193237D5,C-23DD344274B4,3,GU-01B79D826F36,8,M
B-7893A366842B,,1,GU-6A874F561363,52,M
B-7893A366842B,,2,GU-418CC47ADE63,57,M
B-530B0802CC5A,,1,GU-3CA09E609496,41,M
B-530B0802CC5A,,2,GU-770BEB591514,46,M
B-530B0802CC5A,,3,GU-1E136B8D1630,35,M
B-530B0802CC5A,,4,GU-6BBA989AE176,43,M
B-43B1B351569B,,1,GU-2CB4811CEA3A,54,M
B-43B1B351569B,,2,GU-FF400571CFB0,41,M
B-054FFE7247E4,,1,GU-8C5259BBEC48,47,M
B-054FFE7247E4,,2,GU-4E81C3F0E5AD,56,M
B-054FFE7247E4,,3,GU-B7186CCE60FD,56,M
B-26E23918C0F0,,1,GU-FA4327B06763,58,M
B-26E23918C0F0,,2,GU-9CD9C38E9204,52,M
B-26E23918C0F0,,3,GU-14549BA0B984,35,M
B-1C8A0CD3ECB8,,1,GU-807E4157E883,52,M
B-1C8A0CD3ECB8,,2,GU-5555C1568297,52,M
B-1C8A0CD3ECB8,,3,GU-21A3D9A73458,45,M
B-1C8A0CD3ECB8,,4,GU-676054A6759B,37,M
B-E901708EEA62,,1,GU-F5DC610CA478,72,M
B-F67009A624B8,,1,GU-ACFF50C59C93,42,M
B-F67009A624B8,,2,GU-B9C6739A50EC,8,M
B-F67009A624B8,,3,GU-0B389E8754F2,,
B-F67009A624B8,,4,GU-D7C9C97AD1E8,43,M
B-F67009A624B8,,5,GU-55EE7A52B926,37,M
B-AC28AE8BF811,,1,GU-192D0208A4A6,43,M
B-AC28AE8BF811,,2,GU-9B2D6E9C17BD,40,F
B-AC28AE8BF811,,3,GU-6DF9CCBA6062,6,F
B-AC28AE8BF811,,4,GU-95F3DD1059AE,2,F
B-AC28AE8BF811,,5,GU-89057F61D0DF,73,M
B-B8FB0D5F43E4,,1,GU-860EFD6CA536,,
B-B8FB0D5F43E4,,2,GU-B48AD41A32D7,,
B-B8FB0D5F43E4,,3,GU-85DD773E7C20,,
B-B8FB0D5F43E4,,4,GU-5B1AAB4305A4,,
B-D7D01A54587B,,1,GU-42B2EDB91469,44,M
B-D7D01A54587B,,2,GU-7F3BE12D98A0,44,F
B-D7D01A54587B,,3,GU-BC9E8DB6A4FA,9,M
B-6174FE982DEE,,1,GU-F5878E9881CB,57,M
B-6174FE982DEE,,2,GU-8F9186BCC33A,57,M
B-6174FE982DEE,,3,GU-7757CF5EE468,58,M
B-6174FE982DEE,,4,GU-899411861C21,59,M
B-78D91DBD1AA3,,1,GU-7B28804D639B,30,M
B-78D91DBD1AA3,,2,GU-AFB4316929AC,31,M
B-78D91DBD1AA3,,3,GU-67FFF86CF5E2,39,M
B-78D91DBD1AA3,,4,GU-39ADAD108525,43,M
B-78D91DBD1AA3,,5,GU-6ECB49DFFF89,31,M
B-7C216B38E950,,1,GU-79B0C0A30EBB,46,M
B-7C216B38E950,,2,GU-FCD8959A3E52,56,M
B-7C216B38E950,,3,GU-7D7A431EE06F,65,M
B-7C216B38E950,,4,GU-D4FDE8DA9C52,55,M
B-7C216B38E950,,5,GU-EFEB164FB0E0,59,M
B-CA42853B4E46,,1,GU-455232CE66B3,54,F
B-CA42853B4E46,,2,GU-4A8870EC502F,22,F
B-CA42853B4E46,,3,GU-00E3F87A7BBA,25,F
B-A9B3E9B00D0A,,1,GU-0373B2D4F0AE,54,M
B-A9B3E9B00D0A,,2,GU-91F971EC9786,56,F
B-A9B3E9B00D0A,,3,GU-DD01174C3B1E,54,M
B-A9B3E9B00D0A,,4,GU-C6228BCF426A,54,F
B-1CF89D54C48E,C-4EB04061C548,1,GU-F68744089C20,71,M
B-1CF89D54C48E,C-4EB04061C548,2,GU-CCE555237C99,69,F
B-1CF89D54C48E,C-4EB04061C548,3,GU-80F44331EF7A,8,M
B-1CF89D54C48E,C-4EB04061C548,4,GU-AF166B877320,6,F
B-879BC5387CAE,,1,GU-8525720BE828,54,M
B-879BC5387CAE,,2,GU-CC3A22E78545,38,M
B-879BC5387CAE,,3,GU-A51A50AEC1F5,42,M
B-879BC5387CAE,,4,GU-1563AD7E3407,28,M
B-F806786C6F43,,1,GU-BE6F69A01D0D,43,M
B-F806786C6F43,,2,GU-B4E17F03D98A,36,M
B-F806786C6F43,,3,GU-FF6181ECF539,40,M
B-F806786C6F43,,4,GU-21D37EE90227,43,M
B-137B3C377A1A,,1,GU-62007F9C2EBC,46,M
B-137B3C377A1A,,2,GU-9DBC8E0991CB,40,F
B-137B3C377A1A,,3,GU-065942A4E36B,6,F
B-137B3C377A1A,,4,GU-0C8EEBA7E6F0,4,F
B-E1D0BECD38B5,,1,GU-4C0EB7B01C40,42,M
B-E1D0BECD38B5,,2,GU-920C40DFB8F8,36,M
B-E1D0BECD38B5,,3,GU-BC04B6E2BCD3,34,M
B-E1D0BECD38B5,,4,GU-4FB6C6C70D95,43,M
B-E1D0BECD38B5,,5,GU-F7B3C20DCD39,43,M
B-E1D0BECD38B5,,6,GU-EC619CF533A6,25,M
B-10C5717048B4,C-80AC74DB44BB,1,GU-3505E73DB35F,,
B-10C5717048B4,C-80AC74DB44BB,2,GU-AAF49A81190A,,
B-10C5717048B4,C-80AC74DB44BB,3,GU-63D65C77F6EC,,
B-5511FC411EAB,,1,GU-494CAEECE368,43,M
B-5511FC411EAB,,2,GU-223355135968,44,F
B-7A1E2991E281,,1,GU-249978568935,43,M
B-7A1E2991E281,,2,GU-567ACABD2CDB,37,F
B-01F646D6E109,C-024F8C1496A8,1,GU-088F9E8FCDA8,,
B-01F646D6E109,C-024F8C1496A8,2,GU-958B057B4FB6,,
B-A9B7C2457765,C-28F9DC455435,1,GU-4713E6376498,,
B-A9B7C2457765,C-28F9DC455435,2,GU-4C50C2A91101,,
B-114BBCB3E141,C-5BEA605CFAE1,1,GU-D967A319A08A,49,F
B-114BBCB3E141,C-5BEA605CFAE1,2,GU-7291FE9DFE37,48,F
B-A283FFDA0246,C-D1169A8FF315,1,GU-E9ED68E33F60,66,F
B-A283FFDA0246,C-D1169A8FF315,2,GU-EE202257255B,70,M
B-0ABC7CB14735,,1,GU-B974ED1423CF,49,
B-0ABC7CB14735,,2,GU-E93E783E0B6C,47,
B-0ABC7CB14735,,3,GU-6131A696A476,11,
B-0ABC7CB14735,,4,GU-081785302E6E,12,
B-60ACBD41A779,C-10946CF1D060,1,GU-142D0BD224BF,,
B-60ACBD41A779,C-10946CF1D060,2,GU-05D2C9137507,,
B-BFA0B5EA7828,C-10946CF1D060,1,GU-DE10DE1F7D98,,
B-BFA0B5EA7828,C-10946CF1D060,2,GU-D3ABE77AAB28,,
B-BFA0B5EA7828,C-10946CF1D060,3,GU-B2138A329D83,,
B-4CBD3F170469,C-794C72D9321A,1,GU-9438BE4FBEC5,52,F
B-4CBD3F170469,C-794C72D9321A,2,GU-E05D9590D03F,52,M
B-4CBD3F170469,C-794C72D9321A,3,GU-FE89803D260E,13,M
B-37350A9BFA70,C-2F2175B5DFE3,1,GU-1E1026B75639,52,M
B-37350A9BFA70,C-2F2175B5DFE3,2,GU-AA7BFE81C317,52,F
B-37350A9BFA70,C-2F2175B5DFE3,3,GU-1536C3E8A86F,14,M
B-13E457B7DDBB,C-6898973CB65D,1,GU-9183130487BC,,
B-13E457B7DDBB,C-6898973CB65D,2,GU-2D714E6BD43A,,
B-13E457B7DDBB,C-6898973CB65D,3,GU-7945BE7C1FE7,,
B-682C6E369FEB,C-4281ADFF2800,1,GU-1D0F21E32E51,52,F
B-682C6E369FEB,C-4281ADFF2800,2,GU-F74B53792535,60,M
B-682C6E369FEB,C-4281ADFF2800,3,GU-37C4CCC39885,15,M
B-682C6E369FEB,C-4281ADFF2800,4,GU-AACDBF672BF4,16,F
B-5BE0FBDC956E,,1,GU-F7F5F23AB1CB,42,M
B-5BE0FBDC956E,,2,GU-A08E23BAE1C3,41,F
B-5BE0FBDC956E,,3,GU-1B9397F54CF4,6,F
B-5BE0FBDC956E,,4,GU-8E3966055B83,10,M
B-97C1720831DE,C-35E1E318B788,1,GU-1E507EA46FEC,,
B-97C1720831DE,C-35E1E318B788,2,GU-A5EBBC69A5DC,,
B-D35D4EFF9DF6,C-35E1E318B788,1,GU-06F4CF6EC893,,
B-D35D4EFF9DF6,C-35E1E318B788,2,GU-7135F6587816,,
B-D35D4EFF9DF6,C-35E1E318B788,3,GU-0BAF00ED27D0,,
B-4444E189544D,,1,GU-E85B72EC35CE,61,F
B-4444E189544D,,2,GU-4335E4A0EF18,65,F
B-E5D80D74B376,,1,GU-7E0690A2B239,35,M
B-E5D80D74B376,,2,GU-430830A44762,28,F
B-E5D80D74B376,,3,GU-A97BE50DDB25,1,F
B-328B26E158CD,C-BC0EDD73A143,1,GU-5A4BEB10C91A,43,F
B-328B26E158CD,C-BC0EDD73A143,2,GU-E3BC91E44B07,43,M
B-328B26E158CD,C-BC0EDD73A143,3,GU-38AE680F91FE,4,M
B-328B26E158CD,C-BC0EDD73A143,4,GU-0BA632991611,1,M
B-A18DE8BD85A3,C-5059EAE32970,1,GU-2F423C8E3DF3,47,F
B-A18DE8BD85A3,C-5059EAE32970,2,GU-1E20938A370B,48,M
B-A18DE8BD85A3,C-5059EAE32970,3,GU-2390F1E7D2C3,14,M
B-C12462AF746D,,1,GU-4D614630AE6D,,
B-57CB73C5D63F,,1,GU-DD374F53716A,53,M
B-57CB73C5D63F,,2,GU-A5B8C5088ED8,49,M
B-57CB73C5D63F,,3,GU-858EA0A05D30,56,M
B-57CB73C5D63F,,4,GU-ABFD3B5DF6BD,40,M
B-2795561910B7,C-BCF689204CF2,1,GU-68A4578A5C61,,
B-2795561910B7,C-BCF689204CF2,2,GU-E6C317C280D5,,
B-2795561910B7,C-BCF689204CF2,3,GU-2F59AB97CD48,,
B-495DF8929031,C-CEDE14405465,1,GU-9190FCAC23E4,77,
B-495DF8929031,C-CEDE14405465,2,GU-1C5A5091D1CD,75,
B-0EDF6420D855,C-B1EF79380750,1,GU-AB8DF2F85E74,41,M
B-0EDF6420D855,C-B1EF79380750,2,GU-60CDDAD0B776,39,F
B-0EDF6420D855,C-B1EF79380750,3,GU-7794678C1AFA,1,F
B-AA1B6AE2986F,C-0293CFD6E060,1,GU-6B129A1212C5,32,F
B-AA1B6AE2986F,C-0293CFD6E060,2,GU-F76E922854F1,12,F
B-614569692AE1,,1,GU-CF5A3D3A9C0D,34,M
B-614569692AE1,,2,GU-4ADB68335886,30,F
B-2A548A9337E8,C-746DED32618B,1,GU-01862BCD4FD1,48,F
B-2A548A9337E8,C-746DED32618B,2,GU-E53841A88E40,26,F
B-2A548A9337E8,C-746DED32618B,3,GU-B225F727010D,11,F
B-2A548A9337E8,C-746DED32618B,4,GU-2C1ED09D129E,4,F
B-C5FAC6C42D58,,1,GU-A7E70E2DE0F6,36,M
B-C5FAC6C42D58,,2,GU-44DAD1DD2E2C,9,F
B-C5FAC6C42D58,,3,GU-5E0A8DE562FB,36,F
B-CB8770FD5FE1,,1,GU-3F82A0812F55,41,M
B-CB8770FD5FE1,,2,GU-E1912CF773DC,1,M
B-CB8770FD5FE1,,3,GU-14B4570E1B48,3,F
B-CB8770FD5FE1,,4,GU-5BF7416F9DDE,37,F
B-AE6C5D01A7A5,,1,GU-0D34F519B795,34,M
B-AE6C5D01A7A5,,2,GU-724B17C27D07,38,M
B-67F454EFA9D5,,1,GU-A821AACCDB44,,
B-67F454EFA9D5,,2,GU-C86F7BB7B2B5,32,M
B-67F454EFA9D5,,3,GU-416BA3113BB7,40,M
B-67F454EFA9D5,,4,GU-7411285C2026,32,M
B-67F454EFA9D5,,5,GU-9C42A7D98DF9,37,M
B-A0965ACD478F,,1,GU-D31C3B0649F8,40,M
B-A0965ACD478F,,2,GU-EF87C50F566F,39,M
B-A0965ACD478F,,3,GU-D9A7B7445529,54,M
B-A0965ACD478F,,4,GU-D3A60D4E7A29,40,M
B-A0965ACD478F,,5,GU-CCE26A3073F1,44,M
B-0D5C69E7637E,,1,GU-AD46A4B966C2,57,M
B-0D5C69E7637E,,2,GU-98CB17FBF41B,55,M
B-0D5C69E7637E,,3,GU-B6DA3BAF147C,64,M
B-0D5C69E7637E,,4,GU-B9531869865A,56,M
B-0D5C69E7637E,,5,GU-008462560AF7,54,M
B-3B31B82477A4,C-7A60DFCF6B1D,1,GU-321CBBD57F9B,40,F
B-3B31B82477A4,C-7A60DFCF6B1D,2,GU-0F4E1ADD8580,45,M
B-3B31B82477A4,C-7A60DFCF6B1D,3,GU-F65539332705,10,M
B-1398D922480E,,1,GU-E20BFA714EB3,58,M
B-1398D922480E,,2,GU-B3E0EE31A37F,57,F
B-1398D922480E,,3,GU-55B665B76DDB,10,F
B-F5D4BC9AE832,,1,GU-D2281FD7BE8C,51,F
B-F5D4BC9AE832,,2,GU-849EB5F971D5,49,M
B-50D8A92B3281,,1,GU-3DB846506E3C,66,F
B-50D8A92B3281,,2,GU-4098F95D4EB5,70,M
B-54CE49A6C63A,C-C9C1590358DD,1,GU-EBBB850519E1,,
B-54CE49A6C63A,C-C9C1590358DD,2,GU-CC5A66FC1D2B,,
B-54CE49A6C63A,C-C9C1590358DD,3,GU-09D94A114E55,,
B-F0B6146DB280,C-86BCAF78DB58,1,GU-0ED7B7A34C21,56,M
B-F0B6146DB280,C-86BCAF78DB58,2,GU-B38971A4DB9F,56,F
B-3B7F9CA9E36F,C-2B02F0E4A046,1,GU-9C9560047B6E,42,M
B-3B7F9CA9E36F,C-2B02F0E4A046,2,GU-E8D016D89646,44,F
B-3B7F9CA9E36F,C-2B02F0E4A046,3,GU-68D136E18DC3,8,M
B-3B7F9CA9E36F,C-2B02F0E4A046,4,GU-CF18DECEDD31,13,F
B-FAAA7CAC7D10,C-2B02F0E4A046,1,GU-0F350F9CEF25,43,M
B-FAAA7CAC7D10,C-2B02F0E4A046,2,GU-F75F72414C64,43,F
B-FAAA7CAC7D10,C-2B02F0E4A046,3,GU-0B4189FF3F2F,13,F
B-86EEFD64992D,C-4B130279E851,1,GU-822A27AF4C83,43,M
B-86EEFD64992D,C-4B130279E851,2,GU-4C2080BF8C0F,35,F
B-86EEFD64992D,C-4B130279E851,3,GU-478BB2C2F238,2,F
B-86EEFD64992D,C-4B130279E851,4,GU-2C3648A24694,1,M
B-65FFB1CD891E,C-76C4031E16F0,1,GU-BCD88CFA2526,,
B-65FFB1CD891E,C-76C4031E16F0,2,GU-5A215249A0B5,,
B-65FFB1CD891E,C-76C4031E16F0,3,GU-AD0D91E226AC,,
B-821310E67B6E,C-76C4031E16F0,1,GU-36FFF7D4B7FD,,
B-821310E67B6E,C-76C4031E16F0,2,GU-59FA562E97FC,,
B-821310E67B6E,C-76C4031E16F0,3,GU-8D61D3573903,,
B-892FF1126645,C-43064B6F4592,1,GU-D870232D49A7,56,F
B-892FF1126645,C-43064B6F4592,2,GU-F12069AAFA69,56,M
B-892FF1126645,C-43064B6F4592,3,GU-04DFDBD72292,16,F
B-892FF1126645,C-43064B6F4592,4,GU-B07E6F526D87,17,F
B-C85620B30FFD,,1,GU-AE1F5E3DCF7B,,
B-C85620B30FFD,,2,GU-D7E1F6BA3150,,
B-34016FFD4D11,C-FE830452C11C,1,GU-4EAA7059FFD9,69,M
B-34016FFD4D11,C-FE830452C11C,2,GU-4AA0FADB782B,63,F
B-E40D0598C1A3,C-DDEA9DBE1441,1,GU-9AF79A9F3783,53,F
B-E40D0598C1A3,C-DDEA9DBE1441,2,GU-AB46CC26E4DE,64,M
B-E40D0598C1A3,C-DDEA9DBE1441,3,GU-F2D5982C7DA7,14,M
B-163C94EC604D,C-A9721D3E4725,1,GU-1307CB56F163,69,M
B-163C94EC604D,C-A9721D3E4725,2,GU-29C0215D414B,70,F
B-04DFA21A018E,,1,GU-CB8C19A73755,,
B-04DFA21A018E,,2,GU-A16214916339,,
B-649775A792E2,,1,GU-432A0EAE96ED,36,M
B-3379FCD12027,C-FF653A2BAE51,1,GU-FBD405D0A701,,
B-3379FCD12027,C-FF653A2BAE51,2,GU-94AA1BC1CB5D,,
B-3744B6C9A420,C-F875ABE3266D,1,GU-222D9BCF6BB4,,
B-3744B6C9A420,C-F875ABE3266D,2,GU-CA6C8466C2D2,,
B-92957B1BEB47,C-6E3469F72D55,1,GU-B170ECCFC403,33,F
B-92957B1BEB47,C-6E3469F72D55,2,GU-9C163069A728,0,F
B-92957B1BEB47,C-6E3469F72D55,3,GU-8DC84B9DE6CF,32,M
B-DC9F4D1B0D39,C-8835789703BD,1,GU-E3CDB41B1829,28,F
B-DC9F4D1B0D39,C-8835789703BD,2,GU-3D74AB010A90,30,M
B-9675A9B92387,,1,GU-194A1BA9C929,43,M
B-9675A9B92387,,2,GU-B6EFAB93F609,10,F
B-9675A9B92387,,3,GU-CEA143F24174,42,M
B-F115D7F267E0,,1,GU-1612F2B7190B,47,M
B-F115D7F267E0,,2,GU-D6189B5CCF09,42,F
B-F115D7F267E0,,3,GU-BB3FFC8A762B,9,M
B-3875B442BC2B,,1,GU-9105F864925F,40,M
B-3875B442BC2B,,2,GU-918543472B77,40,F
B-3875B442BC2B,,3,GU-CE7F8FC98EC9,10,F
B-3875B442BC2B,,4,GU-5A9179FD0A07,8,F
B-F8565A12C13C,C-BCF689204CF2,1,GU-1EF88D679BD9,55,M
B-F8565A12C13C,C-BCF689204CF2,2,GU-DB3C26696089,48,F
B-F8565A12C13C,C-BCF689204CF2,3,GU-93BBFAB3514D,13,M
B-4B4ABFF9867C,,1,GU-C024246DD07E,42,F
B-4B4ABFF9867C,,2,GU-01CE2FF66757,46,M
B-4B4ABFF9867C,,3,GU-FA9753B97238,15,M
B-4B4ABFF9867C,,4,GU-9D70F8FCCD73,12,F
B-8CBBF8A69BC8,,1,GU-C206F5759145,45,M
B-8CBBF8A69BC8,,2,GU-4B21320FA3CC,43,F
B-8CBBF8A69BC8,,3,GU-96FBEEFCD7A3,14,M
B-8CBBF8A69BC8,,4,GU-916680B89379,11,M
B-275DCFC87E6B,C-C36F73E3EBC9,1,GU-3D3FFFDB6DA9,,
B-275DCFC87E6B,C-C36F73E3EBC9,2,GU-410620CA91AC,,
B-275DCFC87E6B,C-C36F73E3EBC9,3,GU-0F7341368268,,
B-275DCFC87E6B,C-C36F73E3EBC9,4,GU-85CE8E192EB2,,
B-FCAD52559204,,1,GU-5BCDCFD8B71B,63,M
B-FCAD52559204,,2,GU-109C9782AA8C,61,F
B-0B0D7347D63E,C-2637D0C878A8,1,GU-0E56DAF75EC5,42,F
B-0B0D7347D63E,C-2637D0C878A8,2,GU-315F8D249ACE,10,M
B-0B0D7347D63E,C-2637D0C878A8,3,GU-4B054BE8C6C2,47,M
B-0B3966F22FE5,C-2637D0C878A8,1,GU-FFEAF1EFC723,47,M
B-0B3966F22FE5,C-2637D0C878A8,2,GU-31323FB34675,47,F
B-0CE51AFB314B,,1,GU-BB6B9E8A342A,,
B-0CE51AFB314B,,2,GU-911F100D1EDA,,
B-088B78999832,C-E909D34DEAFC,1,GU-C721273240D8,39,M
B-088B78999832,C-E909D34DEAFC,2,GU-AE8C6F636270,37,F
B-088B78999832,C-E909D34DEAFC,3,GU-A04D86FD1768,12,M
B-088B78999832,C-E909D34DEAFC,4,GU-2384699881CE,9,F
B-3121CDEE2B63,C-5157B6FA4450,1,GU-BFFA89983247,41,M
B-3121CDEE2B63,C-5157B6FA4450,2,GU-56745347FE01,43,F
B-3121CDEE2B63,C-5157B6FA4450,3,GU-0588BA018977,7,F
B-3121CDEE2B63,C-5157B6FA4450,4,GU-CA00A73C9FD7,5,F
B-C7E2E4B1FD88,C-B37AB644B047,1,GU-9D44530F9233,55,M
B-C7E2E4B1FD88,C-B37AB644B047,2,GU-088685FC7E9D,18,F
B-C7E2E4B1FD88,C-B37AB644B047,3,GU-F1C97A337DAD,16,F
B-C7E2E4B1FD88,C-B37AB644B047,4,GU-F1CE565EBDB6,53,
B-C7E2E4B1FD88,C-B37AB644B047,5,GU-E3140A0A3050,19,
B-C79DA5A1B72C,,1,GU-CBD516A1A60B,,
B-C79DA5A1B72C,,2,GU-3C5BD4827DE5,,
B-C79DA5A1B72C,,3,GU-702B623DDE9D,4,
B-D4D4FF364970,C-EA69677B06F0,1,GU-16659EAA53E4,,
B-D4D4FF364970,C-EA69677B06F0,2,GU-3A2AA07F3E0A,,
B-D4D4FF364970,C-EA69677B06F0,3,GU-FF1E8B7FDB6B,,
B-D4D4FF364970,C-EA69677B06F0,4,GU-C347B216B6CA,,
B-D4D4FF364970,C-EA69677B06F0,5,GU-39D4A4A86CEA,,
B-A7D7D01F5C79,,1,GU-72C8382C963F,,
B-A7D7D01F5C79,,2,GU-0343F1728759,,
B-A7D7D01F5C79,,3,GU-9E80A9A28CFF,5,
B-A7D7D01F5C79,,4,GU-281B4AC8EC32,2,
B-A7D7D01F5C79,,5,GU-9AE544445C40,0,
B-AB8D6910F35D,,1,GU-16362431173E,61,M
B-37DEE497381C,C-ECD05D5BDCFC,1,GU-80A0F36BCE80,44,M
B-37DEE497381C,C-ECD05D5BDCFC,2,GU-C981CD06DA1F,44,F
B-37DEE497381C,C-ECD05D5BDCFC,3,GU-B87C261B6983,16,M
B-37DEE497381C,C-ECD05D5BDCFC,4,GU-AE8CBE275B8B,12,M
B-37DEE497381C,C-ECD05D5BDCFC,5,GU-2421ADB92687,3,M
B-3E4DF3EAD3D9,C-0F13A3111B08,1,GU-B24252EAE014,50,M
B-3E4DF3EAD3D9,C-0F13A3111B08,2,GU-BB1661D89C75,48,F
B-3E4DF3EAD3D9,C-0F13A3111B08,3,GU-082755242CEF,16,M
B-206A58A46842,C-0F13A3111B08,1,GU-06EC1838D55D,49,F
B-206A58A46842,C-0F13A3111B08,2,GU-9CAC58D78BBE,16,M
B-206A58A46842,C-0F13A3111B08,3,GU-5715712E2320,48,M
B-7D4868E5681E,C-CC99DA56C0E4,1,GU-31329544084D,48,M
B-7D4868E5681E,C-CC99DA56C0E4,2,GU-3F4C3BFBC24A,54,F
B-A817F1CFC195,C-87881B194695,1,GU-8E985EA5870E,35,M
B-A817F1CFC195,C-87881B194695,2,GU-284D13996CFB,31,M
B-A817F1CFC195,C-87881B194695,3,GU-B86EDA37245D,67,F
B-986CD3E2EC56,C-38B78750AFAD,1,GU-E414DB266168,40,
B-986CD3E2EC56,C-38B78750AFAD,2,GU-9FD4FAEF7B63,47,
B-986CD3E2EC56,C-38B78750AFAD,3,GU-9C44F10964BD,3,
B-DA6B9DB8C2FD,C-F08A5AC39DC0,1,GU-6BD271A6C7A3,,
B-DA6B9DB8C2FD,C-F08A5AC39DC0,2,GU-48953A484E30,,
B-BF180A063B5A,C-D02FA1978906,1,GU-463D5E9D7F07,,
B-BF180A063B5A,C-D02FA1978906,2,GU-FA5BCBE4E1DF,,
B-83A61C7A0C28,C-DEA1580FF369,1,GU-9E0B4FC73D86,40,M
B-83A61C7A0C28,C-DEA1580FF369,2,GU-115CE5236BFB,40,F
B-83A61C7A0C28,C-DEA1580FF369,3,GU-1EB33BABDA34,8,F
B-D7A3C12C9CBB,C-48BD6100895F,1,GU-5E2A796847A9,66,M
B-D7A3C12C9CBB,C-48BD6100895F,2,GU-FE8248ECBFCC,63,F
B-21BA44D1B551,C-52472D9DEB98,1,GU-F70006DF5BE0,41,F
B-21BA44D1B551,C-52472D9DEB98,2,GU-3C14E37C8A75,46,M
B-21BA44D1B551,C-52472D9DEB98,3,GU-4E88E659DF95,10,F
B-21BA44D1B551,C-52472D9DEB98,4,GU-EA1903B9EC03,5,F
B-13C107DF4CE0,C-331D847B3DA7,1,GU-171497E3342B,50,F
B-13C107DF4CE0,C-331D847B3DA7,2,GU-91866E4B60A8,53,M
B-13C107DF4CE0,C-331D847B3DA7,3,GU-56E0EA0E6BD8,6,F
B-8BEB9FF28909,C-94F4517D0D4E,1,GU-6A82664BA6D5,,
B-8BEB9FF28909,C-94F4517D0D4E,2,GU-FDD4677DB168,,
B-8635922EDC62,C-A7ED217AA5BE,1,GU-76E0F0959430,59,F
B-8635922EDC62,C-A7ED217AA5BE,2,GU-53A8CEF08700,62,M
B-618F13970232,,1,GU-6B73D40995B3,45,M
B-618F13970232,,2,GU-63E016C8561B,56,F
B-618F13970232,,3,GU-4834BC7604E7,9,M
B-0CC02AE91829,,1,GU-F2DF018395D5,19,
B-0CC02AE91829,,2,GU-4BFBF8847B3E,19,
B-8985290889FF,,1,GU-465C5DC0B824,19,M
B-8985290889FF,,2,GU-4BAC7C58F99F,19,F
B-CD22939E8B14,,1,GU-8887DA28B213,46,M
B-CD22939E8B14,,2,GU-CE6BE5426BBB,46,F
B-CD22939E8B14,,3,GU-D9117AFF7DF2,15,M
B-CD22939E8B14,,4,GU-AA236AC0D564,11,M
B-31274F99E841,C-93F67530D9F7,1,GU-49F6475F66AA,,
B-31274F99E841,C-93F67530D9F7,2,GU-A4A6A712FBC3,,
B-371AE427351C,C-93F67530D9F7,1,GU-8246A838B90D,,
B-371AE427351C,C-93F67530D9F7,2,GU-270EDB22EB66,,
B-E0B9A76685E8,,1,GU-ADD929C383C8,53,M
B-E0B9A76685E8,,2,GU-FF58C986DCF1,54,M
B-03F528A67443,C-43C7D2A4FB02,1,GU-7731F951E065,48,M
B-03F528A67443,C-43C7D2A4FB02,2,GU-9E91B71311D5,45,F
B-03F528A67443,C-43C7D2A4FB02,3,GU-19ABA59CE1E9,16,F
B-03F528A67443,C-43C7D2A4FB02,4,GU-25AED5535AA6,11,F
B-ACABF92C8392,C-347FA2580ED9,1,GU-757EC10E7611,29,M
B-ACABF92C8392,C-347FA2580ED9,2,GU-133135CF66D1,29,F
B-ACABF92C8392,C-347FA2580ED9,3,GU-DF7AECB9D8E7,0,F
B-E480E01FA283,C-58645C207DA8,1,GU-45BFAB7C82C6,52,F
B-E480E01FA283,C-58645C207DA8,2,GU-87BA8363DB16,54,M
B-C204A878A57A,C-84B677432962,1,GU-BE3E0DB0CECD,,
B-C204A878A57A,C-84B677432962,2,GU-FF9A7A1A42DA,,
B-623E2913E54E,C-51D06A789BAB,1,GU-963A77198154,47,M
B-623E2913E54E,C-51D06A789BAB,2,GU-07212DFA9C24,44,F
B-623E2913E54E,C-51D06A789BAB,3,GU-7E8FF71E2668,18,F
B-623E2913E54E,C-51D06A789BAB,4,GU-7170BF1B73DD,14,F
B-1D9B1259CB0E,C-6239F14DE98A,1,GU-0FDABD7E6563,42,F
B-1D9B1259CB0E,C-6239F14DE98A,2,GU-BB410F7EBF8C,7,M
B-1D9B1259CB0E,C-6239F14DE98A,3,GU-3A1F7ABE1A7F,62,M
B-C4375A14ED21,C-EBCE7F070E30,1,GU-8310DE69FE5E,66,M
B-C4375A14ED21,C-EBCE7F070E30,2,GU-CA14BAEFBC16,59,F
B-9236C7932719,C-EF941FBB4344,1,GU-D1B038D9A0AB,35,M
B-9236C7932719,C-EF941FBB4344,2,GU-231B827C496A,37,F
B-9236C7932719,C-EF941FBB4344,3,GU-F4182687FBF6,5,M
B-9236C7932719,C-EF941FBB4344,4,GU-669BFA3EDEBC,2,F
B-CB951A400F08,C-84B677432962,1,GU-8C5F74715C9D,,
B-CB951A400F08,C-84B677432962,2,GU-D2BC3F735539,,
B-CB951A400F08,C-84B677432962,3,GU-026AA36314A7,,
B-CB951A400F08,C-84B677432962,4,GU-F985AC36357A,,
B-CD1C482E4BCA,C-4E9C1D34E6C2,1,GU-D1DA65F485AB,72,M
B-CD1C482E4BCA,C-4E9C1D34E6C2,2,GU-4C9C5E586F46,65,F
B-289D49648CBE,C-975C14918652,1,GU-01AEEABF6D5F,,
B-289D49648CBE,C-975C14918652,2,GU-66CC21E1B4BD,,
B-289D49648CBE,C-975C14918652,3,GU-1B4C5C48F3E5,,
B-6118D7392794,C-A16FA297383A,1,GU-7463BE7C6311,,
B-6118D7392794,C-A16FA297383A,2,GU-8AE1EC0A9CA5,,
B-6118D7392794,C-A16FA297383A,3,GU-86E6E1E72C5F,,
B-70B0D2C04D97,,1,GU-7F2F8D5A4529,59,M
B-70B0D2C04D97,,2,GU-27EFF6983EDC,55,F
B-5A6A328AF8D2,,1,GU-9910AACD89DB,59,M
B-5A6A328AF8D2,,2,GU-8622369E4CD0,52,F
B-160B306CD439,,1,GU-8C6C72E0550C,36,M
B-160B306CD439,,2,GU-FC29265B8381,25,F
B-160B306CD439,,3,GU-3097FBF67A9B,2,M
B-6CFCD33ED3E9,C-212C6F22D76A,1,GU-3DCEF8E39D5D,32,F
B-6CFCD33ED3E9,C-212C6F22D76A,2,GU-F9DF738190D2,35,M
B-6CFCD33ED3E9,C-212C6F22D76A,3,GU-B9F80545CAFB,3,M
B-8F8F32CE3088,,1,GU-D054955DB8DD,42,M
B-8F8F32CE3088,,2,GU-69F5B39066A9,48,F
B-8F8F32CE3088,,3,GU-391E9D0000B6,8,F
B-7FCA856714E3,C-A16FA297383A,1,GU-62A87BBF2ACD,,
B-7FCA856714E3,C-A16FA297383A,2,GU-3442D1EC22E7,,
B-7FCA856714E3,C-A16FA297383A,3,GU-21A50974BC72,,
B-693DA9999804,C-A16FA297383A,1,GU-68BF40721E34,,
B-693DA9999804,C-A16FA297383A,2,GU-2EC35BBFB6D1,,
B-693DA9999804,C-A16FA297383A,3,GU-BA2E91507FEE,,
B-B33B74A99A60,C-963EF6611371,1,GU-C0EA5730A064,,
B-B33B74A99A60,C-963EF6611371,2,GU-DC11771DBED0,,
B-2D00E7D7973C,C-9154B11599FD,1,GU-C05EC65068EC,49,F
B-2D00E7D7973C,C-9154B11599FD,2,GU-4C9DCDA5A89A,54,M
B-2D00E7D7973C,C-9154B11599FD,3,GU-236A45843780,7,M
B-B38B34B95274,C-F1D269CF6D53,1,GU-16B389E2E24C,59,M
B-B38B34B95274,C-F1D269CF6D53,2,GU-56C4904C1A87,55,F
B-CCBD671AB8B4,C-A16FA297383A,1,GU-F733AA3D22E7,,
B-CCBD671AB8B4,C-A16FA297383A,2,GU-9B5377956A28,,
B-CCBD671AB8B4,C-A16FA297383A,3,GU-DFFBE16245CF,,
B-6BEDB3D8F82D,C-006687C85625,1,GU-BBCCF0E3F208,47,M
B-6BEDB3D8F82D,C-006687C85625,2,GU-5B30D1CA9E53,5,F
B-8509CD2E8E58,C-006687C85625,1,GU-47F5D197FED3,9,M
B-8509CD2E8E58,C-006687C85625,2,GU-E783FA86541E,8,F
B-8509CD2E8E58,C-006687C85625,3,GU-1822127AC8E6,3,F
B-8509CD2E8E58,C-006687C85625,4,GU-E9EDB3BEA6DA,7,F
B-6B3FD006C58F,,1,GU-EE6E027388C2,48,F
B-6B3FD006C58F,,2,GU-91563AFF43AE,56,M
B-C2FEA4EB70B8,,1,GU-8D64617F04CB,40,F
B-C2FEA4EB70B8,,2,GU-7234386A9C15,44,M
B-E4E811C2A5C3,,1,GU-73035F0E9A42,49,F
B-E4E811C2A5C3,,2,GU-39B6A43F3A8C,46,M
B-9DA0795B114D,,1,GU-0E26EC0D5C25,58,F
B-9DA0795B114D,,2,GU-ED26247D2F25,54,M
B-47B73936351C,,1,GU-A0D71A406C4B,49,
B-47B73936351C,,2,GU-712C22BF3EAF,47,
B-47B73936351C,,3,GU-50637904698B,15,
B-47B73936351C,,4,GU-FD3EF3F80AB3,13,
B-84A708ECB899,C-EDDF4CB5EDB5,1,GU-8130AA846564,50,M
B-84A708ECB899,C-EDDF4CB5EDB5,2,GU-687E015D9407,38,M
B-CE7FAA581F2E,C-EDDF4CB5EDB5,1,GU-C4BF79C419BD,58,F
B-CE7FAA581F2E,C-EDDF4CB5EDB5,2,GU-1AF89A4465C4,49,F
B-CE7FAA581F2E,C-EDDF4CB5EDB5,3,GU-EE8F253A2589,61,F
B-8E2869CF0A06,C-763C7385CD42,1,GU-E9632E18767F,54,M
B-8E2869CF0A06,C-763C7385CD42,2,GU-FB4E5257AD9A,52,F
B-8E2869CF0A06,C-763C7385CD42,3,GU-3DD99C078430,15,F
B-6FA42699EEC0,C-C4FE2CBDDBDA,1,GU-1B9EABEEEFBC,,
B-6FA42699EEC0,C-C4FE2CBDDBDA,2,GU-C4897CA63B2E,,
B-7276FA0B78A8,C-66809859E532,1,GU-FE7810935EB3,38,F
B-7276FA0B78A8,C-66809859E532,2,GU-EBC5301BCA00,49,M
B-7276FA0B78A8,C-66809859E532,3,GU-F833AE6D1806,9,F
B-7276FA0B78A8,C-66809859E532,4,GU-2C81475F8046,8,M
B-C4EE1AA796C9,,1,GU-056B0DA87872,50,F
B-C4EE1AA796C9,,2,GU-90D4B3D0EEA5,51,F
B-DFEC5C0EB35E,,1,GU-23B88AE5626B,42,M
B-DFEC5C0EB35E,,2,GU-6A4DECA8958A,37,F
B-DFEC5C0EB35E,,3,GU-FDC309C4AF6A,7,F
B-DFEC5C0EB35E,,4,GU-15F534257C96,5,M
B-5CE10A56D342,,1,GU-07554F2CFCE8,43,F
B-5CE10A56D342,,2,GU-4CFB268F5F49,11,M
B-B6B2CE15AB95,C-225DC51CC1A5,1,GU-6FE5026B6FD6,51,F
B-B6B2CE15AB95,C-225DC51CC1A5,2,GU-CB2C7E01D831,58,M
B-B6B2CE15AB95,C-225DC51CC1A5,3,GU-B638B5CAB6C1,16,F
B-7E034A254A3B,C-9DBD31E19B0B,1,GU-768181EAAF52,67,F
B-7E034A254A3B,C-9DBD31E19B0B,2,GU-A64BA119B657,67,M
B-FA09CBF27942,C-75ACE8F47B4B,1,GU-E9AF538E9431,35,M
B-FA09CBF27942,C-75ACE8F47B4B,2,GU-92C5B0A57038,38,F
B-FA09CBF27942,C-75ACE8F47B4B,3,GU-58213F25208E,1,F
B-8A3912DEED3D,C-7CD3A7CBF7C6,1,GU-66A3B68F7E15,61,F
B-8A3912DEED3D,C-7CD3A7CBF7C6,2,GU-FC3B33D52791,70,M
B-6D3D23E3A63E,C-2C7C7EDED218,1,GU-5AA05131B7B4,39,F
B-6D3D23E3A63E,C-2C7C7EDED218,2,GU-A036FD636114,49,M
B-6D3D23E3A63E,C-2C7C7EDED218,3,GU-6D4CA496F73E,1,M
B-EBCD2A3AB943,C-7CF23604D800,1,GU-E380378602F9,,
B-EBCD2A3AB943,C-7CF23604D800,2,GU-76F45CFACB6A,,
B-EBCD2A3AB943,C-7CF23604D800,3,GU-2C313BD21E84,,
B-EBCD2A3AB943,C-7CF23604D800,4,GU-67088C5A1F65,,
B-82E74D012749,C-C511331877A6,1,GU-379288018D60,59,M
B-82E74D012749,C-C511331877A6,2,GU-C45083A18D3E,40,F
B-82E74D012749,C-C511331877A6,3,GU-F26E2F5B98F1,14,M
B-82E74D012749,C-C511331877A6,4,GU-7FA905DD6A76,10,M
B-8917CAFE237E,C-B152E501F97D,1,GU-277ED959C6D0,,
B-8917CAFE237E,C-B152E501F97D,2,GU-D79721CCAE07,,
B-5C68E25B37FE,C-A16FA297383A,1,GU-539AC0244D0B,41,M
B-5C68E25B37FE,C-A16FA297383A,2,GU-4811E971204A,43,M
B-5C68E25B37FE,C-A16FA297383A,3,GU-AA8D4487E568,7,M
B-2ADC0CDBC226,C-C12E4E31E6BD,1,GU-82265CC78E47,41,M
B-2ADC0CDBC226,C-C12E4E31E6BD,2,GU-250810CD8EDA,36,F
B-2ADC0CDBC226,C-C12E4E31E6BD,3,GU-084C7145FDF9,5,F
B-2ADC0CDBC226,C-C12E4E31E6BD,4,GU-4EB19AD083A4,1,F
B-DCB16F7510B8,,1,GU-31BA3B991115,,
B-DCB16F7510B8,,2,GU-56BC17E8C6A5,,
B-DCB16F7510B8,,3,GU-68C86FBD39AA,,
B-427B01E96845,C-AC47CE818E9D,1,GU-6C7FA988513D,,
B-427B01E96845,C-AC47CE818E9D,2,GU-59811802E06C,,
B-6EBCE9C7D988,C-DAE9E6B460AF,1,GU-9B74988C1470,35,F
B-6EBCE9C7D988,C-DAE9E6B460AF,2,GU-8BB19766402B,37,M
B-BB5E1078A4C0,C-9D4108B83AF8,1,GU-C86C6DB725F0,47,M
B-BB5E1078A4C0,C-9D4108B83AF8,2,GU-4D07C179A6CE,8,M
B-BB5E1078A4C0,C-9D4108B83AF8,3,GU-0EEA119EBD43,4,M
B-BB5E1078A4C0,C-9D4108B83AF8,4,GU-D00FF276663C,46,F
B-409C133AA2FD,,1,GU-EF7E8C3F5EE0,64,M
B-409C133AA2FD,,2,GU-DFAA66BD00CB,56,F
B-5D5BB0F925ED,,1,GU-BB86CCBD3269,44,M
B-5D5BB0F925ED,,2,GU-296E0CA0BE85,37,F
B-5D5BB0F925ED,,3,GU-4D25315F935C,8,M
B-16F17C48DD37,,1,GU-75921C376529,62,
B-16F17C48DD37,,2,GU-D5B7B0AC0CDD,67,
B-EEE7DA732017,,1,GU-1EECB49E731E,64,
B-EEE7DA732017,,2,GU-99259467303C,67,
B-A49746FB449B,,1,GU-0D4C624FB753,,
B-A49746FB449B,,2,GU-8ED759AF18EF,,
B-3789EC2629B5,,1,GU-4E0836227A5F,52,M
B-3789EC2629B5,,2,GU-72E49E95D910,45,F
B-3789EC2629B5,,3,GU-FAB5238C780A,17,F
B-3789EC2629B5,,4,GU-C0171CF69E04,17,F
B-3789EC2629B5,,5,GU-252727D15EB0,7,F
B-1E75FEBA31E0,,1,GU-D40370B5FF69,67,
B-1E75FEBA31E0,,2,GU-8673D15C11C5,36,
B-3AD2070469A6,C-E4FEC06C90E5,1,GU-A176F5AD5E79,,
B-3AD2070469A6,C-E4FEC06C90E5,2,GU-97DD42ADB1C6,,
B-0D93656612D9,,1,GU-6DD1156268C0,66,M
B-0D93656612D9,,2,GU-BE51B0B5B1D0,60,F
B-1E595E6A83E2,,1,GU-367031DD918E,65,F
B-1E595E6A83E2,,2,GU-3F5C4E4C2F25,66,M
B-1E595E6A83E2,,3,GU-65BF71D665A7,5,F
B-1AEB444892AF,,1,GU-1432DEB279F6,63,M
B-1AEB444892AF,,2,GU-99BBBDCC5ECC,67,F
B-1AEB444892AF,,3,GU-D1F6DE5FBFB3,8,M
B-1AEB444892AF,,4,GU-8CFAE7BCC5A6,5,F
B-57DA294594E3,C-7468930D6904,1,GU-34C7B5B1B3AD,,
B-57DA294594E3,C-7468930D6904,2,GU-E3C52EF91DA5,,
B-5333A75E927D,C-A45041949A0B,1,GU-19B582082501,56,M
B-5333A75E927D,C-A45041949A0B,2,GU-2039262816A4,54,F
B-FB3315826F47,C-4D512D1DC720,1,GU-28A3A0949830,45,M
B-FB3315826F47,C-4D512D1DC720,2,GU-D7FE577CE23A,44,F
B-FB3315826F47,C-4D512D1DC720,3,GU-6CA86B9E3EE3,14,F
B-10947AD2A412,C-4D512D1DC720,1,GU-CE49281ACD90,48,M
B-10947AD2A412,C-4D512D1DC720,2,GU-D1F8A13994A9,46,F
B-10947AD2A412,C-4D512D1DC720,3,GU-4B82FA7083A1,14,F
B-10947AD2A412,C-4D512D1DC720,4,GU-99EE70847DF8,7,M
B-29387600A0A5,C-4D512D1DC720,1,GU-45D92B00E905,48,M
B-29387600A0A5,C-4D512D1DC720,2,GU-EA724CC31AC7,39,F
B-29387600A0A5,C-4D512D1DC720,3,GU-EF07A08D124C,8,M
B-29387600A0A5,C-4D512D1DC720,4,GU-411EC405047D,2,F
B-7EED460FA0CB,C-0FD2576F759D,1,GU-BD5884650E72,23,M
B-7EED460FA0CB,C-0FD2576F759D,2,GU-44CD556F1EF1,22,F
B-B08155582C64,C-FCE4A4947C8E,1,GU-3510355C3DC9,45,M
B-B08155582C64,C-FCE4A4947C8E,2,GU-56C963CE686D,42,F
B-5209896B2A3C,,1,GU-CD7CF55364B1,65,F
B-5209896B2A3C,,2,GU-10A371721E70,41,M
B-8942802F10F9,,1,GU-BD861F2475C1,50,M
B-8942802F10F9,,2,GU-E7DB648288A7,48,F
B-8942802F10F9,,3,GU-A3B563B2FF86,14,F
B-8942802F10F9,,4,GU-32095B3C921B,12,F
B-843322254E41,,1,GU-CC6502B31E73,,
B-843322254E41,,2,GU-E21D5B1256DB,,
B-843322254E41,,3,GU-FEED7942C136,,
B-843322254E41,,4,GU-AB1F99CE6D5C,,
B-843322254E41,,5,GU-E575C99F3443,,
B-843322254E41,,6,GU-DB471D5569F2,,
B-59190924ACA4,C-BFE595970C04,1,GU-06A13C79345D,60,M
B-59190924ACA4,C-BFE595970C04,2,GU-52D1279F5261,60,F
B-B6E5ACA0CF8F,C-6A47902EB5A0,1,GU-26E689C3356F,36,M
B-B6E5ACA0CF8F,C-6A47902EB5A0,2,GU-8ADD1247E573,32,F
B-B6E5ACA0CF8F,C-6A47902EB5A0,3,GU-4253A53B8998,0,F
B-B5242C8D19EF,C-4AC1A8724A13,1,GU-D915C17184F9,74,M
B-B5242C8D19EF,C-4AC1A8724A13,2,GU-95EDBCF6A04C,71,F
B-91C9FE72ADEE,,1,GU-18E7A40ADE0F,,
B-91C9FE72ADEE,,2,GU-9C805C98E7A7,,
B-B15F9D328A52,C-2953D558B48D,1,GU-EFEA011939FB,55,M
B-B15F9D328A52,C-2953D558B48D,2,GU-DD5102588BB6,53,F
B-B15F9D328A52,C-2953D558B48D,3,GU-D741F4B30511,20,M
B-B15F9D328A52,C-2953D558B48D,4,GU-92F23F55B7A9,18,F
B-B15F9D328A52,C-2953D558B48D,5,GU-1924F36134E7,16,F
B-B15F9D328A52,C-2953D558B48D,6,GU-3DCA36EBCEC3,17,M
B-C0D68DEE3F03,C-A3D83407AE9E,1,GU-0BBADD84C355,56,F
B-C0D68DEE3F03,C-A3D83407AE9E,2,GU-1B56A4EA4CA8,56,M
B-C0D68DEE3F03,C-A3D83407AE9E,3,GU-818DB807DB59,21,F
B-C0D68DEE3F03,C-A3D83407AE9E,4,GU-2814DB7626A2,18,F
B-71D847292F41,C-D8A859C60CC0,1,GU-1C0CC527AD37,64,M
B-71D847292F41,C-D8A859C60CC0,2,GU-A1D63A8DA542,55,F
B-B6B947C52694,C-A3D83407AE9E,1,GU-B4CA274724F1,56,F
B-B6B947C52694,C-A3D83407AE9E,2,GU-DBA4E1BB304D,56,M
B-BE7F7FB027E8,C-2D3772F2DCE8,1,GU-FE974C1288A0,42,F
B-BE7F7FB027E8,C-2D3772F2DCE8,2,GU-3FCCEC46B2EE,12,F
B-BE7F7FB027E8,C-2D3772F2DCE8,3,GU-52E4C296155F,54,M
B-7F7F1B96C00A,C-DDEAB5CA5AC6,1,GU-F5CCA48ADF11,32,M
B-7F7F1B96C00A,C-DDEAB5CA5AC6,2,GU-0850B529FEFD,35,F
B-7F7F1B96C00A,C-DDEAB5CA5AC6,3,GU-5D1F992FED9C,7,M
B-7F7F1B96C00A,C-DDEAB5CA5AC6,4,GU-92ADEDF36E1C,5,M
B-7F7F1B96C00A,C-DDEAB5CA5AC6,5,GU-2823F3521022,,
B-A8898C20F1A4,C-DDEAB5CA5AC6,1,GU-54B8DEE1F1C6,62,M
B-A8898C20F1A4,C-DDEAB5CA5AC6,2,GU-08F6EDCD3E08,58,F
B-8A97DB278E1F,C-81FF1E002C7D,1,GU-A9509EFE4F90,41,F
B-8A97DB278E1F,C-81FF1E002C7D,2,GU-31726E54F810,4,M
B-8A97DB278E1F,C-81FF1E002C7D,3,GU-35C23F92EE2C,1,F
B-8A97DB278E1F,C-81FF1E002C7D,4,GU-DF60529BED8A,44,M
B-A205EB4A358D,C-71E026FA4964,1,GU-587FD30D9AD4,,
B-A205EB4A358D,C-71E026FA4964,2,GU-BF8AA618DC2F,,
B-36AE50E3B9CA,C-75978293BE4B,1,GU-471E9A54F8C0,66,M
B-36AE50E3B9CA,C-75978293BE4B,2,GU-34E379678DB2,57,M
B-36AE50E3B9CA,C-75978293BE4B,3,GU-3CB991F782E4,34,F
B-36AE50E3B9CA,C-75978293BE4B,4,GU-6A2D144666B9,38,M
B-36AE50E3B9CA,C-75978293BE4B,5,GU-60BDFC99BE2C,3,M
B-36AE50E3B9CA,C-75978293BE4B,6,GU-8CB78F00CC0F,1,F
B-74DA8B2817CF,,1,GU-9E489FEACFC6,,
B-74DA8B2817CF,,2,GU-002B0FABEEDE,,
B-1705CF09C22D,C-8647255A2DC4,1,GU-8246902C5FD0,42,F
B-1705CF09C22D,C-8647255A2DC4,2,GU-52A039E168FD,42,M
B-E1B58B720CA8,C-063DB2C766C6,1,GU-0F4DBA03FF11,59,M
B-E1B58B720CA8,C-063DB2C766C6,2,GU-C4AAFE41A6E8,55,F
B-24B4BB304633,C-8647255A2DC4,1,GU-0330451351EB,75,M
B-24B4BB304633,C-8647255A2DC4,2,GU-4C9A9D3FE932,67,F
B-17485453B0F8,C-EF4544438B88,1,GU-E015662C3D5E,,
B-17485453B0F8,C-EF4544438B88,2,GU-00F8DEBC4561,,
B-17485453B0F8,C-EF4544438B88,3,GU-53B048654252,,
B-792AFC541C16,,1,GU-823CB3206B77,46,M
B-792AFC541C16,,2,GU-3464F181361C,47,F
B-792AFC541C16,,3,GU-A26CFBF484C5,13,F
B-792AFC541C16,,4,GU-EC51F825A5D0,10,F
B-E2E0FAD46A3E,,1,GU-FABAAE8735E7,53,M
B-E2E0FAD46A3E,,2,GU-E5B780FD84AB,16,F
B-E2E0FAD46A3E,,3,GU-AF554C6A1D56,12,F
B-E2E0FAD46A3E,,4,GU-2E512C9E5BFB,49,F
B-C43088BF9CEE,,1,GU-6E20B6D50979,37,
B-C43088BF9CEE,,2,GU-D200BFD0FDF7,36,F
B-C43088BF9CEE,,3,GU-27DD8051254D,0,M
B-0D73757413EB,,1,GU-CD1C41C260D8,47,M
B-0D73757413EB,,2,GU-8A78C8C481AD,45,F
B-0D73757413EB,,3,GU-AA670070E581,9,F
B-0D73757413EB,,4,GU-5B20A8F0FE18,15,F
B-0FB724B1D4FE,,1,GU-474D2478E6D5,42,
B-0FB724B1D4FE,,2,GU-CBEA72468AD1,45,
B-0FB724B1D4FE,,3,GU-7348D64A9D25,13,
B-FB866C103C5B,,1,GU-66F3F3F04BE8,33,F
B-FB866C103C5B,,2,GU-A333613746D5,37,M
B-FB866C103C5B,,3,GU-7EE3B411490F,8,F
B-FB866C103C5B,,4,GU-386554A4E9DF,3,M
B-20AFB105C295,C-262FBD15E4B3,1,GU-D420F725B558,60,F
B-20AFB105C295,C-262FBD15E4B3,2,GU-298138A6D49A,60,M
B-D22B7D0BE381,C-5A354DE65FB0,1,GU-6FA690DA82A2,51,M
B-D22B7D0BE381,C-5A354DE65FB0,2,GU-B914055DAB94,53,F
B-2110E284A221,C-F67B0BCAD4F7,1,GU-BEA1A591737C,54,M
B-2110E284A221,C-F67B0BCAD4F7,2,GU-A2366A2C8EE0,3,M
B-2110E284A221,C-F67B0BCAD4F7,3,GU-3CD70E956AAB,36,F
B-0D9C60746E9E,C-65B12345888B,1,GU-CD94808B1899,40,M
B-0D9C60746E9E,C-65B12345888B,2,GU-AB5A57928DD8,35,F
B-0D9C60746E9E,C-65B12345888B,3,GU-3F9C27E902C2,3,M
B-0D9C60746E9E,C-65B12345888B,4,GU-9DFD35BE1916,1,F
B-AD051D7DA095,C-65B12345888B,1,GU-2B78E644CB35,64,F
B-AD051D7DA095,C-65B12345888B,2,GU-3A995A4FD645,66,M
B-AB76C287E0AB,C-65B12345888B,1,GU-3695422A107C,69,F
B-AB76C287E0AB,C-65B12345888B,2,GU-A6DEC72038B0,34,F
B-486468D1869F,C-5A354DE65FB0,1,GU-EC1FE546CD73,38,F
B-486468D1869F,C-5A354DE65FB0,2,GU-EAC415D110A9,40,M
B-B2573EC6B262,C-934DDD975167,1,GU-E6CD054439FC,,
B-B2573EC6B262,C-934DDD975167,2,GU-7F22F052BC26,,
B-B2573EC6B262,C-934DDD975167,3,GU-EC5E9933DC44,,
B-A9542E01F78F,C-E4FEC06C90E5,1,GU-1C8DBA026845,,
B-A9542E01F78F,C-E4FEC06C90E5,2,GU-217C87FE712C,,
B-4854C1619EAF,C-9B4A59FFDDB5,1,GU-EDC67ED8DF2D,,
B-4854C1619EAF,C-9B4A59FFDDB5,2,GU-71B7CE6382FE,,
B-AD67C747E7E6,C-940568F4F702,1,GU-288291DEC39D,51,M
B-AD67C747E7E6,C-940568F4F702,2,GU-ABDF646950B4,53,F
B-9F7849C2F63F,C-78F9841CF516,1,GU-EA624662491D,24,M
B-9F7849C2F63F,C-78F9841CF516,2,GU-D0FC2122342B,29,F
B-3BF7689381E5,C-9B509CD686DD,1,GU-1660010366D2,48,M
B-3BF7689381E5,C-9B509CD686DD,2,GU-13895276B904,12,M
B-3BF7689381E5,C-9B509CD686DD,3,GU-9D26B1A10861,10,F
B-3BF7689381E5,C-9B509CD686DD,4,GU-AE234BC45D46,43,F
B-FC3AB7B7998C,C-78C010A37E76,1,GU-31660A04D3E9,37,M
B-FC3AB7B7998C,C-78C010A37E76,2,GU-6D74F76162E9,39,F
B-FC3AB7B7998C,C-78C010A37E76,3,GU-115A25A69200,0,F
B-3134AD2956D0,C-83F982A36F36,1,GU-F36F7583CB22,38,M
B-3134AD2956D0,C-83F982A36F36,2,GU-A38B0F2AC96D,1,M
B-3134AD2956D0,C-83F982A36F36,3,GU-4F2CF11AE1C3,39,F
B-3134AD2956D0,C-83F982A36F36,4,GU-0EAEF8CEAD39,49,F
B-8FD582E32AF8,C-CC47A1EE11BC,1,GU-D028C3A2680A,65,M
B-8FD582E32AF8,C-CC47A1EE11BC,2,GU-F959CA647EDD,63,F
B-A899EABB85B9,C-FF3056840D62,1,GU-B1A28D084350,56,F
B-A899EABB85B9,C-FF3056840D62,2,GU-FEBD55060361,62,M
B-AD943CFD68B5,,1,GU-D7DDAABB019B,47,M
B-AD943CFD68B5,,2,GU-DB8A59CC3E6B,41,F
B-AD943CFD68B5,,3,GU-BA8A6A03AC2D,10,M
B-AD943CFD68B5,,4,GU-99E01E509410,5,F
B-70461A4912C2,,1,GU-B0EE79116DB6,56,M
B-70461A4912C2,,2,GU-5828DF8B61DF,56,F
B-70461A4912C2,,3,GU-11879A86C8F4,14,M
B-197E97CE6ADF,,1,GU-19FFA81C2D11,62,M
B-197E97CE6ADF,,2,GU-4AC86C515C88,61,F
B-4ED14DD1A8F3,,1,GU-C864700A72A5,77,F
B-96F7BE42C8DC,,1,GU-18574F5E56F1,51,M
B-96F7BE42C8DC,,2,GU-C32F0FD74CB1,8,F
B-96F7BE42C8DC,,3,GU-687BF48D0CFF,48,F
B-D74BA1BC871D,C-C294D3CE0683,1,GU-533EC9365352,,
B-D74BA1BC871D,C-C294D3CE0683,2,GU-1856BCC5B014,,
B-A2CD7B2A7D35,C-9D4B9A9AE9EE,1,GU-31AB730D90EE,41,F
B-A2CD7B2A7D35,C-9D4B9A9AE9EE,2,GU-82FB2BCA9E28,40,M
B-D4743AFEFDCD,C-F0C53F8EA03C,1,GU-3D05EDF976E0,26,M
B-D4743AFEFDCD,C-F0C53F8EA03C,2,GU-00591985EE5E,24,F
B-CC6ADAFDF24A,C-F0C53F8EA03C,1,GU-A90E13E89D00,28,M
B-CC6ADAFDF24A,C-F0C53F8EA03C,2,GU-1265A31E7615,21,F
B-70C6A7AD2645,C-0768039F866C,1,GU-D160BE0A2A34,27,M
B-70C6A7AD2645,C-0768039F866C,2,GU-6077EAE8C757,26,F
B-70C6A7AD2645,C-0768039F866C,3,GU-AF18BBC0B851,0,M
B-6D7805CEADB4,,1,GU-8E2C9B043AD6,,
B-6D7805CEADB4,,2,GU-28F9E9320997,,
B-6D7805CEADB4,,3,GU-2F7E0A39163D,,
B-6D7805CEADB4,,4,GU-6FD79992E3D4,,
B-6D7805CEADB4,,5,GU-624E12F1E0B9,,
B-BB3817A7B5E5,,1,GU-C37DBBEB9234,55,M
B-BB3817A7B5E5,,2,GU-B2F7EFDBE633,50,F
B-BB3817A7B5E5,,3,GU-31228EC78E55,19,M
B-BB3817A7B5E5,,4,GU-7A7ECBDB4511,13,F
B-48309F98837F,,1,GU-E9904A2AA328,,
B-48309F98837F,,2,GU-15CC38CE3635,,
B-BAFE15151D7E,,1,GU-4D8C152E3C32,49,M
B-BAFE15151D7E,,2,GU-5C581A3B0BBA,44,F
B-BAFE15151D7E,,3,GU-C075625FBECE,13,F
B-BAFE15151D7E,,4,GU-F1E444A00439,11,M
B-3C54F6B92F83,,1,GU-9A37D812B78F,42,M
B-30B4F65B9C0B,,1,GU-8A69DE038801,38,F
B-30B4F65B9C0B,,2,GU-360CF08A7491,42,M
B-30B4F65B9C0B,,3,GU-986E528294AC,7,F
B-30B4F65B9C0B,,4,GU-FE6B00501627,5,F
B-A80127A94C4E,,1,GU-6EAF9AAEFA51,47,
B-A80127A94C4E,,2,GU-E961147652CF,39,
B-A80127A94C4E,,3,GU-03E932498DED,13,
B-A80127A94C4E,,4,GU-1F4D2EA9ECC4,14,
B-74CFD3A016B3,,1,GU-A89059EB6518,66,
B-74CFD3A016B3,,2,GU-AAA76C626220,64,
B-74CFD3A016B3,,3,GU-39B41457795A,55,
B-74CFD3A016B3,,4,GU-946509D2A9DE,7,
B-FA973B3DA5F5,,1,GU-95716829F282,70,M
B-FA973B3DA5F5,,2,GU-DF679ECB7463,65,F
B-0A77B3F6C58A,,1,GU-716E2A30695B,64,M
B-0A77B3F6C58A,,2,GU-754B44152688,63,F
B-10EC84A5190D,C-368A27991EA7,1,GU-DDFA5E6FED7E,37,M
B-10EC84A5190D,C-368A27991EA7,2,GU-5FAA7ACE04EF,35,F
B-10EC84A5190D,C-368A27991EA7,3,GU-F823B8D9A7ED,13,M
B-10EC84A5190D,C-368A27991EA7,4,GU-6464718AFFFF,9,F
B-10EC84A5190D,C-368A27991EA7,5,GU-DF5CEEFD5624,5,F
B-7FD2D3D10AD6,C-B59366EBE53D,1,GU-209E6920C480,66,F
B-7FD2D3D10AD6,C-B59366EBE53D,2,GU-1E13B168725B,72,M
B-8B09F95C44FD,C-58D8B47413A1,1,GU-3BA795FB1BE2,78,M
B-8B09F95C44FD,C-58D8B47413A1,2,GU-9CF1DFC25FD5,77,F
B-3FBFF559998A,C-82EB8E778ED9,1,GU-BBB5CAAB762D,44,M
B-3FBFF559998A,C-82EB8E778ED9,2,GU-5DE67C114557,39,F
B-3FBFF559998A,C-82EB8E778ED9,3,GU-0B2723B7B161,5,F
B-3FBFF559998A,C-82EB8E778ED9,4,GU-E047A9A25EFD,3,F
B-D7AE3054A44A,C-D98153AB485F,1,GU-D4FD801A1BE8,31,M
B-D7AE3054A44A,C-D98153AB485F,2,GU-C6D5BEC7E78C,30,F
B-D7AE3054A44A,C-D98153AB485F,3,GU-D78CA61D4F6A,3,M
B-D7AE3054A44A,C-D98153AB485F,4,GU-6D86B3A8FF58,0,M
B-BD1B3063978D,C-56BEC191E970,1,GU-2CC866AA20CC,45,M
B-BD1B3063978D,C-56BEC191E970,2,GU-807B1EDCA445,44,F
B-BD1B3063978D,C-56BEC191E970,3,GU-8746345E4D44,7,M
B-C3555B844BE2,C-9DBD31E19B0B,1,GU-0CEA0C713463,46,M
B-C3555B844BE2,C-9DBD31E19B0B,2,GU-BE24930D60AC,43,F
B-C3555B844BE2,C-9DBD31E19B0B,3,GU-411493699890,15,M
B-2725F0D066D2,C-F31B88D0CEC9,1,GU-2173898FAEB9,52,M
B-2725F0D066D2,C-F31B88D0CEC9,2,GU-01EE7A99D38E,39,F
B-2725F0D066D2,C-F31B88D0CEC9,3,GU-9BF6836DB7D5,4,F
B-8EBC603350D7,,1,GU-7E7421DB9167,,
B-8EBC603350D7,,2,GU-2BA3EC7D6CF9,,
B-8EBC603350D7,,3,GU-95D0B748E59A,,
B-8EBC603350D7,,4,GU-E185C3EED291,,
B-7076150D800C,C-5E832A17890B,1,GU-A64E796731A6,57,F
B-7076150D800C,C-5E832A17890B,2,GU-4CEF2A149B24,57,M
B-5163E51B4C06,C-A4BD32DBFB9A,1,GU-4F205E61E02C,59,M
B-5163E51B4C06,C-A4BD32DBFB9A,2,GU-AE7922B1F388,60,F
B-0C53E8E6C7AA,C-A4BD32DBFB9A,1,GU-493CBB632C24,61,F
B-0C53E8E6C7AA,C-A4BD32DBFB9A,2,GU-2AF9FC81D267,63,M
B-C90CD7978A25,C-A4BD32DBFB9A,1,GU-C10255ACBEF0,31,M
B-C90CD7978A25,C-A4BD32DBFB9A,2,GU-7273D3BA597C,24,F
B-C90CD7978A25,C-A4BD32DBFB9A,3,GU-9626824DB851,30,F
B-F706E05FA5C7,C-71C0E3DE5865,1,GU-93B905FDB674,39,M
B-F706E05FA5C7,C-71C0E3DE5865,2,GU-EF8BA8E5CFAA,37,F
B-F706E05FA5C7,C-71C0E3DE5865,3,GU-19E21F59D487,3,F
B-D32DF7AE306C,,1,GU-753BFF6F488C,,
B-D32DF7AE306C,,2,GU-75ABD44ABA0B,,
B-D32DF7AE306C,,3,GU-86F930B4C21E,,
B-D12B4C02BA09,C-2908A27B08BC,1,GU-C9A19C4DE5E0,62,M
B-D12B4C02BA09,C-2908A27B08BC,2,GU-051FC67BFFB8,59,F
B-E93026F667E2,C-E1F5A65C8DE8,1,GU-911CAECC8487,42,M
B-E93026F667E2,C-E1F5A65C8DE8,2,GU-DCFA56AFFEEC,40,F
B-E93026F667E2,C-E1F5A65C8DE8,3,GU-FA3E41D69C8C,14,M
B-E93026F667E2,C-E1F5A65C8DE8,4,GU-7F416CF69885,8,M
B-7F917527D45B,,1,GU-5A3A902D6F1A,,
B-7F917527D45B,,2,GU-F62540DFE19B,,
B-7F917527D45B,,3,GU-9ED8D20DEE61,,
B-7F917527D45B,,4,GU-78DA9D78294F,,
B-3937F328632A,C-2F126F494BEB,1,GU-C5B8998CE233,40,M
B-3937F328632A,C-2F126F494BEB,2,GU-74A8232D1820,36,F
B-3937F328632A,C-2F126F494BEB,3,GU-38B3CDA54D82,5,M
B-3937F328632A,C-2F126F494BEB,4,GU-9B54709E34B3,3,F
B-6B75756626F0,C-FEA0AD476688,1,GU-D60E8746B680,,
B-6B75756626F0,C-FEA0AD476688,2,GU-9887A89C0AAC,,
B-6B75756626F0,C-FEA0AD476688,3,GU-7316F5227CB1,,
B-370B0316645A,C-FEA0AD476688,1,GU-CE85F1D13DD9,,
B-370B0316645A,C-FEA0AD476688,2,GU-EE51508FF768,,
B-370B0316645A,C-FEA0AD476688,3,GU-F73A24671D82,,
B-370B0316645A,C-FEA0AD476688,4,GU-C86B228AA8DA,,
B-370B0316645A,C-FEA0AD476688,5,GU-E98729875D35,,
B-DD837A164155,C-FEA0AD476688,1,GU-B5A2C206F69C,,
B-DD837A164155,C-FEA0AD476688,2,GU-1D19BEEA926D,,
B-0D288D180684,C-7B1999E186BD,1,GU-8943178D63C4,79,M
B-0D288D180684,C-7B1999E186BD,2,GU-7D1399D29CA2,72,F
B-F17E07FF8603,C-DD647D244F00,1,GU-B55EFE1D6273,50,
B-F17E07FF8603,C-DD647D244F00,2,GU-67A93F0A0F24,57,
B-F17E07FF8603,C-DD647D244F00,3,GU-512BB1675719,14,
B-A2F857BFDD34,C-C294D3CE0683,1,GU-24E8D575A071,53,F
B-A2F857BFDD34,C-C294D3CE0683,2,GU-7C341CF74F3B,57,M
B-09B490700973,C-DE79A1351A11,1,GU-37C4593B35CA,38,F
B-09B490700973,C-DE79A1351A11,2,GU-4B514AAB8C7D,42,M
B-09B490700973,C-DE79A1351A11,3,GU-14C93B9D7886,2,M
B-90EDE9C4971A,C-2739C8577DA0,1,GU-E82BDC5862B3,44,M
B-90EDE9C4971A,C-2739C8577DA0,2,GU-24AC3B80EA3F,43,F
B-90EDE9C4971A,C-2739C8577DA0,3,GU-D3CD9D1F6966,10,M
B-90EDE9C4971A,C-2739C8577DA0,4,GU-AD0A92ABBB88,13,M
B-90F472861100,,1,GU-EED4AA018865,,
B-90F472861100,,2,GU-21D1CCB79553,,
B-25ECC4395406,C-92C54DEB6F7C,1,GU-43AA46FF370D,54,F
B-25ECC4395406,C-92C54DEB6F7C,2,GU-70D1B6D42C5A,68,M
B-9376965B3F8D,C-2295BF506306,1,GU-A392EDAA36B4,59,M
B-9376965B3F8D,C-2295BF506306,2,GU-A9332CDDB08E,61,F
B-C6F97E717E15,C-5C4E92F235DD,1,GU-30CCC931D127,34,M
B-C6F97E717E15,C-5C4E92F235DD,2,GU-D224D8400174,9,M
B-C6F97E717E15,C-5C4E92F235DD,3,GU-08BFE5A099D3,12,F
B-C6F97E717E15,C-5C4E92F235DD,4,GU-CD2F693A65F4,32,F
B-65E15D0DE20A,,1,GU-01A1CFF87298,,
B-65E15D0DE20A,,2,GU-9522F9A333B8,,
B-65E15D0DE20A,,3,GU-AC58713D539C,,
B-65E15D0DE20A,,4,GU-9C6B27A04A08,,
B-65E15D0DE20A,,5,GU-C3EEBE7E11A4,,
B-65E15D0DE20A,,6,GU-4CD9A6BAA88B,,
B-630A763EDDF4,C-87453443F1A0,1,GU-2F8F245E5E67,62,M
B-630A763EDDF4,C-87453443F1A0,2,GU-3F57F51F3F58,,
B-A0205032D1B4,C-B4CB73F93FFD,1,GU-B0CCBD117020,,
B-A0205032D1B4,C-B4CB73F93FFD,2,GU-DDF03652D6AA,,
B-A0205032D1B4,C-B4CB73F93FFD,3,GU-5BCF3E47A319,,
B-A0205032D1B4,C-B4CB73F93FFD,4,GU-01083F69522D,,
B-134042924949,C-0E4FA6A8C6E2,1,GU-2C0A68CFB919,40,F
B-134042924949,C-0E4FA6A8C6E2,2,GU-D9613EEB490F,13,F
B-134042924949,C-0E4FA6A8C6E2,3,GU-06B5B0E7974E,11,F
B-C3631403FD17,C-0E4FA6A8C6E2,1,GU-16C61C31AE97,69,F
B-C3631403FD17,C-0E4FA6A8C6E2,2,GU-782CC5FEF8EC,72,M
B-6C2BA7C773B3,C-4AAD46F3FCDF,1,GU-04F80F2290C8,38,M
B-6C2BA7C773B3,C-4AAD46F3FCDF,2,GU-A58B36852DCA,37,F
B-6C2BA7C773B3,C-4AAD46F3FCDF,3,GU-1AF15853E562,3,F
B-33460917E9B8,C-0E4FA6A8C6E2,1,GU-90D6FEC80919,75,F
B-33460917E9B8,C-0E4FA6A8C6E2,2,GU-B2AA8756C672,78,M
B-B29873C93E2D,C-0E4FA6A8C6E2,1,GU-795E79D0773A,77,F
B-B29873C93E2D,C-0E4FA6A8C6E2,2,GU-7C2BEBDD2799,48,F
B-B29873C93E2D,C-0E4FA6A8C6E2,3,GU-121BC8C2967D,15,M
B-4EEAE9487B7A,C-B4404887B8C7,1,GU-AF1F03A92C6B,,
B-4EEAE9487B7A,C-B4404887B8C7,2,GU-12D25269D9C9,,
B-3CBA0FA99C55,C-F9399B100FB2,1,GU-EDE391D168B1,54,M
B-3CBA0FA99C55,C-F9399B100FB2,2,GU-C7D805B341BE,54,F
B-3CBA0FA99C55,C-F9399B100FB2,3,GU-F0CCCAA6B39C,22,M
B-0C223898181D,C-B5E884EC3C65,1,GU-0BB802B636CC,43,M
B-0C223898181D,C-B5E884EC3C65,2,GU-5DB3B1A11FD1,48,F
B-0C223898181D,C-B5E884EC3C65,3,GU-1DA841C25493,12,M
B-C1279EBD8DA7,C-B98E05877FE7,1,GU-D11ECBEAD181,56,M
B-C1279EBD8DA7,C-B98E05877FE7,2,GU-4BCDE7367EF9,54,F
B-C1279EBD8DA7,C-B98E05877FE7,3,GU-A32A56EE325D,5,M
B-C1279EBD8DA7,C-B98E05877FE7,4,GU-DD4AED1EDDF8,5,M
B-5710551C86B2,C-4B4F2CD37B7C,1,GU-61F9329444AE,45,F
B-5710551C86B2,C-4B4F2CD37B7C,2,GU-57312064FD0D,47,M
B-5710551C86B2,C-4B4F2CD37B7C,3,GU-E744CE8999B9,14,F
B-ECFCC0110FFA,,1,GU-89F97DEE2949,44,M
B-ECFCC0110FFA,,2,GU-51BB7E8DE94D,38,F
B-ECFCC0110FFA,,3,GU-5A426A561DD0,3,F
B-41D421F379C9,,1,GU-C1C836FB9BDC,38,M
B-41D421F379C9,,2,GU-04FD151DAEF0,38,F
B-41D421F379C9,,3,GU-D07DC31EBDB1,6,F
B-41D421F379C9,,4,GU-69BA76F69A94,0,M
B-01F5C7C1EB20,,1,GU-36A324EA4666,52,M
B-01F5C7C1EB20,,2,GU-9F9B5D119104,47,F
B-01F5C7C1EB20,,3,GU-A9D4FDADB1C9,12,F
B-100068EE19EF,,1,GU-EF907251C390,48,
B-100068EE19EF,,2,GU-C38D1C1F2339,44,
B-100068EE19EF,,3,GU-3EC5B7ADE9E7,10,
B-100068EE19EF,,4,GU-170E6F7ECE54,14,
B-12C9D8DF4DBE,,1,GU-09FFDA689995,40,M
B-12C9D8DF4DBE,,2,GU-27345C1716C5,43,F
B-3F618D701D2D,,1,GU-50272ACF6A02,41,M
B-3F618D701D2D,,2,GU-59DD67C22EC9,40,F
B-3F618D701D2D,,3,GU-0006528D126F,13,M
B-3F618D701D2D,,4,GU-601806701AB9,10,M
B-CA64BCBFEFBD,,1,GU-B5522CC09DB6,53,M
B-CA64BCBFEFBD,,2,GU-46F671844AD3,54,F
B-CA64BCBFEFBD,,3,GU-24D831F68329,14,F
B-CADBBFF8E3EC,,1,GU-94BF73BCA7C5,43,F
B-CADBBFF8E3EC,,2,GU-DF62FF6357B8,45,M
B-CADBBFF8E3EC,,3,GU-BFDD5452C8B5,0,M
B-2022FCD48467,,1,GU-0BEDDE450918,43,M
B-2022FCD48467,,2,GU-E1D8B386A2E1,39,F
B-2022FCD48467,,3,GU-01EA881614C4,11,M
B-2022FCD48467,,4,GU-F953EAC4BFDC,8,M
B-AB5EBF68A743,C-13BA53894CC8,1,GU-8DF9BEEC93BB,57,M
B-AB5EBF68A743,C-13BA53894CC8,2,GU-E5B8D3A5763E,15,F
B-7B2779637C9F,,1,GU-C68C1C043066,,
B-3533FDC33890,C-1274EFC9B76F,1,GU-CC1E2F78ED68,38,F
B-3533FDC33890,C-1274EFC9B76F,2,GU-FAD617643CD0,41,M
B-3533FDC33890,C-1274EFC9B76F,3,GU-4D717100D679,7,F
B-9AB5347F31FB,C-2EC39FF8D2A9,1,GU-02B573887817,51,M
B-9AB5347F31FB,C-2EC39FF8D2A9,2,GU-85818BF31E9B,50,F
B-54128BC906CA,,1,GU-C24B0F05F7AE,38,F
B-54128BC906CA,,2,GU-0C3A4EBAE34D,37,M
B-54128BC906CA,,3,GU-643BD2FE4002,1,M
B-54128BC906CA,,4,GU-F8690EFE12F0,6,F
B-882B1B9A13D2,,1,GU-014915B0E51E,34,M
B-882B1B9A13D2,,2,GU-21ABF0544E32,30,F
B-5535614F648B,C-809E604507BD,1,GU-B3094585B8EE,50,M
B-5535614F648B,C-809E604507BD,2,GU-5F71CBC329DE,48,F
B-5535614F648B,C-809E604507BD,3,GU-37E95D6C4DC4,20,F
B-5535614F648B,C-809E604507BD,4,GU-32A823A1E6B8,16,F
B-5535614F648B,C-809E604507BD,5,GU-07BD62DE3703,9,M
B-D2452F35CE17,C-809E604507BD,1,GU-2572C1175B5A,,
B-D2452F35CE17,C-809E604507BD,2,GU-779649478E68,,
B-D2452F35CE17,C-809E604507BD,3,GU-D94D553C0E86,,
B-D2452F35CE17,C-809E604507BD,4,GU-1B2705866747,,
B-A85AD342C154,C-C660EF4255A5,1,GU-773D6A82FB83,73,M
B-A85AD342C154,C-C660EF4255A5,2,GU-D11E8E72604E,69,F
B-FF41566C4129,C-D7C25B667FD8,1,GU-A76797295B6F,45,
B-FF41566C4129,C-D7C25B667FD8,2,GU-D2B6E11FF27A,20,
B-FF41566C4129,C-D7C25B667FD8,3,GU-5801714657F5,13,
B-FF41566C4129,C-D7C25B667FD8,4,GU-73DA70CB4621,54,
B-008632275F95,C-53099A418130,1,GU-09BB34DF2CFE,36,M
B-008632275F95,C-53099A418130,2,GU-EA672FC11148,36,F
B-008632275F95,C-53099A418130,3,GU-949E8A137A82,6,M
B-008632275F95,C-53099A418130,4,GU-3DFDDAA315F6,3,F
B-47BE8CE74EF6,,1,GU-5486B5C2C26B,,
B-38BBF1E15D52,C-0F9481B4E0EB,1,GU-A44D11AE81A2,34,F
B-38BBF1E15D52,C-0F9481B4E0EB,2,GU-A4B4F90E0DBC,43,M
B-727283E3364A,C-41DE1F3BAF11,1,GU-1AE9DF94BE0B,55,M
B-727283E3364A,C-41DE1F3BAF11,2,GU-E395F5FB8D08,55,F
B-00961C1188EF,,1,GU-9F6188921413,37,M
B-00961C1188EF,,2,GU-C4169EF2563A,35,F
B-00961C1188EF,,3,GU-6FE2CA4A285A,14,F
B-00961C1188EF,,4,GU-65723A860A71,10,F
B-8830BE6F0F21,C-095E985D4773,1,GU-3D4630704795,33,F
B-8830BE6F0F21,C-095E985D4773,2,GU-11CAE816BE34,36,M
B-8830BE6F0F21,C-095E985D4773,3,GU-DF7E64C8E60C,2,F
B-18B7AA58FFB5,C-EC7E8115ECDE,1,GU-535899671F3F,45,M
B-18B7AA58FFB5,C-EC7E8115ECDE,2,GU-AF68C9EEA33D,38,F
B-18B7AA58FFB5,C-EC7E8115ECDE,3,GU-518A38349A82,6,F
B-18B7AA58FFB5,C-EC7E8115ECDE,4,GU-3307D66DA774,4,M
B-9A84E0086855,C-479F0915DCBF,1,GU-C75F7E031B8C,25,M
B-9A84E0086855,C-479F0915DCBF,2,GU-48B68DEE03C6,28,F
B-9A84E0086855,C-479F0915DCBF,3,GU-7E8F863D5011,1,M
B-3A7072455173,C-B5EDD8379979,1,GU-78F760B6B29E,47,F
B-3A7072455173,C-B5EDD8379979,2,GU-B8D3B8CA0E5A,49,M
B-3A7072455173,C-B5EDD8379979,3,GU-692C4CCF51F3,19,F
B-3A7072455173,C-B5EDD8379979,4,GU-69A8F4217BB1,15,M
B-3A7072455173,C-B5EDD8379979,5,GU-60FCAA42BDA8,11,F
B-C0525EE96D04,C-C84A2F0D0F1E,1,GU-070681309EB7,52,M
B-C0525EE96D04,C-C84A2F0D0F1E,2,GU-59376BAE33AD,48,F
B-C0525EE96D04,C-C84A2F0D0F1E,3,GU-37B98AFD0882,7,M
B-DFEC42C14EC7,C-A18FCD49A699,1,GU-513ED441A903,62,M
B-DFEC42C14EC7,C-A18FCD49A699,2,GU-BEE12DCBB3E1,52,F
B-DFEC42C14EC7,C-A18FCD49A699,3,GU-7AAD4B7F482E,10,F
B-E2C5B73F20D4,,1,GU-00784EF9B4E9,,
B-E2C5B73F20D4,,2,GU-2E05B345EC22,,
B-02D0EA970261,C-4DF9D4E4C626,1,GU-52B898278385,40,F
B-02D0EA970261,C-4DF9D4E4C626,2,GU-15E13F66F8EA,1,F
B-02D0EA970261,C-4DF9D4E4C626,3,GU-A582859664CC,41,M
B-B4BF5AF931B2,C-4342CF0E1A40,1,GU-D7CD1F9A882B,42,F
B-B4BF5AF931B2,C-4342CF0E1A40,2,GU-94C4A2768F27,6,M
B-B4BF5AF931B2,C-4342CF0E1A40,3,GU-B146E843D298,2,M
B-B4BF5AF931B2,C-4342CF0E1A40,4,GU-EC8E0800A774,49,M
B-9AF1BB6A46C8,,1,GU-55E95C3D85B2,33,M
B-9AF1BB6A46C8,,2,GU-CABE5752C8B5,32,F
B-9AF1BB6A46C8,,3,GU-504122AAACE4,4,M
B-EC9ECEC094C0,,1,GU-45E74AB7EA6F,61,M
B-EC9ECEC094C0,,2,GU-D309D1DEAC99,56,F
B-0A34D3B6AB5D,,1,GU-32AE80023100,62,M
B-0A34D3B6AB5D,,2,GU-20B8E2024993,56,F
B-2ACD9C1E3A00,,1,GU-6A7ABBB698CD,40,M
B-2ACD9C1E3A00,,2,GU-157C38B6DC32,30,F
B-2ACD9C1E3A00,,3,GU-DC1028C25A40,2,F
B-F4F2C65F11A1,,1,GU-07DACAD80E1C,46,M
B-F4F2C65F11A1,,2,GU-F0526F7375A1,44,F
B-F4F2C65F11A1,,3,GU-BAC8AC278A09,10,F
B-F4F2C65F11A1,,4,GU-F2CE02CADE4D,9,M
B-1C1CA89BBEFB,C-4E4C8F343C90,1,GU-5016C60F0FBC,45,M
B-1C1CA89BBEFB,C-4E4C8F343C90,2,GU-7BB52BF72430,49,F
B-BB6B8750B497,,1,GU-6A9C68982A59,39,M
B-BB6B8750B497,,2,GU-BB193E6E467F,49,F
B-BB6B8750B497,,3,GU-BC22EBFA52AB,7,M
B-7CC0BE10DB66,C-F670CCDB4EBD,1,GU-0EC77E638728,35,F
B-7CC0BE10DB66,C-F670CCDB4EBD,2,GU-B9F61D24F914,49,M
B-7CC0BE10DB66,C-F670CCDB4EBD,3,GU-4E126778AA57,0,M
B-1F4FA2CD539E,C-9815A3A36C9A,1,GU-44417FDDB242,60,F
B-1F4FA2CD539E,C-9815A3A36C9A,2,GU-E9D5CA8535F5,62,F
B-7650261E0233,,1,GU-137ED418F6F3,,
B-48425553CE7F,C-1D26189784A1,1,GU-104E6BF0FEAA,,
B-48425553CE7F,C-1D26189784A1,2,GU-DC0D3520122D,,
B-AC2021062607,C-1D26189784A1,1,GU-81206A448472,,
B-AC2021062607,C-1D26189784A1,2,GU-7F044077A19A,,
B-1A6E07605213,C-B0B15A74793D,1,GU-B6189DAF1B87,45,F
B-1A6E07605213,C-B0B15A74793D,2,GU-C2C6E8BE001B,10,M
B-1A6E07605213,C-B0B15A74793D,3,GU-8B2BEA1F4AC1,12,M
B-B3E42C414140,,1,GU-282519EBC951,50,F
B-B3E42C414140,,2,GU-BAFE1819E823,12,M
B-FBA4CAA8BCED,,1,GU-846A25668895,,
B-FBA4CAA8BCED,,2,GU-07C8E665ADC8,,
B-08A6FC036D01,,1,GU-9A283722DB4F,61,M
B-08A6FC036D01,,2,GU-C7F46DD528B4,57,F
B-F27717EC1B8E,,1,GU-1EB30F971855,59,M
B-F27717EC1B8E,,2,GU-0EDA4F2258DE,55,F
B-85B4BAC5BA56,,1,GU-707E2BA7E280,58,M
B-85B4BAC5BA56,,2,GU-C519FDFB7AD8,48,M
B-85B4BAC5BA56,,3,GU-ACE799A13880,18,F
B-85B4BAC5BA56,,4,GU-B7E3FC1C80C5,14,M
B-68F3C6F9BDED,C-D6B8109B3021,1,GU-F75F6C280C1C,54,
B-68F3C6F9BDED,C-D6B8109B3021,2,GU-41AA41323DA3,51,
B-68F3C6F9BDED,C-D6B8109B3021,3,GU-2F58AF432215,17,
B-68F3C6F9BDED,C-D6B8109B3021,4,GU-D83C5E41E8AD,12,
B-46AC449C05F7,C-F8C9E5640C6B,1,GU-4FCC4A71C8E0,56,M
B-46AC449C05F7,C-F8C9E5640C6B,2,GU-A2EDBA00E493,56,F
B-46AC449C05F7,C-F8C9E5640C6B,3,GU-F34629C8724C,20,F
B-46AC449C05F7,C-F8C9E5640C6B,4,GU-CAE6B35AAACA,15,F
B-6572A054749E,C-25EF660D945C,1,GU-9BC175E1101D,55,M
B-6572A054749E,C-25EF660D945C,2,GU-A821A522226C,58,F
B-6572A054749E,C-25EF660D945C,3,GU-FCF3BD057610,16,F
B-6572A054749E,C-25EF660D945C,4,GU-F0F7DE311B14,20,M
B-0293D5991C98,C-8A5699AEF3AB,1,GU-D5AAEF4CAAC4,33,F
B-0293D5991C98,C-8A5699AEF3AB,2,GU-153F11646E25,36,M
B-0293D5991C98,C-8A5699AEF3AB,3,GU-E71C5D539C66,2,F
B-B7BA39B5E959,C-C72756406C4E,1,GU-FA69175BC86C,32,M
B-B7BA39B5E959,C-C72756406C4E,2,GU-9D49B3EBF880,30,F
B-F8FA9EED1D36,C-FEA0AD476688,1,GU-27232FBB3DDC,,
B-F8FA9EED1D36,C-FEA0AD476688,2,GU-AC18BDC77E77,,
B-F8FA9EED1D36,C-FEA0AD476688,3,GU-3C91947E182E,,
B-B7D664EB9A3A,C-F5B664A87B96,1,GU-5A40A9644C2A,47,F
B-B7D664EB9A3A,C-F5B664A87B96,2,GU-CE05B0E5456F,11,F
B-B7D664EB9A3A,C-F5B664A87B96,3,GU-3A45D181DF3F,50,M
B-B51279A818AC,C-6C1B87135C2A,1,GU-9FB65762F46F,41,
B-B51279A818AC,C-6C1B87135C2A,2,GU-0ECC3A22FB8A,45,
B-B51279A818AC,C-6C1B87135C2A,3,GU-D7711DFB3A53,9,
B-B51279A818AC,C-6C1B87135C2A,4,GU-36CC306C2CF3,8,
B-AEAB0E6F298F,C-F0C53F8EA03C,1,GU-86315E1750BF,34,M
B-AEAB0E6F298F,C-F0C53F8EA03C,2,GU-3D7B0EBDDF5F,31,F
B-99562B177187,,1,GU-4204F63FE0D5,39,
B-99562B177187,,2,GU-426D55794007,46,
B-52FAE03700F0,C-FEA0AD476688,1,GU-1DCD667B13C4,37,M
B-52FAE03700F0,C-FEA0AD476688,2,GU-21F0F383C7C8,4,F
B-52FAE03700F0,C-FEA0AD476688,3,GU-152564B021F2,2,M
B-52FAE03700F0,C-FEA0AD476688,4,GU-627E81E3BA54,68,M
B-1A2847A0C573,C-FEA0AD476688,1,GU-56EE83BB1BC1,40,F
B-1A2847A0C573,C-FEA0AD476688,2,GU-43822CC036E0,40,M
B-1A2847A0C573,C-FEA0AD476688,3,GU-A9BC2E531D91,20,F
B-1A2847A0C573,C-FEA0AD476688,4,GU-CB4690A0FA5A,14,F
B-1A2847A0C573,C-FEA0AD476688,5,GU-49D767825B1F,3,M
B-157700A7148A,C-3D0211956E2D,1,GU-ECF1983FA6BF,41,M
B-157700A7148A,C-3D0211956E2D,2,GU-F6C64885F5F7,33,F
B-E835F7AAA0C4,C-2E9BAFDF6079,1,GU-62BAE8010CC1,36,M
B-E835F7AAA0C4,C-2E9BAFDF6079,2,GU-88F68A20E26C,34,F
B-E835F7AAA0C4,C-2E9BAFDF6079,3,GU-16C8B18D7CA9,9,M
B-E835F7AAA0C4,C-2E9BAFDF6079,4,GU-44A2B0D9710F,5,M
B-E835F7AAA0C4,C-2E9BAFDF6079,5,GU-EF00C0AAA0B3,29,F
B-E835F7AAA0C4,C-2E9BAFDF6079,6,GU-9B486BCDE60A,3,M
B-E835F7AAA0C4,C-2E9BAFDF6079,7,GU-CC045B538F60,11,M
B-11825A78BFD8,C-F08A5AC39DC0,1,GU-D26D50094306,,
B-11825A78BFD8,C-F08A5AC39DC0,2,GU-5E32BB99D25B,,
B-11825A78BFD8,C-F08A5AC39DC0,3,GU-F6620A56E4A4,,
B-11825A78BFD8,C-F08A5AC39DC0,4,GU-D0E2006191DC,,
B-C838C6E240BD,C-49713F220FB9,1,GU-D1AF0C3542DA,,
B-C838C6E240BD,C-49713F220FB9,2,GU-3A37311712B6,,
B-25B28C2D45EA,C-D9125F78DD3B,1,GU-4CB4F99A9602,36,M
B-25B28C2D45EA,C-D9125F78DD3B,2,GU-EAD8D9C2AA43,31,F
B-0164A7982DD1,C-F0C53F8EA03C,1,GU-C1E4D2E33E5B,26,M
B-0164A7982DD1,C-F0C53F8EA03C,2,GU-00DEA9DD48A9,25,F
B-3ACC70509258,C-617AFE420E6A,1,GU-89BDFBA02C56,63,M
B-3ACC70509258,C-617AFE420E6A,2,GU-DDC876399E7B,61,F
B-455356C933C5,,1,GU-1D1222B19C21,41,
B-455356C933C5,,2,GU-4F2B733C4603,39,
B-455356C933C5,,3,GU-E02B9362EC49,9,
B-455356C933C5,,4,GU-50675D6B3A42,5,
B-764A3EC88D5F,C-97BB71971D0F,1,GU-190CC9C96281,63,M
B-764A3EC88D5F,C-97BB71971D0F,2,GU-AE09C4A90E0B,59,F
B-6B0805DFEA37,C-F7BD564C8FFB,1,GU-74FE92BE8295,29,M
B-6B0805DFEA37,C-F7BD564C8FFB,2,GU-AB0BE6E096B2,28,F
B-21B8B37EA7E2,C-6E1627B3F254,1,GU-DC69853B6FE6,26,F
B-21B8B37EA7E2,C-6E1627B3F254,2,GU-A0A342C2B99C,31,M
B-329D02DAFFF8,C-55C5CEE99B81,1,GU-6A56465170B5,37,F
B-329D02DAFFF8,C-55C5CEE99B81,2,GU-D6082DBBE319,43,M
B-329D02DAFFF8,C-55C5CEE99B81,3,GU-85284748DE32,9,F
B-329D02DAFFF8,C-55C5CEE99B81,4,GU-BB649FE4AB53,7,M
B-2A8078FA79F1,C-AD1D58558BEE,1,GU-8D4F9E1A3C91,55,M
B-2A8078FA79F1,C-AD1D58558BEE,2,GU-DEF6BE567164,36,F
B-64C4D6BE7D1C,,1,GU-7C9E7D6EA931,21,F
B-64C4D6BE7D1C,,2,GU-510ABE1390FE,20,M
B-F1D3233B9A7A,C-FB79B0280213,1,GU-B22547FA2CDE,36,M
B-F1D3233B9A7A,C-FB79B0280213,2,GU-997D8965F91E,34,F
B-F1D3233B9A7A,C-FB79B0280213,3,GU-6791738F071B,2,M
B-F1D3233B9A7A,C-FB79B0280213,4,GU-0C77A21A5629,62,M
B-F1D3233B9A7A,C-FB79B0280213,5,GU-0BCD3EAC8520,60,F
B-125463AC1E37,C-13F947CE097E,1,GU-0B96633C900A,66,M
B-125463AC1E37,C-13F947CE097E,2,GU-5AAB8B6B57B7,63,F
B-428CC559F8C8,C-DE1C534A7B18,1,GU-88F3699A3DBE,62,M
B-428CC559F8C8,C-DE1C534A7B18,2,GU-3C9136E58DBE,43,F
B-C9E3AB046670,,1,GU-318C602905D9,,
B-E3D8912F4DEF,C-8AD3DEC4161B,1,GU-2CA6C262A816,55,F
B-E3D8912F4DEF,C-8AD3DEC4161B,2,GU-6578E5D6A51B,71,M
B-6109B3CFF964,,1,GU-DCA6C7DF68DD,57,
B-6109B3CFF964,,2,GU-2D78EC1F6AE7,58,
B-8B04E2419110,,1,GU-60F8800B598B,70,
B-8B04E2419110,,2,GU-65346CFABC48,63,
B-9B3E61857794,,1,GU-6C0005F71D3A,43,F
B-9B3E61857794,,2,GU-377EF8E2F59B,53,M
B-9B3E61857794,,3,GU-7E0F90D9046C,15,M
B-9B3E61857794,,4,GU-8FE96D30BBBE,10,M
B-8A6CC95F8138,,1,GU-A2EE7E3B8DAF,45,M
B-8A6CC95F8138,,2,GU-AD8630925470,42,F
B-8A6CC95F8138,,3,GU-C436BC9AA0C9,6,M
B-1FD47AE19F16,C-36E52B025749,1,GU-D9C396258DED,51,F
B-1FD47AE19F16,C-36E52B025749,2,GU-FCE86FEC0D91,14,F
B-1FD47AE19F16,C-36E52B025749,3,GU-4913EA7A60E8,51,M
B-CD4410FDECA7,C-6E4BF92648F2,1,GU-F7800081BB28,45,F
B-CD4410FDECA7,C-6E4BF92648F2,2,GU-C530ABE05AE6,43,M
B-CD4410FDECA7,C-6E4BF92648F2,3,GU-E2AE5731EA00,5,M
B-94A4B47B180F,C-0F26F38990C0,1,GU-3E6E5A011AC1,4,M
B-94A4B47B180F,C-0F26F38990C0,2,GU-F3BFE7ECBECE,22,F
B-35D073227C82,,1,GU-D70094835A5D,,
B-35D073227C82,,2,GU-678D27051C1A,,
B-B393B7049B32,C-8AE3D5E59982,1,GU-D0C067872D44,,
B-B393B7049B32,C-8AE3D5E59982,2,GU-6C4340BF75F8,,
B-419B2440ED2C,C-A84898D7BAC0,1,GU-54D29D70E728,,
B-419B2440ED2C,C-A84898D7BAC0,2,GU-C9B9DE5736D1,,
B-D590DDED64C8,C-095F15333FF0,1,GU-380910A6711F,68,M
B-D590DDED64C8,C-095F15333FF0,2,GU-F721A3AFB0CE,66,F
B-8B999FA3D352,C-6559697F2D77,1,GU-3400ACD80574,68,F
B-8B999FA3D352,C-6559697F2D77,2,GU-EE315AFD89D9,80,M
B-4BE0D971E14F,C-06506BAF0F68,1,GU-03BE9BB26A64,73,M
B-4BE0D971E14F,C-06506BAF0F68,2,GU-29E97ACC6A86,71,F
B-DBEE1C2E227A,C-C17762C4C3ED,1,GU-681D744FC5EB,50,F
B-DBEE1C2E227A,C-C17762C4C3ED,2,GU-036BF8A47FE3,28,F
B-51BC74FDF2F0,C-232CA57D90D9,1,GU-1AB150D7E7CD,,
B-51BC74FDF2F0,C-232CA57D90D9,2,GU-93502F6404DA,,
B-51BC74FDF2F0,C-232CA57D90D9,3,GU-2557CA2B9CC3,,
B-51BC74FDF2F0,C-232CA57D90D9,4,GU-5AC424D1E332,,
B-C88B06F457D5,C-232CA57D90D9,1,GU-D67037FF24A0,,
B-C88B06F457D5,C-232CA57D90D9,2,GU-9DEC0E159B13,,
B-E7B9B1539FD5,C-2EEDBEB779F0,1,GU-38410FB458A8,33,F
B-E7B9B1539FD5,C-2EEDBEB779F0,2,GU-FBFA17CE39BC,35,M
B-E7B9B1539FD5,C-2EEDBEB779F0,3,GU-50D8D0BFC7A1,9,M
B-E7B9B1539FD5,C-2EEDBEB779F0,4,GU-D7A8EA8804B3,6,F
B-3DD26FFA9CF9,C-2711C41F8AAE,1,GU-54BB06E4A65C,51,F
B-3DD26FFA9CF9,C-2711C41F8AAE,2,GU-84FDE977AA79,62,M
B-B984BFD06A98,C-DC21D85E01AF,1,GU-79D344178851,38,M
B-B984BFD06A98,C-DC21D85E01AF,2,GU-56CD09361000,35,F
B-B984BFD06A98,C-DC21D85E01AF,3,GU-DD27D32F315B,4,F
B-28B54D40BEF1,C-489BEE1E4CC3,1,GU-F883906C4171,55,F
B-28B54D40BEF1,C-489BEE1E4CC3,2,GU-CB92DC77EB66,57,M
B-D15F1C731589,C-EB6220A313A6,1,GU-1D5564BCB86B,53,F
B-D15F1C731589,C-EB6220A313A6,2,GU-12CAD29BABF6,52,M
B-D15F1C731589,C-EB6220A313A6,3,GU-543823024B6D,26,F
B-D2CF31386AC8,C-53926DF99BA3,1,GU-446782B84592,71,M
B-D2CF31386AC8,C-53926DF99BA3,2,GU-51DD3108801C,65,F
B-04B0465B68DB,,1,GU-068303932184,,
B-04B0465B68DB,,2,GU-6F1CD2940334,,
B-04B0465B68DB,,3,GU-D2B26F3929EB,7,
B-04B0465B68DB,,4,GU-F381C6969F7E,12,
B-DEC9493FCE2C,,1,GU-8A17B1987ED5,,
B-DEC9493FCE2C,,2,GU-8915093525FA,,
B-DEC9493FCE2C,,3,GU-4BD24F8CE603,14,
B-E7CBD3E9B373,C-56C0F456A2C6,1,GU-2EF95DE05D1F,35,F
B-E7CBD3E9B373,C-56C0F456A2C6,2,GU-642D9879539C,35,M
B-E7CBD3E9B373,C-56C0F456A2C6,3,GU-38F8E11BA1A0,2,M
B-C8F099D4A6FD,C-792C6FF828AD,1,GU-1719C4F89E3D,47,M
B-C8F099D4A6FD,C-792C6FF828AD,2,GU-8A685FAD7542,46,F
B-D2517663A757,,1,GU-773600D1B8CC,,
B-D2517663A757,,2,GU-5E9BE55CE1FF,,
B-D2517663A757,,3,GU-D573DBEF93EB,,
B-49295005397B,C-095F15333FF0,1,GU-F64814F0F0DB,68,M
B-49295005397B,C-095F15333FF0,2,GU-0D319DCBEA6F,63,F
B-170869D362C3,,1,GU-CE2898CB7CF3,,
B-170869D362C3,,2,GU-BAE44F715198,,
B-170869D362C3,,3,GU-F31224807D70,,
B-170869D362C3,,4,GU-41D33F6FDA25,14,
B-5EA4CE5A23FF,,1,GU-0966BDCA56EF,23,M
B-5EA4CE5A23FF,,2,GU-B21A2A5E41BF,22,F
B-F9C5FEFAC3F9,,1,GU-CACAE4B2A41D,57,
B-F9C5FEFAC3F9,,2,GU-C144D63CF8C4,58,
B-01A3FFC63D4F,C-B4E812464479,1,GU-E1F4991C2A98,48,M
B-01A3FFC63D4F,C-B4E812464479,2,GU-4677F0F92C8C,51,F
B-2EA0E74DE748,,1,GU-035093E47363,,
B-2EA0E74DE748,,2,GU-ECC638F25AC3,,
B-F3DE16645B3A,C-6EEEB54FCD23,1,GU-FEA38C12D5D8,63,M
B-F3DE16645B3A,C-6EEEB54FCD23,2,GU-5C238CAE2A42,7,F
B-F3DE16645B3A,C-6EEEB54FCD23,3,GU-6B45C55861A1,36,F
B-5B7AECD14A1F,C-B46DE379690E,1,GU-9A4AF892F23F,86,M
B-5B7AECD14A1F,C-B46DE379690E,2,GU-7D3AD78D9295,78,F
B-4BD464063272,C-7156FF7B76FA,1,GU-6D1A91EC06C9,65,M
B-4BD464063272,C-7156FF7B76FA,2,GU-FFCC5D357C47,46,F
B-1FBDB33BC335,C-38031976FA36,1,GU-70485CCE509A,47,M
B-1FBDB33BC335,C-38031976FA36,2,GU-D605E4DD9339,38,F
B-1FBDB33BC335,C-38031976FA36,3,GU-204922C90356,2,F
B-6CB6A0DF471F,C-F98F9CAD3A27,1,GU-F98F2FCB65DA,20,M
B-6CB6A0DF471F,C-F98F9CAD3A27,2,GU-9D9E977B894D,20,F
B-EF571DC33374,C-DFB3C4D8DBA9,1,GU-785A4A57718E,51,F
B-EF571DC33374,C-DFB3C4D8DBA9,2,GU-78F823162FE0,54,M
B-EF571DC33374,C-DFB3C4D8DBA9,3,GU-B37F852F4D7E,17,M
B-BBE3E5C8BCEB,C-C32149683120,1,GU-709C98837482,61,F
B-BBE3E5C8BCEB,C-C32149683120,2,GU-F9B1E409032A,57,M
B-0AA7144B8A76,C-B934DAACF2D7,1,GU-53B619493400,33,M
B-0AA7144B8A76,C-B934DAACF2D7,2,GU-D207CABAE8F0,35,M
B-A262AB76D42A,,1,GU-CD26E46464F1,43,F
B-A262AB76D42A,,2,GU-470F0CCEBAF0,11,M
B-F30FA843C19A,,1,GU-BCF9806FD6F5,36,
B-F30FA843C19A,,2,GU-87048A602F07,33,
B-F30FA843C19A,,3,GU-0A9876C202DF,13,
B-F30FA843C19A,,4,GU-97DEFC853071,12,
B-F30FA843C19A,,5,GU-3FF0A44ADEE8,9,
B-EEBDCB1E76B6,,1,GU-1C4CBD3F8D46,,
B-EEBDCB1E76B6,,2,GU-AA7D31BEB470,,
B-EEBDCB1E76B6,,3,GU-6CE9AC91DDA3,,
B-EEBDCB1E76B6,,4,GU-12F604A6C356,,
B-15486186D571,,1,GU-6196E9383FDC,,
B-15486186D571,,2,GU-E5DB5B0BF0E8,,
B-15486186D571,,3,GU-ABB322BA7F18,,
B-15486186D571,,4,GU-2F2352D3FFAB,,
B-15486186D571,,5,GU-9F0D74ABAF6B,,
B-15486186D571,,6,GU-D03682FC8E00,,
B-40BB14020E15,,1,GU-6F015A969D4F,,
B-40BB14020E15,,2,GU-F92A0E54E030,,
B-40BB14020E15,,3,GU-ED9D4907E2A6,,
B-40BB14020E15,,4,GU-6BE199ADA660,,
B-40BB14020E15,,5,GU-3BD288098413,,
B-40BB14020E15,,6,GU-0E29ABBB7E5F,,
B-45A94668A76E,,1,GU-BD50753EC6BD,,
B-45A94668A76E,,2,GU-EE411D833CC8,,
B-45A94668A76E,,3,GU-E93533713D61,,
B-45A94668A76E,,4,GU-7959D47B5941,,
B-45A94668A76E,,5,GU-2D635122853D,,
B-45A94668A76E,,6,GU-5AB34E3B8BA0,,
B-CEC941F34931,,1,GU-48CF8DEAD678,,
B-CEC941F34931,,2,GU-898F2D298177,,
B-CEC941F34931,,3,GU-1AA0A38A3700,,
B-1797D7D5C7D3,,1,GU-AB2A7103E5B0,35,F
B-1797D7D5C7D3,,2,GU-8E75A4E78A2C,37,M
B-1797D7D5C7D3,,3,GU-C29AA94FCFD6,6,F
B-1797D7D5C7D3,,4,GU-F74BE74A46A7,1,F
B-1797D7D5C7D3,,5,GU-3369772048AD,3,F
B-C9D37B948805,C-581DE06079F6,1,GU-B669DD113EFB,,
B-C9D37B948805,C-581DE06079F6,2,GU-BCA5E3E7838D,,
B-C9D37B948805,C-581DE06079F6,3,GU-B0730450ABFF,,
B-D6A0DCA8C67B,C-581DE06079F6,1,GU-5644E730A128,,
B-D6A0DCA8C67B,C-581DE06079F6,2,GU-FEFBB04A6DEA,,
B-D6A0DCA8C67B,C-581DE06079F6,3,GU-CFE836B91B2A,,
B-6D60820C73E9,C-CFBE73CA0F2E,1,GU-A62A6FE100EA,56,M
B-6D60820C73E9,C-CFBE73CA0F2E,2,GU-A1FCE415DDA7,49,F
B-6D60820C73E9,C-CFBE73CA0F2E,3,GU-E9609B426551,15,M
B-6A7817B33C0D,C-0C61CC66C09E,1,GU-507D90A4F6B3,56,M
B-6A7817B33C0D,C-0C61CC66C09E,2,GU-D93F881E33D3,46,F
B-6A7817B33C0D,C-0C61CC66C09E,3,GU-D1F7B452F5CB,11,F
B-2777161C3293,C-0753CAA6B048,1,GU-F692A82A2C57,56,F
B-2777161C3293,C-0753CAA6B048,2,GU-5608BE00584C,61,M
B-9AD08B1D7BE2,C-B3667CDF4F24,1,GU-7CA7F6C77C73,54,M
B-9AD08B1D7BE2,C-B3667CDF4F24,2,GU-C38EA8AB601E,51,F
B-E80F1BFAC536,C-79B2285BE5A4,1,GU-AA247863F307,32,M
B-E80F1BFAC536,C-79B2285BE5A4,2,GU-31A963338487,30,F
B-E80F1BFAC536,C-79B2285BE5A4,3,GU-357A356CEC47,7,F
B-E80F1BFAC536,C-79B2285BE5A4,4,GU-66694093D002,2,F
B-8C527FA4F316,C-584E5D0FEDB9,1,GU-6BD80EC27A12,26,F
B-8C527FA4F316,C-584E5D0FEDB9,2,GU-94390C85A022,31,F
B-8C527FA4F316,C-584E5D0FEDB9,3,GU-C4EA8795793C,68,F
B-8C527FA4F316,C-584E5D0FEDB9,4,GU-610D8EF4838F,26,F
B-C237140DEE6B,,1,GU-C50ED5B41F03,58,M
B-C237140DEE6B,,2,GU-9571394C0C72,51,F
B-B70D85DADC6B,,1,GU-A316E61C9DC5,44,M
B-B70D85DADC6B,,2,GU-EF2FAA25737C,43,F
B-B70D85DADC6B,,3,GU-DDF9F4F381EA,15,M
B-C36A29D06CBF,,1,GU-DD1062DAA08F,45,M
B-C36A29D06CBF,,2,GU-78ED0E7C116C,40,F
B-C36A29D06CBF,,3,GU-C16DD303042B,10,M
B-C36A29D06CBF,,4,GU-210C98C93758,5,F
B-1C1DDB4B6387,,1,GU-9915D642C939,46,F
B-1C1DDB4B6387,,2,GU-071106A12AE6,45,M
B-1C1DDB4B6387,,3,GU-563A9EBD2917,13,M
B-1C1DDB4B6387,,4,GU-40E071F93A0C,11,M
B-24101F2474A0,C-E416B0DA8A83,1,GU-CA96749ED202,60,M
B-24101F2474A0,C-E416B0DA8A83,2,GU-3CFE95C8EF0B,59,F
B-C033724B9CB2,,1,GU-364C5DC3F57D,62,M
B-C033724B9CB2,,2,GU-A491F8B33CF8,49,F
B-C033724B9CB2,,3,GU-7C17722D3D5F,18,F
B-C033724B9CB2,,4,GU-40A116CA3DA2,10,M
B-62806D20E755,,1,GU-56DFADF4C7C8,46,
B-62806D20E755,,2,GU-C2C540681DFB,37,
B-B31821FFA828,,1,GU-1B73EF6A4891,36,F
B-B31821FFA828,,2,GU-27F845836B81,40,M
B-B31821FFA828,,3,GU-227387CC5E40,0,M
B-A3CB7BBA012B,C-6B4FE03B9C63,1,GU-AA9B7984891C,62,M
B-A3CB7BBA012B,C-6B4FE03B9C63,2,GU-2050D02ADDB5,58,F
B-604BBE1A6FE5,C-FBCA6E520280,1,GU-7456C7A48058,32,F
B-604BBE1A6FE5,C-FBCA6E520280,2,GU-8FBCFD2F929F,31,M
B-32A140B6C8BB,,1,GU-061986B32299,47,M
B-32A140B6C8BB,,2,GU-95DB1AC8180B,50,F
B-32A140B6C8BB,,3,GU-9AE55E5B4B91,9,F
B-AC3C95E1162A,C-82E3D80BFCF7,1,GU-09BA4E96FD9C,60,M
B-AC3C95E1162A,C-82E3D80BFCF7,2,GU-CA635D6E87A4,56,F
B-014889E42E5E,C-252176DBFD99,1,GU-1CFE29EA7D72,63,M
B-014889E42E5E,C-252176DBFD99,2,GU-25C198D0218E,57,F
B-E1B7371983C2,,1,GU-51DA4F11504D,61,M
B-E1B7371983C2,,2,GU-DA832C280BB1,62,F
B-41A0ABF4E00B,,1,GU-09561F2043FF,46,M
B-41A0ABF4E00B,,2,GU-3A7A7C2AA2B7,46,F
B-41A0ABF4E00B,,3,GU-CF018E2A6B15,7,F
B-41A0ABF4E00B,,4,GU-E99B848B7A7E,12,F
B-65ED0F2AD49B,C-36DE9AB4453B,1,GU-AA898A2B19F6,49,F
B-65ED0F2AD49B,C-36DE9AB4453B,2,GU-0D1FA924BB90,56,M
B-65ED0F2AD49B,C-36DE9AB4453B,3,GU-73F02C185D53,4,F
B-FC957D1228A1,C-955FBDDF9C5E,1,GU-38A2FE679137,65,M
B-FC957D1228A1,C-955FBDDF9C5E,2,GU-B3DEC0906FFA,64,F
B-25457954A7D2,C-B01E93D2F4F9,1,GU-76243D1A4FD5,44,M
B-25457954A7D2,C-B01E93D2F4F9,2,GU-53F22F5B62A6,43,F
B-086C35A53D05,,1,GU-0BF6EAB7FF37,80,M
B-086C35A53D05,,2,GU-6B615CB0E127,77,F
B-086C35A53D05,,3,GU-1CB0236E1F95,35,F
B-C0F250AC36EA,C-D7BBDFB52FC9,1,GU-84E9244363C1,63,F
B-C0F250AC36EA,C-D7BBDFB52FC9,2,GU-BB0171AC18E5,66,M
B-96CB113B1256,,1,GU-FA0048B51D1D,31,M
B-96CB113B1256,,2,GU-36CE73B57ACD,33,F
B-CDE658102B7E,C-51C00F97BB9C,1,GU-9BA181F42A80,37,M
B-CDE658102B7E,C-51C00F97BB9C,2,GU-09ADF24FD9F4,34,F
B-CDE658102B7E,C-51C00F97BB9C,3,GU-DBA3500D1C4E,9,M
B-CDE658102B7E,C-51C00F97BB9C,4,GU-61843FF55063,1,F
B-E0A22A0256C7,C-5550F4E97789,1,GU-C043ADB57B95,48,F
B-E0A22A0256C7,C-5550F4E97789,2,GU-FB66806146F3,56,M
B-EB75A5135FA8,C-1C4113281968,1,GU-DF3E4F15E756,37,F
B-EB75A5135FA8,C-1C4113281968,2,GU-757981BFF194,39,M
B-EB75A5135FA8,C-1C4113281968,3,GU-1AB453B193D0,5,F
B-EB75A5135FA8,C-1C4113281968,4,GU-DB09A268E9B6,6,M
B-EB75A5135FA8,C-1C4113281968,5,GU-C9C3A1BBFB57,3,F
B-B9B0A5425BA3,C-1C4113281968,1,GU-5CC169642F2C,70,M
B-B9B0A5425BA3,C-1C4113281968,2,GU-0191D18C2F8A,70,F
B-0A2DD23BCA98,C-1C4113281968,1,GU-72438271CB65,75,F
B-1164C50E10D0,,1,GU-AB4B10421851,59,
B-1164C50E10D0,,2,GU-1C6C2C0C1D22,54,
B-1164C50E10D0,,3,GU-6D03D7543696,18,
B-25AADA8B16E8,C-DC5D307ACB8F,1,GU-963CEE4BBB78,49,F
B-25AADA8B16E8,C-DC5D307ACB8F,2,GU-2BF57E2F06F5,55,M
B-25AADA8B16E8,C-DC5D307ACB8F,3,GU-3D70B8995C66,14,M
B-25AADA8B16E8,C-DC5D307ACB8F,4,GU-9F2E8FB64C23,13,M
B-2C9FBC061728,,1,GU-9D098DE58CC6,39,
B-2C9FBC061728,,2,GU-557E4A9296B7,44,
B-EB1948D9D1BD,C-8858AEA8E419,1,GU-1EABCC2EA81A,40,F
B-EB1948D9D1BD,C-8858AEA8E419,2,GU-8BAB6EE58B00,40,M
B-EB1948D9D1BD,C-8858AEA8E419,3,GU-675D9DFFCEC6,5,M
B-B7BCC653861D,,1,GU-6FDB8E7113EE,,
B-46D6A7C07998,C-1EA5FE704D2C,1,GU-1D74714CC7D1,38,F
B-46D6A7C07998,C-1EA5FE704D2C,2,GU-5A0A912244E2,7,F
B-46D6A7C07998,C-1EA5FE704D2C,3,GU-53233248182F,3,M
B-46D6A7C07998,C-1EA5FE704D2C,4,GU-B35B89996FDC,,
B-395032CDF163,C-63AF3598A219,1,GU-B2976171DA02,,
B-395032CDF163,C-63AF3598A219,2,GU-583471B993B7,,
B-BD71E0163CAC,C-63AF3598A219,1,GU-18D74279B9C1,,
B-C23863032D61,,1,GU-1D4DED4B3AB6,,
B-C23863032D61,,2,GU-5809320FC521,,
B-B55AF0086405,C-1DA33730E05D,1,GU-AF7B78780EBE,41,
B-B55AF0086405,C-1DA33730E05D,2,GU-53898EBB90F0,53,
B-543CBA9CF34A,C-1A3B6DA6E34A,1,GU-60A1DDD35AEF,29,M
B-543CBA9CF34A,C-1A3B6DA6E34A,2,GU-BF541A374B46,,
B-543CBA9CF34A,C-1A3B6DA6E34A,3,GU-3EF87614227B,,
B-543CBA9CF34A,C-1A3B6DA6E34A,4,GU-75301FF240B5,,
B-32AA252F3F03,C-384E544B51E7,1,GU-D87113C60B08,22,F
B-32AA252F3F03,C-384E544B51E7,2,GU-D5BDC605D4AD,20,F
B-9F0F002CE19E,,1,GU-4E6758913FB3,,
B-9F0F002CE19E,,2,GU-C9C35E2BDFC2,,
B-1451CDEEC9D6,,1,GU-288C1CE7B982,,
B-1451CDEEC9D6,,2,GU-62F86EA7524D,,
B-557EEB65DE81,C-13E7F5927A9D,1,GU-3BBB8C6FF892,,
B-557EEB65DE81,C-13E7F5927A9D,2,GU-8A6F3FAF680E,,
B-F21B9F45E26E,,1,GU-6936D7B20915,,
B-F21B9F45E26E,,2,GU-E657C4F8F6A3,,
B-7E8EF2415ECE,C-7E5604C2AF18,1,GU-13667E43CC40,45,F
B-7E8EF2415ECE,C-7E5604C2AF18,2,GU-82623EC303E5,15,F
B-7E8EF2415ECE,C-7E5604C2AF18,3,GU-86C2E8915BFA,43,M
B-7E8EF2415ECE,C-7E5604C2AF18,4,GU-CB11469D843F,13,F
B-97125A27E93F,,1,GU-2A72845AD2C3,,
B-BB0D512E89E6,,1,GU-BA56C9AF9BC0,,
B-1BD3471A2314,,1,GU-EB948AD948CA,,
B-1BD3471A2314,,2,GU-3EA0523935C5,,
B-37664EC5394A,C-D311E55DEE56,1,GU-CA941158812E,41,M
B-37664EC5394A,C-D311E55DEE56,2,GU-2DBA517BC43B,38,F
B-0026EF267CC4,,1,GU-B05CF1B06616,50,M
B-0026EF267CC4,,2,GU-38335AF1263A,40,F
B-0026EF267CC4,,3,GU-F635B4AA79F5,3,M
B-0026EF267CC4,,4,GU-59F36A7BBC3D,9,F
B-0026EF267CC4,,5,GU-22C0C445C804,12,F
B-3CEF0797052C,C-C7456903802D,1,GU-2AA5FD43720C,60,F
B-3CEF0797052C,C-C7456903802D,2,GU-37C5ECB88D2D,64,M
B-C3E34AD31DEA,C-AC81BDA255C9,1,GU-A560AE1B0B4D,,
B-C3E34AD31DEA,C-AC81BDA255C9,2,GU-5298CF7A5BDB,,
B-C3E34AD31DEA,C-AC81BDA255C9,3,GU-6E02D9DB7AC1,,
B-F0A08DB9CD6B,,1,GU-C5CDE8B28ED6,,
B-F0A08DB9CD6B,,2,GU-01E01A1284DB,,
B-610CFAB2AF1A,,1,GU-E16355B5F603,,
B-610CFAB2AF1A,,2,GU-EAD9725F8357,,
B-71E6EFACF6B4,C-4F6132817F30,1,GU-EB5B9E8E8D45,24,
B-71E6EFACF6B4,C-4F6132817F30,2,GU-7864907E9508,26,
B-E7D06460E8F6,,1,GU-01895DC89228,,
B-2AB371148138,C-1EA5FE704D2C,1,GU-055DECBB085A,70,F
B-D54490647EDD,,1,GU-F6D0675469F8,,
B-D54490647EDD,,2,GU-642FD07D9B3C,,
B-E0186E0487AC,,1,GU-125431746780,,
B-E0186E0487AC,,2,GU-7835D474DA34,,
B-E0186E0487AC,,3,GU-6B8B878FF634,,
B-E0186E0487AC,,4,GU-FE00444DC3AD,,
B-62A4CFAFC8E5,C-99354D672E1C,1,GU-03AA951D80D4,,
B-62A4CFAFC8E5,C-99354D672E1C,2,GU-EE32B09CCA40,,
B-62A4CFAFC8E5,C-99354D672E1C,3,GU-4713868E1754,,
B-1263FE99AB18,C-34A8DC55B55B,1,GU-0FC155690B13,45,M
B-1263FE99AB18,C-34A8DC55B55B,2,GU-5B9DF94AD6B8,45,F
B-1263FE99AB18,C-34A8DC55B55B,3,GU-066578EDD2AC,12,F
B-1263FE99AB18,C-34A8DC55B55B,4,GU-5D1B38CD0D8F,7,F
B-C524DFAAC739,C-4BD52A13FC4A,1,GU-42DCC80D4A9C,,
B-C524DFAAC739,C-4BD52A13FC4A,2,GU-D403AD5E367F,,
B-887D84C81957,C-4BD52A13FC4A,1,GU-9F02242B6CB7,,
B-887D84C81957,C-4BD52A13FC4A,2,GU-5A1758422EDB,,
B-81DF51F985B6,C-252176DBFD99,1,GU-69476F6FFB45,63,M
B-76590796B974,C-0308194D35EA,1,GU-A183A7C5A8BB,69,
B-76590796B974,C-0308194D35EA,2,GU-F5572BAA8B8A,74,
B-76590796B974,C-0308194D35EA,3,GU-EBF5ABA46727,34,
B-76590796B974,C-0308194D35EA,4,GU-46ACC8D5E04D,34,
B-39354BB484BE,C-4CEA78B5FE8F,1,GU-882CE49A9AD4,63,M
B-39354BB484BE,C-4CEA78B5FE8F,2,GU-E143E7F387A2,58,F
B-40A62EDD37DE,C-5EF2C985FD4A,1,GU-DD50545BFF95,27,
B-40A62EDD37DE,C-5EF2C985FD4A,2,GU-7286F1D2F167,60,
B-40A62EDD37DE,C-5EF2C985FD4A,3,GU-A595F5BFE984,27,
B-03189FAD2E0A,C-0F3D3C88CDF3,1,GU-990010334428,34,F
B-03189FAD2E0A,C-0F3D3C88CDF3,2,GU-A1C89A06CB41,38,M
B-03189FAD2E0A,C-0F3D3C88CDF3,3,GU-B48670F8FC3E,4,M
B-03189FAD2E0A,C-0F3D3C88CDF3,4,GU-770A8047B66D,0,M
B-85253A968CC2,,1,GU-6FBA9486790E,,
B-85253A968CC2,,2,GU-0FF561527982,,
B-85253A968CC2,,3,GU-854E326CF2B8,,
B-00B8A0F88F0A,,1,GU-3671CAC880FD,,
B-00B8A0F88F0A,,2,GU-3FF0CBEB27D7,,
B-9CAAD70A69FE,C-3C220C8F3345,1,GU-E25D72445740,52,F
B-9CAAD70A69FE,C-3C220C8F3345,2,GU-5169130F7DBD,58,M
B-D9F605FAB2A5,C-7ABB1735C3A6,1,GU-3D0231AAEAE0,55,
B-D9F605FAB2A5,C-7ABB1735C3A6,2,GU-45DD01947A94,43,
B-D9F605FAB2A5,C-7ABB1735C3A6,3,GU-21CBA89D2649,20,
B-D9F605FAB2A5,C-7ABB1735C3A6,4,GU-5D2189B4BC8D,14,
B-63E764BB06C9,C-8899E4CE5CBA,1,GU-B903534AA0E0,28,F
B-63E764BB06C9,C-8899E4CE5CBA,2,GU-5CB07644B738,25,F
B-AF0379571E07,C-5AAB66412EAF,1,GU-32C28278FB0D,38,M
B-AF0379571E07,C-5AAB66412EAF,2,GU-95F2DE87E77C,31,F
B-AF0379571E07,C-5AAB66412EAF,3,GU-D643782AE8B1,5,M
B-AF0379571E07,C-5AAB66412EAF,4,GU-B023FF6AC60E,0,M
B-AF0379571E07,C-5AAB66412EAF,5,GU-3DD0E711DC6D,69,F
B-0A2BB4FEF9A4,C-6A66F24CC65D,1,GU-526414CEA4F3,32,M
B-0A2BB4FEF9A4,C-6A66F24CC65D,2,GU-3AA4C4ACB59E,34,F
B-38C99755CC43,C-EE0C6DAE2B94,1,GU-FF8B1CCE0C05,28,M
B-38C99755CC43,C-EE0C6DAE2B94,2,GU-5C4EA0C96A1D,26,F
B-C1CFC0B54454,C-0768039F866C,1,GU-30CCAD8DABEE,,
B-C1CFC0B54454,C-0768039F866C,2,GU-45B815D1E424,,
B-C1CFC0B54454,C-0768039F866C,3,GU-2B65F410FD42,,
B-997A3258C792,,1,GU-B6DF70D97DE4,43,F
B-997A3258C792,,2,GU-04C4D636128A,49,M
B-997A3258C792,,3,GU-E4B0D87ECE10,13,M
B-997A3258C792,,4,GU-83E1AF677ACD,7,M
B-26AC9894EED7,C-B40481FC1B25,1,GU-F5B019207557,,
B-26AC9894EED7,C-B40481FC1B25,2,GU-AA2A26FAC2B7,,
B-26AC9894EED7,C-B40481FC1B25,3,GU-6C7D9153F43F,,
B-26AC9894EED7,C-B40481FC1B25,4,GU-758B3BBFB938,,
B-BF3A62239F49,,1,GU-DFA1DA900AB4,,
B-BF3A62239F49,,2,GU-9685761F0B57,,
B-74CB7577E43D,C-50C122515F3F,1,GU-AC3EFEBE02FD,,
B-74CB7577E43D,C-50C122515F3F,2,GU-8A3B7AC66D2E,,
B-17A42268EF47,,1,GU-5F2370C82CA4,45,M
B-17A42268EF47,,2,GU-76199E48008D,36,F
B-1DF86C657788,C-B0A17A9D90B6,1,GU-E0236BBC53DC,,
B-1DF86C657788,C-B0A17A9D90B6,2,GU-421753E70803,,
B-1DF86C657788,C-B0A17A9D90B6,3,GU-C305AD39DB67,,
B-1DF86C657788,C-B0A17A9D90B6,4,GU-E60FC0963881,,
B-295C5AEAD45E,,1,GU-2BDEA7AF3F00,61,M
B-295C5AEAD45E,,2,GU-55A3079EA090,61,F
B-695A15E8E61D,,1,GU-0DC4D8C33F97,,
B-695A15E8E61D,,2,GU-851A05244E9A,70,
B-695A15E8E61D,,3,GU-C6976A2CDE5D,17,
B-E309B106E838,,1,GU-51690B934F1E,58,M
B-E309B106E838,,2,GU-5FCE35A40E1E,52,F
B-E309B106E838,,3,GU-34A00B4C5ADD,18,F
B-25AFC8AD2001,,1,GU-E47AB613551E,36,
B-25AFC8AD2001,,2,GU-D6E3348514DD,36,
B-25AFC8AD2001,,3,GU-7879358A764C,10,
B-25AFC8AD2001,,4,GU-668FF79A2BDE,13,
B-A9E3F231C16A,C-7E76604FB284,1,GU-F15F65F9E093,,
B-A9E3F231C16A,C-7E76604FB284,2,GU-6C04A11B089C,,
B-A9E3F231C16A,C-7E76604FB284,3,GU-ADCD4DFCC633,,
B-0A7A1BCB8E1B,,1,GU-A2620DA2B7F6,36,M
B-0A7A1BCB8E1B,,2,GU-C098C528B1DF,29,F
B-50F396512BD1,C-A4049F1DE0E0,1,GU-E958E9E96B34,77,M
B-50F396512BD1,C-A4049F1DE0E0,2,GU-08DB6F2ECC0C,63,F
B-C3396CCAC271,,1,GU-A0D22D25DAEA,58,F
B-C3396CCAC271,,2,GU-5E0BA1C6302F,65,M
B-1764A4948682,C-4B10C187BC1D,1,GU-C6BCB6D98E37,47,M
B-1764A4948682,C-4B10C187BC1D,2,GU-22F87817A097,44,F
B-1764A4948682,C-4B10C187BC1D,3,GU-FA69EC48C0D3,15,M
B-1764A4948682,C-4B10C187BC1D,4,GU-D1FA78626701,17,M
B-98D4F1B0F854,C-C1AF71E8A3AE,1,GU-CE8AB6E876CA,,
B-98D4F1B0F854,C-C1AF71E8A3AE,2,GU-21F09404F22D,,
B-98D4F1B0F854,C-C1AF71E8A3AE,3,GU-92623BF9611A,,
B-98D4F1B0F854,C-C1AF71E8A3AE,4,GU-DDF684A45E56,,
B-98D4F1B0F854,C-C1AF71E8A3AE,5,GU-EBE2A2D5C774,,
B-98D4F1B0F854,C-C1AF71E8A3AE,6,GU-901710933F62,,
B-8ADF28443C0B,C-396E976CCF62,1,GU-B4AE06954FC7,49,M
B-8ADF28443C0B,C-396E976CCF62,2,GU-134A6BF44343,18,M
B-8ADF28443C0B,C-396E976CCF62,3,GU-B0798C15EB34,13,F
B-9002F4325DFD,,1,GU-F2BF720D1868,50,M
B-9002F4325DFD,,2,GU-E02A751E1D08,27,F
B-10AED73B8B45,C-543908A92C28,1,GU-82A85EC0C40C,51,M
B-131302F680ED,C-DD09DC048CF4,1,GU-28098900557A,,
B-131302F680ED,C-DD09DC048CF4,2,GU-B90A383F0BC8,,
B-131302F680ED,C-DD09DC048CF4,3,GU-57C843535216,,
B-74BD10E7A7A7,,1,GU-4DD6756CEA9C,49,M
B-74BD10E7A7A7,,2,GU-D48104D7E2A7,46,F
B-74BD10E7A7A7,,3,GU-4BB250D061AA,9,F
B-74BD10E7A7A7,,4,GU-4A445206F3F0,12,F
B-4AC4512359E9,C-026AEE447291,1,GU-8D1E1083DCD4,46,M
B-4AC4512359E9,C-026AEE447291,2,GU-804AAEDE40F0,47,F
B-4AC4512359E9,C-026AEE447291,3,GU-48DF54E57862,15,F
B-4AC4512359E9,C-026AEE447291,4,GU-E2BBD3F7D9D6,7,F
B-4AC4512359E9,C-026AEE447291,5,GU-1D2AF687B8EC,13,F
B-50686BFAA45F,C-84B827707A06,1,GU-82F5A2DAED8E,59,M
B-50686BFAA45F,C-84B827707A06,2,GU-29066B01D06C,62,F
B-09869FF4DCB4,C-58DEC424F6F6,1,GU-FAC4E96364B6,41,F
B-09869FF4DCB4,C-58DEC424F6F6,2,GU-7755BCAEE35A,43,M
B-09869FF4DCB4,C-58DEC424F6F6,3,GU-3723A978ECD6,7,M
B-09869FF4DCB4,C-58DEC424F6F6,4,GU-43C626689410,10,F
B-B5A63F752700,,1,GU-1702E509FFA0,48,F
B-B5A63F752700,,2,GU-B472A841395A,58,M
B-CEE511D9957E,,1,GU-FF63E91A63BE,,
B-CEE511D9957E,,2,GU-A41C892498EA,,
B-CEE511D9957E,,3,GU-8EFE41326C3B,,
B-CEE511D9957E,,4,GU-82EF3A3F818C,,
B-4C59118227DC,C-EAA2F30DC198,1,GU-CFE71A1EAC20,,
B-4C59118227DC,C-EAA2F30DC198,2,GU-59A25893F21A,,
B-1FBB7FD2B62B,C-D610A44D4222,1,GU-A879B51E4BA6,,
B-1FBB7FD2B62B,C-D610A44D4222,2,GU-A8A648E1653B,,
B-1FBB7FD2B62B,C-D610A44D4222,3,GU-3B74DAFD3683,,
B-7C864273462F,C-D610A44D4222,1,GU-20F86400F832,,
B-7C864273462F,C-D610A44D4222,2,GU-B3CBE369B6DB,,
B-BCF87FDEFB47,C-3473B875FF68,1,GU-43DE57AB6B1F,61,M
B-BCF87FDEFB47,C-3473B875FF68,2,GU-6981B8F42EEF,61,F
B-BCF87FDEFB47,C-3473B875FF68,3,GU-051A24F31E90,28,M
B-CF369A6E5798,,1,GU-E46EEBAC366A,46,M
B-CF369A6E5798,,2,GU-70A035449F4A,41,F
B-CF369A6E5798,,3,GU-824F2D23BBB3,14,F
B-CF369A6E5798,,4,GU-6EB0DDB5BB2D,12,M
B-12722501A88C,,1,GU-20365A89B9E2,45,
B-12722501A88C,,2,GU-497EACD7EF61,44,
B-12722501A88C,,3,GU-24160A090874,15,
B-12722501A88C,,4,GU-95274FFE2937,12,
B-1D3AFAEDC31C,C-DA440BE70145,1,GU-7E592D67A966,,
B-1D3AFAEDC31C,C-DA440BE70145,2,GU-567A32A1C917,,
B-1D3AFAEDC31C,C-DA440BE70145,3,GU-282BAB37565C,,
B-1D3AFAEDC31C,C-DA440BE70145,4,GU-F6854BF781DC,,
B-1D3AFAEDC31C,C-DA440BE70145,5,GU-3DA0423B036E,,
B-6C6AEA9D01E3,C-DA440BE70145,1,GU-C5349AA28AEE,,
B-6C6AEA9D01E3,C-DA440BE70145,2,GU-B442FD7C5B1D,,
B-6C6AEA9D01E3,C-DA440BE70145,3,GU-C2F27898A073,,
B-6C6AEA9D01E3,C-DA440BE70145,4,GU-B8AFA5C76A7A,,
B-6C6AEA9D01E3,C-DA440BE70145,5,GU-0C9222EAF77C,,
B-4C8F3F3BBFE7,C-54FE7A01C4EA,1,GU-0CF1064EB6CC,55,F
B-4C8F3F3BBFE7,C-54FE7A01C4EA,2,GU-C07458FDDB93,52,M
B-4C8F3F3BBFE7,C-54FE7A01C4EA,3,GU-396DE62564AF,10,M
B-10764D47D568,C-F9808A7DFEF9,1,GU-87619DB371D1,57,F
B-10764D47D568,C-F9808A7DFEF9,2,GU-ECC0458E866C,59,M
B-10764D47D568,C-F9808A7DFEF9,3,GU-07D61BB59CE0,18,F
B-4561E49D87DB,C-74B4D6F99C22,1,GU-F2B2D61EB715,50,F
B-4561E49D87DB,C-74B4D6F99C22,2,GU-251FDA2B111F,56,M
B-4561E49D87DB,C-74B4D6F99C22,3,GU-9D1E5801D2FA,7,F
B-847D4DACF1B6,,1,GU-B8B862BE4F80,33,M
B-847D4DACF1B6,,2,GU-88BD33F7AECE,27,F
B-42BAB3CB15D0,C-36D5E41F53F8,1,GU-9E54B7503662,54,M
B-42BAB3CB15D0,C-36D5E41F53F8,2,GU-1C47C0827692,49,F
B-DD6FBBD13122,C-614565F2A478,1,GU-666FBB4A0B69,53,M
B-DD6FBBD13122,C-614565F2A478,2,GU-5353D893FC93,9,F
B-DD6FBBD13122,C-614565F2A478,3,GU-45A25C546B61,5,M
B-DD6FBBD13122,C-614565F2A478,4,GU-8FAA164B74EC,43,F
B-CAA5AE8520D4,C-170343ADBF98,1,GU-3A26F49DE59E,64,M
B-CAA5AE8520D4,C-170343ADBF98,2,GU-F3A9761C636C,62,F
B-A9549DC97D11,,1,GU-DD8B9547A74F,,
B-A9549DC97D11,,2,GU-7C82BCB1E349,,
B-3E3E362FD821,,1,GU-F2A517031754,,
B-3E3E362FD821,,2,GU-22923D89AFFD,,
B-3E3E362FD821,,3,GU-5EC69450977B,15,
B-E5DFAA293867,,1,GU-BA29BABBD0BA,,
B-E5DFAA293867,,2,GU-050373E2927B,,
B-F4EF53AE0A4A,C-BE1D709CAE87,1,GU-876DC4D5ACF0,50,M
B-F4EF53AE0A4A,C-BE1D709CAE87,2,GU-0B5C5BDE4A0D,51,F
B-5FD3CB5C8DF1,C-F99E564D3383,1,GU-54E0E148E176,38,
B-5FD3CB5C8DF1,C-F99E564D3383,2,GU-A91F3E20D87E,53,
B-8233BEF50645,,1,GU-90D6C31667D8,52,F
B-8233BEF50645,,2,GU-67FE2B2E029A,61,M
B-52BA3EAFADA7,C-903D13BCFEE7,1,GU-240C537390BA,53,M
B-52BA3EAFADA7,C-903D13BCFEE7,2,GU-36BFAAFCA4D8,52,F
B-097CD0FC1F5C,C-8221806E0AB6,1,GU-DB82ECEE34CF,45,F
B-097CD0FC1F5C,C-8221806E0AB6,2,GU-C175D15C7486,45,M
B-A716ABF68A17,,1,GU-A3FD4A6017AC,51,F
B-A716ABF68A17,,2,GU-F82FA0DDE9F8,62,M
B-04E0CC9C2947,,1,GU-AA3205463EBB,,
B-C15C9B78E39C,,1,GU-F11E41EEBBB9,,
B-D50C6865D9B7,,1,GU-D9EDD6546F56,68,M
B-D50C6865D9B7,,2,GU-103D2D59BC98,62,F
B-8F77261982D6,C-57E17D52147C,1,GU-9A2EFDE7DDA0,51,F
B-8F77261982D6,C-57E17D52147C,2,GU-68E0AA5B4907,58,M
B-8F77261982D6,C-57E17D52147C,3,GU-32BF9E9C18D5,12,F
B-83745448F01C,,1,GU-672DD3C08437,33,M
B-83745448F01C,,2,GU-8E574E46D1A7,30,F
B-B5BCBDECB62B,,1,GU-0EC7CF28B986,56,M
B-B5BCBDECB62B,,2,GU-6FF5E29FAADB,56,F
B-B5BCBDECB62B,,3,GU-31CAE1A0252E,17,F
B-B5BCBDECB62B,,4,GU-E0877EF36EC2,16,F
B-BA14D9F7209A,,1,GU-FD1DF565441B,73,M
B-BA14D9F7209A,,2,GU-6A68915DBABE,70,F
B-3B1EC6D05E26,C-DDF9A8A95728,1,GU-E21987550743,25,M
B-3B1EC6D05E26,C-DDF9A8A95728,2,GU-8ABF78D944AD,29,F
B-3B1EC6D05E26,C-DDF9A8A95728,3,GU-888CB059EBD6,27,F
B-3B1EC6D05E26,C-DDF9A8A95728,4,GU-1CCC124A2081,41,M
B-0B516939AC66,C-55F3AD41A6EB,1,GU-0F08234E3424,48,M
B-0B516939AC66,C-55F3AD41A6EB,2,GU-9BE19C640E15,49,M
B-0B516939AC66,C-55F3AD41A6EB,3,GU-22DDC086CD3A,11,M
B-772C1E4C2F22,,1,GU-D40E38B12DFD,37,
B-772C1E4C2F22,,2,GU-EF26A9D5A251,31,
B-772C1E4C2F22,,3,GU-A0FB089F0177,1,
B-49598C4D0F70,C-B2CDB474B4CC,1,GU-B379F9674FDA,,
B-49598C4D0F70,C-B2CDB474B4CC,2,GU-DD69A78BF794,,
B-29B685A2238B,C-7B8557A4472E,1,GU-BFFE2547765B,45,F
B-29B685A2238B,C-7B8557A4472E,2,GU-C86082879103,13,F
B-29B685A2238B,C-7B8557A4472E,3,GU-8BC14E95732E,11,M
B-29B685A2238B,C-7B8557A4472E,4,GU-0CA8C4A024C1,8,F
B-29B685A2238B,C-7B8557A4472E,5,GU-D8C378FDBA5F,52,M
B-FB3AAC34E39B,C-7AE58E1D4214,1,GU-705A1ECA63EE,,
B-FB3AAC34E39B,C-7AE58E1D4214,2,GU-E52B85EE5A17,,
B-C3C8CDCC6BCD,C-A944DF178720,1,GU-F132F810D8D5,57,M
B-C3C8CDCC6BCD,C-A944DF178720,2,GU-4E1EF6BE9331,53,F
B-C3C8CDCC6BCD,C-A944DF178720,3,GU-1F73E8251FB2,19,M
B-139A17859F65,,1,GU-81C0A223E462,62,M
B-139A17859F65,,2,GU-2255398C0283,51,F
B-D06B91456F95,C-A01227BF6FB8,1,GU-5C1240DECFFC,43,M
B-D06B91456F95,C-A01227BF6FB8,2,GU-57F6A28BEE90,46,F
B-D06B91456F95,C-A01227BF6FB8,3,GU-3686C4207B70,11,M
B-D06B91456F95,C-A01227BF6FB8,4,GU-9B007D5A12B8,11,M
B-215565CBB01B,C-6E792D86E92F,1,GU-9B2DAA83F034,22,F
B-215565CBB01B,C-6E792D86E92F,2,GU-5802EB293463,20,F
B-D1E00FF28F73,,1,GU-1EBEAEE5A684,,
B-D1E00FF28F73,,2,GU-A8DA1BAAE53C,,
B-D1E00FF28F73,,3,GU-3DF51F131B74,,
B-D1E00FF28F73,,4,GU-6DF767C93B12,,
B-D1E00FF28F73,,5,GU-C4B563717D91,,
B-D1E00FF28F73,,6,GU-3D50FD931E5C,,
B-FBCC1E00540C,,1,GU-A9C16E216F1F,,
B-FBCC1E00540C,,2,GU-BD5E72D5A87A,,
B-FBCC1E00540C,,3,GU-A35209135826,,
B-FBCC1E00540C,,4,GU-694D6ABCA4D6,,
B-76D02B54A1A5,,1,GU-250CD792CC18,,
B-76D02B54A1A5,,2,GU-7729E54B3390,,
B-76D02B54A1A5,,3,GU-FA173E179C1E,,
B-76D02B54A1A5,,4,GU-C026BD8F0772,,
B-C38176D7463A,C-D5EC812F2FD9,1,GU-44BC4F95D058,33,F
B-C38176D7463A,C-D5EC812F2FD9,2,GU-38F8BAC84F20,35,M
B-C38176D7463A,C-D5EC812F2FD9,3,GU-2CF4B1A8EBF9,0,M
B-C38176D7463A,C-D5EC812F2FD9,4,GU-B27EAE4DAAED,2,F
B-E9FDFDC6B67B,C-D9ACF927DDF2,1,GU-EB103FAE250B,44,M
B-E9FDFDC6B67B,C-D9ACF927DDF2,2,GU-4C924AAD7D14,16,F
B-E9FDFDC6B67B,C-D9ACF927DDF2,3,GU-1AAF727A54ED,11,F
B-E9FDFDC6B67B,C-D9ACF927DDF2,4,GU-0D6AF500DDB7,44,F
B-C1AACDC80F37,C-B17D93D6AD0F,1,GU-379FB1079B74,42,M
B-C1AACDC80F37,C-B17D93D6AD0F,2,GU-7B2AA03067DF,36,F
B-C1AACDC80F37,C-B17D93D6AD0F,3,GU-57A0D6FB2A27,10,M
B-C1AACDC80F37,C-B17D93D6AD0F,4,GU-7BFC0F21BE6F,14,M
B-3316DBCD33FE,,1,GU-1CDB740F9E77,47,
B-3316DBCD33FE,,2,GU-4C69D69FC00F,43,
B-3316DBCD33FE,,3,GU-8817007ECA18,18,
B-3316DBCD33FE,,4,GU-1BC24AA7EE00,13,
B-4BFB42028722,C-81A16925DFD1,1,GU-8A0DBA3E7D0A,51,
B-4BFB42028722,C-81A16925DFD1,2,GU-3CD6AC835AB2,44,
B-4BFB42028722,C-81A16925DFD1,3,GU-2818CEACF077,3,
B-41461448A8B8,C-D4FFFEB5EF12,1,GU-8AF89463D8EF,31,M
B-41461448A8B8,C-D4FFFEB5EF12,2,GU-D2C61FA18A1E,35,F
B-090887EB0F33,,1,GU-F607FDC5C254,55,M
B-090887EB0F33,,2,GU-9F1F97E4F32A,52,F
B-BF074FF12190,,1,GU-4803C2251A51,35,
B-BF074FF12190,,2,GU-366091FE24DA,35,
B-BF074FF12190,,3,GU-0E0609066513,3,
B-BF074FF12190,,4,GU-A71C1548CB41,0,
B-4E8A98255B3B,C-4448647461A9,1,GU-2BB01F16F356,47,F
B-4E8A98255B3B,C-4448647461A9,2,GU-BDE4CE4459AB,51,M
B-4E8A98255B3B,C-4448647461A9,3,GU-E9DE1594CD69,11,F
B-4E8A98255B3B,C-4448647461A9,4,GU-9741F2C61170,7,F
B-C658CB6D3DE1,,1,GU-62AAB76BCF24,53,F
B-C658CB6D3DE1,,2,GU-4B696F70A8B7,64,M
B-C658CB6D3DE1,,3,GU-01771D285561,14,M
B-2D1283382307,C-949C2A10D4C6,1,GU-157900DFEA1D,70,M
B-2D1283382307,C-949C2A10D4C6,2,GU-50D016274156,46,F
B-2D1283382307,C-949C2A10D4C6,3,GU-69A9B570A630,47,M
B-2D1283382307,C-949C2A10D4C6,4,GU-DACB6AD2D8DD,12,M
B-2D1283382307,C-949C2A10D4C6,5,GU-20F57B1D5BE1,14,M
B-E75FD5F677E2,,1,GU-4F04B661202C,,
B-E75FD5F677E2,,2,GU-C25D2064617B,,
B-E75FD5F677E2,,3,GU-027858EAF7B2,,
B-D4DC5237A3D0,,1,GU-5DAEBEFF6B43,,
B-D4DC5237A3D0,,2,GU-D1B5AFB2862A,,
B-2D7DE51CB0DF,,1,GU-1F371B91AFD0,,
B-F4B014A86EAD,,1,GU-0380E4D5989E,47,
B-F4B014A86EAD,,2,GU-A5E8768F6C6D,49,
B-F4B014A86EAD,,3,GU-A2F7253C076C,78,
B-F4B014A86EAD,,4,GU-8CA7CD20A78F,7,
B-8C0AA43D5EDF,C-188C2C45D27B,1,GU-CC7E76B19487,71,M
B-8C0AA43D5EDF,C-188C2C45D27B,2,GU-0D5DF437E392,68,F
B-A98F228E0FD8,C-1851766B9D7A,1,GU-505E7673D0F7,60,F
B-A98F228E0FD8,C-1851766B9D7A,2,GU-19F1F7212F1D,83,F
B-439F228F9A26,C-39CD8982FD6A,1,GU-2AEB91489258,,
B-439F228F9A26,C-39CD8982FD6A,2,GU-802345F9C1EF,,
B-439F228F9A26,C-39CD8982FD6A,3,GU-F137EB6DB848,,
B-439F228F9A26,C-39CD8982FD6A,4,GU-21E2293373D3,,
B-2D1A7601A074,,1,GU-4C046FAF10D2,36,
B-2D1A7601A074,,2,GU-F2090A86178F,46,
B-2D1A7601A074,,3,GU-7B1FA7088398,0,
B-79C083CBF8BC,C-6A0BA0FC7E06,1,GU-357E8387EA42,72,M
B-79C083CBF8BC,C-6A0BA0FC7E06,2,GU-3B71C7C610A5,58,F
B-C222155CF0A0,C-5A9D7B353654,1,GU-4B4E2ADFDA24,53,F
B-C222155CF0A0,C-5A9D7B353654,2,GU-CCDFDF2D3F69,53,M
B-C222155CF0A0,C-5A9D7B353654,3,GU-E2F4EF152A0C,22,F
B-C222155CF0A0,C-5A9D7B353654,4,GU-48ED0278B4EA,14,F
B-2E569A7CA696,C-B50090B6C97D,1,GU-0BEF8F547F83,67,M
B-2E569A7CA696,C-B50090B6C97D,2,GU-7639C275F802,63,F
B-0BEE14D09394,C-9E4B95142762,1,GU-1F472003BA4B,46,F
B-0BEE14D09394,C-9E4B95142762,2,GU-FBEBD84C210A,13,F
B-0BEE14D09394,C-9E4B95142762,3,GU-88F367A6D53D,16,M
B-0BEE14D09394,C-9E4B95142762,4,GU-DCF4CA03258D,7,F
B-0BEE14D09394,C-9E4B95142762,5,GU-4772D2A0354A,46,M
B-F84383668BB8,,1,GU-9FD08F7D7663,,
B-F84383668BB8,,2,GU-9D6826191A4A,,
B-F84383668BB8,,3,GU-D510BB5FC653,,
B-F84383668BB8,,4,GU-F2799B34415E,,
B-531677EE81FD,,1,GU-50665121D061,,
B-531677EE81FD,,2,GU-000C28C9A5B2,,
B-AA6258382F94,C-C4C0F308F432,1,GU-CAE900ECEFB0,50,F
B-AA6258382F94,C-C4C0F308F432,2,GU-F0E96108A1E3,51,M
B-D715E3868CF3,,1,GU-A577F1D21E27,38,
B-D715E3868CF3,,2,GU-F4F1EDE7E27F,41,
B-D715E3868CF3,,3,GU-7CD8A5399150,9,
B-D715E3868CF3,,4,GU-7DAED9AD69E5,4,
B-0EA95BA58873,C-EAA2F30DC198,1,GU-62026BF24C0A,,
B-0EA95BA58873,C-EAA2F30DC198,2,GU-8954B17BF608,,
B-4ED6BC54AC8E,C-E343474C3B8F,1,GU-05EFC6C4EF9A,45,M
B-4ED6BC54AC8E,C-E343474C3B8F,2,GU-29FE2E766B32,47,F
B-4ED6BC54AC8E,C-E343474C3B8F,3,GU-CE9CE86C3C47,9,F
B-4ED6BC54AC8E,C-E343474C3B8F,4,GU-23BB781BA1B9,17,F
B-8551D631ED4D,C-ECF41CCC3874,1,GU-96B2A84BEF51,36,M
B-8551D631ED4D,C-ECF41CCC3874,2,GU-CD4196018DD4,36,F
B-8551D631ED4D,C-ECF41CCC3874,3,GU-00810EA1963E,9,M
B-F364D16CB428,C-221FB20BB48A,1,GU-39612807DB6D,,
B-F364D16CB428,C-221FB20BB48A,2,GU-84C8DC2DCA52,,
B-F364D16CB428,C-221FB20BB48A,3,GU-1EB025D0C7FB,,
B-F364D16CB428,C-221FB20BB48A,4,GU-52C21085C2BE,,
B-F364D16CB428,C-221FB20BB48A,5,GU-E9200E9364C0,,
B-B279E187AC6D,C-667022194944,1,GU-4DBB0BE416F4,46,M
B-B279E187AC6D,C-667022194944,2,GU-6D2A17F587DE,51,F
B-B279E187AC6D,C-667022194944,3,GU-F83FDF3CFDD0,10,F
B-0DE178D64B1B,C-1EE92382D55B,1,GU-74098F2588D1,53,
B-0DE178D64B1B,C-1EE92382D55B,2,GU-1C58D5E75344,51,
B-0DE178D64B1B,C-1EE92382D55B,3,GU-C21D214016FE,19,
B-0DE178D64B1B,C-1EE92382D55B,4,GU-D9576CDFFB8E,18,
B-B672B24D8AB1,C-D680FB35CD50,1,GU-2C26728ADA44,47,M
B-B672B24D8AB1,C-D680FB35CD50,2,GU-6A223B18B938,45,F
B-B672B24D8AB1,C-D680FB35CD50,3,GU-D4F454A00ABF,13,M
B-B672B24D8AB1,C-D680FB35CD50,4,GU-361F17D58CDB,10,M
B-931E648476DC,C-A0EAEFB34B43,1,GU-8486FC348469,33,M
B-931E648476DC,C-A0EAEFB34B43,2,GU-17C113EF13BA,33,F
B-931E648476DC,C-A0EAEFB34B43,3,GU-9F508A60D4DB,2,F
B-CF76C4A7B8C2,C-ECA4B22BC648,1,GU-A2AD9AC34690,43,M
B-CF76C4A7B8C2,C-ECA4B22BC648,2,GU-77E110ECCA14,42,F
B-CF76C4A7B8C2,C-ECA4B22BC648,3,GU-0298272A6229,13,F
B-CF76C4A7B8C2,C-ECA4B22BC648,4,GU-E7182D7FF492,11,F
B-CF76C4A7B8C2,C-ECA4B22BC648,5,GU-45531EB4724F,9,F
B-CF76C4A7B8C2,C-ECA4B22BC648,6,GU-E16BD7E43FA3,6,M
B-C8C69F180462,C-3A81EBF37602,1,GU-EBF91C289150,,
B-C8C69F180462,C-3A81EBF37602,2,GU-3750618C339B,,
B-C8C69F180462,C-3A81EBF37602,3,GU-B800E9613F5D,,
B-C8C69F180462,C-3A81EBF37602,4,GU-6B8D4C7963C5,,
B-3AD0675F6F38,C-D23A1EA94CB0,1,GU-6AFD7B82F733,57,M
B-3AD0675F6F38,C-D23A1EA94CB0,2,GU-9702D44BD6C7,52,F
B-3AD0675F6F38,C-D23A1EA94CB0,3,GU-9B3D07ABFC14,18,F
B-3AD0675F6F38,C-D23A1EA94CB0,4,GU-0B7259986711,14,F
B-5E6116BE4A84,C-963EF6611371,1,GU-3E3DF0091FFC,,
B-5E6116BE4A84,C-963EF6611371,2,GU-12C4F5B7A570,,
B-409F444137A4,C-501DCB789A13,1,GU-8F377A18837B,,
B-409F444137A4,C-501DCB789A13,2,GU-87E38B35E9A5,,
B-404B4F3EB10B,C-09B19A8E3629,1,GU-BE1BBA0F962E,,
B-404B4F3EB10B,C-09B19A8E3629,2,GU-853E76B4B9F7,,
B-D2391F86C945,,1,GU-5639B0E60004,,
B-D2391F86C945,,2,GU-D7CB5E676EBC,,
B-5EA15B18BEEC,C-CE9319EBA6F2,1,GU-13FB32843F78,,
B-5EA15B18BEEC,C-CE9319EBA6F2,2,GU-2F50CD210A9C,,
B-5EA15B18BEEC,C-CE9319EBA6F2,3,GU-2862E69CF1F5,,
B-5EA15B18BEEC,C-CE9319EBA6F2,4,GU-20B91E39C40E,,
B-2B35955712F2,C-AC981135D56C,1,GU-CB82308BF932,,
B-2B35955712F2,C-AC981135D56C,2,GU-9D54694D3C90,,
B-E90E8DE8315E,C-1BB971E4355D,1,GU-7E72EFEBC161,36,F
B-E90E8DE8315E,C-1BB971E4355D,2,GU-E8FD0E8AE325,41,M
B-E90E8DE8315E,C-1BB971E4355D,3,GU-C122DE49108F,2,F
B-E90E8DE8315E,C-1BB971E4355D,4,GU-32DE2A76E295,9,F
B-F5C327664E5C,C-EAB39AC4DB49,1,GU-86B7FF35247F,39,F
B-F5C327664E5C,C-EAB39AC4DB49,2,GU-8CC7242CB0E1,41,M
B-0EB48E657C6B,C-31EB79533A11,1,GU-08A6AB2F6340,24,
B-0EB48E657C6B,C-31EB79533A11,2,GU-8BB589B6BCBC,58,
B-C408A472EBA2,C-81A16925DFD1,1,GU-AF16C18A7509,52,M
B-C408A472EBA2,C-81A16925DFD1,2,GU-E77C0CC30FD2,44,F
B-C408A472EBA2,C-81A16925DFD1,3,GU-E6B4E800BFD7,2,F
B-4CFCD486A377,,1,GU-8091F79EA364,50,
B-4CFCD486A377,,2,GU-F554D4C11951,44,
B-4CFCD486A377,,3,GU-6A3546EB0ECB,15,
B-0CE65CFDF871,C-C3D3EB7887CB,1,GU-41A45F03F6BA,,
B-0CE65CFDF871,C-C3D3EB7887CB,2,GU-97C6BCB36C08,,
B-C0AEC90573E6,C-EE620E7CBFF9,1,GU-3867CA34769A,51,F
B-C0AEC90573E6,C-EE620E7CBFF9,2,GU-DBC714BAA888,52,M
B-AA6A77F5F03A,,1,GU-F9D2233F2EF1,50,
B-AA6A77F5F03A,,2,GU-B43D2C2433D0,48,
B-AA6A77F5F03A,,3,GU-AB18D3507C7A,8,
B-AA6A77F5F03A,,4,GU-A90DF86A2A8F,10,
B-0472350ADC07,C-CDCC7FFAA3ED,1,GU-525C97021789,54,
B-0472350ADC07,C-CDCC7FFAA3ED,2,GU-5BF293A304C5,64,
B-A440508B8509,C-2B7D4E40A74B,1,GU-0F7E2EBEBE28,49,M
B-A440508B8509,C-2B7D4E40A74B,2,GU-5AF4FF7F3FC0,8,M
B-81CFE93A7C11,C-2FC287DA9F9C,1,GU-872FF6260979,34,F
B-81CFE93A7C11,C-2FC287DA9F9C,2,GU-C9C72D56A904,40,M
B-5FD7DE1B92E4,C-F5D1D2C50006,1,GU-3B9FD39A5D5B,,
B-5FD7DE1B92E4,C-F5D1D2C50006,2,GU-66043E3F7B36,,
B-5FD7DE1B92E4,C-F5D1D2C50006,3,GU-C32296BF6437,,
B-380634A3970B,C-29281E4D4978,1,GU-11676FDE1DB6,,
B-380634A3970B,C-29281E4D4978,2,GU-D32B34C8F0C2,,
B-380634A3970B,C-29281E4D4978,3,GU-0753BFD74850,,
B-0A6834CEAF1A,C-C8AC5FB01814,1,GU-F9D49DAEB587,,
B-DB17F9688A4A,,1,GU-E8304654D962,44,
B-DB17F9688A4A,,2,GU-37D139184B36,38,
B-DB17F9688A4A,,3,GU-CFFEA1BD85D6,2,
B-DB17F9688A4A,,4,GU-04267C54DABD,7,
B-0E64DA42DA92,,1,GU-212E1A4C90CC,45,M
B-0E64DA42DA92,,2,GU-E52DC6176B56,41,F
B-0E64DA42DA92,,3,GU-A03E5E967E1B,15,M
B-0E64DA42DA92,,4,GU-F8E800711BB2,11,M
B-0E64DA42DA92,,5,GU-4929413C8DE1,8,F
B-40943DC7E8B7,,1,GU-F601E4F5F960,43,F
B-40943DC7E8B7,,2,GU-BB2D2944279D,49,M
B-40943DC7E8B7,,3,GU-68DCD790B4A8,17,F
B-40943DC7E8B7,,4,GU-40DA305DB712,13,F
B-40943DC7E8B7,,5,GU-00E1B587F254,13,F
B-E99846EC95CA,C-5C5CA64F1A77,1,GU-8385A0E00CC3,,
B-E99846EC95CA,C-5C5CA64F1A77,2,GU-18DA1476D943,,
B-FD829168B201,C-24BF40F812AD,1,GU-C35E0B57D53E,,
B-FD829168B201,C-24BF40F812AD,2,GU-77E8B9238A20,,
B-DA6FEAE851C5,C-1E8B035D03E7,1,GU-8DE7F8AA3769,,
B-DA6FEAE851C5,C-1E8B035D03E7,2,GU-6A69554A2E3C,,
B-DA6FEAE851C5,C-1E8B035D03E7,3,GU-90F96CB53DE8,,
B-1B1C6851CE3E,,1,GU-4EE9739B27FA,,
B-1B1C6851CE3E,,2,GU-7FEED640569B,,
B-1B1C6851CE3E,,3,GU-A72B3522AF49,,
B-A8B1072FF7A0,C-27F47AAA3B2F,1,GU-134EA60BE812,43,F
B-A8B1072FF7A0,C-27F47AAA3B2F,2,GU-BD0999077D04,44,M
B-A8B1072FF7A0,C-27F47AAA3B2F,3,GU-CBBA4292799C,15,F
B-A8B1072FF7A0,C-27F47AAA3B2F,4,GU-DDCE19366F29,14,M
B-47ED3023FE0E,C-C3308D7E5E83,1,GU-B35E25AB7C27,35,M
B-47ED3023FE0E,C-C3308D7E5E83,2,GU-157018D9313C,30,F
B-96A639C295F4,C-AE4E5ED9642F,1,GU-01BC9553990F,,
B-96A639C295F4,C-AE4E5ED9642F,2,GU-945B37C1533A,,
B-96A639C295F4,C-AE4E5ED9642F,3,GU-8B90438FD138,,
B-464357B6D035,C-F575F74F3A1B,1,GU-100603A6AC8A,56,F
B-464357B6D035,C-F575F74F3A1B,2,GU-9028ACA91AAA,60,M
B-12AF4FA76D30,C-EDC1F5C1E3AA,1,GU-81CE602B9646,48,F
B-B1474D10FCC1,C-7F5F785A3BA9,1,GU-F85735E2E0E9,40,
B-B1474D10FCC1,C-7F5F785A3BA9,2,GU-3059DF1AC780,11,
B-B1474D10FCC1,C-7F5F785A3BA9,3,GU-9C426BAA2287,3,
B-B1474D10FCC1,C-7F5F785A3BA9,4,GU-60986086C071,44,
B-87CD8ED3C190,C-9D1B9172693B,1,GU-470E4870B3FC,46,
B-87CD8ED3C190,C-9D1B9172693B,2,GU-AA302DB9B50D,15,
B-87CD8ED3C190,C-9D1B9172693B,3,GU-BE9A2F428ABE,47,
B-6F467FE49B17,C-2D336062A58F,1,GU-BE79433CEA79,34,
B-6F467FE49B17,C-2D336062A58F,2,GU-03FD26D8982E,37,
B-6F467FE49B17,C-2D336062A58F,3,GU-9DA844BD5DA3,0,
B-8E77299B3D49,C-EF1EB625726A,1,GU-9055F68D7B72,48,M
B-8E77299B3D49,C-EF1EB625726A,2,GU-1A96EEC50A49,48,F
B-8E77299B3D49,C-EF1EB625726A,3,GU-2DF16C453E0D,14,M
B-8E77299B3D49,C-EF1EB625726A,4,GU-F5FCFC6DB6DF,3,F
B-285F4A8B3044,C-A5EB1FA7C568,1,GU-853DA0543DFF,,
B-285F4A8B3044,C-A5EB1FA7C568,2,GU-2CBA4E03CA29,,
B-8B89447E858D,C-996B6CE4474C,1,GU-C17C063276EE,,
B-8B89447E858D,C-996B6CE4474C,2,GU-18BA5E99AFF7,,
B-A3EDC86C7461,C-ABF3AC2547CA,1,GU-E40F7AFFDD80,40,
B-A3EDC86C7461,C-ABF3AC2547CA,2,GU-0822DE1C5BF4,10,
B-A3EDC86C7461,C-ABF3AC2547CA,3,GU-3BCA19E02B71,7,
B-2191B6C2B760,C-42372C071470,1,GU-662A49C37E9D,,
B-2191B6C2B760,C-42372C071470,2,GU-B69A4429523C,,
B-EE112174B9A1,C-C378C4BB1767,1,GU-FC35C2CE83FB,,
B-EE112174B9A1,C-C378C4BB1767,2,GU-99609D12A02F,,
B-212A206EC025,C-11B552747704,1,GU-A2A0B78CA941,52,M
B-212A206EC025,C-11B552747704,2,GU-13A247D82AB2,42,F
B-212A206EC025,C-11B552747704,3,GU-D681683A7EB8,11,F
B-C46087502C4E,C-8098AD1D9150,1,GU-F5A5FE8DAA2E,58,F
B-C46087502C4E,C-8098AD1D9150,2,GU-2D0A545577A6,51,M
B-C46087502C4E,C-8098AD1D9150,3,GU-31CA5C4CCD37,17,M
B-2410254F381B,,1,GU-5DC3C1EFB958,50,
B-2410254F381B,,2,GU-61B3B88A3A59,44,
B-2410254F381B,,3,GU-1D3F1AFA8621,12,
B-2410254F381B,,4,GU-04556BA26198,8,
B-F40D53CBACBD,,1,GU-2CD37B5AD306,,
B-F40D53CBACBD,,2,GU-0760FA3B0104,,
B-3D42CFD02B1B,,1,GU-A08984AB0F9D,,
B-3D42CFD02B1B,,2,GU-FD34D74E7C80,,
B-6686493CBD0A,C-C378C4BB1767,1,GU-7E113E0DCA6C,,
B-6686493CBD0A,C-C378C4BB1767,2,GU-5EC1D144948A,,
B-DF199A79CFCB,C-03D3182749FB,1,GU-F4E5E5D9EAE9,,
B-DF199A79CFCB,C-03D3182749FB,2,GU-4928D1EA316B,,
B-3C2B6961DE08,C-03D3182749FB,1,GU-7E25A4A24736,41,F
B-3C2B6961DE08,C-03D3182749FB,2,GU-9759973B897A,35,M
B-662771FF05AE,,1,GU-84DE6BD8FC46,,
B-662771FF05AE,,2,GU-E9FA25419F1A,,
B-6AB973EC77F7,,1,GU-C01CCF456588,,
B-6AB973EC77F7,,2,GU-E91EFBE8F7F0,,
B-BFD90ADF4001,,1,GU-05A3EC647EE8,,
B-BFD90ADF4001,,2,GU-22FC3BABACF0,,
B-BFD90ADF4001,,3,GU-2EACB9541D87,,
B-AFE1D25ECD45,C-771F38AC9CFD,1,GU-A33C5725039B,,
B-AFE1D25ECD45,C-771F38AC9CFD,2,GU-045DE21B0800,,
B-AFE1D25ECD45,C-771F38AC9CFD,3,GU-54113D93CD76,,
B-AFE1D25ECD45,C-771F38AC9CFD,4,GU-9BD83FB71384,,
B-CDC23CA986D3,C-771F38AC9CFD,1,GU-9530EFE8B6DF,47,M
B-CDC23CA986D3,C-771F38AC9CFD,2,GU-F693DAA43ECD,45,F
B-CDC23CA986D3,C-771F38AC9CFD,3,GU-109F8FA098FC,11,M
B-CDC23CA986D3,C-771F38AC9CFD,4,GU-4CD955DEFC48,15,M
B-BD79DE5136E6,C-70F983DF187A,1,GU-F3D726F87F7F,,
B-BD79DE5136E6,C-70F983DF187A,2,GU-323C88EBA29D,,
B-BD79DE5136E6,C-70F983DF187A,3,GU-5901C6B12980,,
B-BD79DE5136E6,C-70F983DF187A,4,GU-C0E5588D7512,,
B-FDAEC947F7B0,,1,GU-B520F5918EA5,51,
B-FDAEC947F7B0,,2,GU-E043F12CE1AC,51,
B-FDAEC947F7B0,,3,GU-9D7F0B4DCB29,51,
B-2B1D9DF0C880,C-FA17A94A4826,1,GU-C4CEFD7E557E,,
B-2B1D9DF0C880,C-FA17A94A4826,2,GU-4C21EDC6483F,,
B-2B1D9DF0C880,C-FA17A94A4826,3,GU-56417E41468E,,
B-4F3CE523A680,,1,GU-E2F1F0A844FA,,
B-4F3CE523A680,,2,GU-3D7A408773DF,,
B-4F3CE523A680,,3,GU-1B9E83AED2BC,1,
B-675D2EEE54A8,,1,GU-BC592CBE4009,,
B-675D2EEE54A8,,2,GU-3FB9E0FFC20C,,
B-675D2EEE54A8,,3,GU-9410EDB97C92,,
B-BDD7B17F0C53,C-3258E5E275A4,1,GU-BA8EDC95B461,43,
B-BDD7B17F0C53,C-3258E5E275A4,2,GU-4AE877421E10,37,
B-BDD7B17F0C53,C-3258E5E275A4,3,GU-4317D7790E80,12,
B-BDD7B17F0C53,C-3258E5E275A4,4,GU-BF4D74355015,9,
B-4FCD60D3E016,C-699A5F5716C8,1,GU-211D4528A16F,,
B-4FCD60D3E016,C-699A5F5716C8,2,GU-29041D30F86E,,
B-1C38BD3C51D7,C-699A5F5716C8,1,GU-46F246D1753E,,
B-1C38BD3C51D7,C-699A5F5716C8,2,GU-6887AA1E78CD,,
B-CA4C609948EB,,1,GU-82EAD303AF23,48,
B-CA4C609948EB,,2,GU-7B32125DE9D5,46,
B-CA4C609948EB,,3,GU-60A10D265D63,10,
B-CA4C609948EB,,4,GU-3F4796C055EC,14,
B-009A29F3A2DE,C-058FB8624001,1,GU-40DC991C62FF,40,F
B-009A29F3A2DE,C-058FB8624001,2,GU-F8930AF74B78,36,M
B-009A29F3A2DE,C-058FB8624001,3,GU-8EBF96B9ABAF,6,F
B-009A29F3A2DE,C-058FB8624001,4,GU-C856817761FA,2,F
B-1DDFE9CCA813,,1,GU-3B06FC9214DE,16,M
B-1DDFE9CCA813,,2,GU-9C6AC29C3864,16,M
B-1DDFE9CCA813,,3,GU-86A98B63724A,16,M
B-9E85A4F85BD8,C-1D948705C2B0,1,GU-9115FA83763F,,
B-9E85A4F85BD8,C-1D948705C2B0,2,GU-E84E213B5021,,
B-9E85A4F85BD8,C-1D948705C2B0,3,GU-7617374D1ED6,,
B-58C119E7BFD5,C-314C7FE05994,1,GU-A0F3F89ADF2F,,
B-58C119E7BFD5,C-314C7FE05994,2,GU-89E7237E1181,,
B-1CC74A976DAA,C-51C256D4CD0C,1,GU-EA43585A516B,51,F
B-1CC74A976DAA,C-51C256D4CD0C,2,GU-A35B7DEB1756,50,M
B-1CC74A976DAA,C-51C256D4CD0C,3,GU-85A280733309,14,M
B-511B02607E54,,1,GU-4E95E835BE84,60,
B-511B02607E54,,2,GU-E2DA60DED985,57,
B-8BA9AFC77662,,1,GU-2DC559D8E07E,,
B-8BA9AFC77662,,2,GU-DD04F4064AAC,,
B-8BA9AFC77662,,3,GU-2FAFD4DEBF48,,
B-8BA9AFC77662,,4,GU-E990651DD7D3,,
B-31ED4C6DB41A,C-52472D9DEB98,1,GU-40C2083188F5,,
B-31ED4C6DB41A,C-52472D9DEB98,2,GU-04D900264B31,,
B-DB5D59EF4737,C-2E431B95C69B,1,GU-044FDCB2F49F,55,M
B-DB5D59EF4737,C-2E431B95C69B,2,GU-1C72F625307A,54,F
B-351C64CDA02F,C-7C5489956778,1,GU-FF33BD1D5F3F,53,M
B-351C64CDA02F,C-7C5489956778,2,GU-1806ED90C47E,52,F
B-351C64CDA02F,C-7C5489956778,3,GU-19B5DC2A9A06,18,F
B-351C64CDA02F,C-7C5489956778,4,GU-BE9D425A4ED9,58,F
B-351C64CDA02F,C-7C5489956778,5,GU-31DADB9DAAD8,90,F
B-99C118BC0248,C-1649A1220B52,1,GU-858E0432C32D,,
B-99C118BC0248,C-1649A1220B52,2,GU-1EBFC30E00C8,,
B-99C118BC0248,C-1649A1220B52,3,GU-8220BDDD724F,,
B-BBB35D8FF0EE,,1,GU-019C09BFC4DE,56,
B-BBB35D8FF0EE,,2,GU-3FD2F2E5DB06,55,
B-C1E78588C39F,,1,GU-731D1DD44FD2,58,
B-C1E78588C39F,,2,GU-34966639917E,57,
B-AE7CE8DB6B72,C-799B3F76673B,1,GU-390B9E9F7553,57,
B-AE7CE8DB6B72,C-799B3F76673B,2,GU-9B9708C491C5,51,
B-AE7CE8DB6B72,C-799B3F76673B,3,GU-A01861CB675C,22,
B-6E962C6A441A,,1,GU-F6868A8A3886,,
B-ADB871FB6835,C-501059F38873,1,GU-81C67D97508C,,
B-ADB871FB6835,C-501059F38873,2,GU-E6DE4A3ACB01,,
B-ADB871FB6835,C-501059F38873,3,GU-474ECD8F66D9,,
B-A5169BFF5A9A,C-FD13D591A7E6,1,GU-239EBAED8E3B,48,
B-A5169BFF5A9A,C-FD13D591A7E6,2,GU-C962DBDEBBE2,46,
B-A5169BFF5A9A,C-FD13D591A7E6,3,GU-B36E5F056F23,16,
B-A5169BFF5A9A,C-FD13D591A7E6,4,GU-A9BC5DD64589,10,
B-009C306371D7,C-EA2272CB973F,1,GU-EA8587EE81F5,,
B-009C306371D7,C-EA2272CB973F,2,GU-9E2AB6A62D0C,,
B-009C306371D7,C-EA2272CB973F,3,GU-037ABF191A80,,
B-2E76F07E6B1B,C-34BD7F31D1D5,1,GU-429BCC83F714,42,
B-2E76F07E6B1B,C-34BD7F31D1D5,2,GU-6CFE7203D256,40,
B-2E76F07E6B1B,C-34BD7F31D1D5,3,GU-FF91C59ED755,10,
B-2E76F07E6B1B,C-34BD7F31D1D5,4,GU-02DEEF4E1857,6,
B-FC2B277FC510,C-E04AB6E0F342,1,GU-0E5365907BA1,52,
B-FC2B277FC510,C-E04AB6E0F342,2,GU-A41BB3D7E29C,44,
B-FC2B277FC510,C-E04AB6E0F342,3,GU-D678BDDF3B38,2,
B-E72F4211476D,,1,GU-CE2411DCBEB7,,
B-E72F4211476D,,2,GU-FD8ED1CB438F,,
B-E72F4211476D,,3,GU-DA69E14895E2,,
B-E72F4211476D,,4,GU-3925613AFB6C,,
B-E72F4211476D,,5,GU-2C087282C4D5,,
B-E72F4211476D,,6,GU-40F696823BB9,,
B-CDED928C847A,,1,GU-66E0C63AF59E,,
B-CDED928C847A,,2,GU-E34679868D8E,,
B-CDED928C847A,,3,GU-E0B038E81535,,
B-BEE82500F1B2,,1,GU-2DBCCF8A8005,,
B-BEE82500F1B2,,2,GU-92E7BA344572,,
B-BEE82500F1B2,,3,GU-0C24E69AAB22,15,
B-BEE82500F1B2,,4,GU-BA9AEBA30FAD,12,
B-5834BD35EF50,,1,GU-75C09CCEB1ED,40,
B-5834BD35EF50,,2,GU-518B0D0BE153,40,
B-5834BD35EF50,,3,GU-4D442EBEA79E,10,
B-5834BD35EF50,,4,GU-AF3A525EBBD4,3,
B-C93FB1E1FC4A,,1,GU-E35B4AEFFF59,42,
B-C93FB1E1FC4A,,2,GU-C362BC720CA6,40,
B-C93FB1E1FC4A,,3,GU-FBC5C29C7733,10,
B-C93FB1E1FC4A,,4,GU-93EECA7D1239,7,
B-F91823CF932B,C-E42C5A47DBD8,1,GU-76037887A273,,
B-F91823CF932B,C-E42C5A47DBD8,2,GU-81F290C9F5DB,,
B-F91823CF932B,C-E42C5A47DBD8,3,GU-C53792C72EF8,,
B-F91823CF932B,C-E42C5A47DBD8,4,GU-1F37BE04ED17,,
B-D196BC2A022E,C-AE06851873BE,1,GU-C88967A7C38E,50,M
B-D196BC2A022E,C-AE06851873BE,2,GU-0EC9FEB27444,45,F
B-D196BC2A022E,C-AE06851873BE,3,GU-2AC00657C52A,11,M
B-D196BC2A022E,C-AE06851873BE,4,GU-9CE54757DDD2,4,F
B-C26FE2DF9EF9,C-DA5BD65E7C43,1,GU-66203CC59C8C,49,F
B-C26FE2DF9EF9,C-DA5BD65E7C43,2,GU-8A99A77C05F6,15,M
B-1F1AFF277BA1,,1,GU-63898F575EAC,,
B-1F1AFF277BA1,,2,GU-F7C01FC00C3A,,
B-1F1AFF277BA1,,3,GU-303BD8E9A88E,,
B-8798DC2AD0A4,,1,GU-1AFCB0359375,,
B-8798DC2AD0A4,,2,GU-5FF978D024BC,,
B-8798DC2AD0A4,,3,GU-164B167B6B69,,
B-B83EA849130B,C-E92DBF235A51,1,GU-F182B914B3E8,60,
B-B83EA849130B,C-E92DBF235A51,2,GU-FDEA0ACD82FB,59,
B-D215213B2673,C-E92DBF235A51,1,GU-388985B67D5C,,
B-D215213B2673,C-E92DBF235A51,2,GU-523E1C3D7387,,
B-4A7891DC29C6,C-E608B36ABC4C,1,GU-1E71B63C21E5,,
B-4A7891DC29C6,C-E608B36ABC4C,2,GU-172534369B1F,,
B-4A7891DC29C6,C-E608B36ABC4C,3,GU-DD84D8A0C5CD,,
B-C6853A861ADA,C-DB265C8E4518,1,GU-126C34D010C7,,
B-C6853A861ADA,C-DB265C8E4518,2,GU-CE5061EE3CF0,,
B-99660EB22BEB,C-D5EBF74947FC,1,GU-224613E9C2D6,34,M
B-99660EB22BEB,C-D5EBF74947FC,2,GU-88869BBB7B13,34,F
B-99660EB22BEB,C-D5EBF74947FC,3,GU-6384E6B9ACE1,2,M
B-002A26894E5B,C-D5EBF74947FC,1,GU-F2D5E8749E83,34,
B-002A26894E5B,C-D5EBF74947FC,2,GU-DD70557D3E6E,34,
B-002A26894E5B,C-D5EBF74947FC,3,GU-B0ECEFAF228D,2,
B-177AF34581A5,,1,GU-F0810C69E92D,,
B-C88D51F51877,C-C9D14A77B48A,1,GU-5D1B9BD1A3BD,39,F
B-C88D51F51877,C-C9D14A77B48A,2,GU-07045A3F50F1,42,M
B-C88D51F51877,C-C9D14A77B48A,3,GU-35C612834068,5,F
B-C88D51F51877,C-C9D14A77B48A,4,GU-4D623047D460,2,F
B-60275161C18A,C-1DA353F0EEB1,1,GU-DCB6BC1BCB56,41,
B-60275161C18A,C-1DA353F0EEB1,2,GU-3F8FFDBFC8D9,37,
B-60275161C18A,C-1DA353F0EEB1,3,GU-02D585673B5F,2,
B-490FFE98A8F7,,1,GU-8D8B4970B6B1,,
B-490FFE98A8F7,,2,GU-48561EC59397,,
B-AE5B5CACAF1B,C-13EC03C70A57,1,GU-0EF65A54EB3D,,
B-AE5B5CACAF1B,C-13EC03C70A57,2,GU-7C332A2565EE,40,M
B-AE5B5CACAF1B,C-13EC03C70A57,3,GU-698950867D43,11,M
B-CE06C428F24C,C-13EC03C70A57,1,GU-1472B169E7B5,,
B-CE06C428F24C,C-13EC03C70A57,2,GU-A63A298AB5C9,,
B-CE06C428F24C,C-13EC03C70A57,3,GU-1D6D3E271BAA,,
B-1B56DF120E72,,1,GU-EEB33883B2EF,,
B-1B56DF120E72,,2,GU-123AFA6F54DC,48,
B-1B56DF120E72,,3,GU-D5A0C6DC7B47,2,
B-1B56DF120E72,,4,GU-9AF865E1D3DA,0,
B-2995F38B14A8,C-1AC816738F38,1,GU-BEC332C7C6F1,,
B-2995F38B14A8,C-1AC816738F38,2,GU-962A2F1B8E54,,
B-2995F38B14A8,C-1AC816738F38,3,GU-EE4FB95AF797,,
B-5C557E6A54D7,C-CD7365EA2E45,1,GU-AE761F612FA6,,
B-5C557E6A54D7,C-CD7365EA2E45,2,GU-D7BBFA4E0A55,,
B-6587D35CB9D7,C-65A06976E67E,1,GU-E2E992F88596,47,
B-6587D35CB9D7,C-65A06976E67E,2,GU-8A6E093E8B03,47,
B-DE0141F103AE,C-CB8E5FF2100C,1,GU-C3DD0CF4662B,62,
B-DE0141F103AE,C-CB8E5FF2100C,2,GU-0F056C78C6CB,44,
B-E40ABDD28D40,C-7AF79C822E5B,1,GU-3D6D424B2015,,
B-E40ABDD28D40,C-7AF79C822E5B,2,GU-011D773B1085,,
B-E40ABDD28D40,C-7AF79C822E5B,3,GU-EBE785E8F3A3,,
B-E40ABDD28D40,C-7AF79C822E5B,4,GU-BF046C41347F,,
B-E40ABDD28D40,C-7AF79C822E5B,5,GU-234ABA983B8E,,
B-04F7A2C3EA61,,1,GU-2CCB85DCD59A,47,
B-04F7A2C3EA61,,2,GU-CB724F127807,47,
B-FCB6EEBCD76E,,1,GU-A845E9DC5ACC,59,
B-FCB6EEBCD76E,,2,GU-DACFC5AEB2F5,58,
B-A278FA54712C,C-869E0CE8F0EC,1,GU-224D3548BAAA,45,
B-A278FA54712C,C-869E0CE8F0EC,2,GU-48544C4E503A,49,
B-A278FA54712C,C-869E0CE8F0EC,3,GU-2EFA3768C4FA,11,
B-A278FA54712C,C-869E0CE8F0EC,4,GU-F026B0623432,13,
B-4D1B93DFED30,C-A295F9511773,1,GU-8F9B605AC50A,,
B-4D1B93DFED30,C-A295F9511773,2,GU-AFA93B8C7917,,
B-4D1B93DFED30,C-A295F9511773,3,GU-27FEDFCCC302,,
B-4D1B93DFED30,C-A295F9511773,4,GU-1389F29A464E,,
B-5037479BAC30,,1,GU-74C489CF8D6F,,
B-5037479BAC30,,2,GU-C2D72A057575,,
B-5037479BAC30,,3,GU-9099A44705A3,15,
B-0AC2DE9D74AB,C-0DBC9E6D944A,1,GU-50D13AD09618,,
B-0AC2DE9D74AB,C-0DBC9E6D944A,2,GU-7FDB43E0C1E1,,
B-6838016BB20A,,1,GU-079BEED90FDB,40,
B-6838016BB20A,,2,GU-1919AF19C0A8,44,
B-444F153CA581,,1,GU-9896242A8304,52,
B-444F153CA581,,2,GU-F8F01D6857D8,48,
B-444F153CA581,,3,GU-20FBA95769B1,13,
B-03400B2EFDAE,C-12397FD1D6AD,1,GU-D9D34409129A,58,
B-03400B2EFDAE,C-12397FD1D6AD,2,GU-3496D09C9BDA,47,
B-03400B2EFDAE,C-12397FD1D6AD,3,GU-86FE57877627,13,
B-03400B2EFDAE,C-12397FD1D6AD,4,GU-34FD6ED9A33A,11,
B-CA1ACBABA041,,1,GU-250D2BBF0535,,
B-CA1ACBABA041,,2,GU-ACAEA961D077,,
B-73AB41643378,C-8EC24C1B9A94,1,GU-D1180088A452,,
B-73AB41643378,C-8EC24C1B9A94,2,GU-6BA719F51BE2,,
B-73AB41643378,C-8EC24C1B9A94,3,GU-F19959132110,,
B-71CB0E38AD9E,C-B10CC4B97BC6,1,GU-F542510B4E8D,,
B-71CB0E38AD9E,C-B10CC4B97BC6,2,GU-AAB2A7B5CBC5,,
B-71CB0E38AD9E,C-B10CC4B97BC6,3,GU-2AD9FB8AE114,,
B-28191FFD2E38,C-49E778714420,1,GU-D1DEA95DD809,,
B-28191FFD2E38,C-49E778714420,2,GU-3619DA38D8AB,,
B-7F83985A3D96,C-E4E159DDE444,1,GU-809386002403,,
B-7F83985A3D96,C-E4E159DDE444,2,GU-C6A3C5130AAD,,
B-DA4BE92D8C64,,1,GU-85610B4B3690,,
B-DA4BE92D8C64,,2,GU-B42B87F3D5DA,62,
